// @generated by posix/tools/gen_iconv_8bit.py from glibc 2.39's
// localedata/charmaps and iconvdata/gconv-modules* -- do not edit;
// regenerate.

//! glibc's table-driven 8-bit character sets, for [`crate::iconv`]: the
//! modules glibc 2.39 generates from a charmap (iconvdata/Makefile's
//! `gen-8bit-modules` and `gen-8bit-gap-modules`), and the hand-written
//! single-byte ones whose converters are their charmaps exactly --
//! iso646.c's national variants, ISO_11548-1 and ARMSCII-8.  Every one
//! decodes and encodes by one rule, glibc's 8bit-generic.c and 8bit-gap.c:
//! a byte is its table's code point and a byte the charmap leaves out is
//! invalid; a code point is its byte, and one with no byte cannot be
//! written -- but for a set's `decode_only` bytes, which decode and are
//! never written.
//!
//! Only the byte-to-code-point half is stored: `iconv_open` builds the
//! other, sorted for a binary search, in the descriptor that needs it --
//! 770 bytes there rather than 166 KiB in every program that links
//! `iconv`.

/// One 8-bit character set.
pub(crate) struct Table8 {
    /// Its names, as `iconv_open` matches them: upper case, two slashes.
    pub(crate) names: &'static [&'static [u8]],
    /// Each byte's code point; 0 for a byte the charmap leaves out (byte
    /// 0 is U+0000).
    pub(crate) to_ucs: [u16; 256],
    /// The bytes that decode but are never written: the module's
    /// `.irreversible` list, whose code points have another byte.
    pub(crate) decode_only: &'static [u8],
}

/// The 166 sets: 8bit-generic's then 8bit-gap's, in the Makefile's order,
/// then the hand-written ones, in gconv-modules' order.
#[rustfmt::skip]
pub(crate) static TABLES: &[Table8] = &[
    // iso8859-2 (8bit-generic, localedata/charmaps/ISO-8859-2)
    Table8 {
        names: &[
            b"ISO-8859-2//",
            b"8859_2//",
            b"CP912//",
            b"CSISOLATIN2//",
            b"IBM912//",
            b"ISO-IR-101//",
            b"ISO8859-2//",
            b"ISO88592//",
            b"ISO_8859-2//",
            b"ISO_8859-2:1987//",
            b"L2//",
            b"LATIN2//",
            b"OSF00010002//",
        ],
        to_ucs: [
            0x0000, 0x0001, 0x0002, 0x0003, 0x0004, 0x0005, 0x0006, 0x0007, 0x0008, 0x0009, 0x000a, 0x000b, 0x000c, 0x000d, 0x000e, 0x000f,
            0x0010, 0x0011, 0x0012, 0x0013, 0x0014, 0x0015, 0x0016, 0x0017, 0x0018, 0x0019, 0x001a, 0x001b, 0x001c, 0x001d, 0x001e, 0x001f,
            0x0020, 0x0021, 0x0022, 0x0023, 0x0024, 0x0025, 0x0026, 0x0027, 0x0028, 0x0029, 0x002a, 0x002b, 0x002c, 0x002d, 0x002e, 0x002f,
            0x0030, 0x0031, 0x0032, 0x0033, 0x0034, 0x0035, 0x0036, 0x0037, 0x0038, 0x0039, 0x003a, 0x003b, 0x003c, 0x003d, 0x003e, 0x003f,
            0x0040, 0x0041, 0x0042, 0x0043, 0x0044, 0x0045, 0x0046, 0x0047, 0x0048, 0x0049, 0x004a, 0x004b, 0x004c, 0x004d, 0x004e, 0x004f,
            0x0050, 0x0051, 0x0052, 0x0053, 0x0054, 0x0055, 0x0056, 0x0057, 0x0058, 0x0059, 0x005a, 0x005b, 0x005c, 0x005d, 0x005e, 0x005f,
            0x0060, 0x0061, 0x0062, 0x0063, 0x0064, 0x0065, 0x0066, 0x0067, 0x0068, 0x0069, 0x006a, 0x006b, 0x006c, 0x006d, 0x006e, 0x006f,
            0x0070, 0x0071, 0x0072, 0x0073, 0x0074, 0x0075, 0x0076, 0x0077, 0x0078, 0x0079, 0x007a, 0x007b, 0x007c, 0x007d, 0x007e, 0x007f,
            0x0080, 0x0081, 0x0082, 0x0083, 0x0084, 0x0085, 0x0086, 0x0087, 0x0088, 0x0089, 0x008a, 0x008b, 0x008c, 0x008d, 0x008e, 0x008f,
            0x0090, 0x0091, 0x0092, 0x0093, 0x0094, 0x0095, 0x0096, 0x0097, 0x0098, 0x0099, 0x009a, 0x009b, 0x009c, 0x009d, 0x009e, 0x009f,
            0x00a0, 0x0104, 0x02d8, 0x0141, 0x00a4, 0x013d, 0x015a, 0x00a7, 0x00a8, 0x0160, 0x015e, 0x0164, 0x0179, 0x00ad, 0x017d, 0x017b,
            0x00b0, 0x0105, 0x02db, 0x0142, 0x00b4, 0x013e, 0x015b, 0x02c7, 0x00b8, 0x0161, 0x015f, 0x0165, 0x017a, 0x02dd, 0x017e, 0x017c,
            0x0154, 0x00c1, 0x00c2, 0x0102, 0x00c4, 0x0139, 0x0106, 0x00c7, 0x010c, 0x00c9, 0x0118, 0x00cb, 0x011a, 0x00cd, 0x00ce, 0x010e,
            0x0110, 0x0143, 0x0147, 0x00d3, 0x00d4, 0x0150, 0x00d6, 0x00d7, 0x0158, 0x016e, 0x00da, 0x0170, 0x00dc, 0x00dd, 0x0162, 0x00df,
            0x0155, 0x00e1, 0x00e2, 0x0103, 0x00e4, 0x013a, 0x0107, 0x00e7, 0x010d, 0x00e9, 0x0119, 0x00eb, 0x011b, 0x00ed, 0x00ee, 0x010f,
            0x0111, 0x0144, 0x0148, 0x00f3, 0x00f4, 0x0151, 0x00f6, 0x00f7, 0x0159, 0x016f, 0x00fa, 0x0171, 0x00fc, 0x00fd, 0x0163, 0x02d9,
        ],
        decode_only: &[],
    },
    // iso8859-3 (8bit-generic, localedata/charmaps/ISO-8859-3)
    Table8 {
        names: &[
            b"ISO-8859-3//",
            b"8859_3//",
            b"CSISOLATIN3//",
            b"ISO-IR-109//",
            b"ISO8859-3//",
            b"ISO88593//",
            b"ISO_8859-3//",
            b"ISO_8859-3:1988//",
            b"L3//",
            b"LATIN3//",
            b"OSF00010003//",
        ],
        to_ucs: [
            0x0000, 0x0001, 0x0002, 0x0003, 0x0004, 0x0005, 0x0006, 0x0007, 0x0008, 0x0009, 0x000a, 0x000b, 0x000c, 0x000d, 0x000e, 0x000f,
            0x0010, 0x0011, 0x0012, 0x0013, 0x0014, 0x0015, 0x0016, 0x0017, 0x0018, 0x0019, 0x001a, 0x001b, 0x001c, 0x001d, 0x001e, 0x001f,
            0x0020, 0x0021, 0x0022, 0x0023, 0x0024, 0x0025, 0x0026, 0x0027, 0x0028, 0x0029, 0x002a, 0x002b, 0x002c, 0x002d, 0x002e, 0x002f,
            0x0030, 0x0031, 0x0032, 0x0033, 0x0034, 0x0035, 0x0036, 0x0037, 0x0038, 0x0039, 0x003a, 0x003b, 0x003c, 0x003d, 0x003e, 0x003f,
            0x0040, 0x0041, 0x0042, 0x0043, 0x0044, 0x0045, 0x0046, 0x0047, 0x0048, 0x0049, 0x004a, 0x004b, 0x004c, 0x004d, 0x004e, 0x004f,
            0x0050, 0x0051, 0x0052, 0x0053, 0x0054, 0x0055, 0x0056, 0x0057, 0x0058, 0x0059, 0x005a, 0x005b, 0x005c, 0x005d, 0x005e, 0x005f,
            0x0060, 0x0061, 0x0062, 0x0063, 0x0064, 0x0065, 0x0066, 0x0067, 0x0068, 0x0069, 0x006a, 0x006b, 0x006c, 0x006d, 0x006e, 0x006f,
            0x0070, 0x0071, 0x0072, 0x0073, 0x0074, 0x0075, 0x0076, 0x0077, 0x0078, 0x0079, 0x007a, 0x007b, 0x007c, 0x007d, 0x007e, 0x007f,
            0x0080, 0x0081, 0x0082, 0x0083, 0x0084, 0x0085, 0x0086, 0x0087, 0x0088, 0x0089, 0x008a, 0x008b, 0x008c, 0x008d, 0x008e, 0x008f,
            0x0090, 0x0091, 0x0092, 0x0093, 0x0094, 0x0095, 0x0096, 0x0097, 0x0098, 0x0099, 0x009a, 0x009b, 0x009c, 0x009d, 0x009e, 0x009f,
            0x00a0, 0x0126, 0x02d8, 0x00a3, 0x00a4, 0x0000, 0x0124, 0x00a7, 0x00a8, 0x0130, 0x015e, 0x011e, 0x0134, 0x00ad, 0x0000, 0x017b,
            0x00b0, 0x0127, 0x00b2, 0x00b3, 0x00b4, 0x00b5, 0x0125, 0x00b7, 0x00b8, 0x0131, 0x015f, 0x011f, 0x0135, 0x00bd, 0x0000, 0x017c,
            0x00c0, 0x00c1, 0x00c2, 0x0000, 0x00c4, 0x010a, 0x0108, 0x00c7, 0x00c8, 0x00c9, 0x00ca, 0x00cb, 0x00cc, 0x00cd, 0x00ce, 0x00cf,
            0x0000, 0x00d1, 0x00d2, 0x00d3, 0x00d4, 0x0120, 0x00d6, 0x00d7, 0x011c, 0x00d9, 0x00da, 0x00db, 0x00dc, 0x016c, 0x015c, 0x00df,
            0x00e0, 0x00e1, 0x00e2, 0x0000, 0x00e4, 0x010b, 0x0109, 0x00e7, 0x00e8, 0x00e9, 0x00ea, 0x00eb, 0x00ec, 0x00ed, 0x00ee, 0x00ef,
            0x0000, 0x00f1, 0x00f2, 0x00f3, 0x00f4, 0x0121, 0x00f6, 0x00f7, 0x011d, 0x00f9, 0x00fa, 0x00fb, 0x00fc, 0x016d, 0x015d, 0x02d9,
        ],
        decode_only: &[],
    },
    // iso8859-4 (8bit-generic, localedata/charmaps/ISO-8859-4)
    Table8 {
        names: &[
            b"ISO-8859-4//",
            b"8859_4//",
            b"CSISOLATIN4//",
            b"ISO-IR-110//",
            b"ISO8859-4//",
            b"ISO88594//",
            b"ISO_8859-4//",
            b"ISO_8859-4:1988//",
            b"L4//",
            b"LATIN4//",
            b"OSF00010004//",
        ],
        to_ucs: [
            0x0000, 0x0001, 0x0002, 0x0003, 0x0004, 0x0005, 0x0006, 0x0007, 0x0008, 0x0009, 0x000a, 0x000b, 0x000c, 0x000d, 0x000e, 0x000f,
            0x0010, 0x0011, 0x0012, 0x0013, 0x0014, 0x0015, 0x0016, 0x0017, 0x0018, 0x0019, 0x001a, 0x001b, 0x001c, 0x001d, 0x001e, 0x001f,
            0x0020, 0x0021, 0x0022, 0x0023, 0x0024, 0x0025, 0x0026, 0x0027, 0x0028, 0x0029, 0x002a, 0x002b, 0x002c, 0x002d, 0x002e, 0x002f,
            0x0030, 0x0031, 0x0032, 0x0033, 0x0034, 0x0035, 0x0036, 0x0037, 0x0038, 0x0039, 0x003a, 0x003b, 0x003c, 0x003d, 0x003e, 0x003f,
            0x0040, 0x0041, 0x0042, 0x0043, 0x0044, 0x0045, 0x0046, 0x0047, 0x0048, 0x0049, 0x004a, 0x004b, 0x004c, 0x004d, 0x004e, 0x004f,
            0x0050, 0x0051, 0x0052, 0x0053, 0x0054, 0x0055, 0x0056, 0x0057, 0x0058, 0x0059, 0x005a, 0x005b, 0x005c, 0x005d, 0x005e, 0x005f,
            0x0060, 0x0061, 0x0062, 0x0063, 0x0064, 0x0065, 0x0066, 0x0067, 0x0068, 0x0069, 0x006a, 0x006b, 0x006c, 0x006d, 0x006e, 0x006f,
            0x0070, 0x0071, 0x0072, 0x0073, 0x0074, 0x0075, 0x0076, 0x0077, 0x0078, 0x0079, 0x007a, 0x007b, 0x007c, 0x007d, 0x007e, 0x007f,
            0x0080, 0x0081, 0x0082, 0x0083, 0x0084, 0x0085, 0x0086, 0x0087, 0x0088, 0x0089, 0x008a, 0x008b, 0x008c, 0x008d, 0x008e, 0x008f,
            0x0090, 0x0091, 0x0092, 0x0093, 0x0094, 0x0095, 0x0096, 0x0097, 0x0098, 0x0099, 0x009a, 0x009b, 0x009c, 0x009d, 0x009e, 0x009f,
            0x00a0, 0x0104, 0x0138, 0x0156, 0x00a4, 0x0128, 0x013b, 0x00a7, 0x00a8, 0x0160, 0x0112, 0x0122, 0x0166, 0x00ad, 0x017d, 0x00af,
            0x00b0, 0x0105, 0x02db, 0x0157, 0x00b4, 0x0129, 0x013c, 0x02c7, 0x00b8, 0x0161, 0x0113, 0x0123, 0x0167, 0x014a, 0x017e, 0x014b,
            0x0100, 0x00c1, 0x00c2, 0x00c3, 0x00c4, 0x00c5, 0x00c6, 0x012e, 0x010c, 0x00c9, 0x0118, 0x00cb, 0x0116, 0x00cd, 0x00ce, 0x012a,
            0x0110, 0x0145, 0x014c, 0x0136, 0x00d4, 0x00d5, 0x00d6, 0x00d7, 0x00d8, 0x0172, 0x00da, 0x00db, 0x00dc, 0x0168, 0x016a, 0x00df,
            0x0101, 0x00e1, 0x00e2, 0x00e3, 0x00e4, 0x00e5, 0x00e6, 0x012f, 0x010d, 0x00e9, 0x0119, 0x00eb, 0x0117, 0x00ed, 0x00ee, 0x012b,
            0x0111, 0x0146, 0x014d, 0x0137, 0x00f4, 0x00f5, 0x00f6, 0x00f7, 0x00f8, 0x0173, 0x00fa, 0x00fb, 0x00fc, 0x0169, 0x016b, 0x02d9,
        ],
        decode_only: &[],
    },
    // iso8859-6 (8bit-generic, localedata/charmaps/ISO-8859-6)
    Table8 {
        names: &[
            b"ISO-8859-6//",
            b"8859_6//",
            b"ARABIC//",
            b"ASMO-708//",
            b"CP1089//",
            b"CSISOLATINARABIC//",
            b"ECMA-114//",
            b"IBM1089//",
            b"ISO-IR-127//",
            b"ISO8859-6//",
            b"ISO88596//",
            b"ISO_8859-6//",
            b"ISO_8859-6:1987//",
            b"OSF00010006//",
        ],
        to_ucs: [
            0x0000, 0x0001, 0x0002, 0x0003, 0x0004, 0x0005, 0x0006, 0x0007, 0x0008, 0x0009, 0x000a, 0x000b, 0x000c, 0x000d, 0x000e, 0x000f,
            0x0010, 0x0011, 0x0012, 0x0013, 0x0014, 0x0015, 0x0016, 0x0017, 0x0018, 0x0019, 0x001a, 0x001b, 0x001c, 0x001d, 0x001e, 0x001f,
            0x0020, 0x0021, 0x0022, 0x0023, 0x0024, 0x0025, 0x0026, 0x0027, 0x0028, 0x0029, 0x002a, 0x002b, 0x002c, 0x002d, 0x002e, 0x002f,
            0x0030, 0x0031, 0x0032, 0x0033, 0x0034, 0x0035, 0x0036, 0x0037, 0x0038, 0x0039, 0x003a, 0x003b, 0x003c, 0x003d, 0x003e, 0x003f,
            0x0040, 0x0041, 0x0042, 0x0043, 0x0044, 0x0045, 0x0046, 0x0047, 0x0048, 0x0049, 0x004a, 0x004b, 0x004c, 0x004d, 0x004e, 0x004f,
            0x0050, 0x0051, 0x0052, 0x0053, 0x0054, 0x0055, 0x0056, 0x0057, 0x0058, 0x0059, 0x005a, 0x005b, 0x005c, 0x005d, 0x005e, 0x005f,
            0x0060, 0x0061, 0x0062, 0x0063, 0x0064, 0x0065, 0x0066, 0x0067, 0x0068, 0x0069, 0x006a, 0x006b, 0x006c, 0x006d, 0x006e, 0x006f,
            0x0070, 0x0071, 0x0072, 0x0073, 0x0074, 0x0075, 0x0076, 0x0077, 0x0078, 0x0079, 0x007a, 0x007b, 0x007c, 0x007d, 0x007e, 0x007f,
            0x0080, 0x0081, 0x0082, 0x0083, 0x0084, 0x0085, 0x0086, 0x0087, 0x0088, 0x0089, 0x008a, 0x008b, 0x008c, 0x008d, 0x008e, 0x008f,
            0x0090, 0x0091, 0x0092, 0x0093, 0x0094, 0x0095, 0x0096, 0x0097, 0x0098, 0x0099, 0x009a, 0x009b, 0x009c, 0x009d, 0x009e, 0x009f,
            0x00a0, 0x0000, 0x0000, 0x0000, 0x00a4, 0x0000, 0x0000, 0x0000, 0x0000, 0x0000, 0x0000, 0x0000, 0x060c, 0x00ad, 0x0000, 0x0000,
            0x0000, 0x0000, 0x0000, 0x0000, 0x0000, 0x0000, 0x0000, 0x0000, 0x0000, 0x0000, 0x0000, 0x061b, 0x0000, 0x0000, 0x0000, 0x061f,
            0x0000, 0x0621, 0x0622, 0x0623, 0x0624, 0x0625, 0x0626, 0x0627, 0x0628, 0x0629, 0x062a, 0x062b, 0x062c, 0x062d, 0x062e, 0x062f,
            0x0630, 0x0631, 0x0632, 0x0633, 0x0634, 0x0635, 0x0636, 0x0637, 0x0638, 0x0639, 0x063a, 0x0000, 0x0000, 0x0000, 0x0000, 0x0000,
            0x0640, 0x0641, 0x0642, 0x0643, 0x0644, 0x0645, 0x0646, 0x0647, 0x0648, 0x0649, 0x064a, 0x064b, 0x064c, 0x064d, 0x064e, 0x064f,
            0x0650, 0x0651, 0x0652, 0x0000, 0x0000, 0x0000, 0x0000, 0x0000, 0x0000, 0x0000, 0x0000, 0x0000, 0x0000, 0x0000, 0x0000, 0x0000,
        ],
        decode_only: &[],
    },
    // iso8859-9 (8bit-generic, localedata/charmaps/ISO-8859-9)
    Table8 {
        names: &[
            b"ISO-8859-9//",
            b"8859_9//",
            b"CP920//",
            b"CSISOLATIN5//",
            b"ECMA-128//",
            b"IBM920//",
            b"ISO-IR-148//",
            b"ISO8859-9//",
            b"ISO88599//",
            b"ISO_8859-9//",
            b"ISO_8859-9:1989//",
            b"L5//",
            b"LATIN5//",
            b"OSF00010009//",
            b"TS-5881//",
        ],
        to_ucs: [
            0x0000, 0x0001, 0x0002, 0x0003, 0x0004, 0x0005, 0x0006, 0x0007, 0x0008, 0x0009, 0x000a, 0x000b, 0x000c, 0x000d, 0x000e, 0x000f,
            0x0010, 0x0011, 0x0012, 0x0013, 0x0014, 0x0015, 0x0016, 0x0017, 0x0018, 0x0019, 0x001a, 0x001b, 0x001c, 0x001d, 0x001e, 0x001f,
            0x0020, 0x0021, 0x0022, 0x0023, 0x0024, 0x0025, 0x0026, 0x0027, 0x0028, 0x0029, 0x002a, 0x002b, 0x002c, 0x002d, 0x002e, 0x002f,
            0x0030, 0x0031, 0x0032, 0x0033, 0x0034, 0x0035, 0x0036, 0x0037, 0x0038, 0x0039, 0x003a, 0x003b, 0x003c, 0x003d, 0x003e, 0x003f,
            0x0040, 0x0041, 0x0042, 0x0043, 0x0044, 0x0045, 0x0046, 0x0047, 0x0048, 0x0049, 0x004a, 0x004b, 0x004c, 0x004d, 0x004e, 0x004f,
            0x0050, 0x0051, 0x0052, 0x0053, 0x0054, 0x0055, 0x0056, 0x0057, 0x0058, 0x0059, 0x005a, 0x005b, 0x005c, 0x005d, 0x005e, 0x005f,
            0x0060, 0x0061, 0x0062, 0x0063, 0x0064, 0x0065, 0x0066, 0x0067, 0x0068, 0x0069, 0x006a, 0x006b, 0x006c, 0x006d, 0x006e, 0x006f,
            0x0070, 0x0071, 0x0072, 0x0073, 0x0074, 0x0075, 0x0076, 0x0077, 0x0078, 0x0079, 0x007a, 0x007b, 0x007c, 0x007d, 0x007e, 0x007f,
            0x0080, 0x0081, 0x0082, 0x0083, 0x0084, 0x0085, 0x0086, 0x0087, 0x0088, 0x0089, 0x008a, 0x008b, 0x008c, 0x008d, 0x008e, 0x008f,
            0x0090, 0x0091, 0x0092, 0x0093, 0x0094, 0x0095, 0x0096, 0x0097, 0x0098, 0x0099, 0x009a, 0x009b, 0x009c, 0x009d, 0x009e, 0x009f,
            0x00a0, 0x00a1, 0x00a2, 0x00a3, 0x00a4, 0x00a5, 0x00a6, 0x00a7, 0x00a8, 0x00a9, 0x00aa, 0x00ab, 0x00ac, 0x00ad, 0x00ae, 0x00af,
            0x00b0, 0x00b1, 0x00b2, 0x00b3, 0x00b4, 0x00b5, 0x00b6, 0x00b7, 0x00b8, 0x00b9, 0x00ba, 0x00bb, 0x00bc, 0x00bd, 0x00be, 0x00bf,
            0x00c0, 0x00c1, 0x00c2, 0x00c3, 0x00c4, 0x00c5, 0x00c6, 0x00c7, 0x00c8, 0x00c9, 0x00ca, 0x00cb, 0x00cc, 0x00cd, 0x00ce, 0x00cf,
            0x011e, 0x00d1, 0x00d2, 0x00d3, 0x00d4, 0x00d5, 0x00d6, 0x00d7, 0x00d8, 0x00d9, 0x00da, 0x00db, 0x00dc, 0x0130, 0x015e, 0x00df,
            0x00e0, 0x00e1, 0x00e2, 0x00e3, 0x00e4, 0x00e5, 0x00e6, 0x00e7, 0x00e8, 0x00e9, 0x00ea, 0x00eb, 0x00ec, 0x00ed, 0x00ee, 0x00ef,
            0x011f, 0x00f1, 0x00f2, 0x00f3, 0x00f4, 0x00f5, 0x00f6, 0x00f7, 0x00f8, 0x00f9, 0x00fa, 0x00fb, 0x00fc, 0x0131, 0x015f, 0x00ff,
        ],
        decode_only: &[],
    },
    // koi-8 (8bit-generic, localedata/charmaps/KOI-8)
    Table8 {
        names: &[
            b"KOI-8//",
            b"KOI8//",
        ],
        to_ucs: [
            0x0000, 0x0001, 0x0002, 0x0003, 0x0004, 0x0005, 0x0006, 0x0007, 0x0008, 0x0009, 0x000a, 0x000b, 0x000c, 0x000d, 0x000e, 0x000f,
            0x0010, 0x0011, 0x0012, 0x0013, 0x0014, 0x0015, 0x0016, 0x0017, 0x0018, 0x0019, 0x001a, 0x001b, 0x001c, 0x001d, 0x001e, 0x001f,
            0x0020, 0x0021, 0x0022, 0x0023, 0x0024, 0x0025, 0x0026, 0x0027, 0x0028, 0x0029, 0x002a, 0x002b, 0x002c, 0x002d, 0x002e, 0x002f,
            0x0030, 0x0031, 0x0032, 0x0033, 0x0034, 0x0035, 0x0036, 0x0037, 0x0038, 0x0039, 0x003a, 0x003b, 0x003c, 0x003d, 0x003e, 0x003f,
            0x0040, 0x0041, 0x0042, 0x0043, 0x0044, 0x0045, 0x0046, 0x0047, 0x0048, 0x0049, 0x004a, 0x004b, 0x004c, 0x004d, 0x004e, 0x004f,
            0x0050, 0x0051, 0x0052, 0x0053, 0x0054, 0x0055, 0x0056, 0x0057, 0x0058, 0x0059, 0x005a, 0x005b, 0x005c, 0x005d, 0x005e, 0x005f,
            0x0060, 0x0061, 0x0062, 0x0063, 0x0064, 0x0065, 0x0066, 0x0067, 0x0068, 0x0069, 0x006a, 0x006b, 0x006c, 0x006d, 0x006e, 0x006f,
            0x0070, 0x0071, 0x0072, 0x0073, 0x0074, 0x0075, 0x0076, 0x0077, 0x0078, 0x0079, 0x007a, 0x007b, 0x007c, 0x007d, 0x007e, 0x007f,
            0x0000, 0x0000, 0x0000, 0x0000, 0x0000, 0x0000, 0x0000, 0x0000, 0x0000, 0x0000, 0x0000, 0x0000, 0x0000, 0x0000, 0x0000, 0x0000,
            0x0000, 0x0000, 0x0000, 0x0000, 0x0000, 0x0000, 0x0000, 0x0000, 0x0000, 0x0000, 0x0000, 0x0000, 0x0000, 0x0000, 0x0000, 0x0000,
            0x0000, 0x0000, 0x0000, 0x0000, 0x0000, 0x0000, 0x0000, 0x0000, 0x0000, 0x0000, 0x0000, 0x0000, 0x0000, 0x0000, 0x0000, 0x0000,
            0x0000, 0x0000, 0x0000, 0x0000, 0x0000, 0x0000, 0x0000, 0x0000, 0x0000, 0x0000, 0x0000, 0x0000, 0x0000, 0x0000, 0x0000, 0x0000,
            0x044e, 0x0430, 0x0431, 0x0446, 0x0434, 0x0435, 0x0444, 0x0433, 0x0445, 0x0438, 0x0439, 0x043a, 0x043b, 0x043c, 0x043d, 0x043e,
            0x043f, 0x044f, 0x0440, 0x0441, 0x0442, 0x0443, 0x0436, 0x0432, 0x044c, 0x044b, 0x0437, 0x0448, 0x044d, 0x0449, 0x0447, 0x044a,
            0x042e, 0x0410, 0x0411, 0x0426, 0x0414, 0x0415, 0x0424, 0x0413, 0x0425, 0x0418, 0x0419, 0x041a, 0x041b, 0x041c, 0x041d, 0x041e,
            0x041f, 0x042f, 0x0420, 0x0421, 0x0422, 0x0423, 0x0416, 0x0412, 0x042c, 0x042b, 0x0417, 0x0428, 0x042d, 0x0429, 0x0427, 0x0000,
        ],
        decode_only: &[],
    },
    // ebcdic-at-de (8bit-generic, localedata/charmaps/EBCDIC-AT-DE)
    Table8 {
        names: &[
            b"EBCDIC-AT-DE//",
            b"CSEBCDICATDE//",
            b"EBCDICATDE//",
        ],
        to_ucs: [
            0x0000, 0x0001, 0x0002, 0x0003, 0x009c, 0x0009, 0x0086, 0x007f, 0x0097, 0x008d, 0x008e, 0x000b, 0x000c, 0x000d, 0x000e, 0x000f,
            0x0010, 0x0011, 0x0012, 0x0013, 0x009d, 0x0085, 0x0008, 0x0087, 0x0018, 0x0019, 0x0092, 0x008f, 0x001c, 0x001d, 0x001e, 0x001f,
            0x0080, 0x0081, 0x0082, 0x0083, 0x0084, 0x000a, 0x0017, 0x001b, 0x0088, 0x0089, 0x008a, 0x008b, 0x008c, 0x0005, 0x0006, 0x0007,
            0x0090, 0x0091, 0x0016, 0x0093, 0x0094, 0x0095, 0x0096, 0x0004, 0x0098, 0x0099, 0x009a, 0x009b, 0x0014, 0x0015, 0x009e, 0x001a,
            0x0020, 0x0000, 0x0000, 0x0000, 0x0000, 0x0000, 0x0000, 0x0000, 0x0000, 0x0000, 0x00c4, 0x002e, 0x003c, 0x0028, 0x002b, 0x0021,
            0x0026, 0x0000, 0x0000, 0x0000, 0x0000, 0x0000, 0x0000, 0x0000, 0x0000, 0x0000, 0x00dc, 0x0024, 0x002a, 0x0029, 0x003b, 0x005e,
            0x002d, 0x002f, 0x0000, 0x0000, 0x0000, 0x0000, 0x0000, 0x0000, 0x0000, 0x0000, 0x00f6, 0x002c, 0x0025, 0x005f, 0x003e, 0x003f,
            0x0000, 0x0000, 0x0000, 0x0000, 0x0000, 0x0000, 0x0000, 0x0000, 0x0000, 0x0060, 0x003a, 0x0023, 0x00a7, 0x0027, 0x003d, 0x0022,
            0x0000, 0x0061, 0x0062, 0x0063, 0x0064, 0x0065, 0x0066, 0x0067, 0x0068, 0x0069, 0x0000, 0x0000, 0x0000, 0x0000, 0x0000, 0x0000,
            0x0000, 0x006a, 0x006b, 0x006c, 0x006d, 0x006e, 0x006f, 0x0070, 0x0071, 0x0072, 0x0000, 0x0000, 0x0000, 0x0000, 0x0000, 0x0000,
            0x0000, 0x00df, 0x0073, 0x0074, 0x0075, 0x0076, 0x0077, 0x0078, 0x0079, 0x007a, 0x0000, 0x0000, 0x0000, 0x0000, 0x0000, 0x0000,
            0x0000, 0x0000, 0x0000, 0x0000, 0x0000, 0x0000, 0x0000, 0x0000, 0x0000, 0x0000, 0x0000, 0x0000, 0x0000, 0x0000, 0x0000, 0x0000,
            0x00e4, 0x0041, 0x0042, 0x0043, 0x0044, 0x0045, 0x0046, 0x0047, 0x0048, 0x0049, 0x0000, 0x0000, 0x0000, 0x0000, 0x0000, 0x0000,
            0x00fc, 0x004a, 0x004b, 0x004c, 0x004d, 0x004e, 0x004f, 0x0050, 0x0051, 0x0052, 0x0000, 0x0000, 0x0000, 0x0000, 0x0000, 0x0000,
            0x00d6, 0x0000, 0x0053, 0x0054, 0x0055, 0x0056, 0x0057, 0x0058, 0x0059, 0x005a, 0x0000, 0x0000, 0x0000, 0x0000, 0x0000, 0x0000,
            0x0030, 0x0031, 0x0032, 0x0033, 0x0034, 0x0035, 0x0036, 0x0037, 0x0038, 0x0039, 0x0000, 0x0000, 0x0000, 0x0000, 0x0000, 0x009f,
        ],
        decode_only: &[],
    },
    // ebcdic-at-de-a (8bit-generic, localedata/charmaps/EBCDIC-AT-DE-A)
    Table8 {
        names: &[
            b"EBCDIC-AT-DE-A//",
            b"CSEBCDICATDEA//",
            b"EBCDICATDEA//",
        ],
        to_ucs: [
            0x0000, 0x0001, 0x0002, 0x0003, 0x009c, 0x0009, 0x0086, 0x007f, 0x0097, 0x008d, 0x008e, 0x000b, 0x000c, 0x000d, 0x000e, 0x000f,
            0x0010, 0x0011, 0x0012, 0x0013, 0x009d, 0x0085, 0x0008, 0x0087, 0x0018, 0x0019, 0x0092, 0x008f, 0x001c, 0x001d, 0x001e, 0x001f,
            0x0080, 0x0081, 0x0082, 0x0083, 0x0084, 0x000a, 0x0017, 0x001b, 0x0088, 0x0089, 0x008a, 0x008b, 0x008c, 0x0005, 0x0006, 0x0007,
            0x0090, 0x0091, 0x0016, 0x0093, 0x0094, 0x0095, 0x0096, 0x0004, 0x0098, 0x0099, 0x009a, 0x009b, 0x0014, 0x0015, 0x009e, 0x001a,
            0x0020, 0x0000, 0x0000, 0x0000, 0x0000, 0x0000, 0x0000, 0x0000, 0x0000, 0x0000, 0x00f6, 0x002e, 0x003c, 0x0028, 0x002b, 0x007c,
            0x0026, 0x0000, 0x0000, 0x0000, 0x0000, 0x0000, 0x0000, 0x0000, 0x0000, 0x0000, 0x00fc, 0x00dc, 0x002a, 0x0029, 0x003b, 0x00ac,
            0x002d, 0x002f, 0x0000, 0x0000, 0x0000, 0x0000, 0x0000, 0x0000, 0x0000, 0x0000, 0x00df, 0x002c, 0x0025, 0x005f, 0x003e, 0x003f,
            0x0000, 0x0000, 0x0000, 0x0000, 0x0000, 0x0000, 0x0000, 0x0000, 0x0000, 0x0000, 0x003a, 0x00c4, 0x00d6, 0x0027, 0x003d, 0x00e4,
            0x0000, 0x0061, 0x0062, 0x0063, 0x0064, 0x0065, 0x0066, 0x0067, 0x0068, 0x0069, 0x0000, 0x0000, 0x0000, 0x0000, 0x0000, 0x0000,
            0x0000, 0x006a, 0x006b, 0x006c, 0x006d, 0x006e, 0x006f, 0x0070, 0x0071, 0x0072, 0x0000, 0x0000, 0x0000, 0x0000, 0x0000, 0x0000,
            0x0000, 0x0000, 0x0073, 0x0074, 0x0075, 0x0076, 0x0077, 0x0078, 0x0079, 0x007a, 0x0000, 0x0000, 0x0000, 0x0000, 0x0000, 0x0000,
            0x0000, 0x0000, 0x0000, 0x0000, 0x0000, 0x0000, 0x0000, 0x0000, 0x0000, 0x0000, 0x0000, 0x0000, 0x0000, 0x0000, 0x0000, 0x0000,
            0x0000, 0x0041, 0x0042, 0x0043, 0x0044, 0x0045, 0x0046, 0x0047, 0x0048, 0x0049, 0x0000, 0x0000, 0x0000, 0x0000, 0x0000, 0x0000,
            0x0000, 0x004a, 0x004b, 0x004c, 0x004d, 0x004e, 0x004f, 0x0050, 0x0051, 0x0052, 0x0000, 0x0000, 0x0000, 0x0000, 0x0000, 0x0000,
            0x0000, 0x0000, 0x0053, 0x0054, 0x0055, 0x0056, 0x0057, 0x0058, 0x0059, 0x005a, 0x0000, 0x0000, 0x0000, 0x0000, 0x0000, 0x0000,
            0x0030, 0x0031, 0x0032, 0x0033, 0x0034, 0x0035, 0x0036, 0x0037, 0x0038, 0x0039, 0x0000, 0x0000, 0x0000, 0x0000, 0x0000, 0x009f,
        ],
        decode_only: &[],
    },
    // ebcdic-ca-fr (8bit-generic, localedata/charmaps/EBCDIC-CA-FR)
    Table8 {
        names: &[
            b"EBCDIC-CA-FR//",
            b"CSEBCDICCAFR//",
            b"EBCDICCAFR//",
        ],
        to_ucs: [
            0x0000, 0x0001, 0x0002, 0x0003, 0x009c, 0x0009, 0x0086, 0x007f, 0x0097, 0x008d, 0x008e, 0x000b, 0x000c, 0x000d, 0x000e, 0x000f,
            0x0010, 0x0011, 0x0012, 0x0013, 0x009d, 0x0085, 0x0008, 0x0087, 0x0018, 0x0019, 0x0092, 0x008f, 0x001c, 0x001d, 0x001e, 0x001f,
            0x0080, 0x0081, 0x0082, 0x0083, 0x0084, 0x000a, 0x0017, 0x001b, 0x0088, 0x0089, 0x008a, 0x008b, 0x008c, 0x0005, 0x0006, 0x0007,
            0x0090, 0x0091, 0x0016, 0x0093, 0x0094, 0x0095, 0x0096, 0x0004, 0x0098, 0x0099, 0x009a, 0x009b, 0x0014, 0x0015, 0x009e, 0x001a,
            0x0020, 0x0000, 0x00e2, 0x0000, 0x0000, 0x0000, 0x0000, 0x0000, 0x00e7, 0x0000, 0x00e0, 0x002e, 0x003c, 0x0028, 0x002b, 0x0021,
            0x0026, 0x0000, 0x00ea, 0x00eb, 0x0000, 0x0000, 0x00ee, 0x00ef, 0x0000, 0x0000, 0x00b4, 0x0024, 0x002a, 0x0029, 0x003b, 0x005e,
            0x002d, 0x002f, 0x00c2, 0x0000, 0x00c0, 0x0000, 0x0000, 0x0000, 0x00c7, 0x0000, 0x00f9, 0x002c, 0x0025, 0x005f, 0x003e, 0x003f,
            0x0000, 0x00c9, 0x00ca, 0x00cb, 0x0000, 0x00ce, 0x00cf, 0x0000, 0x0000, 0x0060, 0x003a, 0x0023, 0x0040, 0x0027, 0x003d, 0x0022,
            0x0000, 0x0061, 0x0062, 0x0063, 0x0064, 0x0065, 0x0066, 0x0067, 0x0068, 0x0069, 0x0000, 0x0000, 0x0000, 0x0000, 0x0000, 0x0000,
            0x0000, 0x006a, 0x006b, 0x006c, 0x006d, 0x006e, 0x006f, 0x0070, 0x0071, 0x0072, 0x0000, 0x0000, 0x0000, 0x0000, 0x0000, 0x0000,
            0x0000, 0x00a8, 0x0073, 0x0074, 0x0075, 0x0076, 0x0077, 0x0078, 0x0079, 0x007a, 0x0000, 0x0000, 0x0000, 0x0000, 0x0000, 0x0000,
            0x0000, 0x0000, 0x0000, 0x0000, 0x0000, 0x0000, 0x0000, 0x0000, 0x0000, 0x0000, 0x0000, 0x0000, 0x0000, 0x0000, 0x0000, 0x0000,
            0x00e9, 0x0041, 0x0042, 0x0043, 0x0044, 0x0045, 0x0046, 0x0047, 0x0048, 0x0049, 0x0000, 0x00f4, 0x0000, 0x0000, 0x0000, 0x0000,
            0x00e8, 0x004a, 0x004b, 0x004c, 0x004d, 0x004e, 0x004f, 0x0050, 0x0051, 0x0052, 0x0000, 0x00fb, 0x00fc, 0x0000, 0x0000, 0x0000,
            0x00b8, 0x0000, 0x0053, 0x0054, 0x0055, 0x0056, 0x0057, 0x0058, 0x0059, 0x005a, 0x0000, 0x00d4, 0x0000, 0x0000, 0x0000, 0x0000,
            0x0030, 0x0031, 0x0032, 0x0033, 0x0034, 0x0035, 0x0036, 0x0037, 0x0038, 0x0039, 0x0000, 0x00db, 0x00dc, 0x00d9, 0x0000, 0x009f,
        ],
        decode_only: &[],
    },
    // ebcdic-dk-no (8bit-generic, localedata/charmaps/EBCDIC-DK-NO)
    Table8 {
        names: &[
            b"EBCDIC-DK-NO//",
            b"CSEBCDICDKNO//",
            b"EBCDICDKNO//",
        ],
        to_ucs: [
            0x0000, 0x0001, 0x0002, 0x0003, 0x009c, 0x0009, 0x0086, 0x007f, 0x0097, 0x008d, 0x008e, 0x000b, 0x000c, 0x000d, 0x000e, 0x000f,
            0x0010, 0x0011, 0x0012, 0x0013, 0x009d, 0x0085, 0x0008, 0x0087, 0x0018, 0x0019, 0x0092, 0x008f, 0x001c, 0x001d, 0x001e, 0x001f,
            0x0080, 0x0081, 0x0082, 0x0083, 0x0084, 0x000a, 0x0017, 0x001b, 0x0088, 0x0089, 0x008a, 0x008b, 0x008c, 0x0005, 0x0006, 0x0007,
            0x0090, 0x0091, 0x0016, 0x0093, 0x0094, 0x0095, 0x0096, 0x0004, 0x0098, 0x0099, 0x009a, 0x009b, 0x0014, 0x0015, 0x009e, 0x001a,
            0x0020, 0x0000, 0x0000, 0x0000, 0x0000, 0x0000, 0x0000, 0x0000, 0x0000, 0x0000, 0x0023, 0x002e, 0x003c, 0x0028, 0x002b, 0x0021,
            0x0026, 0x0000, 0x0000, 0x0000, 0x0000, 0x0000, 0x0000, 0x0000, 0x0000, 0x0000, 0x00a4, 0x00c5, 0x002a, 0x0029, 0x003b, 0x005e,
            0x002d, 0x002f, 0x0000, 0x0000, 0x0000, 0x0000, 0x0000, 0x0000, 0x0000, 0x0000, 0x00f8, 0x002c, 0x0025, 0x005f, 0x003e, 0x003f,
            0x0000, 0x0000, 0x0000, 0x0000, 0x0000, 0x0000, 0x0000, 0x0000, 0x0000, 0x0060, 0x003a, 0x00c6, 0x00d8, 0x0027, 0x003d, 0x0022,
            0x0000, 0x0061, 0x0062, 0x0063, 0x0064, 0x0065, 0x0066, 0x0067, 0x0068, 0x0069, 0x0000, 0x0000, 0x0000, 0x0000, 0x0000, 0x0000,
            0x0000, 0x006a, 0x006b, 0x006c, 0x006d, 0x006e, 0x006f, 0x0070, 0x0071, 0x0072, 0x0000, 0x0000, 0x0000, 0x0000, 0x0000, 0x0000,
            0x0000, 0x00fc, 0x0073, 0x0074, 0x0075, 0x0076, 0x0077, 0x0078, 0x0079, 0x007a, 0x0000, 0x0000, 0x0000, 0x0000, 0x0000, 0x0000,
            0x0000, 0x0000, 0x0000, 0x0000, 0x0000, 0x0000, 0x0000, 0x0000, 0x0000, 0x0000, 0x0000, 0x0000, 0x0000, 0x0000, 0x0000, 0x0000,
            0x00e6, 0x0041, 0x0042, 0x0043, 0x0044, 0x0045, 0x0046, 0x0047, 0x0048, 0x0049, 0x0000, 0x0000, 0x0000, 0x0000, 0x0000, 0x0000,
            0x00e5, 0x004a, 0x004b, 0x004c, 0x004d, 0x004e, 0x004f, 0x0050, 0x0051, 0x0052, 0x0000, 0x0000, 0x0000, 0x0000, 0x0000, 0x0000,
            0x005c, 0x0000, 0x0053, 0x0054, 0x0055, 0x0056, 0x0057, 0x0058, 0x0059, 0x005a, 0x0000, 0x0000, 0x0000, 0x0000, 0x0000, 0x0000,
            0x0030, 0x0031, 0x0032, 0x0033, 0x0034, 0x0035, 0x0036, 0x0037, 0x0038, 0x0039, 0x0000, 0x0000, 0x0000, 0x0000, 0x0000, 0x009f,
        ],
        decode_only: &[],
    },
    // ebcdic-dk-no-a (8bit-generic, localedata/charmaps/EBCDIC-DK-NO-A)
    Table8 {
        names: &[
            b"EBCDIC-DK-NO-A//",
            b"CSEBCDICDKNOA//",
            b"EBCDICDKNOA//",
        ],
        to_ucs: [
            0x0000, 0x0001, 0x0002, 0x0003, 0x009c, 0x0009, 0x0086, 0x007f, 0x0097, 0x008d, 0x008e, 0x000b, 0x000c, 0x000d, 0x000e, 0x000f,
            0x0010, 0x0011, 0x0012, 0x0013, 0x009d, 0x0085, 0x0008, 0x0087, 0x0018, 0x0019, 0x0092, 0x008f, 0x001c, 0x001d, 0x001e, 0x001f,
            0x0080, 0x0081, 0x0082, 0x0083, 0x0084, 0x000a, 0x0017, 0x001b, 0x0088, 0x0089, 0x008a, 0x008b, 0x008c, 0x0005, 0x0006, 0x0007,
            0x0090, 0x0091, 0x0016, 0x0093, 0x0094, 0x0095, 0x0096, 0x0004, 0x0098, 0x0099, 0x009a, 0x009b, 0x0014, 0x0015, 0x009e, 0x001a,
            0x0020, 0x0000, 0x0000, 0x0000, 0x0000, 0x0000, 0x0000, 0x0000, 0x0000, 0x0000, 0x00f8, 0x002e, 0x003c, 0x0028, 0x002b, 0x007c,
            0x0026, 0x0000, 0x0000, 0x0000, 0x0000, 0x0000, 0x0000, 0x0000, 0x0000, 0x0000, 0x00e5, 0x00c5, 0x002a, 0x0029, 0x003b, 0x00ac,
            0x002d, 0x002f, 0x0000, 0x0000, 0x0000, 0x0000, 0x0000, 0x0000, 0x0000, 0x0000, 0x00a6, 0x002c, 0x0025, 0x005f, 0x003e, 0x003f,
            0x0000, 0x0000, 0x0000, 0x0000, 0x0000, 0x0000, 0x0000, 0x0000, 0x0000, 0x0000, 0x003a, 0x00c6, 0x00d8, 0x0027, 0x003d, 0x00e6,
            0x0000, 0x0061, 0x0062, 0x0063, 0x0064, 0x0065, 0x0066, 0x0067, 0x0068, 0x0069, 0x0000, 0x0000, 0x0000, 0x0000, 0x0000, 0x0000,
            0x0000, 0x006a, 0x006b, 0x006c, 0x006d, 0x006e, 0x006f, 0x0070, 0x0071, 0x0072, 0x0000, 0x0000, 0x0000, 0x0000, 0x0000, 0x0000,
            0x0000, 0x0000, 0x0073, 0x0074, 0x0075, 0x0076, 0x0077, 0x0078, 0x0079, 0x007a, 0x0000, 0x0000, 0x0000, 0x0000, 0x0000, 0x0000,
            0x0000, 0x0000, 0x0000, 0x0000, 0x0000, 0x0000, 0x0000, 0x0000, 0x0000, 0x0000, 0x0000, 0x0000, 0x0000, 0x0000, 0x0000, 0x0000,
            0x0000, 0x0041, 0x0042, 0x0043, 0x0044, 0x0045, 0x0046, 0x0047, 0x0048, 0x0049, 0x0000, 0x0000, 0x0000, 0x0000, 0x0000, 0x0000,
            0x0000, 0x004a, 0x004b, 0x004c, 0x004d, 0x004e, 0x004f, 0x0050, 0x0051, 0x0052, 0x0000, 0x0000, 0x0000, 0x0000, 0x0000, 0x0000,
            0x0000, 0x0000, 0x0053, 0x0054, 0x0055, 0x0056, 0x0057, 0x0058, 0x0059, 0x005a, 0x0000, 0x0000, 0x0000, 0x0000, 0x0000, 0x0000,
            0x0030, 0x0031, 0x0032, 0x0033, 0x0034, 0x0035, 0x0036, 0x0037, 0x0038, 0x0039, 0x0000, 0x0000, 0x0000, 0x0000, 0x0000, 0x009f,
        ],
        decode_only: &[],
    },
    // ebcdic-es-s (8bit-generic, localedata/charmaps/EBCDIC-ES-S)
    Table8 {
        names: &[
            b"EBCDIC-ES-S//",
            b"CSEBCDICESS//",
            b"EBCDICESS//",
        ],
        to_ucs: [
            0x0000, 0x0001, 0x0002, 0x0003, 0x009c, 0x0009, 0x0086, 0x007f, 0x0097, 0x008d, 0x008e, 0x000b, 0x000c, 0x000d, 0x000e, 0x000f,
            0x0010, 0x0011, 0x0012, 0x0013, 0x009d, 0x0085, 0x0008, 0x0087, 0x0018, 0x0019, 0x0092, 0x008f, 0x001c, 0x001d, 0x001e, 0x001f,
            0x0080, 0x0081, 0x0082, 0x0083, 0x0084, 0x000a, 0x0017, 0x001b, 0x0088, 0x0089, 0x008a, 0x008b, 0x008c, 0x0005, 0x0006, 0x0007,
            0x0090, 0x0091, 0x0016, 0x0093, 0x0094, 0x0095, 0x0096, 0x0004, 0x0098, 0x0099, 0x009a, 0x009b, 0x0014, 0x0015, 0x009e, 0x001a,
            0x0020, 0x0000, 0x0000, 0x0000, 0x0000, 0x0000, 0x0000, 0x0000, 0x0000, 0x0000, 0x00a2, 0x002e, 0x003c, 0x0028, 0x002b, 0x007c,
            0x0026, 0x0000, 0x0000, 0x0000, 0x0000, 0x0000, 0x0000, 0x0000, 0x0000, 0x0000, 0x0021, 0x0024, 0x002a, 0x0029, 0x003b, 0x00ac,
            0x002d, 0x002f, 0x0000, 0x0000, 0x0000, 0x0000, 0x0000, 0x0000, 0x0000, 0x0000, 0x00f1, 0x002c, 0x0025, 0x005f, 0x003e, 0x003f,
            0x0000, 0x0000, 0x0000, 0x0000, 0x0000, 0x0000, 0x0000, 0x0000, 0x0000, 0x0060, 0x003a, 0x00d1, 0x0040, 0x0027, 0x003d, 0x0022,
            0x0000, 0x0061, 0x0062, 0x0063, 0x0064, 0x0065, 0x0066, 0x0067, 0x0068, 0x0069, 0x0000, 0x0000, 0x0000, 0x0000, 0x0000, 0x0000,
            0x0000, 0x006a, 0x006b, 0x006c, 0x006d, 0x006e, 0x006f, 0x0070, 0x0071, 0x0072, 0x0000, 0x0000, 0x0000, 0x0000, 0x0000, 0x0000,
            0x0000, 0x00a8, 0x0073, 0x0074, 0x0075, 0x0076, 0x0077, 0x0078, 0x0079, 0x007a, 0x0000, 0x0000, 0x0000, 0x0000, 0x0000, 0x0000,
            0x0000, 0x0000, 0x0000, 0x0000, 0x0000, 0x0000, 0x0000, 0x0000, 0x0000, 0x0000, 0x0000, 0x0000, 0x0000, 0x0000, 0x0000, 0x0000,
            0x007b, 0x0041, 0x0042, 0x0043, 0x0044, 0x0045, 0x0046, 0x0047, 0x0048, 0x0049, 0x0000, 0x0000, 0x0000, 0x0000, 0x0000, 0x0000,
            0x007d, 0x004a, 0x004b, 0x004c, 0x004d, 0x004e, 0x004f, 0x0050, 0x0051, 0x0052, 0x0000, 0x0000, 0x0000, 0x0000, 0x0000, 0x0000,
            0x005c, 0x0000, 0x0053, 0x0054, 0x0055, 0x0056, 0x0057, 0x0058, 0x0059, 0x005a, 0x0000, 0x0000, 0x0000, 0x0000, 0x0000, 0x0000,
            0x0030, 0x0031, 0x0032, 0x0033, 0x0034, 0x0035, 0x0036, 0x0037, 0x0038, 0x0039, 0x0000, 0x0000, 0x0000, 0x0000, 0x0000, 0x009f,
        ],
        decode_only: &[],
    },
    // ebcdic-fi-se (8bit-generic, localedata/charmaps/EBCDIC-FI-SE)
    Table8 {
        names: &[
            b"EBCDIC-FI-SE//",
            b"CSEBCDICFISE//",
            b"EBCDICFISE//",
        ],
        to_ucs: [
            0x0000, 0x0001, 0x0002, 0x0003, 0x009c, 0x0009, 0x0086, 0x007f, 0x0097, 0x008d, 0x008e, 0x000b, 0x000c, 0x000d, 0x000e, 0x000f,
            0x0010, 0x0011, 0x0012, 0x0013, 0x009d, 0x0085, 0x0008, 0x0087, 0x0018, 0x0019, 0x0092, 0x008f, 0x001c, 0x001d, 0x001e, 0x001f,
            0x0080, 0x0081, 0x0082, 0x0083, 0x0084, 0x000a, 0x0017, 0x001b, 0x0088, 0x0089, 0x008a, 0x008b, 0x008c, 0x0005, 0x0006, 0x0007,
            0x0090, 0x0091, 0x0016, 0x0093, 0x0094, 0x0095, 0x0096, 0x0004, 0x0098, 0x0099, 0x009a, 0x009b, 0x0014, 0x0015, 0x009e, 0x001a,
            0x0020, 0x0000, 0x0000, 0x0000, 0x0000, 0x0000, 0x0000, 0x0000, 0x0000, 0x0000, 0x00a7, 0x002e, 0x003c, 0x0028, 0x002b, 0x0021,
            0x0026, 0x0000, 0x0000, 0x0000, 0x0000, 0x0000, 0x0000, 0x0000, 0x0000, 0x0000, 0x00a4, 0x00c5, 0x002a, 0x0029, 0x003b, 0x005e,
            0x002d, 0x002f, 0x0000, 0x0000, 0x0000, 0x0000, 0x0000, 0x0000, 0x0000, 0x0000, 0x00f6, 0x002c, 0x0025, 0x005f, 0x003e, 0x003f,
            0x0000, 0x0000, 0x0000, 0x0000, 0x0000, 0x0000, 0x0000, 0x0000, 0x0000, 0x00e9, 0x003a, 0x00c4, 0x00d6, 0x0027, 0x003d, 0x0022,
            0x0000, 0x0061, 0x0062, 0x0063, 0x0064, 0x0065, 0x0066, 0x0067, 0x0068, 0x0069, 0x0000, 0x0000, 0x0000, 0x0000, 0x0000, 0x0000,
            0x0000, 0x006a, 0x006b, 0x006c, 0x006d, 0x006e, 0x006f, 0x0070, 0x0071, 0x0072, 0x0000, 0x0000, 0x0000, 0x0000, 0x0000, 0x0000,
            0x0000, 0x00fc, 0x0073, 0x0074, 0x0075, 0x0076, 0x0077, 0x0078, 0x0079, 0x007a, 0x0000, 0x0000, 0x0000, 0x0000, 0x0000, 0x0000,
            0x0000, 0x0000, 0x0000, 0x0000, 0x0000, 0x0000, 0x0000, 0x0000, 0x0000, 0x0000, 0x0000, 0x0000, 0x0000, 0x0000, 0x0000, 0x0000,
            0x00e4, 0x0041, 0x0042, 0x0043, 0x0044, 0x0045, 0x0046, 0x0047, 0x0048, 0x0049, 0x0000, 0x0000, 0x0000, 0x0000, 0x0000, 0x0000,
            0x00e5, 0x004a, 0x004b, 0x004c, 0x004d, 0x004e, 0x004f, 0x0050, 0x0051, 0x0052, 0x0000, 0x0000, 0x0000, 0x0000, 0x0000, 0x0000,
            0x00c9, 0x0000, 0x0053, 0x0054, 0x0055, 0x0056, 0x0057, 0x0058, 0x0059, 0x005a, 0x0000, 0x0000, 0x0000, 0x0000, 0x0000, 0x0000,
            0x0030, 0x0031, 0x0032, 0x0033, 0x0034, 0x0035, 0x0036, 0x0037, 0x0038, 0x0039, 0x0000, 0x0000, 0x0000, 0x0000, 0x0000, 0x009f,
        ],
        decode_only: &[],
    },
    // ebcdic-fi-se-a (8bit-generic, localedata/charmaps/EBCDIC-FI-SE-A)
    Table8 {
        names: &[
            b"EBCDIC-FI-SE-A//",
            b"CSEBCDICFISEA//",
            b"EBCDICFISEA//",
        ],
        to_ucs: [
            0x0000, 0x0001, 0x0002, 0x0003, 0x009c, 0x0009, 0x0086, 0x007f, 0x0097, 0x008d, 0x008e, 0x000b, 0x000c, 0x000d, 0x000e, 0x000f,
            0x0010, 0x0011, 0x0012, 0x0013, 0x009d, 0x0085, 0x0008, 0x0087, 0x0018, 0x0019, 0x0092, 0x008f, 0x001c, 0x001d, 0x001e, 0x001f,
            0x0080, 0x0081, 0x0082, 0x0083, 0x0084, 0x000a, 0x0017, 0x001b, 0x0088, 0x0089, 0x008a, 0x008b, 0x008c, 0x0005, 0x0006, 0x0007,
            0x0090, 0x0091, 0x0016, 0x0093, 0x0094, 0x0095, 0x0096, 0x0004, 0x0098, 0x0099, 0x009a, 0x009b, 0x0014, 0x0015, 0x009e, 0x001a,
            0x0020, 0x0000, 0x0000, 0x0000, 0x0000, 0x0000, 0x0000, 0x0000, 0x0000, 0x0000, 0x00f6, 0x002e, 0x003c, 0x0028, 0x002b, 0x007c,
            0x0026, 0x0000, 0x0000, 0x0000, 0x0000, 0x0000, 0x0000, 0x0000, 0x0000, 0x0000, 0x00e5, 0x00c5, 0x002a, 0x0029, 0x003b, 0x00ac,
            0x002d, 0x002f, 0x0000, 0x0000, 0x0000, 0x0000, 0x0000, 0x0000, 0x0000, 0x0000, 0x00a6, 0x002c, 0x0025, 0x005f, 0x003e, 0x003f,
            0x0000, 0x0000, 0x0000, 0x0000, 0x0000, 0x0000, 0x0000, 0x0000, 0x0000, 0x0000, 0x003a, 0x00c4, 0x00d6, 0x0027, 0x003d, 0x00e4,
            0x0000, 0x0061, 0x0062, 0x0063, 0x0064, 0x0065, 0x0066, 0x0067, 0x0068, 0x0069, 0x0000, 0x0000, 0x0000, 0x0000, 0x0000, 0x0000,
            0x0000, 0x006a, 0x006b, 0x006c, 0x006d, 0x006e, 0x006f, 0x0070, 0x0071, 0x0072, 0x0000, 0x0000, 0x0000, 0x0000, 0x0000, 0x0000,
            0x0000, 0x0000, 0x0073, 0x0074, 0x0075, 0x0076, 0x0077, 0x0078, 0x0079, 0x007a, 0x0000, 0x0000, 0x0000, 0x0000, 0x0000, 0x0000,
            0x0000, 0x0000, 0x0000, 0x0000, 0x0000, 0x0000, 0x0000, 0x0000, 0x0000, 0x0000, 0x0000, 0x0000, 0x0000, 0x0000, 0x0000, 0x0000,
            0x0000, 0x0041, 0x0042, 0x0043, 0x0044, 0x0045, 0x0046, 0x0047, 0x0048, 0x0049, 0x0000, 0x0000, 0x0000, 0x0000, 0x0000, 0x0000,
            0x0000, 0x004a, 0x004b, 0x004c, 0x004d, 0x004e, 0x004f, 0x0050, 0x0051, 0x0052, 0x0000, 0x0000, 0x0000, 0x0000, 0x0000, 0x0000,
            0x0000, 0x0000, 0x0053, 0x0054, 0x0055, 0x0056, 0x0057, 0x0058, 0x0059, 0x005a, 0x0000, 0x0000, 0x0000, 0x0000, 0x0000, 0x0000,
            0x0030, 0x0031, 0x0032, 0x0033, 0x0034, 0x0035, 0x0036, 0x0037, 0x0038, 0x0039, 0x0000, 0x0000, 0x0000, 0x0000, 0x0000, 0x009f,
        ],
        decode_only: &[],
    },
    // ebcdic-fr (8bit-generic, localedata/charmaps/EBCDIC-FR)
    Table8 {
        names: &[
            b"EBCDIC-FR//",
            b"CSEBCDICFR//",
            b"EBCDICFR//",
        ],
        to_ucs: [
            0x0000, 0x0001, 0x0002, 0x0003, 0x009c, 0x0009, 0x0086, 0x007f, 0x0097, 0x008d, 0x008e, 0x000b, 0x000c, 0x000d, 0x000e, 0x000f,
            0x0010, 0x0011, 0x0012, 0x0013, 0x009d, 0x0085, 0x0008, 0x0087, 0x0018, 0x0019, 0x0092, 0x008f, 0x001c, 0x001d, 0x001e, 0x001f,
            0x0080, 0x0081, 0x0082, 0x0083, 0x0084, 0x000a, 0x0017, 0x001b, 0x0088, 0x0089, 0x008a, 0x008b, 0x008c, 0x0005, 0x0006, 0x0007,
            0x0090, 0x0091, 0x0016, 0x0093, 0x0094, 0x0095, 0x0096, 0x0004, 0x0098, 0x0099, 0x009a, 0x009b, 0x0014, 0x0015, 0x009e, 0x001a,
            0x0020, 0x0000, 0x0000, 0x0000, 0x0000, 0x0000, 0x0000, 0x0000, 0x0000, 0x0000, 0x00b0, 0x002e, 0x003c, 0x0028, 0x002b, 0x0021,
            0x0026, 0x0000, 0x0000, 0x0000, 0x0000, 0x0000, 0x0000, 0x0000, 0x0000, 0x0000, 0x00a7, 0x0024, 0x002a, 0x0029, 0x003b, 0x005e,
            0x002d, 0x002f, 0x0000, 0x0000, 0x0000, 0x0000, 0x0000, 0x0000, 0x0000, 0x0000, 0x00f9, 0x002c, 0x0025, 0x005f, 0x003e, 0x003f,
            0x0000, 0x0000, 0x0000, 0x0000, 0x0000, 0x0000, 0x0000, 0x0000, 0x0000, 0x0060, 0x003a, 0x00a3, 0x00e0, 0x0027, 0x003d, 0x0022,
            0x0000, 0x0061, 0x0062, 0x0063, 0x0064, 0x0065, 0x0066, 0x0067, 0x0068, 0x0069, 0x0000, 0x0000, 0x0000, 0x0000, 0x0000, 0x0000,
            0x0000, 0x006a, 0x006b, 0x006c, 0x006d, 0x006e, 0x006f, 0x0070, 0x0071, 0x0072, 0x0000, 0x0000, 0x0000, 0x0000, 0x0000, 0x0000,
            0x0000, 0x00a8, 0x0073, 0x0074, 0x0075, 0x0076, 0x0077, 0x0078, 0x0079, 0x007a, 0x0000, 0x0000, 0x0000, 0x0000, 0x0000, 0x0000,
            0x0000, 0x0000, 0x0000, 0x0000, 0x0000, 0x0000, 0x0000, 0x0000, 0x0000, 0x0000, 0x0000, 0x0000, 0x0000, 0x0000, 0x0000, 0x0000,
            0x00e9, 0x0041, 0x0042, 0x0043, 0x0044, 0x0045, 0x0046, 0x0047, 0x0048, 0x0049, 0x0000, 0x0000, 0x0000, 0x0000, 0x0000, 0x0000,
            0x00e8, 0x004a, 0x004b, 0x004c, 0x004d, 0x004e, 0x004f, 0x0050, 0x0051, 0x0052, 0x0000, 0x0000, 0x0000, 0x0000, 0x0000, 0x0000,
            0x00e7, 0x0000, 0x0053, 0x0054, 0x0055, 0x0056, 0x0057, 0x0058, 0x0059, 0x005a, 0x0000, 0x0000, 0x0000, 0x0000, 0x0000, 0x0000,
            0x0030, 0x0031, 0x0032, 0x0033, 0x0034, 0x0035, 0x0036, 0x0037, 0x0038, 0x0039, 0x0000, 0x0000, 0x0000, 0x0000, 0x0000, 0x009f,
        ],
        decode_only: &[],
    },
    // ebcdic-it (8bit-generic, localedata/charmaps/EBCDIC-IT)
    Table8 {
        names: &[
            b"EBCDIC-IT//",
            b"CSEBCDICIT//",
            b"EBCDICIT//",
        ],
        to_ucs: [
            0x0000, 0x0001, 0x0002, 0x0003, 0x009c, 0x0009, 0x0086, 0x007f, 0x0097, 0x008d, 0x008e, 0x000b, 0x000c, 0x000d, 0x000e, 0x000f,
            0x0010, 0x0011, 0x0012, 0x0013, 0x009d, 0x0085, 0x0008, 0x0087, 0x0018, 0x0019, 0x0092, 0x008f, 0x001c, 0x001d, 0x001e, 0x001f,
            0x0080, 0x0081, 0x0082, 0x0083, 0x0084, 0x000a, 0x0017, 0x001b, 0x0088, 0x0089, 0x008a, 0x008b, 0x008c, 0x0005, 0x0006, 0x0007,
            0x0090, 0x0091, 0x0016, 0x0093, 0x0094, 0x0095, 0x0096, 0x0004, 0x0098, 0x0099, 0x009a, 0x009b, 0x0014, 0x0015, 0x009e, 0x001a,
            0x0020, 0x0000, 0x0000, 0x0000, 0x0000, 0x0000, 0x0000, 0x0000, 0x0000, 0x0000, 0x00b0, 0x002e, 0x003c, 0x0028, 0x002b, 0x0021,
            0x0026, 0x0000, 0x0000, 0x0000, 0x0000, 0x0000, 0x0000, 0x0000, 0x0000, 0x0000, 0x00e9, 0x0024, 0x002a, 0x0029, 0x003b, 0x005e,
            0x002d, 0x002f, 0x0000, 0x0000, 0x0000, 0x0000, 0x0000, 0x0000, 0x0000, 0x0000, 0x00f2, 0x002c, 0x0025, 0x005f, 0x003e, 0x003f,
            0x0000, 0x0000, 0x0000, 0x0000, 0x0000, 0x0000, 0x0000, 0x0000, 0x0000, 0x00f9, 0x003a, 0x00a3, 0x00a7, 0x0027, 0x003d, 0x0022,
            0x0000, 0x0061, 0x0062, 0x0063, 0x0064, 0x0065, 0x0066, 0x0067, 0x0068, 0x0069, 0x0000, 0x0000, 0x0000, 0x0000, 0x0000, 0x0000,
            0x0000, 0x006a, 0x006b, 0x006c, 0x006d, 0x006e, 0x006f, 0x0070, 0x0071, 0x0072, 0x0000, 0x0000, 0x0000, 0x0000, 0x0000, 0x0000,
            0x0000, 0x00ec, 0x0073, 0x0074, 0x0075, 0x0076, 0x0077, 0x0078, 0x0079, 0x007a, 0x0000, 0x0000, 0x0000, 0x0000, 0x0000, 0x0000,
            0x0000, 0x0000, 0x0000, 0x0000, 0x0000, 0x0000, 0x0000, 0x0000, 0x0000, 0x0000, 0x0000, 0x0000, 0x0000, 0x0000, 0x0000, 0x0000,
            0x00e0, 0x0041, 0x0042, 0x0043, 0x0044, 0x0045, 0x0046, 0x0047, 0x0048, 0x0049, 0x0000, 0x0000, 0x0000, 0x0000, 0x0000, 0x0000,
            0x00e8, 0x004a, 0x004b, 0x004c, 0x004d, 0x004e, 0x004f, 0x0050, 0x0051, 0x0052, 0x0000, 0x0000, 0x0000, 0x0000, 0x0000, 0x0000,
            0x00e7, 0x0000, 0x0053, 0x0054, 0x0055, 0x0056, 0x0057, 0x0058, 0x0059, 0x005a, 0x0000, 0x0000, 0x0000, 0x0000, 0x0000, 0x0000,
            0x0030, 0x0031, 0x0032, 0x0033, 0x0034, 0x0035, 0x0036, 0x0037, 0x0038, 0x0039, 0x0000, 0x0000, 0x0000, 0x0000, 0x0000, 0x009f,
        ],
        decode_only: &[],
    },
    // ebcdic-pt (8bit-generic, localedata/charmaps/EBCDIC-PT)
    Table8 {
        names: &[
            b"EBCDIC-PT//",
            b"CSEBCDICPT//",
            b"EBCDICPT//",
        ],
        to_ucs: [
            0x0000, 0x0001, 0x0002, 0x0003, 0x009c, 0x0009, 0x0086, 0x007f, 0x0097, 0x008d, 0x008e, 0x000b, 0x000c, 0x000d, 0x000e, 0x000f,
            0x0010, 0x0011, 0x0012, 0x0013, 0x009d, 0x0085, 0x0008, 0x0087, 0x0018, 0x0019, 0x0092, 0x008f, 0x001c, 0x001d, 0x001e, 0x001f,
            0x0080, 0x0081, 0x0082, 0x0083, 0x0084, 0x000a, 0x0017, 0x001b, 0x0088, 0x0089, 0x008a, 0x008b, 0x008c, 0x0005, 0x0006, 0x0007,
            0x0090, 0x0091, 0x0016, 0x0093, 0x0094, 0x0095, 0x0096, 0x0004, 0x0098, 0x0099, 0x009a, 0x009b, 0x0014, 0x0015, 0x009e, 0x001a,
            0x0020, 0x0000, 0x0000, 0x0000, 0x0000, 0x0000, 0x0000, 0x0000, 0x0000, 0x0000, 0x005b, 0x002e, 0x003c, 0x0028, 0x002b, 0x0021,
            0x0026, 0x0000, 0x0000, 0x0000, 0x0000, 0x0000, 0x0000, 0x0000, 0x0000, 0x0000, 0x005d, 0x0024, 0x002a, 0x0029, 0x003b, 0x005e,
            0x002d, 0x002f, 0x0000, 0x0000, 0x0000, 0x0000, 0x0000, 0x0000, 0x0000, 0x0000, 0x00f5, 0x002c, 0x0025, 0x005f, 0x003e, 0x003f,
            0x0000, 0x0000, 0x0000, 0x0000, 0x0000, 0x0000, 0x0000, 0x0000, 0x0000, 0x0060, 0x003a, 0x00c3, 0x00d5, 0x0027, 0x003d, 0x0022,
            0x0000, 0x0061, 0x0062, 0x0063, 0x0064, 0x0065, 0x0066, 0x0067, 0x0068, 0x0069, 0x0000, 0x0000, 0x0000, 0x0000, 0x0000, 0x0000,
            0x0000, 0x006a, 0x006b, 0x006c, 0x006d, 0x006e, 0x006f, 0x0070, 0x0071, 0x0072, 0x0000, 0x0000, 0x0000, 0x0000, 0x0000, 0x0000,
            0x0000, 0x00e7, 0x0073, 0x0074, 0x0075, 0x0076, 0x0077, 0x0078, 0x0079, 0x007a, 0x0000, 0x0000, 0x0000, 0x0000, 0x0000, 0x0000,
            0x0000, 0x0000, 0x0000, 0x0000, 0x0000, 0x0000, 0x0000, 0x0000, 0x0000, 0x0000, 0x0000, 0x0000, 0x0000, 0x0000, 0x0000, 0x0000,
            0x00e3, 0x0041, 0x0042, 0x0043, 0x0044, 0x0045, 0x0046, 0x0047, 0x0048, 0x0049, 0x0000, 0x0000, 0x0000, 0x0000, 0x0000, 0x0000,
            0x00b4, 0x004a, 0x004b, 0x004c, 0x004d, 0x004e, 0x004f, 0x0050, 0x0051, 0x0052, 0x0000, 0x0000, 0x0000, 0x0000, 0x0000, 0x0000,
            0x00c7, 0x0000, 0x0053, 0x0054, 0x0055, 0x0056, 0x0057, 0x0058, 0x0059, 0x005a, 0x0000, 0x0000, 0x0000, 0x0000, 0x0000, 0x0000,
            0x0030, 0x0031, 0x0032, 0x0033, 0x0034, 0x0035, 0x0036, 0x0037, 0x0038, 0x0039, 0x0000, 0x0000, 0x0000, 0x0000, 0x0000, 0x009f,
        ],
        decode_only: &[],
    },
    // ebcdic-us (8bit-generic, localedata/charmaps/EBCDIC-US)
    Table8 {
        names: &[
            b"EBCDIC-US//",
            b"CSEBCDICUS//",
            b"EBCDICUS//",
        ],
        to_ucs: [
            0x0000, 0x0001, 0x0002, 0x0003, 0x009c, 0x0009, 0x0086, 0x007f, 0x0097, 0x008d, 0x008e, 0x000b, 0x000c, 0x000d, 0x000e, 0x000f,
            0x0010, 0x0011, 0x0012, 0x0013, 0x009d, 0x0085, 0x0008, 0x0087, 0x0018, 0x0019, 0x0092, 0x008f, 0x001c, 0x001d, 0x001e, 0x001f,
            0x0080, 0x0081, 0x0082, 0x0083, 0x0084, 0x000a, 0x0017, 0x001b, 0x0088, 0x0089, 0x008a, 0x008b, 0x008c, 0x0005, 0x0006, 0x0007,
            0x0090, 0x0091, 0x0016, 0x0093, 0x0094, 0x0095, 0x0096, 0x0004, 0x0098, 0x0099, 0x009a, 0x009b, 0x0014, 0x0015, 0x009e, 0x001a,
            0x0020, 0x0000, 0x0000, 0x0000, 0x0000, 0x0000, 0x0000, 0x0000, 0x0000, 0x0000, 0x00a2, 0x002e, 0x003c, 0x0028, 0x002b, 0x007c,
            0x0026, 0x0000, 0x0000, 0x0000, 0x0000, 0x0000, 0x0000, 0x0000, 0x0000, 0x0000, 0x0021, 0x0024, 0x002a, 0x0029, 0x003b, 0x00ac,
            0x002d, 0x002f, 0x0000, 0x0000, 0x0000, 0x0000, 0x0000, 0x0000, 0x0000, 0x0000, 0x00a6, 0x002c, 0x0025, 0x005f, 0x003e, 0x003f,
            0x0000, 0x0000, 0x0000, 0x0000, 0x0000, 0x0000, 0x0000, 0x0000, 0x0000, 0x0060, 0x003a, 0x0023, 0x0040, 0x0027, 0x003d, 0x0022,
            0x0000, 0x0061, 0x0062, 0x0063, 0x0064, 0x0065, 0x0066, 0x0067, 0x0068, 0x0069, 0x0000, 0x0000, 0x0000, 0x0000, 0x0000, 0x0000,
            0x0000, 0x006a, 0x006b, 0x006c, 0x006d, 0x006e, 0x006f, 0x0070, 0x0071, 0x0072, 0x0000, 0x0000, 0x0000, 0x0000, 0x0000, 0x0000,
            0x0000, 0x007e, 0x0073, 0x0074, 0x0075, 0x0076, 0x0077, 0x0078, 0x0079, 0x007a, 0x0000, 0x0000, 0x0000, 0x0000, 0x0000, 0x0000,
            0x0000, 0x0000, 0x0000, 0x0000, 0x0000, 0x0000, 0x0000, 0x0000, 0x0000, 0x0000, 0x0000, 0x0000, 0x0000, 0x0000, 0x0000, 0x0000,
            0x007b, 0x0041, 0x0042, 0x0043, 0x0044, 0x0045, 0x0046, 0x0047, 0x0048, 0x0049, 0x0000, 0x0000, 0x0000, 0x0000, 0x0000, 0x0000,
            0x007d, 0x004a, 0x004b, 0x004c, 0x004d, 0x004e, 0x004f, 0x0050, 0x0051, 0x0052, 0x0000, 0x0000, 0x0000, 0x0000, 0x0000, 0x0000,
            0x005c, 0x0000, 0x0053, 0x0054, 0x0055, 0x0056, 0x0057, 0x0058, 0x0059, 0x005a, 0x0000, 0x0000, 0x0000, 0x0000, 0x0000, 0x0000,
            0x0030, 0x0031, 0x0032, 0x0033, 0x0034, 0x0035, 0x0036, 0x0037, 0x0038, 0x0039, 0x0000, 0x0000, 0x0000, 0x0000, 0x0000, 0x009f,
        ],
        decode_only: &[],
    },
    // ibm037 (8bit-generic, localedata/charmaps/IBM037)
    Table8 {
        names: &[
            b"IBM037//",
            b"CP037//",
            b"CP1070//",
            b"CP282//",
            b"CSIBM037//",
            b"EBCDIC-CP-CA//",
            b"EBCDIC-CP-NL//",
            b"EBCDIC-CP-US//",
            b"EBCDIC-CP-WT//",
            b"OSF10020025//",
        ],
        to_ucs: [
            0x0000, 0x0001, 0x0002, 0x0003, 0x009c, 0x0009, 0x0086, 0x007f, 0x0097, 0x008d, 0x008e, 0x000b, 0x000c, 0x000d, 0x000e, 0x000f,
            0x0010, 0x0011, 0x0012, 0x0013, 0x009d, 0x0085, 0x0008, 0x0087, 0x0018, 0x0019, 0x0092, 0x008f, 0x001c, 0x001d, 0x001e, 0x001f,
            0x0080, 0x0081, 0x0082, 0x0083, 0x0084, 0x000a, 0x0017, 0x001b, 0x0088, 0x0089, 0x008a, 0x008b, 0x008c, 0x0005, 0x0006, 0x0007,
            0x0090, 0x0091, 0x0016, 0x0093, 0x0094, 0x0095, 0x0096, 0x0004, 0x0098, 0x0099, 0x009a, 0x009b, 0x0014, 0x0015, 0x009e, 0x001a,
            0x0020, 0x00a0, 0x00e2, 0x00e4, 0x00e0, 0x00e1, 0x00e3, 0x00e5, 0x00e7, 0x00f1, 0x00a2, 0x002e, 0x003c, 0x0028, 0x002b, 0x007c,
            0x0026, 0x00e9, 0x00ea, 0x00eb, 0x00e8, 0x00ed, 0x00ee, 0x00ef, 0x00ec, 0x00df, 0x0021, 0x0024, 0x002a, 0x0029, 0x003b, 0x00ac,
            0x002d, 0x002f, 0x00c2, 0x00c4, 0x00c0, 0x00c1, 0x00c3, 0x00c5, 0x00c7, 0x00d1, 0x00a6, 0x002c, 0x0025, 0x005f, 0x003e, 0x003f,
            0x00f8, 0x00c9, 0x00ca, 0x00cb, 0x00c8, 0x00cd, 0x00ce, 0x00cf, 0x00cc, 0x0060, 0x003a, 0x0023, 0x0040, 0x0027, 0x003d, 0x0022,
            0x00d8, 0x0061, 0x0062, 0x0063, 0x0064, 0x0065, 0x0066, 0x0067, 0x0068, 0x0069, 0x00ab, 0x00bb, 0x00f0, 0x00fd, 0x00fe, 0x00b1,
            0x00b0, 0x006a, 0x006b, 0x006c, 0x006d, 0x006e, 0x006f, 0x0070, 0x0071, 0x0072, 0x00aa, 0x00ba, 0x00e6, 0x00b8, 0x00c6, 0x00a4,
            0x00b5, 0x007e, 0x0073, 0x0074, 0x0075, 0x0076, 0x0077, 0x0078, 0x0079, 0x007a, 0x00a1, 0x00bf, 0x00d0, 0x00dd, 0x00de, 0x00ae,
            0x005e, 0x00a3, 0x00a5, 0x00b7, 0x00a9, 0x00a7, 0x00b6, 0x00bc, 0x00bd, 0x00be, 0x005b, 0x005d, 0x00af, 0x00a8, 0x00b4, 0x00d7,
            0x007b, 0x0041, 0x0042, 0x0043, 0x0044, 0x0045, 0x0046, 0x0047, 0x0048, 0x0049, 0x00ad, 0x00f4, 0x00f6, 0x00f2, 0x00f3, 0x00f5,
            0x007d, 0x004a, 0x004b, 0x004c, 0x004d, 0x004e, 0x004f, 0x0050, 0x0051, 0x0052, 0x00b9, 0x00fb, 0x00fc, 0x00f9, 0x00fa, 0x00ff,
            0x005c, 0x00f7, 0x0053, 0x0054, 0x0055, 0x0056, 0x0057, 0x0058, 0x0059, 0x005a, 0x00b2, 0x00d4, 0x00d6, 0x00d2, 0x00d3, 0x00d5,
            0x0030, 0x0031, 0x0032, 0x0033, 0x0034, 0x0035, 0x0036, 0x0037, 0x0038, 0x0039, 0x00b3, 0x00db, 0x00dc, 0x00d9, 0x00da, 0x009f,
        ],
        decode_only: &[],
    },
    // ibm038 (8bit-generic, localedata/charmaps/IBM038)
    Table8 {
        names: &[
            b"IBM038//",
            b"CP038//",
            b"CSIBM038//",
            b"EBCDIC-INT//",
        ],
        to_ucs: [
            0x0000, 0x0001, 0x0002, 0x0003, 0x009c, 0x0009, 0x0086, 0x007f, 0x0097, 0x008d, 0x008e, 0x000b, 0x000c, 0x000d, 0x000e, 0x000f,
            0x0010, 0x0011, 0x0012, 0x0013, 0x009d, 0x0085, 0x0008, 0x0087, 0x0018, 0x0019, 0x0092, 0x008f, 0x001c, 0x001d, 0x001e, 0x001f,
            0x0080, 0x0081, 0x0082, 0x0083, 0x0084, 0x000a, 0x0017, 0x001b, 0x0088, 0x0089, 0x008a, 0x008b, 0x008c, 0x0005, 0x0006, 0x0007,
            0x0090, 0x0091, 0x0016, 0x0093, 0x0094, 0x0095, 0x0096, 0x0004, 0x0098, 0x0099, 0x009a, 0x009b, 0x0014, 0x0015, 0x009e, 0x001a,
            0x0020, 0x0000, 0x0000, 0x0000, 0x0000, 0x0000, 0x0000, 0x0000, 0x0000, 0x0000, 0x005b, 0x002e, 0x003c, 0x0028, 0x002b, 0x0021,
            0x0026, 0x0000, 0x0000, 0x0000, 0x0000, 0x0000, 0x0000, 0x0000, 0x0000, 0x0000, 0x005d, 0x0024, 0x002a, 0x0029, 0x003b, 0x005e,
            0x002d, 0x002f, 0x0000, 0x0000, 0x0000, 0x0000, 0x0000, 0x0000, 0x0000, 0x0000, 0x00a6, 0x002c, 0x0025, 0x005f, 0x003e, 0x003f,
            0x0000, 0x0000, 0x0000, 0x0000, 0x0000, 0x0000, 0x0000, 0x0000, 0x0000, 0x0060, 0x003a, 0x0023, 0x0040, 0x0027, 0x003d, 0x0022,
            0x0000, 0x0061, 0x0062, 0x0063, 0x0064, 0x0065, 0x0066, 0x0067, 0x0068, 0x0069, 0x0000, 0x0000, 0x0000, 0x0000, 0x0000, 0x0000,
            0x0000, 0x006a, 0x006b, 0x006c, 0x006d, 0x006e, 0x006f, 0x0070, 0x0071, 0x0072, 0x0000, 0x0000, 0x0000, 0x0000, 0x0000, 0x0000,
            0x0000, 0x007e, 0x0073, 0x0074, 0x0075, 0x0076, 0x0077, 0x0078, 0x0079, 0x007a, 0x0000, 0x0000, 0x0000, 0x0000, 0x0000, 0x0000,
            0x0000, 0x0000, 0x0000, 0x0000, 0x0000, 0x0000, 0x0000, 0x0000, 0x0000, 0x0000, 0x0000, 0x0000, 0x0000, 0x0000, 0x0000, 0x0000,
            0x007b, 0x0041, 0x0042, 0x0043, 0x0044, 0x0045, 0x0046, 0x0047, 0x0048, 0x0049, 0x0000, 0x0000, 0x0000, 0x0000, 0x0000, 0x0000,
            0x007d, 0x004a, 0x004b, 0x004c, 0x004d, 0x004e, 0x004f, 0x0050, 0x0051, 0x0052, 0x0000, 0x0000, 0x0000, 0x0000, 0x0000, 0x0000,
            0x005c, 0x0000, 0x0053, 0x0054, 0x0055, 0x0056, 0x0057, 0x0058, 0x0059, 0x005a, 0x0000, 0x0000, 0x0000, 0x0000, 0x0000, 0x0000,
            0x0030, 0x0031, 0x0032, 0x0033, 0x0034, 0x0035, 0x0036, 0x0037, 0x0038, 0x0039, 0x0000, 0x0000, 0x0000, 0x0000, 0x0000, 0x009f,
        ],
        decode_only: &[],
    },
    // ibm274 (8bit-generic, localedata/charmaps/IBM274)
    Table8 {
        names: &[
            b"IBM274//",
            b"CP274//",
            b"CSIBM274//",
            b"EBCDIC-BE//",
        ],
        to_ucs: [
            0x0000, 0x0001, 0x0002, 0x0003, 0x009c, 0x0009, 0x0086, 0x007f, 0x0097, 0x008d, 0x008e, 0x000b, 0x000c, 0x000d, 0x000e, 0x000f,
            0x0010, 0x0011, 0x0012, 0x0013, 0x009d, 0x0085, 0x0008, 0x0087, 0x0018, 0x0019, 0x0092, 0x008f, 0x001c, 0x001d, 0x001e, 0x001f,
            0x0080, 0x0081, 0x0082, 0x0083, 0x0084, 0x000a, 0x0017, 0x001b, 0x0088, 0x0089, 0x008a, 0x008b, 0x008c, 0x0005, 0x0006, 0x0007,
            0x0090, 0x0091, 0x0016, 0x0093, 0x0094, 0x0095, 0x0096, 0x0004, 0x0098, 0x0099, 0x009a, 0x009b, 0x0014, 0x0015, 0x009e, 0x001a,
            0x0020, 0x0000, 0x0000, 0x0000, 0x0000, 0x0000, 0x0000, 0x0000, 0x0000, 0x0000, 0x005b, 0x002e, 0x003c, 0x0028, 0x002b, 0x0021,
            0x0026, 0x0000, 0x0000, 0x0000, 0x0000, 0x0000, 0x0000, 0x0000, 0x0000, 0x0000, 0x005d, 0x0024, 0x002a, 0x0029, 0x003b, 0x005e,
            0x002d, 0x002f, 0x0000, 0x0000, 0x0000, 0x0000, 0x0000, 0x0000, 0x0000, 0x0000, 0x00f9, 0x002c, 0x0025, 0x005f, 0x003e, 0x003f,
            0x0000, 0x0000, 0x0000, 0x0000, 0x0000, 0x0000, 0x0000, 0x0000, 0x0000, 0x0060, 0x003a, 0x0023, 0x00e0, 0x0027, 0x003d, 0x0022,
            0x0000, 0x0061, 0x0062, 0x0063, 0x0064, 0x0065, 0x0066, 0x0067, 0x0068, 0x0069, 0x0000, 0x0000, 0x0000, 0x0000, 0x0000, 0x0000,
            0x0000, 0x006a, 0x006b, 0x006c, 0x006d, 0x006e, 0x006f, 0x0070, 0x0071, 0x0072, 0x0000, 0x0000, 0x0000, 0x0000, 0x0000, 0x0000,
            0x0000, 0x00a8, 0x0073, 0x0074, 0x0075, 0x0076, 0x0077, 0x0078, 0x0079, 0x007a, 0x0000, 0x0000, 0x0000, 0x0000, 0x0000, 0x0000,
            0x0000, 0x0000, 0x0000, 0x0000, 0x0000, 0x0000, 0x0000, 0x0000, 0x0000, 0x0000, 0x0000, 0x0000, 0x0000, 0x0000, 0x0000, 0x0000,
            0x00e9, 0x0041, 0x0042, 0x0043, 0x0044, 0x0045, 0x0046, 0x0047, 0x0048, 0x0049, 0x0000, 0x0000, 0x0000, 0x0000, 0x0000, 0x0000,
            0x00e8, 0x004a, 0x004b, 0x004c, 0x004d, 0x004e, 0x004f, 0x0050, 0x0051, 0x0052, 0x0000, 0x0000, 0x0000, 0x0000, 0x0000, 0x0000,
            0x00e7, 0x0000, 0x0053, 0x0054, 0x0055, 0x0056, 0x0057, 0x0058, 0x0059, 0x005a, 0x0000, 0x0000, 0x0000, 0x0000, 0x0000, 0x0000,
            0x0030, 0x0031, 0x0032, 0x0033, 0x0034, 0x0035, 0x0036, 0x0037, 0x0038, 0x0039, 0x0000, 0x0000, 0x0000, 0x0000, 0x0000, 0x009f,
        ],
        decode_only: &[],
    },
    // ibm275 (8bit-generic, localedata/charmaps/IBM275)
    Table8 {
        names: &[
            b"IBM275//",
            b"CP275//",
            b"CSIBM275//",
            b"EBCDIC-BR//",
        ],
        to_ucs: [
            0x0000, 0x0001, 0x0002, 0x0003, 0x009c, 0x0009, 0x0086, 0x007f, 0x0097, 0x008d, 0x008e, 0x000b, 0x000c, 0x000d, 0x000e, 0x000f,
            0x0010, 0x0011, 0x0012, 0x0013, 0x009d, 0x0085, 0x0008, 0x0087, 0x0018, 0x0019, 0x0092, 0x008f, 0x001c, 0x001d, 0x001e, 0x001f,
            0x0080, 0x0081, 0x0082, 0x0083, 0x0084, 0x000a, 0x0017, 0x001b, 0x0088, 0x0089, 0x008a, 0x008b, 0x008c, 0x0005, 0x0006, 0x0007,
            0x0090, 0x0091, 0x0016, 0x0093, 0x0094, 0x0095, 0x0096, 0x0004, 0x0098, 0x0099, 0x009a, 0x009b, 0x0014, 0x0015, 0x009e, 0x001a,
            0x0020, 0x0000, 0x0000, 0x0000, 0x0000, 0x0000, 0x0000, 0x0000, 0x0000, 0x0000, 0x00c9, 0x002e, 0x003c, 0x0028, 0x002b, 0x0021,
            0x0026, 0x0000, 0x0000, 0x0000, 0x0000, 0x0000, 0x0000, 0x0000, 0x0000, 0x0000, 0x0024, 0x00c7, 0x002a, 0x0029, 0x003b, 0x005e,
            0x002d, 0x002f, 0x0000, 0x0000, 0x0000, 0x0000, 0x0000, 0x0000, 0x0000, 0x0000, 0x00e7, 0x002c, 0x0025, 0x005f, 0x003e, 0x003f,
            0x0000, 0x0000, 0x0000, 0x0000, 0x0000, 0x0000, 0x0000, 0x0000, 0x0000, 0x00e3, 0x003a, 0x00d5, 0x00c3, 0x0027, 0x003d, 0x0022,
            0x0000, 0x0061, 0x0062, 0x0063, 0x0064, 0x0065, 0x0066, 0x0067, 0x0068, 0x0069, 0x0000, 0x0000, 0x0000, 0x0000, 0x0000, 0x0000,
            0x0000, 0x006a, 0x006b, 0x006c, 0x006d, 0x006e, 0x006f, 0x0070, 0x0071, 0x0072, 0x0000, 0x0000, 0x0000, 0x0000, 0x0000, 0x0000,
            0x0000, 0x007e, 0x0073, 0x0074, 0x0075, 0x0076, 0x0077, 0x0078, 0x0079, 0x007a, 0x0000, 0x0000, 0x0000, 0x0000, 0x0000, 0x0000,
            0x0000, 0x0000, 0x0000, 0x0000, 0x0000, 0x0000, 0x0000, 0x0000, 0x0000, 0x0000, 0x0000, 0x0000, 0x0000, 0x0000, 0x0000, 0x0000,
            0x00f5, 0x0041, 0x0042, 0x0043, 0x0044, 0x0045, 0x0046, 0x0047, 0x0048, 0x0049, 0x0000, 0x0000, 0x0000, 0x0000, 0x0000, 0x0000,
            0x00e9, 0x004a, 0x004b, 0x004c, 0x004d, 0x004e, 0x004f, 0x0050, 0x0051, 0x0052, 0x0000, 0x0000, 0x0000, 0x0000, 0x0000, 0x0000,
            0x005c, 0x0000, 0x0053, 0x0054, 0x0055, 0x0056, 0x0057, 0x0058, 0x0059, 0x005a, 0x0000, 0x0000, 0x0000, 0x0000, 0x0000, 0x0000,
            0x0030, 0x0031, 0x0032, 0x0033, 0x0034, 0x0035, 0x0036, 0x0037, 0x0038, 0x0039, 0x0000, 0x0000, 0x0000, 0x0000, 0x0000, 0x009f,
        ],
        decode_only: &[],
    },
    // ibm423 (8bit-generic, localedata/charmaps/IBM423)
    Table8 {
        names: &[
            b"IBM423//",
            b"CP423//",
            b"CSIBM423//",
            b"EBCDIC-CP-GR//",
        ],
        to_ucs: [
            0x0000, 0x0001, 0x0002, 0x0003, 0x009c, 0x0009, 0x0086, 0x007f, 0x0097, 0x008d, 0x008e, 0x000b, 0x000c, 0x000d, 0x000e, 0x000f,
            0x0010, 0x0011, 0x0012, 0x0013, 0x009d, 0x0085, 0x0008, 0x0087, 0x0018, 0x0019, 0x0092, 0x008f, 0x001c, 0x001d, 0x001e, 0x001f,
            0x0080, 0x0081, 0x0082, 0x0083, 0x0084, 0x000a, 0x0017, 0x001b, 0x0088, 0x0089, 0x008a, 0x008b, 0x008c, 0x0005, 0x0006, 0x0007,
            0x0090, 0x0091, 0x0016, 0x0093, 0x0094, 0x0095, 0x0096, 0x0004, 0x0098, 0x0099, 0x009a, 0x009b, 0x0014, 0x0015, 0x009e, 0x001a,
            0x0020, 0x0391, 0x0392, 0x0393, 0x0394, 0x0395, 0x0396, 0x0397, 0x0398, 0x0399, 0x005b, 0x002e, 0x003c, 0x0028, 0x002b, 0x0021,
            0x0026, 0x039a, 0x039b, 0x039c, 0x039d, 0x039e, 0x039f, 0x03a0, 0x03a1, 0x03a3, 0x005d, 0x0024, 0x002a, 0x0029, 0x003b, 0x005e,
            0x002d, 0x002f, 0x03a4, 0x03a5, 0x03a6, 0x03a7, 0x03a8, 0x03a9, 0x0000, 0x0000, 0x0000, 0x002c, 0x0025, 0x005f, 0x003e, 0x003f,
            0x0000, 0x0386, 0x0388, 0x0389, 0x0000, 0x038a, 0x038c, 0x038e, 0x038f, 0x0060, 0x003a, 0x00a3, 0x00a7, 0x0027, 0x003d, 0x0022,
            0x00c4, 0x0061, 0x0062, 0x0063, 0x0064, 0x0065, 0x0066, 0x0067, 0x0068, 0x0069, 0x03b1, 0x03b2, 0x03b3, 0x03b4, 0x03b5, 0x03b6,
            0x00d6, 0x006a, 0x006b, 0x006c, 0x006d, 0x006e, 0x006f, 0x0070, 0x0071, 0x0072, 0x03b7, 0x03b8, 0x03b9, 0x03ba, 0x03bb, 0x03bc,
            0x00dc, 0x00a8, 0x0073, 0x0074, 0x0075, 0x0076, 0x0077, 0x0078, 0x0079, 0x007a, 0x03bd, 0x03be, 0x03bf, 0x03c0, 0x03c1, 0x03c2,
            0x0000, 0x03ac, 0x03ad, 0x03ae, 0x03ca, 0x03af, 0x03cc, 0x03cd, 0x03cb, 0x03ce, 0x03c3, 0x03c4, 0x03c5, 0x03c6, 0x03c7, 0x03c8,
            0x00b8, 0x0041, 0x0042, 0x0043, 0x0044, 0x0045, 0x0046, 0x0047, 0x0048, 0x0049, 0x0000, 0x03c9, 0x00c2, 0x00e0, 0x00e4, 0x00ea,
            0x00b4, 0x004a, 0x004b, 0x004c, 0x004d, 0x004e, 0x004f, 0x0050, 0x0051, 0x0052, 0x00b1, 0x00e9, 0x00e8, 0x00eb, 0x00ee, 0x00ef,
            0x00b0, 0x0000, 0x0053, 0x0054, 0x0055, 0x0056, 0x0057, 0x0058, 0x0059, 0x005a, 0x00bd, 0x00f6, 0x00f4, 0x00fb, 0x00f9, 0x00fc,
            0x0030, 0x0031, 0x0032, 0x0033, 0x0034, 0x0035, 0x0036, 0x0037, 0x0038, 0x0039, 0x00ff, 0x00e7, 0x00c7, 0x0000, 0x0000, 0x009f,
        ],
        decode_only: &[],
    },
    // ibm500 (8bit-generic, localedata/charmaps/IBM500)
    Table8 {
        names: &[
            b"IBM500//",
            b"500//",
            b"500V1//",
            b"CP1084//",
            b"CP500//",
            b"CSIBM500//",
            b"EBCDIC-CP-BE//",
            b"EBCDIC-CP-CH//",
            b"OSF100201F4//",
        ],
        to_ucs: [
            0x0000, 0x0001, 0x0002, 0x0003, 0x009c, 0x0009, 0x0086, 0x007f, 0x0097, 0x008d, 0x008e, 0x000b, 0x000c, 0x000d, 0x000e, 0x000f,
            0x0010, 0x0011, 0x0012, 0x0013, 0x009d, 0x0085, 0x0008, 0x0087, 0x0018, 0x0019, 0x0092, 0x008f, 0x001c, 0x001d, 0x001e, 0x001f,
            0x0080, 0x0081, 0x0082, 0x0083, 0x0084, 0x000a, 0x0017, 0x001b, 0x0088, 0x0089, 0x008a, 0x008b, 0x008c, 0x0005, 0x0006, 0x0007,
            0x0090, 0x0091, 0x0016, 0x0093, 0x0094, 0x0095, 0x0096, 0x0004, 0x0098, 0x0099, 0x009a, 0x009b, 0x0014, 0x0015, 0x009e, 0x001a,
            0x0020, 0x00a0, 0x00e2, 0x00e4, 0x00e0, 0x00e1, 0x00e3, 0x00e5, 0x00e7, 0x00f1, 0x005b, 0x002e, 0x003c, 0x0028, 0x002b, 0x0021,
            0x0026, 0x00e9, 0x00ea, 0x00eb, 0x00e8, 0x00ed, 0x00ee, 0x00ef, 0x00ec, 0x00df, 0x005d, 0x0024, 0x002a, 0x0029, 0x003b, 0x005e,
            0x002d, 0x002f, 0x00c2, 0x00c4, 0x00c0, 0x00c1, 0x00c3, 0x00c5, 0x00c7, 0x00d1, 0x00a6, 0x002c, 0x0025, 0x005f, 0x003e, 0x003f,
            0x00f8, 0x00c9, 0x00ca, 0x00cb, 0x00c8, 0x00cd, 0x00ce, 0x00cf, 0x00cc, 0x0060, 0x003a, 0x0023, 0x0040, 0x0027, 0x003d, 0x0022,
            0x00d8, 0x0061, 0x0062, 0x0063, 0x0064, 0x0065, 0x0066, 0x0067, 0x0068, 0x0069, 0x00ab, 0x00bb, 0x00f0, 0x00fd, 0x00fe, 0x00b1,
            0x00b0, 0x006a, 0x006b, 0x006c, 0x006d, 0x006e, 0x006f, 0x0070, 0x0071, 0x0072, 0x00aa, 0x00ba, 0x00e6, 0x00b8, 0x00c6, 0x00a4,
            0x00b5, 0x007e, 0x0073, 0x0074, 0x0075, 0x0076, 0x0077, 0x0078, 0x0079, 0x007a, 0x00a1, 0x00bf, 0x00d0, 0x00dd, 0x00de, 0x00ae,
            0x00a2, 0x00a3, 0x00a5, 0x00b7, 0x00a9, 0x00a7, 0x00b6, 0x00bc, 0x00bd, 0x00be, 0x00ac, 0x007c, 0x00af, 0x00a8, 0x00b4, 0x00d7,
            0x007b, 0x0041, 0x0042, 0x0043, 0x0044, 0x0045, 0x0046, 0x0047, 0x0048, 0x0049, 0x00ad, 0x00f4, 0x00f6, 0x00f2, 0x00f3, 0x00f5,
            0x007d, 0x004a, 0x004b, 0x004c, 0x004d, 0x004e, 0x004f, 0x0050, 0x0051, 0x0052, 0x00b9, 0x00fb, 0x00fc, 0x00f9, 0x00fa, 0x00ff,
            0x005c, 0x00f7, 0x0053, 0x0054, 0x0055, 0x0056, 0x0057, 0x0058, 0x0059, 0x005a, 0x00b2, 0x00d4, 0x00d6, 0x00d2, 0x00d3, 0x00d5,
            0x0030, 0x0031, 0x0032, 0x0033, 0x0034, 0x0035, 0x0036, 0x0037, 0x0038, 0x0039, 0x00b3, 0x00db, 0x00dc, 0x00d9, 0x00da, 0x009f,
        ],
        decode_only: &[],
    },
    // ibm870 (8bit-generic, localedata/charmaps/IBM870)
    Table8 {
        names: &[
            b"IBM870//",
            b"CP870//",
            b"CSIBM870//",
            b"EBCDIC-CP-ROECE//",
            b"EBCDIC-CP-YU//",
            b"OSF10020366//",
        ],
        to_ucs: [
            0x0000, 0x0001, 0x0002, 0x0003, 0x009c, 0x0009, 0x0086, 0x007f, 0x0097, 0x008d, 0x008e, 0x000b, 0x000c, 0x000d, 0x000e, 0x000f,
            0x0010, 0x0011, 0x0012, 0x0013, 0x009d, 0x0085, 0x0008, 0x0087, 0x0018, 0x0019, 0x0092, 0x008f, 0x001c, 0x001d, 0x001e, 0x001f,
            0x0080, 0x0081, 0x0082, 0x0083, 0x0084, 0x000a, 0x0017, 0x001b, 0x0088, 0x0089, 0x008a, 0x008b, 0x008c, 0x0005, 0x0006, 0x0007,
            0x0090, 0x0091, 0x0016, 0x0093, 0x0094, 0x0095, 0x0096, 0x0004, 0x0098, 0x0099, 0x009a, 0x009b, 0x0014, 0x0015, 0x009e, 0x001a,
            0x0020, 0x00a0, 0x00e2, 0x00e4, 0x0163, 0x00e1, 0x0103, 0x010d, 0x00e7, 0x0107, 0x005b, 0x002e, 0x003c, 0x0028, 0x002b, 0x0021,
            0x0026, 0x00e9, 0x0119, 0x00eb, 0x016f, 0x00ed, 0x00ee, 0x013e, 0x013a, 0x00df, 0x005d, 0x0024, 0x002a, 0x0029, 0x003b, 0x005e,
            0x002d, 0x002f, 0x00c2, 0x00c4, 0x02dd, 0x00c1, 0x0102, 0x010c, 0x00c7, 0x0106, 0x007c, 0x002c, 0x0025, 0x005f, 0x003e, 0x003f,
            0x02c7, 0x00c9, 0x0118, 0x00cb, 0x016e, 0x00cd, 0x00ce, 0x013d, 0x0139, 0x0060, 0x003a, 0x0023, 0x0040, 0x0027, 0x003d, 0x0022,
            0x02d8, 0x0061, 0x0062, 0x0063, 0x0064, 0x0065, 0x0066, 0x0067, 0x0068, 0x0069, 0x015b, 0x0148, 0x0111, 0x00fd, 0x0159, 0x015f,
            0x00b0, 0x006a, 0x006b, 0x006c, 0x006d, 0x006e, 0x006f, 0x0070, 0x0071, 0x0072, 0x0142, 0x0144, 0x0161, 0x00b8, 0x02db, 0x00a4,
            0x0105, 0x007e, 0x0073, 0x0074, 0x0075, 0x0076, 0x0077, 0x0078, 0x0079, 0x007a, 0x015a, 0x0147, 0x0110, 0x00dd, 0x0158, 0x015e,
            0x00b7, 0x0104, 0x017c, 0x0162, 0x017b, 0x00a7, 0x017e, 0x017a, 0x017d, 0x0179, 0x0141, 0x0143, 0x0160, 0x00a8, 0x00b4, 0x00d7,
            0x007b, 0x0041, 0x0042, 0x0043, 0x0044, 0x0045, 0x0046, 0x0047, 0x0048, 0x0049, 0x00ad, 0x00f4, 0x00f6, 0x0155, 0x00f3, 0x0151,
            0x007d, 0x004a, 0x004b, 0x004c, 0x004d, 0x004e, 0x004f, 0x0050, 0x0051, 0x0052, 0x011a, 0x0171, 0x00fc, 0x0165, 0x00fa, 0x011b,
            0x005c, 0x00f7, 0x0053, 0x0054, 0x0055, 0x0056, 0x0057, 0x0058, 0x0059, 0x005a, 0x010f, 0x00d4, 0x00d6, 0x0154, 0x00d3, 0x0150,
            0x0030, 0x0031, 0x0032, 0x0033, 0x0034, 0x0035, 0x0036, 0x0037, 0x0038, 0x0039, 0x010e, 0x0170, 0x00dc, 0x0164, 0x00da, 0x009f,
        ],
        decode_only: &[],
    },
    // ibm871 (8bit-generic, localedata/charmaps/IBM871)
    Table8 {
        names: &[
            b"IBM871//",
            b"CP871//",
            b"CSIBM871//",
            b"EBCDIC-CP-IS//",
            b"OSF10020367//",
        ],
        to_ucs: [
            0x0000, 0x0001, 0x0002, 0x0003, 0x009c, 0x0009, 0x0086, 0x007f, 0x0097, 0x008d, 0x008e, 0x000b, 0x000c, 0x000d, 0x000e, 0x000f,
            0x0010, 0x0011, 0x0012, 0x0013, 0x009d, 0x0085, 0x0008, 0x0087, 0x0018, 0x0019, 0x0092, 0x008f, 0x001c, 0x001d, 0x001e, 0x001f,
            0x0080, 0x0081, 0x0082, 0x0083, 0x0084, 0x000a, 0x0017, 0x001b, 0x0088, 0x0089, 0x008a, 0x008b, 0x008c, 0x0005, 0x0006, 0x0007,
            0x0090, 0x0091, 0x0016, 0x0093, 0x0094, 0x0095, 0x0096, 0x0004, 0x0098, 0x0099, 0x009a, 0x009b, 0x0014, 0x0015, 0x009e, 0x001a,
            0x0020, 0x00a0, 0x00e2, 0x00e4, 0x00e0, 0x00e1, 0x00e3, 0x00e5, 0x00e7, 0x00f1, 0x00fe, 0x002e, 0x003c, 0x0028, 0x002b, 0x0021,
            0x0026, 0x00e9, 0x00ea, 0x00eb, 0x00e8, 0x00ed, 0x00ee, 0x00ef, 0x00ec, 0x00df, 0x00c6, 0x0024, 0x002a, 0x0029, 0x003b, 0x00d6,
            0x002d, 0x002f, 0x00c2, 0x00c4, 0x00c0, 0x00c1, 0x00c3, 0x00c5, 0x00c7, 0x00d1, 0x00a6, 0x002c, 0x0025, 0x005f, 0x003e, 0x003f,
            0x00f8, 0x00c9, 0x00ca, 0x00cb, 0x00c8, 0x00cd, 0x00ce, 0x00cf, 0x00cc, 0x00f0, 0x003a, 0x0023, 0x00d0, 0x0027, 0x003d, 0x0022,
            0x00d8, 0x0061, 0x0062, 0x0063, 0x0064, 0x0065, 0x0066, 0x0067, 0x0068, 0x0069, 0x00ab, 0x00bb, 0x0060, 0x00fd, 0x007b, 0x00b1,
            0x00b0, 0x006a, 0x006b, 0x006c, 0x006d, 0x006e, 0x006f, 0x0070, 0x0071, 0x0072, 0x00aa, 0x00ba, 0x007d, 0x00b8, 0x005d, 0x00a4,
            0x00b5, 0x00f6, 0x0073, 0x0074, 0x0075, 0x0076, 0x0077, 0x0078, 0x0079, 0x007a, 0x00a1, 0x00bf, 0x0040, 0x00dd, 0x005b, 0x00ae,
            0x00a2, 0x00a3, 0x00a5, 0x00b7, 0x00a9, 0x00a7, 0x00b6, 0x00bc, 0x00bd, 0x00be, 0x00ac, 0x007c, 0x00af, 0x00a8, 0x005c, 0x00d7,
            0x00de, 0x0041, 0x0042, 0x0043, 0x0044, 0x0045, 0x0046, 0x0047, 0x0048, 0x0049, 0x00ad, 0x00f4, 0x007e, 0x00f2, 0x00f3, 0x00f5,
            0x00e6, 0x004a, 0x004b, 0x004c, 0x004d, 0x004e, 0x004f, 0x0050, 0x0051, 0x0052, 0x00b9, 0x00fb, 0x00fc, 0x00f9, 0x00fa, 0x00ff,
            0x00b4, 0x00f7, 0x0053, 0x0054, 0x0055, 0x0056, 0x0057, 0x0058, 0x0059, 0x005a, 0x00b2, 0x00d4, 0x005e, 0x00d2, 0x00d3, 0x00d5,
            0x0030, 0x0031, 0x0032, 0x0033, 0x0034, 0x0035, 0x0036, 0x0037, 0x0038, 0x0039, 0x00b3, 0x00db, 0x00dc, 0x00d9, 0x00da, 0x009f,
        ],
        decode_only: &[],
    },
    // ibm891 (8bit-generic, localedata/charmaps/IBM891)
    Table8 {
        names: &[
            b"IBM891//",
            b"CP891//",
            b"CSIBM891//",
            b"OSF1002037B//",
        ],
        to_ucs: [
            0x0000, 0x0001, 0x0002, 0x0003, 0x0004, 0x0005, 0x0006, 0x0007, 0x0008, 0x0009, 0x000a, 0x000b, 0x000c, 0x000d, 0x000e, 0x000f,
            0x0010, 0x0011, 0x0012, 0x0013, 0x0014, 0x0015, 0x0016, 0x0017, 0x0018, 0x0019, 0x001a, 0x001b, 0x001c, 0x001d, 0x001e, 0x001f,
            0x0020, 0x0021, 0x0022, 0x0023, 0x0024, 0x0025, 0x0026, 0x0027, 0x0028, 0x0029, 0x002a, 0x002b, 0x002c, 0x002d, 0x002e, 0x002f,
            0x0030, 0x0031, 0x0032, 0x0033, 0x0034, 0x0035, 0x0036, 0x0037, 0x0038, 0x0039, 0x003a, 0x003b, 0x003c, 0x003d, 0x003e, 0x003f,
            0x0040, 0x0041, 0x0042, 0x0043, 0x0044, 0x0045, 0x0046, 0x0047, 0x0048, 0x0049, 0x004a, 0x004b, 0x004c, 0x004d, 0x004e, 0x004f,
            0x0050, 0x0051, 0x0052, 0x0053, 0x0054, 0x0055, 0x0056, 0x0057, 0x0058, 0x0059, 0x005a, 0x005b, 0x005c, 0x005d, 0x005e, 0x005f,
            0x0060, 0x0061, 0x0062, 0x0063, 0x0064, 0x0065, 0x0066, 0x0067, 0x0068, 0x0069, 0x006a, 0x006b, 0x006c, 0x006d, 0x006e, 0x006f,
            0x0070, 0x0071, 0x0072, 0x0073, 0x0074, 0x0075, 0x0076, 0x0077, 0x0078, 0x0079, 0x007a, 0x007b, 0x007c, 0x007d, 0x007e, 0x007f,
            0x0000, 0x0000, 0x0000, 0x0000, 0x0000, 0x0000, 0x0000, 0x0000, 0x0000, 0x0000, 0x0000, 0x0000, 0x0000, 0x0000, 0x0000, 0x0000,
            0x0000, 0x0000, 0x0000, 0x0000, 0x0000, 0x0000, 0x0000, 0x0000, 0x0000, 0x0000, 0x0000, 0x0000, 0x0000, 0x0000, 0x0000, 0x0000,
            0x0000, 0x0000, 0x0000, 0x0000, 0x0000, 0x0000, 0x0000, 0x0000, 0x0000, 0x0000, 0x0000, 0x0000, 0x0000, 0x0000, 0x0000, 0x0000,
            0x0000, 0x0000, 0x0000, 0x0000, 0x0000, 0x0000, 0x0000, 0x0000, 0x0000, 0x0000, 0x0000, 0x0000, 0x0000, 0x0000, 0x0000, 0x0000,
            0x0000, 0x0000, 0x0000, 0x0000, 0x0000, 0x0000, 0x0000, 0x0000, 0x0000, 0x0000, 0x0000, 0x0000, 0x0000, 0x0000, 0x0000, 0x0000,
            0x0000, 0x0000, 0x0000, 0x0000, 0x0000, 0x0000, 0x0000, 0x0000, 0x0000, 0x0000, 0x0000, 0x0000, 0x0000, 0x0000, 0x0000, 0x0000,
            0x0000, 0x0000, 0x0000, 0x0000, 0x0000, 0x0000, 0x0000, 0x0000, 0x0000, 0x0000, 0x0000, 0x0000, 0x0000, 0x0000, 0x0000, 0x0000,
            0x0000, 0x0000, 0x0000, 0x0000, 0x0000, 0x0000, 0x0000, 0x0000, 0x0000, 0x0000, 0x0000, 0x0000, 0x0000, 0x0000, 0x0000, 0x0000,
        ],
        decode_only: &[],
    },
    // ibm903 (8bit-generic, localedata/charmaps/IBM903)
    Table8 {
        names: &[
            b"IBM903//",
            b"CP903//",
            b"CSIBM903//",
            b"OSF10020387//",
        ],
        to_ucs: [
            0x0000, 0x0001, 0x0002, 0x0003, 0x0004, 0x0005, 0x0006, 0x0007, 0x0008, 0x0009, 0x000a, 0x000b, 0x000c, 0x000d, 0x000e, 0x000f,
            0x0010, 0x0011, 0x0012, 0x0013, 0x0014, 0x0015, 0x0016, 0x0017, 0x0018, 0x0019, 0x001a, 0x001b, 0x001c, 0x001d, 0x001e, 0x001f,
            0x0020, 0x0021, 0x0022, 0x0023, 0x0024, 0x0025, 0x0026, 0x0027, 0x0028, 0x0029, 0x002a, 0x002b, 0x002c, 0x002d, 0x002e, 0x002f,
            0x0030, 0x0031, 0x0032, 0x0033, 0x0034, 0x0035, 0x0036, 0x0037, 0x0038, 0x0039, 0x003a, 0x003b, 0x003c, 0x003d, 0x003e, 0x003f,
            0x0040, 0x0041, 0x0042, 0x0043, 0x0044, 0x0045, 0x0046, 0x0047, 0x0048, 0x0049, 0x004a, 0x004b, 0x004c, 0x004d, 0x004e, 0x004f,
            0x0050, 0x0051, 0x0052, 0x0053, 0x0054, 0x0055, 0x0056, 0x0057, 0x0058, 0x0059, 0x005a, 0x005b, 0x005c, 0x005d, 0x005e, 0x005f,
            0x0060, 0x0061, 0x0062, 0x0063, 0x0064, 0x0065, 0x0066, 0x0067, 0x0068, 0x0069, 0x006a, 0x006b, 0x006c, 0x006d, 0x006e, 0x006f,
            0x0070, 0x0071, 0x0072, 0x0073, 0x0074, 0x0075, 0x0076, 0x0077, 0x0078, 0x0079, 0x007a, 0x007b, 0x007c, 0x007d, 0x007e, 0x007f,
            0x0000, 0x0000, 0x0000, 0x0000, 0x0000, 0x0000, 0x0000, 0x0000, 0x0000, 0x0000, 0x0000, 0x0000, 0x0000, 0x0000, 0x0000, 0x0000,
            0x0000, 0x0000, 0x0000, 0x0000, 0x0000, 0x0000, 0x0000, 0x0000, 0x0000, 0x0000, 0x0000, 0x0000, 0x0000, 0x0000, 0x0000, 0x0000,
            0x0000, 0x0000, 0x0000, 0x0000, 0x0000, 0x0000, 0x0000, 0x0000, 0x0000, 0x0000, 0x0000, 0x0000, 0x0000, 0x0000, 0x0000, 0x0000,
            0x0000, 0x0000, 0x0000, 0x0000, 0x0000, 0x0000, 0x0000, 0x0000, 0x0000, 0x0000, 0x0000, 0x0000, 0x0000, 0x0000, 0x0000, 0x0000,
            0x0000, 0x0000, 0x0000, 0x0000, 0x0000, 0x0000, 0x0000, 0x0000, 0x0000, 0x0000, 0x0000, 0x0000, 0x0000, 0x0000, 0x0000, 0x0000,
            0x0000, 0x0000, 0x0000, 0x0000, 0x0000, 0x0000, 0x0000, 0x0000, 0x0000, 0x0000, 0x0000, 0x0000, 0x0000, 0x0000, 0x0000, 0x0000,
            0x0000, 0x0000, 0x0000, 0x0000, 0x0000, 0x0000, 0x0000, 0x0000, 0x0000, 0x0000, 0x0000, 0x0000, 0x0000, 0x0000, 0x0000, 0x0000,
            0x0000, 0x0000, 0x0000, 0x0000, 0x0000, 0x0000, 0x0000, 0x0000, 0x0000, 0x0000, 0x0000, 0x0000, 0x0000, 0x0000, 0x0000, 0x0000,
        ],
        decode_only: &[],
    },
    // ibm904 (8bit-generic, localedata/charmaps/IBM904)
    Table8 {
        names: &[
            b"IBM904//",
            b"904//",
            b"CP904//",
            b"CSIBM904//",
            b"OSF10020388//",
        ],
        to_ucs: [
            0x0000, 0x0001, 0x0002, 0x0003, 0x0004, 0x0005, 0x0006, 0x0007, 0x0008, 0x0009, 0x000a, 0x000b, 0x000c, 0x000d, 0x000e, 0x000f,
            0x0010, 0x0011, 0x0012, 0x0013, 0x0014, 0x0015, 0x0016, 0x0017, 0x0018, 0x0019, 0x001a, 0x001b, 0x001c, 0x001d, 0x001e, 0x001f,
            0x0020, 0x0021, 0x0022, 0x0023, 0x0024, 0x0025, 0x0026, 0x0027, 0x0028, 0x0029, 0x002a, 0x002b, 0x002c, 0x002d, 0x002e, 0x002f,
            0x0030, 0x0031, 0x0032, 0x0033, 0x0034, 0x0035, 0x0036, 0x0037, 0x0038, 0x0039, 0x003a, 0x003b, 0x003c, 0x003d, 0x003e, 0x003f,
            0x0040, 0x0041, 0x0042, 0x0043, 0x0044, 0x0045, 0x0046, 0x0047, 0x0048, 0x0049, 0x004a, 0x004b, 0x004c, 0x004d, 0x004e, 0x004f,
            0x0050, 0x0051, 0x0052, 0x0053, 0x0054, 0x0055, 0x0056, 0x0057, 0x0058, 0x0059, 0x005a, 0x005b, 0x005c, 0x005d, 0x005e, 0x005f,
            0x0060, 0x0061, 0x0062, 0x0063, 0x0064, 0x0065, 0x0066, 0x0067, 0x0068, 0x0069, 0x006a, 0x006b, 0x006c, 0x006d, 0x006e, 0x006f,
            0x0070, 0x0071, 0x0072, 0x0073, 0x0074, 0x0075, 0x0076, 0x0077, 0x0078, 0x0079, 0x007a, 0x007b, 0x007c, 0x007d, 0x007e, 0x007f,
            0x00a2, 0x0000, 0x0000, 0x0000, 0x0000, 0x0000, 0x0000, 0x0000, 0x0000, 0x0000, 0x0000, 0x0000, 0x0000, 0x0000, 0x0000, 0x0000,
            0x0000, 0x0000, 0x0000, 0x0000, 0x0000, 0x0000, 0x0000, 0x0000, 0x0000, 0x0000, 0x0000, 0x0000, 0x0000, 0x0000, 0x0000, 0x0000,
            0x0000, 0x0000, 0x0000, 0x0000, 0x0000, 0x0000, 0x0000, 0x0000, 0x0000, 0x0000, 0x0000, 0x0000, 0x0000, 0x0000, 0x0000, 0x0000,
            0x0000, 0x0000, 0x0000, 0x0000, 0x0000, 0x0000, 0x0000, 0x0000, 0x0000, 0x0000, 0x0000, 0x0000, 0x0000, 0x0000, 0x0000, 0x0000,
            0x0000, 0x0000, 0x0000, 0x0000, 0x0000, 0x0000, 0x0000, 0x0000, 0x0000, 0x0000, 0x0000, 0x0000, 0x0000, 0x0000, 0x0000, 0x0000,
            0x0000, 0x0000, 0x0000, 0x0000, 0x0000, 0x0000, 0x0000, 0x0000, 0x0000, 0x0000, 0x0000, 0x0000, 0x0000, 0x0000, 0x0000, 0x0000,
            0x0000, 0x0000, 0x0000, 0x0000, 0x0000, 0x0000, 0x0000, 0x0000, 0x0000, 0x0000, 0x0000, 0x0000, 0x0000, 0x0000, 0x0000, 0x0000,
            0x0000, 0x0000, 0x0000, 0x0000, 0x0000, 0x0000, 0x0000, 0x0000, 0x0000, 0x0000, 0x0000, 0x0000, 0x0000, 0x00ac, 0x00a6, 0x0000,
        ],
        decode_only: &[],
    },
    // ibm905 (8bit-generic, localedata/charmaps/IBM905)
    Table8 {
        names: &[
            b"IBM905//",
            b"CP905//",
            b"CSIBM905//",
            b"EBCDIC-CP-TR//",
        ],
        to_ucs: [
            0x0000, 0x0001, 0x0002, 0x0003, 0x009c, 0x0009, 0x0086, 0x007f, 0x0097, 0x008d, 0x008e, 0x000b, 0x000c, 0x000d, 0x000e, 0x000f,
            0x0010, 0x0011, 0x0012, 0x0013, 0x009d, 0x0085, 0x0008, 0x0087, 0x0018, 0x0019, 0x0092, 0x008f, 0x001c, 0x001d, 0x001e, 0x001f,
            0x0080, 0x0081, 0x0082, 0x0083, 0x0084, 0x000a, 0x0017, 0x001b, 0x0088, 0x0089, 0x008a, 0x008b, 0x008c, 0x0005, 0x0006, 0x0007,
            0x0090, 0x0091, 0x0016, 0x0093, 0x0094, 0x0095, 0x0096, 0x0004, 0x0098, 0x0099, 0x009a, 0x009b, 0x0014, 0x0015, 0x009e, 0x001a,
            0x0020, 0x0000, 0x00e2, 0x00e4, 0x00e0, 0x00e1, 0x0000, 0x010b, 0x007b, 0x00f1, 0x00c7, 0x002e, 0x003c, 0x0028, 0x002b, 0x0021,
            0x0026, 0x00e9, 0x00ea, 0x00eb, 0x00e8, 0x00ed, 0x00ee, 0x00ef, 0x00ec, 0x00df, 0x011e, 0x0130, 0x002a, 0x0029, 0x003b, 0x005e,
            0x002d, 0x002f, 0x00c2, 0x00c4, 0x00c0, 0x00c1, 0x0000, 0x010a, 0x005b, 0x00d1, 0x015f, 0x002c, 0x0025, 0x005f, 0x003e, 0x003f,
            0x0000, 0x00c9, 0x00ca, 0x00cb, 0x00c8, 0x00cd, 0x00ce, 0x00cf, 0x00cc, 0x0131, 0x003a, 0x00d6, 0x015e, 0x0027, 0x003d, 0x00dc,
            0x02d8, 0x0061, 0x0062, 0x0063, 0x0064, 0x0065, 0x0066, 0x0067, 0x0068, 0x0069, 0x0127, 0x0109, 0x015d, 0x016d, 0x0000, 0x007c,
            0x00b0, 0x006a, 0x006b, 0x006c, 0x006d, 0x006e, 0x006f, 0x0070, 0x0071, 0x0072, 0x0125, 0x011d, 0x0135, 0x02db, 0x0000, 0x00a4,
            0x00b5, 0x00f6, 0x0073, 0x0074, 0x0075, 0x0076, 0x0077, 0x0078, 0x0079, 0x007a, 0x0126, 0x0108, 0x015c, 0x016c, 0x0000, 0x0040,
            0x00b7, 0x00a3, 0x017c, 0x007d, 0x017b, 0x00a7, 0x005d, 0x0000, 0x00bd, 0x0024, 0x0124, 0x011c, 0x0134, 0x00a8, 0x00b4, 0x00d7,
            0x00e7, 0x0041, 0x0042, 0x0043, 0x0044, 0x0045, 0x0046, 0x0047, 0x0048, 0x0049, 0x00ad, 0x00f4, 0x007e, 0x00f2, 0x00f3, 0x0121,
            0x011f, 0x004a, 0x004b, 0x004c, 0x004d, 0x004e, 0x004f, 0x0050, 0x0051, 0x0052, 0x0060, 0x00fb, 0x005c, 0x00f9, 0x00fa, 0x0000,
            0x00fc, 0x00f7, 0x0053, 0x0054, 0x0055, 0x0056, 0x0057, 0x0058, 0x0059, 0x005a, 0x00b2, 0x00d4, 0x0023, 0x00d2, 0x00d3, 0x0120,
            0x0030, 0x0031, 0x0032, 0x0033, 0x0034, 0x0035, 0x0036, 0x0037, 0x0038, 0x0039, 0x00b3, 0x00db, 0x0022, 0x00d9, 0x00da, 0x009f,
        ],
        decode_only: &[],
    },
    // ibm1047 (8bit-generic, localedata/charmaps/IBM1047)
    Table8 {
        names: &[
            b"IBM1047//",
            b"1047//",
            b"CP1047//",
            b"IBM-1047//",
            b"OSF10020417//",
        ],
        to_ucs: [
            0x0000, 0x0001, 0x0002, 0x0003, 0x009c, 0x0009, 0x0086, 0x007f, 0x0097, 0x008d, 0x008e, 0x000b, 0x000c, 0x000d, 0x000e, 0x000f,
            0x0010, 0x0011, 0x0012, 0x0013, 0x009d, 0x0085, 0x0008, 0x0087, 0x0018, 0x0019, 0x0092, 0x008f, 0x001c, 0x001d, 0x001e, 0x001f,
            0x0080, 0x0081, 0x0082, 0x0083, 0x0084, 0x000a, 0x0017, 0x001b, 0x0088, 0x0089, 0x008a, 0x008b, 0x008c, 0x0005, 0x0006, 0x0007,
            0x0090, 0x0091, 0x0016, 0x0093, 0x0094, 0x0095, 0x0096, 0x0004, 0x0098, 0x0099, 0x009a, 0x009b, 0x0014, 0x0015, 0x009e, 0x001a,
            0x0020, 0x00a0, 0x00e2, 0x00e4, 0x00e0, 0x00e1, 0x00e3, 0x00e5, 0x00e7, 0x00f1, 0x00a2, 0x002e, 0x003c, 0x0028, 0x002b, 0x007c,
            0x0026, 0x00e9, 0x00ea, 0x00eb, 0x00e8, 0x00ed, 0x00ee, 0x00ef, 0x00ec, 0x00df, 0x0021, 0x0024, 0x002a, 0x0029, 0x003b, 0x005e,
            0x002d, 0x002f, 0x00c2, 0x00c4, 0x00c0, 0x00c1, 0x00c3, 0x00c5, 0x00c7, 0x00d1, 0x00a6, 0x002c, 0x0025, 0x005f, 0x003e, 0x003f,
            0x00f8, 0x00c9, 0x00ca, 0x00cb, 0x00c8, 0x00cd, 0x00ce, 0x00cf, 0x00cc, 0x0060, 0x003a, 0x0023, 0x0040, 0x0027, 0x003d, 0x0022,
            0x00d8, 0x0061, 0x0062, 0x0063, 0x0064, 0x0065, 0x0066, 0x0067, 0x0068, 0x0069, 0x00ab, 0x00bb, 0x00f0, 0x00fd, 0x00fe, 0x00b1,
            0x00b0, 0x006a, 0x006b, 0x006c, 0x006d, 0x006e, 0x006f, 0x0070, 0x0071, 0x0072, 0x00aa, 0x00ba, 0x00e6, 0x00b8, 0x00c6, 0x00a4,
            0x00b5, 0x007e, 0x0073, 0x0074, 0x0075, 0x0076, 0x0077, 0x0078, 0x0079, 0x007a, 0x00a1, 0x00bf, 0x00d0, 0x005b, 0x00de, 0x00ae,
            0x00ac, 0x00a3, 0x00a5, 0x00b7, 0x00a9, 0x00a7, 0x00b6, 0x00bc, 0x00bd, 0x00be, 0x00dd, 0x00a8, 0x00af, 0x005d, 0x00b4, 0x00d7,
            0x007b, 0x0041, 0x0042, 0x0043, 0x0044, 0x0045, 0x0046, 0x0047, 0x0048, 0x0049, 0x00ad, 0x00f4, 0x00f6, 0x00f2, 0x00f3, 0x00f5,
            0x007d, 0x004a, 0x004b, 0x004c, 0x004d, 0x004e, 0x004f, 0x0050, 0x0051, 0x0052, 0x00b9, 0x00fb, 0x00fc, 0x00f9, 0x00fa, 0x00ff,
            0x005c, 0x00f7, 0x0053, 0x0054, 0x0055, 0x0056, 0x0057, 0x0058, 0x0059, 0x005a, 0x00b2, 0x00d4, 0x00d6, 0x00d2, 0x00d3, 0x00d5,
            0x0030, 0x0031, 0x0032, 0x0033, 0x0034, 0x0035, 0x0036, 0x0037, 0x0038, 0x0039, 0x00b3, 0x00db, 0x00dc, 0x00d9, 0x00da, 0x009f,
        ],
        decode_only: &[],
    },
    // koi8-r (8bit-gap, localedata/charmaps/KOI8-R)
    Table8 {
        names: &[
            b"KOI8-R//",
            b"CSKOI8R//",
            b"KOI8R//",
        ],
        to_ucs: [
            0x0000, 0x0001, 0x0002, 0x0003, 0x0004, 0x0005, 0x0006, 0x0007, 0x0008, 0x0009, 0x000a, 0x000b, 0x000c, 0x000d, 0x000e, 0x000f,
            0x0010, 0x0011, 0x0012, 0x0013, 0x0014, 0x0015, 0x0016, 0x0017, 0x0018, 0x0019, 0x001a, 0x001b, 0x001c, 0x001d, 0x001e, 0x001f,
            0x0020, 0x0021, 0x0022, 0x0023, 0x0024, 0x0025, 0x0026, 0x0027, 0x0028, 0x0029, 0x002a, 0x002b, 0x002c, 0x002d, 0x002e, 0x002f,
            0x0030, 0x0031, 0x0032, 0x0033, 0x0034, 0x0035, 0x0036, 0x0037, 0x0038, 0x0039, 0x003a, 0x003b, 0x003c, 0x003d, 0x003e, 0x003f,
            0x0040, 0x0041, 0x0042, 0x0043, 0x0044, 0x0045, 0x0046, 0x0047, 0x0048, 0x0049, 0x004a, 0x004b, 0x004c, 0x004d, 0x004e, 0x004f,
            0x0050, 0x0051, 0x0052, 0x0053, 0x0054, 0x0055, 0x0056, 0x0057, 0x0058, 0x0059, 0x005a, 0x005b, 0x005c, 0x005d, 0x005e, 0x005f,
            0x0060, 0x0061, 0x0062, 0x0063, 0x0064, 0x0065, 0x0066, 0x0067, 0x0068, 0x0069, 0x006a, 0x006b, 0x006c, 0x006d, 0x006e, 0x006f,
            0x0070, 0x0071, 0x0072, 0x0073, 0x0074, 0x0075, 0x0076, 0x0077, 0x0078, 0x0079, 0x007a, 0x007b, 0x007c, 0x007d, 0x007e, 0x007f,
            0x2500, 0x2502, 0x250c, 0x2510, 0x2514, 0x2518, 0x251c, 0x2524, 0x252c, 0x2534, 0x253c, 0x2580, 0x2584, 0x2588, 0x258c, 0x2590,
            0x2591, 0x2592, 0x2593, 0x2320, 0x25a0, 0x2219, 0x221a, 0x2248, 0x2264, 0x2265, 0x00a0, 0x2321, 0x00b0, 0x00b2, 0x00b7, 0x00f7,
            0x2550, 0x2551, 0x2552, 0x0451, 0x2553, 0x2554, 0x2555, 0x2556, 0x2557, 0x2558, 0x2559, 0x255a, 0x255b, 0x255c, 0x255d, 0x255e,
            0x255f, 0x2560, 0x2561, 0x0401, 0x2562, 0x2563, 0x2564, 0x2565, 0x2566, 0x2567, 0x2568, 0x2569, 0x256a, 0x256b, 0x256c, 0x00a9,
            0x044e, 0x0430, 0x0431, 0x0446, 0x0434, 0x0435, 0x0444, 0x0433, 0x0445, 0x0438, 0x0439, 0x043a, 0x043b, 0x043c, 0x043d, 0x043e,
            0x043f, 0x044f, 0x0440, 0x0441, 0x0442, 0x0443, 0x0436, 0x0432, 0x044c, 0x044b, 0x0437, 0x0448, 0x044d, 0x0449, 0x0447, 0x044a,
            0x042e, 0x0410, 0x0411, 0x0426, 0x0414, 0x0415, 0x0424, 0x0413, 0x0425, 0x0418, 0x0419, 0x041a, 0x041b, 0x041c, 0x041d, 0x041e,
            0x041f, 0x042f, 0x0420, 0x0421, 0x0422, 0x0423, 0x0416, 0x0412, 0x042c, 0x042b, 0x0417, 0x0428, 0x042d, 0x0429, 0x0427, 0x042a,
        ],
        decode_only: &[],
    },
    // latin-greek (8bit-gap, localedata/charmaps/LATIN-GREEK)
    Table8 {
        names: &[
            b"LATIN-GREEK//",
            b"CSISO19LATINGREEK//",
            b"ISO-IR-19//",
            b"LATINGREEK//",
        ],
        to_ucs: [
            0x0000, 0x0001, 0x0002, 0x0003, 0x0004, 0x0005, 0x0006, 0x0007, 0x0008, 0x0009, 0x000a, 0x000b, 0x000c, 0x000d, 0x000e, 0x000f,
            0x0010, 0x0011, 0x0012, 0x0013, 0x0014, 0x0015, 0x0016, 0x0017, 0x0018, 0x0019, 0x001a, 0x001b, 0x001c, 0x001d, 0x001e, 0x001f,
            0x0020, 0x0021, 0x0022, 0x00a3, 0x0024, 0x0025, 0x0026, 0x0027, 0x0028, 0x0029, 0x002a, 0x002b, 0x002c, 0x002d, 0x002e, 0x002f,
            0x0030, 0x0031, 0x0032, 0x0033, 0x0034, 0x0035, 0x0036, 0x0037, 0x0038, 0x0039, 0x003a, 0x003b, 0x003c, 0x003d, 0x003e, 0x003f,
            0x0040, 0x0041, 0x0042, 0x0043, 0x0044, 0x0045, 0x0046, 0x0047, 0x0048, 0x0049, 0x004a, 0x004b, 0x004c, 0x004d, 0x004e, 0x004f,
            0x0050, 0x0051, 0x0052, 0x0053, 0x0054, 0x0055, 0x0056, 0x0057, 0x0058, 0x0059, 0x005a, 0x005b, 0x005c, 0x005d, 0x005e, 0x005f,
            0x0060, 0x0391, 0x0392, 0x03a8, 0x0394, 0x0395, 0x03a6, 0x0393, 0x0397, 0x0399, 0x039e, 0x039a, 0x039b, 0x039c, 0x039d, 0x039f,
            0x03a0, 0x0000, 0x03a1, 0x03a3, 0x03a4, 0x0398, 0x03a9, 0x00b7, 0x03a7, 0x03a5, 0x0396, 0x007b, 0x007c, 0x007d, 0x00a8, 0x007f,
            0x0000, 0x0000, 0x0000, 0x0000, 0x0000, 0x0000, 0x0000, 0x0000, 0x0000, 0x0000, 0x0000, 0x0000, 0x0000, 0x0000, 0x0000, 0x0000,
            0x0000, 0x0000, 0x0000, 0x0000, 0x0000, 0x0000, 0x0000, 0x0000, 0x0000, 0x0000, 0x0000, 0x0000, 0x0000, 0x0000, 0x0000, 0x0000,
            0x0000, 0x0000, 0x0000, 0x0000, 0x0000, 0x0000, 0x0000, 0x0000, 0x0000, 0x0000, 0x0000, 0x0000, 0x0000, 0x0000, 0x0000, 0x0000,
            0x0000, 0x0000, 0x0000, 0x0000, 0x0000, 0x0000, 0x0000, 0x0000, 0x0000, 0x0000, 0x0000, 0x0000, 0x0000, 0x0000, 0x0000, 0x0000,
            0x0000, 0x0000, 0x0000, 0x0000, 0x0000, 0x0000, 0x0000, 0x0000, 0x0000, 0x0000, 0x0000, 0x0000, 0x0000, 0x0000, 0x0000, 0x0000,
            0x0000, 0x0000, 0x0000, 0x0000, 0x0000, 0x0000, 0x0000, 0x0000, 0x0000, 0x0000, 0x0000, 0x0000, 0x0000, 0x0000, 0x0000, 0x0000,
            0x0000, 0x0000, 0x0000, 0x0000, 0x0000, 0x0000, 0x0000, 0x0000, 0x0000, 0x0000, 0x0000, 0x0000, 0x0000, 0x0000, 0x0000, 0x0000,
            0x0000, 0x0000, 0x0000, 0x0000, 0x0000, 0x0000, 0x0000, 0x0000, 0x0000, 0x0000, 0x0000, 0x0000, 0x0000, 0x0000, 0x0000, 0x0000,
        ],
        decode_only: &[],
    },
    // latin-greek-1 (8bit-gap, localedata/charmaps/LATIN-GREEK-1)
    Table8 {
        names: &[
            b"LATIN-GREEK-1//",
            b"CSISO27LATINGREEK1//",
            b"ISO-IR-27//",
            b"LATINGREEK1//",
        ],
        to_ucs: [
            0x0000, 0x0001, 0x0002, 0x0003, 0x0004, 0x0005, 0x0006, 0x0007, 0x0008, 0x0009, 0x000a, 0x000b, 0x000c, 0x000d, 0x000e, 0x000f,
            0x0010, 0x0011, 0x0012, 0x0013, 0x0014, 0x0015, 0x0016, 0x0017, 0x0018, 0x0019, 0x001a, 0x001b, 0x001c, 0x001d, 0x001e, 0x001f,
            0x0020, 0x039e, 0x0022, 0x0393, 0x00a4, 0x0025, 0x0026, 0x0027, 0x0028, 0x0029, 0x002a, 0x002b, 0x002c, 0x002d, 0x002e, 0x002f,
            0x0030, 0x0031, 0x0032, 0x0033, 0x0034, 0x0035, 0x0036, 0x0037, 0x0038, 0x0039, 0x03a8, 0x003b, 0x003c, 0x003d, 0x003e, 0x03a0,
            0x0394, 0x0041, 0x0042, 0x0043, 0x0044, 0x0045, 0x0046, 0x0047, 0x0048, 0x0049, 0x004a, 0x004b, 0x004c, 0x004d, 0x004e, 0x004f,
            0x0050, 0x0051, 0x0052, 0x0053, 0x0054, 0x0055, 0x0056, 0x0057, 0x0058, 0x0059, 0x005a, 0x03a9, 0x0398, 0x03a6, 0x039b, 0x03a3,
            0x0060, 0x0061, 0x0062, 0x0063, 0x0064, 0x0065, 0x0066, 0x0067, 0x0068, 0x0069, 0x006a, 0x006b, 0x006c, 0x006d, 0x006e, 0x006f,
            0x0070, 0x0071, 0x0072, 0x0073, 0x0074, 0x0075, 0x0076, 0x0077, 0x0078, 0x0079, 0x007a, 0x007b, 0x007c, 0x007d, 0x203e, 0x007f,
            0x0000, 0x0000, 0x0000, 0x0000, 0x0000, 0x0000, 0x0000, 0x0000, 0x0000, 0x0000, 0x0000, 0x0000, 0x0000, 0x0000, 0x0000, 0x0000,
            0x0000, 0x0000, 0x0000, 0x0000, 0x0000, 0x0000, 0x0000, 0x0000, 0x0000, 0x0000, 0x0000, 0x0000, 0x0000, 0x0000, 0x0000, 0x0000,
            0x0000, 0x0000, 0x0000, 0x0000, 0x0000, 0x0000, 0x0000, 0x0000, 0x0000, 0x0000, 0x0000, 0x0000, 0x0000, 0x0000, 0x0000, 0x0000,
            0x0000, 0x0000, 0x0000, 0x0000, 0x0000, 0x0000, 0x0000, 0x0000, 0x0000, 0x0000, 0x0000, 0x0000, 0x0000, 0x0000, 0x0000, 0x0000,
            0x0000, 0x0000, 0x0000, 0x0000, 0x0000, 0x0000, 0x0000, 0x0000, 0x0000, 0x0000, 0x0000, 0x0000, 0x0000, 0x0000, 0x0000, 0x0000,
            0x0000, 0x0000, 0x0000, 0x0000, 0x0000, 0x0000, 0x0000, 0x0000, 0x0000, 0x0000, 0x0000, 0x0000, 0x0000, 0x0000, 0x0000, 0x0000,
            0x0000, 0x0000, 0x0000, 0x0000, 0x0000, 0x0000, 0x0000, 0x0000, 0x0000, 0x0000, 0x0000, 0x0000, 0x0000, 0x0000, 0x0000, 0x0000,
            0x0000, 0x0000, 0x0000, 0x0000, 0x0000, 0x0000, 0x0000, 0x0000, 0x0000, 0x0000, 0x0000, 0x0000, 0x0000, 0x0000, 0x0000, 0x0000,
        ],
        decode_only: &[],
    },
    // ibm256 (8bit-gap, localedata/charmaps/IBM256)
    Table8 {
        names: &[
            b"IBM256//",
            b"EBCDIC-INT1//",
        ],
        to_ucs: [
            0x0000, 0x0001, 0x0002, 0x0003, 0x009c, 0x0009, 0x0086, 0x007f, 0x0097, 0x008d, 0x008e, 0x000b, 0x000c, 0x000d, 0x000e, 0x000f,
            0x0010, 0x0011, 0x0012, 0x0013, 0x009d, 0x0085, 0x0008, 0x0087, 0x0018, 0x0019, 0x0092, 0x008f, 0x001c, 0x001d, 0x001e, 0x001f,
            0x0080, 0x0081, 0x0082, 0x0083, 0x0084, 0x000a, 0x0017, 0x001b, 0x0088, 0x0089, 0x008a, 0x008b, 0x008c, 0x0005, 0x0006, 0x0007,
            0x0090, 0x0091, 0x0016, 0x0093, 0x0094, 0x0095, 0x0096, 0x0004, 0x0098, 0x0099, 0x009a, 0x009b, 0x0014, 0x0015, 0x009e, 0x001a,
            0x0020, 0x00a0, 0x00e2, 0x00e4, 0x00e0, 0x00e1, 0x00e3, 0x00e5, 0x00e7, 0x00f1, 0x005b, 0x002e, 0x003c, 0x0028, 0x002b, 0x0021,
            0x0026, 0x00e9, 0x00ea, 0x00eb, 0x00e8, 0x00ed, 0x00ee, 0x00ef, 0x00ec, 0x00df, 0x005d, 0x0024, 0x002a, 0x0029, 0x003b, 0x005e,
            0x002d, 0x002f, 0x00c2, 0x00c4, 0x00c0, 0x00c1, 0x00c3, 0x00c5, 0x00c7, 0x00d1, 0x00a6, 0x002c, 0x0025, 0x005f, 0x003e, 0x003f,
            0x00f8, 0x00c9, 0x00ca, 0x00cb, 0x00c8, 0x00cd, 0x00ce, 0x00cf, 0x00cc, 0x0060, 0x003a, 0x0023, 0x0040, 0x0027, 0x003d, 0x0022,
            0x00d8, 0x0061, 0x0062, 0x0063, 0x0064, 0x0065, 0x0066, 0x0067, 0x0068, 0x0069, 0x00ab, 0x00bb, 0x00f0, 0x00fd, 0x00fe, 0x00b1,
            0x00b0, 0x006a, 0x006b, 0x006c, 0x006d, 0x006e, 0x006f, 0x0070, 0x0071, 0x0072, 0x00aa, 0x00ba, 0x00e6, 0x00b8, 0x00c6, 0x00a4,
            0x00b5, 0x007e, 0x0073, 0x0074, 0x0075, 0x0076, 0x0077, 0x0078, 0x0079, 0x007a, 0x00a1, 0x00bf, 0x00d0, 0x00dd, 0x00de, 0x00ae,
            0x00a2, 0x00a3, 0x00a5, 0x20a7, 0x0192, 0x00a7, 0x00b6, 0x00bc, 0x00bd, 0x00be, 0x00ac, 0x007c, 0x00af, 0x00a8, 0x00b4, 0x2017,
            0x007b, 0x0041, 0x0042, 0x0043, 0x0044, 0x0045, 0x0046, 0x0047, 0x0048, 0x0049, 0x00ad, 0x00f4, 0x00f6, 0x00f2, 0x00f3, 0x00f5,
            0x007d, 0x004a, 0x004b, 0x004c, 0x004d, 0x004e, 0x004f, 0x0050, 0x0051, 0x0052, 0x00b9, 0x00fb, 0x00fc, 0x00f9, 0x00fa, 0x00ff,
            0x005c, 0x2003, 0x0053, 0x0054, 0x0055, 0x0056, 0x0057, 0x0058, 0x0059, 0x005a, 0x00b2, 0x00d4, 0x00d6, 0x00d2, 0x00d3, 0x00d5,
            0x0030, 0x0031, 0x0032, 0x0033, 0x0034, 0x0035, 0x0036, 0x0037, 0x0038, 0x0039, 0x00b3, 0x00db, 0x00dc, 0x00d9, 0x00da, 0x009f,
        ],
        decode_only: &[],
    },
    // ibm273 (8bit-gap, localedata/charmaps/IBM273)
    Table8 {
        names: &[
            b"IBM273//",
            b"CP273//",
            b"CSIBM273//",
            b"OSF10020111//",
        ],
        to_ucs: [
            0x0000, 0x0001, 0x0002, 0x0003, 0x009c, 0x0009, 0x0086, 0x007f, 0x0097, 0x008d, 0x008e, 0x000b, 0x000c, 0x000d, 0x000e, 0x000f,
            0x0010, 0x0011, 0x0012, 0x0013, 0x009d, 0x0085, 0x0008, 0x0087, 0x0018, 0x0019, 0x0092, 0x008f, 0x001c, 0x001d, 0x001e, 0x001f,
            0x0080, 0x0081, 0x0082, 0x0083, 0x0084, 0x000a, 0x0017, 0x001b, 0x0088, 0x0089, 0x008a, 0x008b, 0x008c, 0x0005, 0x0006, 0x0007,
            0x0090, 0x0091, 0x0016, 0x0093, 0x0094, 0x0095, 0x0096, 0x0004, 0x0098, 0x0099, 0x009a, 0x009b, 0x0014, 0x0015, 0x009e, 0x001a,
            0x0020, 0x00a0, 0x00e2, 0x007b, 0x00e0, 0x00e1, 0x00e3, 0x00e5, 0x00e7, 0x00f1, 0x00c4, 0x002e, 0x003c, 0x0028, 0x002b, 0x0021,
            0x0026, 0x00e9, 0x00ea, 0x00eb, 0x00e8, 0x00ed, 0x00ee, 0x00ef, 0x00ec, 0x007e, 0x00dc, 0x0024, 0x002a, 0x0029, 0x003b, 0x005e,
            0x002d, 0x002f, 0x00c2, 0x005b, 0x00c0, 0x00c1, 0x00c3, 0x00c5, 0x00c7, 0x00d1, 0x00f6, 0x002c, 0x0025, 0x005f, 0x003e, 0x003f,
            0x00f8, 0x00c9, 0x00ca, 0x00cb, 0x00c8, 0x00cd, 0x00ce, 0x00cf, 0x00cc, 0x0060, 0x003a, 0x0023, 0x00a7, 0x0027, 0x003d, 0x0022,
            0x00d8, 0x0061, 0x0062, 0x0063, 0x0064, 0x0065, 0x0066, 0x0067, 0x0068, 0x0069, 0x00ab, 0x00bb, 0x00f0, 0x00fd, 0x00fe, 0x00b1,
            0x00b0, 0x006a, 0x006b, 0x006c, 0x006d, 0x006e, 0x006f, 0x0070, 0x0071, 0x0072, 0x00aa, 0x00ba, 0x00e6, 0x00b8, 0x00c6, 0x00a4,
            0x00b5, 0x00df, 0x0073, 0x0074, 0x0075, 0x0076, 0x0077, 0x0078, 0x0079, 0x007a, 0x00a1, 0x00bf, 0x00d0, 0x00dd, 0x00de, 0x00ae,
            0x00a2, 0x00a3, 0x00a5, 0x00b7, 0x00a9, 0x0040, 0x00b6, 0x00bc, 0x00bd, 0x00be, 0x00ac, 0x007c, 0x00af, 0x00a8, 0x00b4, 0x00d7,
            0x00e4, 0x0041, 0x0042, 0x0043, 0x0044, 0x0045, 0x0046, 0x0047, 0x0048, 0x0049, 0x00ad, 0x00f4, 0x00a6, 0x00f2, 0x00f3, 0x00f5,
            0x00fc, 0x004a, 0x004b, 0x004c, 0x004d, 0x004e, 0x004f, 0x0050, 0x0051, 0x0052, 0x00b9, 0x00fb, 0x007d, 0x00f9, 0x00fa, 0x00ff,
            0x00d6, 0x00f7, 0x0053, 0x0054, 0x0055, 0x0056, 0x0057, 0x0058, 0x0059, 0x005a, 0x00b2, 0x00d4, 0x005c, 0x00d2, 0x00d3, 0x00d5,
            0x0030, 0x0031, 0x0032, 0x0033, 0x0034, 0x0035, 0x0036, 0x0037, 0x0038, 0x0039, 0x00b3, 0x00db, 0x005d, 0x00d9, 0x00da, 0x009f,
        ],
        decode_only: &[],
    },
    // ibm277 (8bit-gap, localedata/charmaps/IBM277)
    Table8 {
        names: &[
            b"IBM277//",
            b"CSIBM277//",
            b"EBCDIC-CP-DK//",
            b"EBCDIC-CP-NO//",
            b"OSF10020115//",
        ],
        to_ucs: [
            0x0000, 0x0001, 0x0002, 0x0003, 0x009c, 0x0009, 0x0086, 0x007f, 0x0097, 0x008d, 0x008e, 0x000b, 0x000c, 0x000d, 0x000e, 0x000f,
            0x0010, 0x0011, 0x0012, 0x0013, 0x009d, 0x0085, 0x0008, 0x0087, 0x0018, 0x0019, 0x0092, 0x008f, 0x001c, 0x001d, 0x001e, 0x001f,
            0x0080, 0x0081, 0x0082, 0x0083, 0x0084, 0x000a, 0x0017, 0x001b, 0x0088, 0x0089, 0x008a, 0x008b, 0x008c, 0x0005, 0x0006, 0x0007,
            0x0090, 0x0091, 0x0016, 0x0093, 0x0094, 0x0095, 0x0096, 0x0004, 0x0098, 0x0099, 0x009a, 0x009b, 0x0014, 0x0015, 0x009e, 0x001a,
            0x0020, 0x00a0, 0x00e2, 0x00e4, 0x00e0, 0x00e1, 0x00e3, 0x007d, 0x00e7, 0x00f1, 0x0023, 0x002e, 0x003c, 0x0028, 0x002b, 0x0021,
            0x0026, 0x00e9, 0x00ea, 0x00eb, 0x00e8, 0x00ed, 0x00ee, 0x00ef, 0x00ec, 0x00df, 0x00a4, 0x00c5, 0x002a, 0x0029, 0x003b, 0x005e,
            0x002d, 0x002f, 0x00c2, 0x00c4, 0x00c0, 0x00c1, 0x00c3, 0x0024, 0x00c7, 0x00d1, 0x00f8, 0x002c, 0x0025, 0x005f, 0x003e, 0x003f,
            0x00a6, 0x00c9, 0x00ca, 0x00cb, 0x00c8, 0x00cd, 0x00ce, 0x00cf, 0x00cc, 0x0060, 0x003a, 0x00c6, 0x00d8, 0x0027, 0x003d, 0x0022,
            0x0040, 0x0061, 0x0062, 0x0063, 0x0064, 0x0065, 0x0066, 0x0067, 0x0068, 0x0069, 0x00ab, 0x00bb, 0x00f0, 0x00fd, 0x00fe, 0x00b1,
            0x00b0, 0x006a, 0x006b, 0x006c, 0x006d, 0x006e, 0x006f, 0x0070, 0x0071, 0x0072, 0x00aa, 0x00ba, 0x007b, 0x00b8, 0x005b, 0x005d,
            0x00b5, 0x00fc, 0x0073, 0x0074, 0x0075, 0x0076, 0x0077, 0x0078, 0x0079, 0x007a, 0x00a1, 0x00bf, 0x00d0, 0x00dd, 0x00de, 0x00ae,
            0x00a2, 0x00a3, 0x00a5, 0x00b7, 0x00a9, 0x00a7, 0x00b6, 0x00bc, 0x00bd, 0x00be, 0x00ac, 0x007c, 0x00af, 0x00a8, 0x00b4, 0x00d7,
            0x00e6, 0x0041, 0x0042, 0x0043, 0x0044, 0x0045, 0x0046, 0x0047, 0x0048, 0x0049, 0x00ad, 0x00f4, 0x00f6, 0x00f2, 0x00f3, 0x00f5,
            0x00e5, 0x004a, 0x004b, 0x004c, 0x004d, 0x004e, 0x004f, 0x0050, 0x0051, 0x0052, 0x00b9, 0x00fb, 0x007e, 0x00f9, 0x00fa, 0x00ff,
            0x005c, 0x00f7, 0x0053, 0x0054, 0x0055, 0x0056, 0x0057, 0x0058, 0x0059, 0x005a, 0x00b2, 0x00d4, 0x00d6, 0x00d2, 0x00d3, 0x00d5,
            0x0030, 0x0031, 0x0032, 0x0033, 0x0034, 0x0035, 0x0036, 0x0037, 0x0038, 0x0039, 0x00b3, 0x00db, 0x00dc, 0x00d9, 0x00da, 0x009f,
        ],
        decode_only: &[],
    },
    // ibm278 (8bit-gap, localedata/charmaps/IBM278)
    Table8 {
        names: &[
            b"IBM278//",
            b"CP278//",
            b"CSIBM278//",
            b"EBCDIC-CP-FI//",
            b"EBCDIC-CP-SE//",
            b"OSF10020116//",
        ],
        to_ucs: [
            0x0000, 0x0001, 0x0002, 0x0003, 0x009c, 0x0009, 0x0086, 0x007f, 0x0097, 0x008d, 0x008e, 0x000b, 0x000c, 0x000d, 0x000e, 0x000f,
            0x0010, 0x0011, 0x0012, 0x0013, 0x009d, 0x0085, 0x0008, 0x0087, 0x0018, 0x0019, 0x0092, 0x008f, 0x001c, 0x001d, 0x001e, 0x001f,
            0x0080, 0x0081, 0x0082, 0x0083, 0x0084, 0x000a, 0x0017, 0x001b, 0x0088, 0x0089, 0x008a, 0x008b, 0x008c, 0x0005, 0x0006, 0x0007,
            0x0090, 0x0091, 0x0016, 0x0093, 0x0094, 0x0095, 0x0096, 0x0004, 0x0098, 0x0099, 0x009a, 0x009b, 0x0014, 0x0015, 0x009e, 0x001a,
            0x0020, 0x00a0, 0x00e2, 0x007b, 0x00e0, 0x00e1, 0x00e3, 0x007d, 0x00e7, 0x00f1, 0x00a7, 0x002e, 0x003c, 0x0028, 0x002b, 0x0021,
            0x0026, 0x0060, 0x00ea, 0x00eb, 0x00e8, 0x00ed, 0x00ee, 0x00ef, 0x00ec, 0x00df, 0x00a4, 0x00c5, 0x002a, 0x0029, 0x003b, 0x005e,
            0x002d, 0x002f, 0x00c2, 0x0023, 0x00c0, 0x00c1, 0x00c3, 0x0024, 0x00c7, 0x00d1, 0x00f6, 0x002c, 0x0025, 0x005f, 0x003e, 0x003f,
            0x00f8, 0x00c9, 0x00ca, 0x00cb, 0x00c8, 0x00cd, 0x00ce, 0x00cf, 0x00cc, 0x00e9, 0x003a, 0x00c4, 0x00d6, 0x0027, 0x003d, 0x0022,
            0x00d8, 0x0061, 0x0062, 0x0063, 0x0064, 0x0065, 0x0066, 0x0067, 0x0068, 0x0069, 0x00ab, 0x00bb, 0x00f0, 0x00fd, 0x00fe, 0x00b1,
            0x00b0, 0x006a, 0x006b, 0x006c, 0x006d, 0x006e, 0x006f, 0x0070, 0x0071, 0x0072, 0x00aa, 0x00ba, 0x00e6, 0x00b8, 0x00c6, 0x005d,
            0x00b5, 0x00fc, 0x0073, 0x0074, 0x0075, 0x0076, 0x0077, 0x0078, 0x0079, 0x007a, 0x00a1, 0x00bf, 0x00d0, 0x00dd, 0x00de, 0x00ae,
            0x00a2, 0x00a3, 0x00a5, 0x00b7, 0x00a9, 0x005b, 0x00b6, 0x00bc, 0x00bd, 0x00be, 0x00ac, 0x007c, 0x00af, 0x00a8, 0x00b4, 0x00d7,
            0x00e4, 0x0041, 0x0042, 0x0043, 0x0044, 0x0045, 0x0046, 0x0047, 0x0048, 0x0049, 0x00ad, 0x00f4, 0x00a6, 0x00f2, 0x00f3, 0x00f5,
            0x00e5, 0x004a, 0x004b, 0x004c, 0x004d, 0x004e, 0x004f, 0x0050, 0x0051, 0x0052, 0x00b9, 0x00fb, 0x007e, 0x00f9, 0x00fa, 0x00ff,
            0x005c, 0x00f7, 0x0053, 0x0054, 0x0055, 0x0056, 0x0057, 0x0058, 0x0059, 0x005a, 0x00b2, 0x00d4, 0x0040, 0x00d2, 0x00d3, 0x00d5,
            0x0030, 0x0031, 0x0032, 0x0033, 0x0034, 0x0035, 0x0036, 0x0037, 0x0038, 0x0039, 0x00b3, 0x00db, 0x00dc, 0x00d9, 0x00da, 0x009f,
        ],
        decode_only: &[],
    },
    // ibm280 (8bit-gap, localedata/charmaps/IBM280)
    Table8 {
        names: &[
            b"IBM280//",
            b"CP280//",
            b"CSIBM280//",
            b"EBCDIC-CP-IT//",
            b"OSF10020118//",
        ],
        to_ucs: [
            0x0000, 0x0001, 0x0002, 0x0003, 0x009c, 0x0009, 0x0086, 0x007f, 0x0097, 0x008d, 0x008e, 0x000b, 0x000c, 0x000d, 0x000e, 0x000f,
            0x0010, 0x0011, 0x0012, 0x0013, 0x009d, 0x0085, 0x0008, 0x0087, 0x0018, 0x0019, 0x0092, 0x008f, 0x001c, 0x001d, 0x001e, 0x001f,
            0x0080, 0x0081, 0x0082, 0x0083, 0x0084, 0x000a, 0x0017, 0x001b, 0x0088, 0x0089, 0x008a, 0x008b, 0x008c, 0x0005, 0x0006, 0x0007,
            0x0090, 0x0091, 0x0016, 0x0093, 0x0094, 0x0095, 0x0096, 0x0004, 0x0098, 0x0099, 0x009a, 0x009b, 0x0014, 0x0015, 0x009e, 0x001a,
            0x0020, 0x00a0, 0x00e2, 0x00e4, 0x007b, 0x00e1, 0x00e3, 0x00e5, 0x005c, 0x00f1, 0x00b0, 0x002e, 0x003c, 0x0028, 0x002b, 0x0021,
            0x0026, 0x005d, 0x00ea, 0x00eb, 0x007d, 0x00ed, 0x00ee, 0x00ef, 0x007e, 0x00df, 0x00e9, 0x0024, 0x002a, 0x0029, 0x003b, 0x005e,
            0x002d, 0x002f, 0x00c2, 0x00c4, 0x00c0, 0x00c1, 0x00c3, 0x00c5, 0x00c7, 0x00d1, 0x00f2, 0x002c, 0x0025, 0x005f, 0x003e, 0x003f,
            0x00f8, 0x00c9, 0x00ca, 0x00cb, 0x00c8, 0x00cd, 0x00ce, 0x00cf, 0x00cc, 0x00f9, 0x003a, 0x00a3, 0x00a7, 0x0027, 0x003d, 0x0022,
            0x00d8, 0x0061, 0x0062, 0x0063, 0x0064, 0x0065, 0x0066, 0x0067, 0x0068, 0x0069, 0x00ab, 0x00bb, 0x00f0, 0x00fd, 0x00fe, 0x00b1,
            0x005b, 0x006a, 0x006b, 0x006c, 0x006d, 0x006e, 0x006f, 0x0070, 0x0071, 0x0072, 0x00aa, 0x00ba, 0x00e6, 0x00b8, 0x00c6, 0x00a4,
            0x00b5, 0x00ec, 0x0073, 0x0074, 0x0075, 0x0076, 0x0077, 0x0078, 0x0079, 0x007a, 0x00a1, 0x00bf, 0x00d0, 0x00dd, 0x00de, 0x00ae,
            0x00a2, 0x0023, 0x00a5, 0x00b7, 0x00a9, 0x0040, 0x00b6, 0x00bc, 0x00bd, 0x00be, 0x00ac, 0x007c, 0x00af, 0x00a8, 0x00b4, 0x00d7,
            0x00e0, 0x0041, 0x0042, 0x0043, 0x0044, 0x0045, 0x0046, 0x0047, 0x0048, 0x0049, 0x00ad, 0x00f4, 0x00f6, 0x00a6, 0x00f3, 0x00f5,
            0x00e8, 0x004a, 0x004b, 0x004c, 0x004d, 0x004e, 0x004f, 0x0050, 0x0051, 0x0052, 0x00b9, 0x00fb, 0x00fc, 0x0060, 0x00fa, 0x00ff,
            0x00e7, 0x00f7, 0x0053, 0x0054, 0x0055, 0x0056, 0x0057, 0x0058, 0x0059, 0x005a, 0x00b2, 0x00d4, 0x00d6, 0x00d2, 0x00d3, 0x00d5,
            0x0030, 0x0031, 0x0032, 0x0033, 0x0034, 0x0035, 0x0036, 0x0037, 0x0038, 0x0039, 0x00b3, 0x00db, 0x00dc, 0x00d9, 0x00da, 0x009f,
        ],
        decode_only: &[],
    },
    // ibm281 (8bit-gap, localedata/charmaps/IBM281)
    Table8 {
        names: &[
            b"IBM281//",
            b"CP281//",
            b"CSIBM281//",
            b"EBCDIC-JP-E//",
        ],
        to_ucs: [
            0x0000, 0x0001, 0x0002, 0x0003, 0x009c, 0x0009, 0x0086, 0x007f, 0x0097, 0x008d, 0x008e, 0x000b, 0x000c, 0x000d, 0x000e, 0x000f,
            0x0010, 0x0011, 0x0012, 0x0013, 0x009d, 0x0085, 0x0008, 0x0087, 0x0018, 0x0019, 0x0092, 0x008f, 0x001c, 0x001d, 0x001e, 0x001f,
            0x0080, 0x0081, 0x0082, 0x0083, 0x0084, 0x000a, 0x0017, 0x001b, 0x0088, 0x0089, 0x008a, 0x008b, 0x008c, 0x0005, 0x0006, 0x0007,
            0x0090, 0x0091, 0x0016, 0x0093, 0x0094, 0x0095, 0x0096, 0x0004, 0x0098, 0x0099, 0x009a, 0x009b, 0x0014, 0x0015, 0x009e, 0x001a,
            0x0020, 0x0000, 0x0000, 0x0000, 0x0000, 0x0000, 0x0000, 0x0000, 0x0000, 0x0000, 0x00a3, 0x002e, 0x003c, 0x0028, 0x002b, 0x007c,
            0x0026, 0x0000, 0x0000, 0x0000, 0x0000, 0x0000, 0x0000, 0x0000, 0x0000, 0x0000, 0x0021, 0x00a5, 0x002a, 0x0029, 0x003b, 0x00ac,
            0x002d, 0x002f, 0x0000, 0x0000, 0x0000, 0x0000, 0x0000, 0x0000, 0x0000, 0x0000, 0x00a6, 0x002c, 0x0025, 0x005f, 0x003e, 0x003f,
            0x0000, 0x0000, 0x0000, 0x0000, 0x0000, 0x0000, 0x0000, 0x0000, 0x0000, 0x0060, 0x003a, 0x0023, 0x0040, 0x0027, 0x003d, 0x0022,
            0x0000, 0x0061, 0x0062, 0x0063, 0x0064, 0x0065, 0x0066, 0x0067, 0x0068, 0x0069, 0x0000, 0x0000, 0x0000, 0x0000, 0x0000, 0x0000,
            0x0000, 0x006a, 0x006b, 0x006c, 0x006d, 0x006e, 0x006f, 0x0070, 0x0071, 0x0072, 0x0000, 0x0000, 0x0000, 0x0000, 0x0000, 0x0000,
            0x0000, 0x203e, 0x0073, 0x0074, 0x0075, 0x0076, 0x0077, 0x0078, 0x0079, 0x007a, 0x0000, 0x0000, 0x0000, 0x0000, 0x0000, 0x0000,
            0x0000, 0x0000, 0x0000, 0x0000, 0x0000, 0x0000, 0x0000, 0x0000, 0x0000, 0x0000, 0x0000, 0x0000, 0x0000, 0x0000, 0x0000, 0x0000,
            0x007b, 0x0041, 0x0042, 0x0043, 0x0044, 0x0045, 0x0046, 0x0047, 0x0048, 0x0049, 0x0000, 0x0000, 0x0000, 0x0000, 0x0000, 0x0000,
            0x007d, 0x004a, 0x004b, 0x004c, 0x004d, 0x004e, 0x004f, 0x0050, 0x0051, 0x0052, 0x0000, 0x0000, 0x0000, 0x0000, 0x0000, 0x0000,
            0x0024, 0x0000, 0x0053, 0x0054, 0x0055, 0x0056, 0x0057, 0x0058, 0x0059, 0x005a, 0x0000, 0x0000, 0x0000, 0x0000, 0x0000, 0x0000,
            0x0030, 0x0031, 0x0032, 0x0033, 0x0034, 0x0035, 0x0036, 0x0037, 0x0038, 0x0039, 0x0000, 0x0000, 0x0000, 0x0000, 0x0000, 0x009f,
        ],
        decode_only: &[],
    },
    // ibm284 (8bit-gap, localedata/charmaps/IBM284)
    Table8 {
        names: &[
            b"IBM284//",
            b"CP1079//",
            b"CP284//",
            b"CSIBM284//",
            b"EBCDIC-CP-ES//",
            b"OSF1002011C//",
        ],
        to_ucs: [
            0x0000, 0x0001, 0x0002, 0x0003, 0x009c, 0x0009, 0x0086, 0x007f, 0x0097, 0x008d, 0x008e, 0x000b, 0x000c, 0x000d, 0x000e, 0x000f,
            0x0010, 0x0011, 0x0012, 0x0013, 0x009d, 0x0085, 0x0008, 0x0087, 0x0018, 0x0019, 0x0092, 0x008f, 0x001c, 0x001d, 0x001e, 0x001f,
            0x0080, 0x0081, 0x0082, 0x0083, 0x0084, 0x000a, 0x0017, 0x001b, 0x0088, 0x0089, 0x008a, 0x008b, 0x008c, 0x0005, 0x0006, 0x0007,
            0x0090, 0x0091, 0x0016, 0x0093, 0x0094, 0x0095, 0x0096, 0x0004, 0x0098, 0x0099, 0x009a, 0x009b, 0x0014, 0x0015, 0x009e, 0x001a,
            0x0020, 0x00a0, 0x00e2, 0x00e4, 0x00e0, 0x00e1, 0x00e3, 0x00e5, 0x00e7, 0x00a6, 0x005b, 0x002e, 0x003c, 0x0028, 0x002b, 0x007c,
            0x0026, 0x00e9, 0x00ea, 0x00eb, 0x00e8, 0x00ed, 0x00ee, 0x00ef, 0x00ec, 0x00df, 0x005d, 0x0024, 0x002a, 0x0029, 0x003b, 0x00ac,
            0x002d, 0x002f, 0x00c2, 0x00c4, 0x00c0, 0x00c1, 0x00c3, 0x00c5, 0x00c7, 0x0023, 0x00f1, 0x002c, 0x0025, 0x005f, 0x003e, 0x003f,
            0x00f8, 0x00c9, 0x00ca, 0x00cb, 0x00c8, 0x00cd, 0x00ce, 0x00cf, 0x00cc, 0x0060, 0x003a, 0x00d1, 0x0040, 0x0027, 0x003d, 0x0022,
            0x00d8, 0x0061, 0x0062, 0x0063, 0x0064, 0x0065, 0x0066, 0x0067, 0x0068, 0x0069, 0x00ab, 0x00bb, 0x00f0, 0x00fd, 0x00fe, 0x00b1,
            0x00b0, 0x006a, 0x006b, 0x006c, 0x006d, 0x006e, 0x006f, 0x0070, 0x0071, 0x0072, 0x00aa, 0x00ba, 0x00e6, 0x00b8, 0x00c6, 0x00a4,
            0x00b5, 0x00a8, 0x0073, 0x0074, 0x0075, 0x0076, 0x0077, 0x0078, 0x0079, 0x007a, 0x00a1, 0x00bf, 0x00d0, 0x00dd, 0x00de, 0x00ae,
            0x00a2, 0x00a3, 0x00a5, 0x00b7, 0x00a9, 0x00a7, 0x00b6, 0x00bc, 0x00bd, 0x00be, 0x005e, 0x0021, 0x00af, 0x007e, 0x00b4, 0x00d7,
            0x007b, 0x0041, 0x0042, 0x0043, 0x0044, 0x0045, 0x0046, 0x0047, 0x0048, 0x0049, 0x00ad, 0x00f4, 0x00f6, 0x00f2, 0x00f3, 0x00f5,
            0x007d, 0x004a, 0x004b, 0x004c, 0x004d, 0x004e, 0x004f, 0x0050, 0x0051, 0x0052, 0x00b9, 0x00fb, 0x00fc, 0x00f9, 0x00fa, 0x00ff,
            0x005c, 0x00f7, 0x0053, 0x0054, 0x0055, 0x0056, 0x0057, 0x0058, 0x0059, 0x005a, 0x00b2, 0x00d4, 0x00d6, 0x00d2, 0x00d3, 0x00d5,
            0x0030, 0x0031, 0x0032, 0x0033, 0x0034, 0x0035, 0x0036, 0x0037, 0x0038, 0x0039, 0x00b3, 0x00db, 0x00dc, 0x00d9, 0x00da, 0x009f,
        ],
        decode_only: &[],
    },
    // ibm285 (8bit-gap, localedata/charmaps/IBM285)
    Table8 {
        names: &[
            b"IBM285//",
            b"CP285//",
            b"CSIBM285//",
            b"EBCDIC-CP-GB//",
            b"OSF1002011D//",
        ],
        to_ucs: [
            0x0000, 0x0001, 0x0002, 0x0003, 0x009c, 0x0009, 0x0086, 0x007f, 0x0097, 0x008d, 0x008e, 0x000b, 0x000c, 0x000d, 0x000e, 0x000f,
            0x0010, 0x0011, 0x0012, 0x0013, 0x009d, 0x0085, 0x0008, 0x0087, 0x0018, 0x0019, 0x0092, 0x008f, 0x001c, 0x001d, 0x001e, 0x001f,
            0x0080, 0x0081, 0x0082, 0x0083, 0x0084, 0x000a, 0x0017, 0x001b, 0x0088, 0x0089, 0x008a, 0x008b, 0x008c, 0x0005, 0x0006, 0x0007,
            0x0090, 0x0091, 0x0016, 0x0093, 0x0094, 0x0095, 0x0096, 0x0004, 0x0098, 0x0099, 0x009a, 0x009b, 0x0014, 0x0015, 0x009e, 0x001a,
            0x0020, 0x00a0, 0x00e2, 0x00e4, 0x00e0, 0x00e1, 0x00e3, 0x00e5, 0x00e7, 0x00f1, 0x0024, 0x002e, 0x003c, 0x0028, 0x002b, 0x007c,
            0x0026, 0x00e9, 0x00ea, 0x00eb, 0x00e8, 0x00ed, 0x00ee, 0x00ef, 0x00ec, 0x00df, 0x0021, 0x00a3, 0x002a, 0x0029, 0x003b, 0x00ac,
            0x002d, 0x002f, 0x00c2, 0x00c4, 0x00c0, 0x00c1, 0x00c3, 0x00c5, 0x00c7, 0x00d1, 0x00a6, 0x002c, 0x0025, 0x005f, 0x003e, 0x003f,
            0x00f8, 0x00c9, 0x00ca, 0x00cb, 0x00c8, 0x00cd, 0x00ce, 0x00cf, 0x00cc, 0x0060, 0x003a, 0x0023, 0x0040, 0x0027, 0x003d, 0x0022,
            0x00d8, 0x0061, 0x0062, 0x0063, 0x0064, 0x0065, 0x0066, 0x0067, 0x0068, 0x0069, 0x00ab, 0x00bb, 0x00f0, 0x00fd, 0x00fe, 0x00b1,
            0x00b0, 0x006a, 0x006b, 0x006c, 0x006d, 0x006e, 0x006f, 0x0070, 0x0071, 0x0072, 0x00aa, 0x00ba, 0x00e6, 0x00b8, 0x00c6, 0x00a4,
            0x00b5, 0x203e, 0x0073, 0x0074, 0x0075, 0x0076, 0x0077, 0x0078, 0x0079, 0x007a, 0x00a1, 0x00bf, 0x00d0, 0x00dd, 0x00de, 0x00ae,
            0x00a2, 0x005b, 0x00a5, 0x00b7, 0x00a9, 0x00a7, 0x00b6, 0x00bc, 0x00bd, 0x00be, 0x005e, 0x005d, 0x007e, 0x00a8, 0x00b4, 0x00d7,
            0x007b, 0x0041, 0x0042, 0x0043, 0x0044, 0x0045, 0x0046, 0x0047, 0x0048, 0x0049, 0x00ad, 0x00f4, 0x00f6, 0x00f2, 0x00f3, 0x00f5,
            0x007d, 0x004a, 0x004b, 0x004c, 0x004d, 0x004e, 0x004f, 0x0050, 0x0051, 0x0052, 0x00b9, 0x00fb, 0x00fc, 0x00f9, 0x00fa, 0x00ff,
            0x005c, 0x00f7, 0x0053, 0x0054, 0x0055, 0x0056, 0x0057, 0x0058, 0x0059, 0x005a, 0x00b2, 0x00d4, 0x00d6, 0x00d2, 0x00d3, 0x00d5,
            0x0030, 0x0031, 0x0032, 0x0033, 0x0034, 0x0035, 0x0036, 0x0037, 0x0038, 0x0039, 0x00b3, 0x00db, 0x00dc, 0x00d9, 0x00da, 0x009f,
        ],
        decode_only: &[],
    },
    // ibm290 (8bit-gap, localedata/charmaps/IBM290)
    Table8 {
        names: &[
            b"IBM290//",
            b"CP290//",
            b"CSIBM290//",
            b"EBCDIC-JP-KANA//",
            b"OSF10020122//",
        ],
        to_ucs: [
            0x0000, 0x0001, 0x0002, 0x0003, 0x009c, 0x0009, 0x0086, 0x007f, 0x0097, 0x008d, 0x008e, 0x000b, 0x000c, 0x000d, 0x000e, 0x000f,
            0x0010, 0x0011, 0x0012, 0x0013, 0x009d, 0x0085, 0x0008, 0x0087, 0x0018, 0x0019, 0x0092, 0x008f, 0x001c, 0x001d, 0x001e, 0x001f,
            0x0080, 0x0081, 0x0082, 0x0083, 0x0084, 0x000a, 0x0017, 0x001b, 0x0088, 0x0089, 0x008a, 0x008b, 0x008c, 0x0005, 0x0006, 0x0007,
            0x0090, 0x0091, 0x0016, 0x0093, 0x0094, 0x0095, 0x0096, 0x0004, 0x0098, 0x0099, 0x009a, 0x009b, 0x0014, 0x0015, 0x009e, 0x001a,
            0x0020, 0x3002, 0x300c, 0x300d, 0x3001, 0x30fb, 0x30f2, 0x30a1, 0x30a3, 0x30a5, 0x00a3, 0x002e, 0x003c, 0x0028, 0x002b, 0x007c,
            0x0026, 0x30a7, 0x30a9, 0x30e3, 0x30e5, 0x30e7, 0x30c3, 0x0000, 0x30fc, 0x0000, 0x0021, 0x00a5, 0x002a, 0x0029, 0x003b, 0x00ac,
            0x002d, 0x002f, 0x0000, 0x0000, 0x0000, 0x0000, 0x0000, 0x0000, 0x0000, 0x0000, 0x00a6, 0x002c, 0x0025, 0x005f, 0x003e, 0x003f,
            0x0000, 0x0000, 0x0000, 0x0000, 0x0000, 0x0000, 0x0000, 0x0000, 0x0000, 0x0060, 0x003a, 0x0023, 0x0040, 0x0027, 0x003d, 0x0022,
            0x0000, 0x30a2, 0x30a4, 0x30a6, 0x30a8, 0x30aa, 0x30ab, 0x30ad, 0x30af, 0x30b1, 0x30b3, 0x0000, 0x30b5, 0x30b7, 0x30b9, 0x30bb,
            0x30bd, 0x30bf, 0x30c1, 0x30c4, 0x30c6, 0x30c8, 0x30ca, 0x30cb, 0x30cc, 0x30cd, 0x30ce, 0x0000, 0x0000, 0x30cf, 0x30d2, 0x30d5,
            0x0000, 0x203e, 0x30d8, 0x30db, 0x30de, 0x30df, 0x30e0, 0x30e1, 0x30e2, 0x30e4, 0x30e6, 0x0000, 0x30e8, 0x30e9, 0x30ea, 0x30eb,
            0x0000, 0x0000, 0x0000, 0x0000, 0x0000, 0x0000, 0x0000, 0x0000, 0x0000, 0x0000, 0x30ec, 0x30ed, 0x30ef, 0x30f3, 0x309b, 0x309c,
            0x0000, 0x0041, 0x0042, 0x0043, 0x0044, 0x0045, 0x0046, 0x0047, 0x0048, 0x0049, 0x0000, 0x0000, 0x0000, 0x0000, 0x0000, 0x0000,
            0x0000, 0x004a, 0x004b, 0x004c, 0x004d, 0x004e, 0x004f, 0x0050, 0x0051, 0x0052, 0x0000, 0x0000, 0x0000, 0x0000, 0x0000, 0x0000,
            0x0024, 0x0000, 0x0053, 0x0054, 0x0055, 0x0056, 0x0057, 0x0058, 0x0059, 0x005a, 0x0000, 0x0000, 0x0000, 0x0000, 0x0000, 0x0000,
            0x0030, 0x0031, 0x0032, 0x0033, 0x0034, 0x0035, 0x0036, 0x0037, 0x0038, 0x0039, 0x0000, 0x0000, 0x0000, 0x0000, 0x0000, 0x009f,
        ],
        decode_only: &[],
    },
    // ibm297 (8bit-gap, localedata/charmaps/IBM297)
    Table8 {
        names: &[
            b"IBM297//",
            b"CP1081//",
            b"CP297//",
            b"CSIBM297//",
            b"EBCDIC-CP-FR//",
            b"OSF10020129//",
        ],
        to_ucs: [
            0x0000, 0x0001, 0x0002, 0x0003, 0x009c, 0x0009, 0x0086, 0x007f, 0x0097, 0x008d, 0x008e, 0x000b, 0x000c, 0x000d, 0x000e, 0x000f,
            0x0010, 0x0011, 0x0012, 0x0013, 0x009d, 0x0085, 0x0008, 0x0087, 0x0018, 0x0019, 0x0092, 0x008f, 0x001c, 0x001d, 0x001e, 0x001f,
            0x0080, 0x0081, 0x0082, 0x0083, 0x0084, 0x000a, 0x0017, 0x001b, 0x0088, 0x0089, 0x008a, 0x008b, 0x008c, 0x0005, 0x0006, 0x0007,
            0x0090, 0x0091, 0x0016, 0x0093, 0x0094, 0x0095, 0x0096, 0x0004, 0x0098, 0x0099, 0x009a, 0x009b, 0x0014, 0x0015, 0x009e, 0x001a,
            0x0020, 0x00a0, 0x00e2, 0x00e4, 0x0040, 0x00e1, 0x00e3, 0x00e5, 0x005c, 0x00f1, 0x00b0, 0x002e, 0x003c, 0x0028, 0x002b, 0x0021,
            0x0026, 0x007b, 0x00ea, 0x00eb, 0x007d, 0x00ed, 0x00ee, 0x00ef, 0x00ec, 0x00df, 0x00a7, 0x0024, 0x002a, 0x0029, 0x003b, 0x005e,
            0x002d, 0x002f, 0x00c2, 0x00c4, 0x00c0, 0x00c1, 0x00c3, 0x00c5, 0x00c7, 0x00d1, 0x00f9, 0x002c, 0x0025, 0x005f, 0x003e, 0x003f,
            0x00f8, 0x00c9, 0x00ca, 0x00cb, 0x00c8, 0x00cd, 0x00ce, 0x00cf, 0x00cc, 0x00b5, 0x003a, 0x00a3, 0x00e0, 0x0027, 0x003d, 0x0022,
            0x00d8, 0x0061, 0x0062, 0x0063, 0x0064, 0x0065, 0x0066, 0x0067, 0x0068, 0x0069, 0x00ab, 0x00bb, 0x00f0, 0x00fd, 0x00fe, 0x00b1,
            0x005b, 0x006a, 0x006b, 0x006c, 0x006d, 0x006e, 0x006f, 0x0070, 0x0071, 0x0072, 0x00aa, 0x00ba, 0x00e6, 0x00b8, 0x00c6, 0x00a4,
            0x0060, 0x00a8, 0x0073, 0x0074, 0x0075, 0x0076, 0x0077, 0x0078, 0x0079, 0x007a, 0x00a1, 0x00bf, 0x00d0, 0x00dd, 0x00de, 0x00ae,
            0x00a2, 0x0023, 0x00a5, 0x00b7, 0x00a9, 0x005d, 0x00b6, 0x00bc, 0x00bd, 0x00be, 0x00ac, 0x007c, 0x00af, 0x007e, 0x00b4, 0x00d7,
            0x00e9, 0x0041, 0x0042, 0x0043, 0x0044, 0x0045, 0x0046, 0x0047, 0x0048, 0x0049, 0x00ad, 0x00f4, 0x00f6, 0x00f2, 0x00f3, 0x00f5,
            0x00e8, 0x004a, 0x004b, 0x004c, 0x004d, 0x004e, 0x004f, 0x0050, 0x0051, 0x0052, 0x00b9, 0x00fb, 0x00fc, 0x00a6, 0x00fa, 0x00ff,
            0x00e7, 0x00f7, 0x0053, 0x0054, 0x0055, 0x0056, 0x0057, 0x0058, 0x0059, 0x005a, 0x00b2, 0x00d4, 0x00d6, 0x00d2, 0x00d3, 0x00d5,
            0x0030, 0x0031, 0x0032, 0x0033, 0x0034, 0x0035, 0x0036, 0x0037, 0x0038, 0x0039, 0x00b3, 0x00db, 0x00dc, 0x00d9, 0x00da, 0x009f,
        ],
        decode_only: &[],
    },
    // ibm420 (8bit-gap, localedata/charmaps/IBM420)
    Table8 {
        names: &[
            b"IBM420//",
            b"CP420//",
            b"CSIBM420//",
            b"EBCDIC-CP-AR1//",
            b"OSF100201A4//",
        ],
        to_ucs: [
            0x0000, 0x0001, 0x0002, 0x0003, 0x009c, 0x0009, 0x0086, 0x007f, 0x0097, 0x008d, 0x008e, 0x000b, 0x000c, 0x000d, 0x000e, 0x000f,
            0x0010, 0x0011, 0x0012, 0x0013, 0x009d, 0x0085, 0x0008, 0x0087, 0x0018, 0x0019, 0x0092, 0x008f, 0x001c, 0x001d, 0x001e, 0x001f,
            0x0080, 0x0081, 0x0082, 0x0083, 0x0084, 0x000a, 0x0017, 0x001b, 0x0088, 0x0089, 0x008a, 0x008b, 0x008c, 0x0005, 0x0006, 0x0007,
            0x0090, 0x0091, 0x0016, 0x0093, 0x0094, 0x0095, 0x0096, 0x0004, 0x0098, 0x0099, 0x009a, 0x009b, 0x0014, 0x0015, 0x009e, 0x001a,
            0x0020, 0x00a0, 0x0651, 0xfe7d, 0x0640, 0x0000, 0x0621, 0x0622, 0xfe82, 0x0623, 0x00a2, 0x002e, 0x003c, 0x0028, 0x002b, 0x007c,
            0x0026, 0xfe84, 0x0624, 0x0000, 0x0000, 0x0626, 0x0627, 0xfe8e, 0x0628, 0xfe91, 0x0021, 0x0024, 0x002a, 0x0029, 0x003b, 0x00ac,
            0x002d, 0x002f, 0x0629, 0x062a, 0xfe97, 0x062b, 0xfe9b, 0x062c, 0xfe9f, 0x062d, 0x00a6, 0x002c, 0x0025, 0x005f, 0x003e, 0x003f,
            0xfea3, 0x062e, 0xfea7, 0x062f, 0x0630, 0x0631, 0x0632, 0x0633, 0xfeb3, 0x060c, 0x003a, 0x0023, 0x0040, 0x0027, 0x003d, 0x0022,
            0x0634, 0x0061, 0x0062, 0x0063, 0x0064, 0x0065, 0x0066, 0x0067, 0x0068, 0x0069, 0xfeb7, 0x0635, 0xfebb, 0x0636, 0xfebf, 0x0637,
            0x0638, 0x006a, 0x006b, 0x006c, 0x006d, 0x006e, 0x006f, 0x0070, 0x0071, 0x0072, 0x0639, 0xfeca, 0xfecb, 0xfecc, 0x063a, 0xfece,
            0xfecf, 0x00f7, 0x0073, 0x0074, 0x0075, 0x0076, 0x0077, 0x0078, 0x0079, 0x007a, 0xfed0, 0x0641, 0xfed3, 0x0642, 0xfed7, 0x0643,
            0xfedb, 0x0644, 0xfef5, 0xfef6, 0xfef7, 0xfef8, 0x0000, 0x0000, 0xfefb, 0xfefc, 0xfedf, 0x0645, 0xfee3, 0x0646, 0xfee7, 0x0647,
            0x061b, 0x0041, 0x0042, 0x0043, 0x0044, 0x0045, 0x0046, 0x0047, 0x0048, 0x0049, 0x00ad, 0xfeeb, 0x0000, 0xfeec, 0x0000, 0x0648,
            0x061f, 0x004a, 0x004b, 0x004c, 0x004d, 0x004e, 0x004f, 0x0050, 0x0051, 0x0052, 0x0649, 0xfef0, 0x064a, 0xfef2, 0xfef3, 0x0660,
            0x00d7, 0x0000, 0x0053, 0x0054, 0x0055, 0x0056, 0x0057, 0x0058, 0x0059, 0x005a, 0x0661, 0x0662, 0x0000, 0x0663, 0x0664, 0x0665,
            0x0030, 0x0031, 0x0032, 0x0033, 0x0034, 0x0035, 0x0036, 0x0037, 0x0038, 0x0039, 0x0000, 0x0666, 0x0667, 0x0668, 0x0669, 0x009f,
        ],
        decode_only: &[],
    },
    // ibm424 (8bit-gap, localedata/charmaps/IBM424)
    Table8 {
        names: &[
            b"IBM424//",
            b"CP424//",
            b"CSIBM424//",
            b"EBCDIC-CP-HE//",
            b"OSF100201A8//",
        ],
        to_ucs: [
            0x0000, 0x0001, 0x0002, 0x0003, 0x009c, 0x0009, 0x0086, 0x007f, 0x0097, 0x008d, 0x008e, 0x000b, 0x000c, 0x000d, 0x000e, 0x000f,
            0x0010, 0x0011, 0x0012, 0x0013, 0x009d, 0x0085, 0x0008, 0x0087, 0x0018, 0x0019, 0x0092, 0x008f, 0x001c, 0x001d, 0x001e, 0x001f,
            0x0080, 0x0081, 0x0082, 0x0083, 0x0084, 0x000a, 0x0017, 0x001b, 0x0088, 0x0089, 0x008a, 0x008b, 0x008c, 0x0005, 0x0006, 0x0007,
            0x0090, 0x0091, 0x0016, 0x0093, 0x0094, 0x0095, 0x0096, 0x0004, 0x0098, 0x0099, 0x009a, 0x009b, 0x0014, 0x0015, 0x009e, 0x001a,
            0x0020, 0x05d0, 0x05d1, 0x05d2, 0x05d3, 0x05d4, 0x05d5, 0x05d6, 0x05d7, 0x05d8, 0x00a2, 0x002e, 0x003c, 0x0028, 0x002b, 0x007c,
            0x0026, 0x05d9, 0x05da, 0x05db, 0x05dc, 0x05dd, 0x05de, 0x05df, 0x05e0, 0x05e1, 0x0021, 0x0024, 0x002a, 0x0029, 0x003b, 0x00ac,
            0x002d, 0x002f, 0x05e2, 0x05e3, 0x05e4, 0x05e5, 0x05e6, 0x05e7, 0x05e8, 0x05e9, 0x00a6, 0x002c, 0x0025, 0x005f, 0x003e, 0x003f,
            0x0000, 0x05ea, 0x0000, 0x0000, 0x00a0, 0x0000, 0x0000, 0x0000, 0x21d4, 0x0060, 0x003a, 0x0023, 0x0040, 0x0027, 0x003d, 0x0022,
            0x0000, 0x0061, 0x0062, 0x0063, 0x0064, 0x0065, 0x0066, 0x0067, 0x0068, 0x0069, 0x00ab, 0x00bb, 0x0000, 0x0000, 0x0000, 0x0000,
            0x00b0, 0x006a, 0x006b, 0x006c, 0x006d, 0x006e, 0x006f, 0x0070, 0x0071, 0x0072, 0x0000, 0x0000, 0x0000, 0x00b8, 0x0000, 0x00a4,
            0x00b5, 0x007e, 0x0073, 0x0074, 0x0075, 0x0076, 0x0077, 0x0078, 0x0079, 0x007a, 0x0000, 0x0000, 0x0000, 0x0000, 0x0000, 0x00ae,
            0x005e, 0x00a3, 0x00a5, 0x00b7, 0x00a9, 0x00a7, 0x00b6, 0x00bc, 0x00bd, 0x00be, 0x005b, 0x005d, 0x00af, 0x00a8, 0x00b4, 0x00d7,
            0x007b, 0x0041, 0x0042, 0x0043, 0x0044, 0x0045, 0x0046, 0x0047, 0x0048, 0x0049, 0x00ad, 0x0000, 0x0000, 0x0000, 0x0000, 0x0000,
            0x007d, 0x004a, 0x004b, 0x004c, 0x004d, 0x004e, 0x004f, 0x0050, 0x0051, 0x0052, 0x00b9, 0x0000, 0x0000, 0x0000, 0x0000, 0x0000,
            0x005c, 0x00f7, 0x0053, 0x0054, 0x0055, 0x0056, 0x0057, 0x0058, 0x0059, 0x005a, 0x00b2, 0x0000, 0x0000, 0x0000, 0x0000, 0x0000,
            0x0030, 0x0031, 0x0032, 0x0033, 0x0034, 0x0035, 0x0036, 0x0037, 0x0038, 0x0039, 0x00b3, 0x0000, 0x0000, 0x0000, 0x0000, 0x009f,
        ],
        decode_only: &[],
    },
    // ibm437 (8bit-gap, localedata/charmaps/IBM437)
    Table8 {
        names: &[
            b"IBM437//",
            b"437//",
            b"CP437//",
            b"CSPC8CODEPAGE437//",
            b"OSF100201B5//",
        ],
        to_ucs: [
            0x0000, 0x0001, 0x0002, 0x0003, 0x0004, 0x0005, 0x0006, 0x0007, 0x0008, 0x0009, 0x000a, 0x000b, 0x000c, 0x000d, 0x000e, 0x000f,
            0x0010, 0x0011, 0x0012, 0x0013, 0x0014, 0x0015, 0x0016, 0x0017, 0x0018, 0x0019, 0x001a, 0x001b, 0x001c, 0x001d, 0x001e, 0x001f,
            0x0020, 0x0021, 0x0022, 0x0023, 0x0024, 0x0025, 0x0026, 0x0027, 0x0028, 0x0029, 0x002a, 0x002b, 0x002c, 0x002d, 0x002e, 0x002f,
            0x0030, 0x0031, 0x0032, 0x0033, 0x0034, 0x0035, 0x0036, 0x0037, 0x0038, 0x0039, 0x003a, 0x003b, 0x003c, 0x003d, 0x003e, 0x003f,
            0x0040, 0x0041, 0x0042, 0x0043, 0x0044, 0x0045, 0x0046, 0x0047, 0x0048, 0x0049, 0x004a, 0x004b, 0x004c, 0x004d, 0x004e, 0x004f,
            0x0050, 0x0051, 0x0052, 0x0053, 0x0054, 0x0055, 0x0056, 0x0057, 0x0058, 0x0059, 0x005a, 0x005b, 0x005c, 0x005d, 0x005e, 0x005f,
            0x0060, 0x0061, 0x0062, 0x0063, 0x0064, 0x0065, 0x0066, 0x0067, 0x0068, 0x0069, 0x006a, 0x006b, 0x006c, 0x006d, 0x006e, 0x006f,
            0x0070, 0x0071, 0x0072, 0x0073, 0x0074, 0x0075, 0x0076, 0x0077, 0x0078, 0x0079, 0x007a, 0x007b, 0x007c, 0x007d, 0x007e, 0x007f,
            0x00c7, 0x00fc, 0x00e9, 0x00e2, 0x00e4, 0x00e0, 0x00e5, 0x00e7, 0x00ea, 0x00eb, 0x00e8, 0x00ef, 0x00ee, 0x00ec, 0x00c4, 0x00c5,
            0x00c9, 0x00e6, 0x00c6, 0x00f4, 0x00f6, 0x00f2, 0x00fb, 0x00f9, 0x00ff, 0x00d6, 0x00dc, 0x00a2, 0x00a3, 0x00a5, 0x20a7, 0x0192,
            0x00e1, 0x00ed, 0x00f3, 0x00fa, 0x00f1, 0x00d1, 0x00aa, 0x00ba, 0x00bf, 0x2310, 0x00ac, 0x00bd, 0x00bc, 0x00a1, 0x00ab, 0x00bb,
            0x2591, 0x2592, 0x2593, 0x2502, 0x2524, 0x2561, 0x2562, 0x2556, 0x2555, 0x2563, 0x2551, 0x2557, 0x255d, 0x255c, 0x255b, 0x2510,
            0x2514, 0x2534, 0x252c, 0x251c, 0x2500, 0x253c, 0x255e, 0x255f, 0x255a, 0x2554, 0x2569, 0x2566, 0x2560, 0x2550, 0x256c, 0x2567,
            0x2568, 0x2564, 0x2565, 0x2559, 0x2558, 0x2552, 0x2553, 0x256b, 0x256a, 0x2518, 0x250c, 0x2588, 0x2584, 0x258c, 0x2590, 0x2580,
            0x03b1, 0x00df, 0x0393, 0x03c0, 0x03a3, 0x03c3, 0x00b5, 0x03c4, 0x03a6, 0x0398, 0x03a9, 0x03b4, 0x221e, 0x03c6, 0x03b5, 0x2229,
            0x2261, 0x00b1, 0x2265, 0x2264, 0x2320, 0x2321, 0x00f7, 0x2248, 0x00b0, 0x2219, 0x00b7, 0x221a, 0x207f, 0x00b2, 0x25a0, 0x00a0,
        ],
        decode_only: &[],
    },
    // ibm850 (8bit-gap, localedata/charmaps/IBM850)
    Table8 {
        names: &[
            b"IBM850//",
            b"850//",
            b"CP850//",
            b"CSPC850MULTILINGUAL//",
            b"OSF10020352//",
        ],
        to_ucs: [
            0x0000, 0x0001, 0x0002, 0x0003, 0x0004, 0x0005, 0x0006, 0x0007, 0x0008, 0x0009, 0x000a, 0x000b, 0x000c, 0x000d, 0x000e, 0x000f,
            0x0010, 0x0011, 0x0012, 0x0013, 0x0014, 0x0015, 0x0016, 0x0017, 0x0018, 0x0019, 0x001a, 0x001b, 0x001c, 0x001d, 0x001e, 0x001f,
            0x0020, 0x0021, 0x0022, 0x0023, 0x0024, 0x0025, 0x0026, 0x0027, 0x0028, 0x0029, 0x002a, 0x002b, 0x002c, 0x002d, 0x002e, 0x002f,
            0x0030, 0x0031, 0x0032, 0x0033, 0x0034, 0x0035, 0x0036, 0x0037, 0x0038, 0x0039, 0x003a, 0x003b, 0x003c, 0x003d, 0x003e, 0x003f,
            0x0040, 0x0041, 0x0042, 0x0043, 0x0044, 0x0045, 0x0046, 0x0047, 0x0048, 0x0049, 0x004a, 0x004b, 0x004c, 0x004d, 0x004e, 0x004f,
            0x0050, 0x0051, 0x0052, 0x0053, 0x0054, 0x0055, 0x0056, 0x0057, 0x0058, 0x0059, 0x005a, 0x005b, 0x005c, 0x005d, 0x005e, 0x005f,
            0x0060, 0x0061, 0x0062, 0x0063, 0x0064, 0x0065, 0x0066, 0x0067, 0x0068, 0x0069, 0x006a, 0x006b, 0x006c, 0x006d, 0x006e, 0x006f,
            0x0070, 0x0071, 0x0072, 0x0073, 0x0074, 0x0075, 0x0076, 0x0077, 0x0078, 0x0079, 0x007a, 0x007b, 0x007c, 0x007d, 0x007e, 0x007f,
            0x00c7, 0x00fc, 0x00e9, 0x00e2, 0x00e4, 0x00e0, 0x00e5, 0x00e7, 0x00ea, 0x00eb, 0x00e8, 0x00ef, 0x00ee, 0x00ec, 0x00c4, 0x00c5,
            0x00c9, 0x00e6, 0x00c6, 0x00f4, 0x00f6, 0x00f2, 0x00fb, 0x00f9, 0x00ff, 0x00d6, 0x00dc, 0x00f8, 0x00a3, 0x00d8, 0x00d7, 0x0192,
            0x00e1, 0x00ed, 0x00f3, 0x00fa, 0x00f1, 0x00d1, 0x00aa, 0x00ba, 0x00bf, 0x00ae, 0x00ac, 0x00bd, 0x00bc, 0x00a1, 0x00ab, 0x00bb,
            0x2591, 0x2592, 0x2593, 0x2502, 0x2524, 0x00c1, 0x00c2, 0x00c0, 0x00a9, 0x2563, 0x2551, 0x2557, 0x255d, 0x00a2, 0x00a5, 0x2510,
            0x2514, 0x2534, 0x252c, 0x251c, 0x2500, 0x253c, 0x00e3, 0x00c3, 0x255a, 0x2554, 0x2569, 0x2566, 0x2560, 0x2550, 0x256c, 0x00a4,
            0x00f0, 0x00d0, 0x00ca, 0x00cb, 0x00c8, 0x0131, 0x00cd, 0x00ce, 0x00cf, 0x2518, 0x250c, 0x2588, 0x2584, 0x00a6, 0x00cc, 0x2580,
            0x00d3, 0x00df, 0x00d4, 0x00d2, 0x00f5, 0x00d5, 0x00b5, 0x00fe, 0x00de, 0x00da, 0x00db, 0x00d9, 0x00fd, 0x00dd, 0x00af, 0x00b4,
            0x00ad, 0x00b1, 0x2017, 0x00be, 0x00b6, 0x00a7, 0x00f7, 0x00b8, 0x00b0, 0x00a8, 0x00b7, 0x00b9, 0x00b3, 0x00b2, 0x25a0, 0x00a0,
        ],
        decode_only: &[],
    },
    // ibm851 (8bit-gap, localedata/charmaps/IBM851)
    Table8 {
        names: &[
            b"IBM851//",
            b"851//",
            b"CP851//",
            b"CSIBM851//",
        ],
        to_ucs: [
            0x0000, 0x0001, 0x0002, 0x0003, 0x0004, 0x0005, 0x0006, 0x0007, 0x0008, 0x0009, 0x000a, 0x000b, 0x000c, 0x000d, 0x000e, 0x000f,
            0x0010, 0x0011, 0x0012, 0x0013, 0x0014, 0x0015, 0x0016, 0x0017, 0x0018, 0x0019, 0x001a, 0x001b, 0x001c, 0x001d, 0x001e, 0x001f,
            0x0020, 0x0021, 0x0022, 0x0023, 0x0024, 0x0025, 0x0026, 0x0027, 0x0028, 0x0029, 0x002a, 0x002b, 0x002c, 0x002d, 0x002e, 0x002f,
            0x0030, 0x0031, 0x0032, 0x0033, 0x0034, 0x0035, 0x0036, 0x0037, 0x0038, 0x0039, 0x003a, 0x003b, 0x003c, 0x003d, 0x003e, 0x003f,
            0x0040, 0x0041, 0x0042, 0x0043, 0x0044, 0x0045, 0x0046, 0x0047, 0x0048, 0x0049, 0x004a, 0x004b, 0x004c, 0x004d, 0x004e, 0x004f,
            0x0050, 0x0051, 0x0052, 0x0053, 0x0054, 0x0055, 0x0056, 0x0057, 0x0058, 0x0059, 0x005a, 0x005b, 0x005c, 0x005d, 0x005e, 0x005f,
            0x0060, 0x0061, 0x0062, 0x0063, 0x0064, 0x0065, 0x0066, 0x0067, 0x0068, 0x0069, 0x006a, 0x006b, 0x006c, 0x006d, 0x006e, 0x006f,
            0x0070, 0x0071, 0x0072, 0x0073, 0x0074, 0x0075, 0x0076, 0x0077, 0x0078, 0x0079, 0x007a, 0x007b, 0x007c, 0x007d, 0x007e, 0x007f,
            0x00c7, 0x00fc, 0x00e9, 0x00e2, 0x00e4, 0x00e0, 0x0386, 0x00e7, 0x00ea, 0x00eb, 0x00e8, 0x00ef, 0x00ee, 0x0388, 0x00c4, 0x0389,
            0x038a, 0x0000, 0x038c, 0x00f4, 0x00f6, 0x038e, 0x00fb, 0x00f9, 0x038f, 0x00d6, 0x00dc, 0x03ac, 0x00a3, 0x03ad, 0x03ae, 0x03af,
            0x03ca, 0x0390, 0x03cc, 0x03cd, 0x0391, 0x0392, 0x0393, 0x0394, 0x0395, 0x0396, 0x0397, 0x00bd, 0x0398, 0x0399, 0x00ab, 0x00bb,
            0x2591, 0x2592, 0x2593, 0x2502, 0x2524, 0x039a, 0x039b, 0x039d, 0x039c, 0x2563, 0x2551, 0x2557, 0x255d, 0x039e, 0x039f, 0x2510,
            0x2514, 0x2534, 0x252c, 0x251c, 0x2500, 0x253c, 0x03a0, 0x03a1, 0x255a, 0x2554, 0x2569, 0x2566, 0x2560, 0x2550, 0x256c, 0x03a3,
            0x03a4, 0x03a5, 0x03a6, 0x03a7, 0x03a8, 0x03a9, 0x03b1, 0x03b2, 0x03b3, 0x2518, 0x250c, 0x2588, 0x2584, 0x03b4, 0x03b5, 0x2580,
            0x03b6, 0x03b7, 0x03b8, 0x03b9, 0x03ba, 0x03bb, 0x03bc, 0x03bd, 0x03be, 0x03bf, 0x03c0, 0x03c1, 0x03c3, 0x03c2, 0x03c4, 0x00b4,
            0x00ad, 0x00b1, 0x03c5, 0x03c6, 0x03c7, 0x00a7, 0x03c8, 0x02db, 0x00b0, 0x00a8, 0x03c9, 0x03cb, 0x03b0, 0x03ce, 0x25a0, 0x00a0,
        ],
        decode_only: &[],
    },
    // ibm852 (8bit-gap, localedata/charmaps/IBM852)
    Table8 {
        names: &[
            b"IBM852//",
            b"852//",
            b"CP852//",
            b"CSPCP852//",
            b"OSF10020354//",
        ],
        to_ucs: [
            0x0000, 0x0001, 0x0002, 0x0003, 0x0004, 0x0005, 0x0006, 0x0007, 0x0008, 0x0009, 0x000a, 0x000b, 0x000c, 0x000d, 0x000e, 0x000f,
            0x0010, 0x0011, 0x0012, 0x0013, 0x0014, 0x0015, 0x0016, 0x0017, 0x0018, 0x0019, 0x001a, 0x001b, 0x001c, 0x001d, 0x001e, 0x001f,
            0x0020, 0x0021, 0x0022, 0x0023, 0x0024, 0x0025, 0x0026, 0x0027, 0x0028, 0x0029, 0x002a, 0x002b, 0x002c, 0x002d, 0x002e, 0x002f,
            0x0030, 0x0031, 0x0032, 0x0033, 0x0034, 0x0035, 0x0036, 0x0037, 0x0038, 0x0039, 0x003a, 0x003b, 0x003c, 0x003d, 0x003e, 0x003f,
            0x0040, 0x0041, 0x0042, 0x0043, 0x0044, 0x0045, 0x0046, 0x0047, 0x0048, 0x0049, 0x004a, 0x004b, 0x004c, 0x004d, 0x004e, 0x004f,
            0x0050, 0x0051, 0x0052, 0x0053, 0x0054, 0x0055, 0x0056, 0x0057, 0x0058, 0x0059, 0x005a, 0x005b, 0x005c, 0x005d, 0x005e, 0x005f,
            0x0060, 0x0061, 0x0062, 0x0063, 0x0064, 0x0065, 0x0066, 0x0067, 0x0068, 0x0069, 0x006a, 0x006b, 0x006c, 0x006d, 0x006e, 0x006f,
            0x0070, 0x0071, 0x0072, 0x0073, 0x0074, 0x0075, 0x0076, 0x0077, 0x0078, 0x0079, 0x007a, 0x007b, 0x007c, 0x007d, 0x007e, 0x007f,
            0x00c7, 0x00fc, 0x00e9, 0x00e2, 0x00e4, 0x016f, 0x0107, 0x00e7, 0x0142, 0x00eb, 0x0150, 0x0151, 0x00ee, 0x0179, 0x00c4, 0x0106,
            0x00c9, 0x0139, 0x013a, 0x00f4, 0x00f6, 0x013d, 0x013e, 0x015a, 0x015b, 0x00d6, 0x00dc, 0x0164, 0x0165, 0x0141, 0x00d7, 0x010d,
            0x00e1, 0x00ed, 0x00f3, 0x00fa, 0x0104, 0x0105, 0x017d, 0x017e, 0x0118, 0x0119, 0x00ac, 0x017a, 0x010c, 0x015f, 0x00ab, 0x00bb,
            0x2591, 0x2592, 0x2593, 0x2502, 0x2524, 0x00c1, 0x00c2, 0x011a, 0x015e, 0x2563, 0x2551, 0x2557, 0x255d, 0x017b, 0x017c, 0x2510,
            0x2514, 0x2534, 0x252c, 0x251c, 0x2500, 0x253c, 0x0102, 0x0103, 0x255a, 0x2554, 0x2569, 0x2566, 0x2560, 0x2550, 0x256c, 0x00a4,
            0x0111, 0x0110, 0x010e, 0x00cb, 0x010f, 0x0147, 0x00cd, 0x00ce, 0x011b, 0x2518, 0x250c, 0x2588, 0x2584, 0x0162, 0x016e, 0x2580,
            0x00d3, 0x00df, 0x00d4, 0x0143, 0x0144, 0x0148, 0x0160, 0x0161, 0x0154, 0x00da, 0x0155, 0x0170, 0x00fd, 0x00dd, 0x0163, 0x00b4,
            0x00ad, 0x02dd, 0x02db, 0x02c7, 0x02d8, 0x00a7, 0x00f7, 0x00b8, 0x00b0, 0x00a8, 0x02d9, 0x0171, 0x0158, 0x0159, 0x25a0, 0x00a0,
        ],
        decode_only: &[],
    },
    // ibm855 (8bit-gap, localedata/charmaps/IBM855)
    Table8 {
        names: &[
            b"IBM855//",
            b"855//",
            b"CP855//",
            b"CSIBM855//",
            b"OSF10020357//",
        ],
        to_ucs: [
            0x0000, 0x0001, 0x0002, 0x0003, 0x0004, 0x0005, 0x0006, 0x0007, 0x0008, 0x0009, 0x000a, 0x000b, 0x000c, 0x000d, 0x000e, 0x000f,
            0x0010, 0x0011, 0x0012, 0x0013, 0x0014, 0x0015, 0x0016, 0x0017, 0x0018, 0x0019, 0x001a, 0x001b, 0x001c, 0x001d, 0x001e, 0x001f,
            0x0020, 0x0021, 0x0022, 0x0023, 0x0024, 0x0025, 0x0026, 0x0027, 0x0028, 0x0029, 0x002a, 0x002b, 0x002c, 0x002d, 0x002e, 0x002f,
            0x0030, 0x0031, 0x0032, 0x0033, 0x0034, 0x0035, 0x0036, 0x0037, 0x0038, 0x0039, 0x003a, 0x003b, 0x003c, 0x003d, 0x003e, 0x003f,
            0x0040, 0x0041, 0x0042, 0x0043, 0x0044, 0x0045, 0x0046, 0x0047, 0x0048, 0x0049, 0x004a, 0x004b, 0x004c, 0x004d, 0x004e, 0x004f,
            0x0050, 0x0051, 0x0052, 0x0053, 0x0054, 0x0055, 0x0056, 0x0057, 0x0058, 0x0059, 0x005a, 0x005b, 0x005c, 0x005d, 0x005e, 0x005f,
            0x0060, 0x0061, 0x0062, 0x0063, 0x0064, 0x0065, 0x0066, 0x0067, 0x0068, 0x0069, 0x006a, 0x006b, 0x006c, 0x006d, 0x006e, 0x006f,
            0x0070, 0x0071, 0x0072, 0x0073, 0x0074, 0x0075, 0x0076, 0x0077, 0x0078, 0x0079, 0x007a, 0x007b, 0x007c, 0x007d, 0x007e, 0x007f,
            0x0452, 0x0402, 0x0453, 0x0403, 0x0451, 0x0401, 0x0454, 0x0404, 0x0455, 0x0405, 0x0456, 0x0406, 0x0457, 0x0407, 0x0458, 0x0408,
            0x0459, 0x0409, 0x045a, 0x040a, 0x045b, 0x040b, 0x045c, 0x040c, 0x045e, 0x040e, 0x045f, 0x040f, 0x044e, 0x042e, 0x044a, 0x042a,
            0x0430, 0x0410, 0x0431, 0x0411, 0x0446, 0x0426, 0x0434, 0x0414, 0x0435, 0x0415, 0x0444, 0x0424, 0x0433, 0x0413, 0x00ab, 0x00bb,
            0x2591, 0x2592, 0x2593, 0x2502, 0x2524, 0x0445, 0x0425, 0x0438, 0x0418, 0x2563, 0x2551, 0x2557, 0x255d, 0x0439, 0x0419, 0x2510,
            0x2514, 0x2534, 0x252c, 0x251c, 0x2500, 0x253c, 0x043a, 0x041a, 0x255a, 0x2554, 0x2569, 0x2566, 0x2560, 0x2550, 0x256c, 0x00a4,
            0x043b, 0x041b, 0x043c, 0x041c, 0x043d, 0x041d, 0x043e, 0x041e, 0x043f, 0x2518, 0x250c, 0x2588, 0x2584, 0x041f, 0x044f, 0x2580,
            0x042f, 0x0440, 0x0420, 0x0441, 0x0421, 0x0442, 0x0422, 0x0443, 0x0423, 0x0436, 0x0416, 0x0432, 0x0412, 0x044c, 0x042c, 0x2116,
            0x00ad, 0x044b, 0x042b, 0x0437, 0x0417, 0x0448, 0x0428, 0x044d, 0x042d, 0x0449, 0x0429, 0x0447, 0x0427, 0x00a7, 0x25a0, 0x00a0,
        ],
        decode_only: &[],
    },
    // ibm857 (8bit-gap, localedata/charmaps/IBM857)
    Table8 {
        names: &[
            b"IBM857//",
            b"857//",
            b"CP857//",
            b"CSIBM857//",
            b"OSF10020359//",
        ],
        to_ucs: [
            0x0000, 0x0001, 0x0002, 0x0003, 0x0004, 0x0005, 0x0006, 0x0007, 0x0008, 0x0009, 0x000a, 0x000b, 0x000c, 0x000d, 0x000e, 0x000f,
            0x0010, 0x0011, 0x0012, 0x0013, 0x0014, 0x0015, 0x0016, 0x0017, 0x0018, 0x0019, 0x001a, 0x001b, 0x001c, 0x001d, 0x001e, 0x001f,
            0x0020, 0x0021, 0x0022, 0x0023, 0x0024, 0x0025, 0x0026, 0x0027, 0x0028, 0x0029, 0x002a, 0x002b, 0x002c, 0x002d, 0x002e, 0x002f,
            0x0030, 0x0031, 0x0032, 0x0033, 0x0034, 0x0035, 0x0036, 0x0037, 0x0038, 0x0039, 0x003a, 0x003b, 0x003c, 0x003d, 0x003e, 0x003f,
            0x0040, 0x0041, 0x0042, 0x0043, 0x0044, 0x0045, 0x0046, 0x0047, 0x0048, 0x0049, 0x004a, 0x004b, 0x004c, 0x004d, 0x004e, 0x004f,
            0x0050, 0x0051, 0x0052, 0x0053, 0x0054, 0x0055, 0x0056, 0x0057, 0x0058, 0x0059, 0x005a, 0x005b, 0x005c, 0x005d, 0x005e, 0x005f,
            0x0060, 0x0061, 0x0062, 0x0063, 0x0064, 0x0065, 0x0066, 0x0067, 0x0068, 0x0069, 0x006a, 0x006b, 0x006c, 0x006d, 0x006e, 0x006f,
            0x0070, 0x0071, 0x0072, 0x0073, 0x0074, 0x0075, 0x0076, 0x0077, 0x0078, 0x0079, 0x007a, 0x007b, 0x007c, 0x007d, 0x007e, 0x007f,
            0x00c7, 0x00fc, 0x00e9, 0x00e2, 0x00e4, 0x00e0, 0x00e5, 0x00e7, 0x00ea, 0x00eb, 0x00e8, 0x00ef, 0x00ee, 0x0131, 0x00c4, 0x00c5,
            0x00c9, 0x00e6, 0x00c6, 0x00f4, 0x00f6, 0x00f2, 0x00fb, 0x00f9, 0x0130, 0x00d6, 0x00dc, 0x00f8, 0x00a3, 0x00d8, 0x015e, 0x015f,
            0x00e1, 0x00ed, 0x00f3, 0x00fa, 0x00f1, 0x00d1, 0x011e, 0x011f, 0x00bf, 0x00ae, 0x00ac, 0x00bd, 0x00bc, 0x00a1, 0x00ab, 0x00bb,
            0x2591, 0x2592, 0x2593, 0x2502, 0x2524, 0x00c1, 0x00c2, 0x00c0, 0x00a9, 0x2563, 0x2551, 0x2557, 0x255d, 0x00a2, 0x00a5, 0x2510,
            0x2514, 0x2534, 0x252c, 0x251c, 0x2500, 0x253c, 0x00e3, 0x00c3, 0x255a, 0x2554, 0x2569, 0x2566, 0x2560, 0x2550, 0x256c, 0x00a4,
            0x00ba, 0x00aa, 0x00ca, 0x00cb, 0x00c8, 0x0000, 0x00cd, 0x00ce, 0x00cf, 0x2518, 0x250c, 0x2588, 0x2584, 0x00a6, 0x00cc, 0x2580,
            0x00d3, 0x00df, 0x00d4, 0x00d2, 0x00f5, 0x00d5, 0x00b5, 0x0000, 0x00d7, 0x00da, 0x00db, 0x00d9, 0x00ec, 0x00ff, 0x00af, 0x00b4,
            0x00ad, 0x00b1, 0x0000, 0x00be, 0x00b6, 0x00a7, 0x00f7, 0x00b8, 0x00b0, 0x00a8, 0x00b7, 0x00b9, 0x00b3, 0x00b2, 0x25a0, 0x00a0,
        ],
        decode_only: &[],
    },
    // ibm858 (8bit-gap, localedata/charmaps/IBM858)
    Table8 {
        names: &[
            b"IBM858//",
            b"858//",
            b"CP858//",
            b"CSPC858MULTILINGUAL//",
        ],
        to_ucs: [
            0x0000, 0x0001, 0x0002, 0x0003, 0x0004, 0x0005, 0x0006, 0x0007, 0x0008, 0x0009, 0x000a, 0x000b, 0x000c, 0x000d, 0x000e, 0x000f,
            0x0010, 0x0011, 0x0012, 0x0013, 0x0014, 0x0015, 0x0016, 0x0017, 0x0018, 0x0019, 0x001a, 0x001b, 0x001c, 0x001d, 0x001e, 0x001f,
            0x0020, 0x0021, 0x0022, 0x0023, 0x0024, 0x0025, 0x0026, 0x0027, 0x0028, 0x0029, 0x002a, 0x002b, 0x002c, 0x002d, 0x002e, 0x002f,
            0x0030, 0x0031, 0x0032, 0x0033, 0x0034, 0x0035, 0x0036, 0x0037, 0x0038, 0x0039, 0x003a, 0x003b, 0x003c, 0x003d, 0x003e, 0x003f,
            0x0040, 0x0041, 0x0042, 0x0043, 0x0044, 0x0045, 0x0046, 0x0047, 0x0048, 0x0049, 0x004a, 0x004b, 0x004c, 0x004d, 0x004e, 0x004f,
            0x0050, 0x0051, 0x0052, 0x0053, 0x0054, 0x0055, 0x0056, 0x0057, 0x0058, 0x0059, 0x005a, 0x005b, 0x005c, 0x005d, 0x005e, 0x005f,
            0x0060, 0x0061, 0x0062, 0x0063, 0x0064, 0x0065, 0x0066, 0x0067, 0x0068, 0x0069, 0x006a, 0x006b, 0x006c, 0x006d, 0x006e, 0x006f,
            0x0070, 0x0071, 0x0072, 0x0073, 0x0074, 0x0075, 0x0076, 0x0077, 0x0078, 0x0079, 0x007a, 0x007b, 0x007c, 0x007d, 0x007e, 0x007f,
            0x00c7, 0x00fc, 0x00e9, 0x00e2, 0x00e4, 0x00e0, 0x00e5, 0x00e7, 0x00ea, 0x00eb, 0x00e8, 0x00ef, 0x00ee, 0x00ec, 0x00c4, 0x00c5,
            0x00c9, 0x00e6, 0x00c6, 0x00f4, 0x00f6, 0x00f2, 0x00fb, 0x00f9, 0x00ff, 0x00d6, 0x00dc, 0x00f8, 0x00a3, 0x00d8, 0x00d7, 0x0192,
            0x00e1, 0x00ed, 0x00f3, 0x00fa, 0x00f1, 0x00d1, 0x00aa, 0x00ba, 0x00bf, 0x00ae, 0x00ac, 0x00bd, 0x00bc, 0x00a1, 0x00ab, 0x00bb,
            0x2591, 0x2592, 0x2593, 0x2502, 0x2524, 0x00c1, 0x00c2, 0x00c0, 0x00a9, 0x2563, 0x2551, 0x2557, 0x255d, 0x00a2, 0x00a5, 0x2510,
            0x2514, 0x2534, 0x252c, 0x251c, 0x2500, 0x253c, 0x00e3, 0x00c3, 0x255a, 0x2554, 0x2569, 0x2566, 0x2560, 0x2550, 0x256c, 0x00a4,
            0x00f0, 0x00d0, 0x00ca, 0x00cb, 0x00c8, 0x20ac, 0x00cd, 0x00ce, 0x00cf, 0x2518, 0x250c, 0x2588, 0x2584, 0x00a6, 0x00cc, 0x2580,
            0x00d3, 0x00df, 0x00d4, 0x00d2, 0x00f5, 0x00d5, 0x00b5, 0x00fe, 0x00de, 0x00da, 0x00db, 0x00d9, 0x00fd, 0x00dd, 0x00af, 0x00b4,
            0x00ad, 0x00b1, 0x2017, 0x00be, 0x00b6, 0x00a7, 0x00f7, 0x00b8, 0x00b0, 0x00a8, 0x00b7, 0x00b9, 0x00b3, 0x00b2, 0x25a0, 0x00a0,
        ],
        decode_only: &[],
    },
    // ibm860 (8bit-gap, localedata/charmaps/IBM860)
    Table8 {
        names: &[
            b"IBM860//",
            b"860//",
            b"CP860//",
            b"CSIBM860//",
        ],
        to_ucs: [
            0x0000, 0x0001, 0x0002, 0x0003, 0x0004, 0x0005, 0x0006, 0x0007, 0x0008, 0x0009, 0x000a, 0x000b, 0x000c, 0x000d, 0x000e, 0x000f,
            0x0010, 0x0011, 0x0012, 0x0013, 0x0014, 0x0015, 0x0016, 0x0017, 0x0018, 0x0019, 0x001a, 0x001b, 0x001c, 0x001d, 0x001e, 0x001f,
            0x0020, 0x0021, 0x0022, 0x0023, 0x0024, 0x0025, 0x0026, 0x0027, 0x0028, 0x0029, 0x002a, 0x002b, 0x002c, 0x002d, 0x002e, 0x002f,
            0x0030, 0x0031, 0x0032, 0x0033, 0x0034, 0x0035, 0x0036, 0x0037, 0x0038, 0x0039, 0x003a, 0x003b, 0x003c, 0x003d, 0x003e, 0x003f,
            0x0040, 0x0041, 0x0042, 0x0043, 0x0044, 0x0045, 0x0046, 0x0047, 0x0048, 0x0049, 0x004a, 0x004b, 0x004c, 0x004d, 0x004e, 0x004f,
            0x0050, 0x0051, 0x0052, 0x0053, 0x0054, 0x0055, 0x0056, 0x0057, 0x0058, 0x0059, 0x005a, 0x005b, 0x005c, 0x005d, 0x005e, 0x005f,
            0x0060, 0x0061, 0x0062, 0x0063, 0x0064, 0x0065, 0x0066, 0x0067, 0x0068, 0x0069, 0x006a, 0x006b, 0x006c, 0x006d, 0x006e, 0x006f,
            0x0070, 0x0071, 0x0072, 0x0073, 0x0074, 0x0075, 0x0076, 0x0077, 0x0078, 0x0079, 0x007a, 0x007b, 0x007c, 0x007d, 0x007e, 0x007f,
            0x00c7, 0x00fc, 0x00e9, 0x00e2, 0x00e3, 0x00e0, 0x00c1, 0x00e7, 0x00ea, 0x00ca, 0x00e8, 0x00cd, 0x00d4, 0x00ec, 0x00c3, 0x00c2,
            0x00c9, 0x00c0, 0x00c8, 0x00f4, 0x00f5, 0x00f2, 0x00da, 0x00f9, 0x00cc, 0x00d5, 0x00dc, 0x00a2, 0x00a3, 0x00d9, 0x20a7, 0x00d3,
            0x00e1, 0x00ed, 0x00f3, 0x00fa, 0x00f1, 0x00d1, 0x00aa, 0x00ba, 0x00bf, 0x00d2, 0x00ac, 0x00bd, 0x00bc, 0x00a1, 0x00ab, 0x00bb,
            0x2591, 0x2592, 0x2593, 0x2502, 0x2524, 0x2561, 0x2562, 0x2556, 0x2555, 0x2563, 0x2551, 0x2557, 0x255d, 0x255c, 0x255b, 0x2510,
            0x2514, 0x2534, 0x252c, 0x251c, 0x2500, 0x253c, 0x255e, 0x255f, 0x255a, 0x2554, 0x2569, 0x2566, 0x2560, 0x2550, 0x256c, 0x2567,
            0x2568, 0x2564, 0x2565, 0x2559, 0x2558, 0x2552, 0x2553, 0x256b, 0x256a, 0x2518, 0x250c, 0x2588, 0x2584, 0x258c, 0x2590, 0x2580,
            0x03b1, 0x00df, 0x0393, 0x03c0, 0x03a3, 0x03c3, 0x00b5, 0x03c4, 0x03a6, 0x0398, 0x03a9, 0x03b4, 0x221e, 0x03c6, 0x03b5, 0x2229,
            0x2261, 0x00b1, 0x2265, 0x2264, 0x2320, 0x2321, 0x00f7, 0x2248, 0x00b0, 0x2219, 0x00b7, 0x221a, 0x207f, 0x00b2, 0x25a0, 0x00a0,
        ],
        decode_only: &[],
    },
    // ibm861 (8bit-gap, localedata/charmaps/IBM861)
    Table8 {
        names: &[
            b"IBM861//",
            b"861//",
            b"CP861//",
            b"CPIBM861//",
            b"OSF1002035D//",
        ],
        to_ucs: [
            0x0000, 0x0001, 0x0002, 0x0003, 0x0004, 0x0005, 0x0006, 0x0007, 0x0008, 0x0009, 0x000a, 0x000b, 0x000c, 0x000d, 0x000e, 0x000f,
            0x0010, 0x0011, 0x0012, 0x0013, 0x0014, 0x0015, 0x0016, 0x0017, 0x0018, 0x0019, 0x001a, 0x001b, 0x001c, 0x001d, 0x001e, 0x001f,
            0x0020, 0x0021, 0x0022, 0x0023, 0x0024, 0x0025, 0x0026, 0x0027, 0x0028, 0x0029, 0x002a, 0x002b, 0x002c, 0x002d, 0x002e, 0x002f,
            0x0030, 0x0031, 0x0032, 0x0033, 0x0034, 0x0035, 0x0036, 0x0037, 0x0038, 0x0039, 0x003a, 0x003b, 0x003c, 0x003d, 0x003e, 0x003f,
            0x0040, 0x0041, 0x0042, 0x0043, 0x0044, 0x0045, 0x0046, 0x0047, 0x0048, 0x0049, 0x004a, 0x004b, 0x004c, 0x004d, 0x004e, 0x004f,
            0x0050, 0x0051, 0x0052, 0x0053, 0x0054, 0x0055, 0x0056, 0x0057, 0x0058, 0x0059, 0x005a, 0x005b, 0x005c, 0x005d, 0x005e, 0x005f,
            0x0060, 0x0061, 0x0062, 0x0063, 0x0064, 0x0065, 0x0066, 0x0067, 0x0068, 0x0069, 0x006a, 0x006b, 0x006c, 0x006d, 0x006e, 0x006f,
            0x0070, 0x0071, 0x0072, 0x0073, 0x0074, 0x0075, 0x0076, 0x0077, 0x0078, 0x0079, 0x007a, 0x007b, 0x007c, 0x007d, 0x007e, 0x007f,
            0x00c7, 0x00fc, 0x00e9, 0x00e2, 0x00e4, 0x00e0, 0x00e5, 0x00e7, 0x00ea, 0x00eb, 0x00e8, 0x00d0, 0x00f0, 0x00de, 0x00c4, 0x00c5,
            0x00c9, 0x00e6, 0x00c6, 0x00f4, 0x00f6, 0x00fe, 0x00fb, 0x00dd, 0x00fd, 0x00d6, 0x00dc, 0x00f8, 0x00a3, 0x00d8, 0x20a7, 0x0192,
            0x00e1, 0x00ed, 0x00f3, 0x00fa, 0x00c1, 0x00cd, 0x00d3, 0x00da, 0x00bf, 0x2310, 0x00ac, 0x00bd, 0x00bc, 0x00a1, 0x00ab, 0x00bb,
            0x2591, 0x2592, 0x2593, 0x2502, 0x2524, 0x2561, 0x2562, 0x2556, 0x2555, 0x2563, 0x2551, 0x2557, 0x255d, 0x255c, 0x255b, 0x2510,
            0x2514, 0x2534, 0x252c, 0x251c, 0x2500, 0x253c, 0x255e, 0x255f, 0x255a, 0x2554, 0x2569, 0x2566, 0x2560, 0x2550, 0x256c, 0x2567,
            0x2568, 0x2564, 0x2565, 0x2559, 0x2558, 0x2552, 0x2553, 0x256b, 0x256a, 0x2518, 0x250c, 0x2588, 0x2584, 0x258c, 0x2590, 0x2580,
            0x03b1, 0x00df, 0x0393, 0x03c0, 0x03a3, 0x03c3, 0x00b5, 0x03c4, 0x03a6, 0x0398, 0x03a9, 0x03b4, 0x221e, 0x03c6, 0x03b5, 0x2229,
            0x2261, 0x00b1, 0x2265, 0x2264, 0x2320, 0x2321, 0x00f7, 0x2248, 0x00b0, 0x2219, 0x00b7, 0x221a, 0x207f, 0x00b2, 0x25a0, 0x00a0,
        ],
        decode_only: &[],
    },
    // ibm862 (8bit-gap, localedata/charmaps/IBM862)
    Table8 {
        names: &[
            b"IBM862//",
            b"862//",
            b"CP862//",
            b"CSPC862LATINHEBREW//",
            b"OSF1002035E//",
        ],
        to_ucs: [
            0x0000, 0x0001, 0x0002, 0x0003, 0x0004, 0x0005, 0x0006, 0x0007, 0x0008, 0x0009, 0x000a, 0x000b, 0x000c, 0x000d, 0x000e, 0x000f,
            0x0010, 0x0011, 0x0012, 0x0013, 0x0014, 0x0015, 0x0016, 0x0017, 0x0018, 0x0019, 0x001a, 0x001b, 0x001c, 0x001d, 0x001e, 0x001f,
            0x0020, 0x0021, 0x0022, 0x0023, 0x0024, 0x0025, 0x0026, 0x0027, 0x0028, 0x0029, 0x002a, 0x002b, 0x002c, 0x002d, 0x002e, 0x002f,
            0x0030, 0x0031, 0x0032, 0x0033, 0x0034, 0x0035, 0x0036, 0x0037, 0x0038, 0x0039, 0x003a, 0x003b, 0x003c, 0x003d, 0x003e, 0x003f,
            0x0040, 0x0041, 0x0042, 0x0043, 0x0044, 0x0045, 0x0046, 0x0047, 0x0048, 0x0049, 0x004a, 0x004b, 0x004c, 0x004d, 0x004e, 0x004f,
            0x0050, 0x0051, 0x0052, 0x0053, 0x0054, 0x0055, 0x0056, 0x0057, 0x0058, 0x0059, 0x005a, 0x005b, 0x005c, 0x005d, 0x005e, 0x005f,
            0x0060, 0x0061, 0x0062, 0x0063, 0x0064, 0x0065, 0x0066, 0x0067, 0x0068, 0x0069, 0x006a, 0x006b, 0x006c, 0x006d, 0x006e, 0x006f,
            0x0070, 0x0071, 0x0072, 0x0073, 0x0074, 0x0075, 0x0076, 0x0077, 0x0078, 0x0079, 0x007a, 0x007b, 0x007c, 0x007d, 0x007e, 0x007f,
            0x05d0, 0x05d1, 0x05d2, 0x05d3, 0x05d4, 0x05d5, 0x05d6, 0x05d7, 0x05d8, 0x05d9, 0x05da, 0x05db, 0x05dc, 0x05dd, 0x05de, 0x05df,
            0x05e0, 0x05e1, 0x05e2, 0x05e3, 0x05e4, 0x05e5, 0x05e6, 0x05e7, 0x05e8, 0x05e9, 0x05ea, 0x00a2, 0x00a3, 0x00a5, 0x20a7, 0x0192,
            0x00e1, 0x00ed, 0x00f3, 0x00fa, 0x00f1, 0x00d1, 0x00aa, 0x00ba, 0x00bf, 0x2310, 0x00ac, 0x00bd, 0x00bc, 0x00a1, 0x00ab, 0x00bb,
            0x2591, 0x2592, 0x2593, 0x2502, 0x2524, 0x2561, 0x2562, 0x2556, 0x2555, 0x2563, 0x2551, 0x2557, 0x255d, 0x255c, 0x255b, 0x2510,
            0x2514, 0x2534, 0x252c, 0x251c, 0x2500, 0x253c, 0x255e, 0x255f, 0x255a, 0x2554, 0x2569, 0x2566, 0x2560, 0x2550, 0x256c, 0x2567,
            0x2568, 0x2564, 0x2565, 0x2559, 0x2558, 0x2552, 0x2553, 0x256b, 0x256a, 0x2518, 0x250c, 0x2588, 0x2584, 0x258c, 0x2590, 0x2580,
            0x03b1, 0x00df, 0x0393, 0x03c0, 0x03a3, 0x03c3, 0x00b5, 0x03c4, 0x03a6, 0x0398, 0x03a9, 0x03b4, 0x221e, 0x03c6, 0x03b5, 0x2229,
            0x2261, 0x00b1, 0x2265, 0x2264, 0x2320, 0x2321, 0x00f7, 0x2248, 0x00b0, 0x2219, 0x00b7, 0x221a, 0x207f, 0x00b2, 0x25a0, 0x00a0,
        ],
        decode_only: &[],
    },
    // ibm863 (8bit-gap, localedata/charmaps/IBM863)
    Table8 {
        names: &[
            b"IBM863//",
            b"863//",
            b"CP863//",
            b"CSIBM863//",
            b"OSF1002035F//",
        ],
        to_ucs: [
            0x0000, 0x0001, 0x0002, 0x0003, 0x0004, 0x0005, 0x0006, 0x0007, 0x0008, 0x0009, 0x000a, 0x000b, 0x000c, 0x000d, 0x000e, 0x000f,
            0x0010, 0x0011, 0x0012, 0x0013, 0x0014, 0x0015, 0x0016, 0x0017, 0x0018, 0x0019, 0x001a, 0x001b, 0x001c, 0x001d, 0x001e, 0x001f,
            0x0020, 0x0021, 0x0022, 0x0023, 0x0024, 0x0025, 0x0026, 0x0027, 0x0028, 0x0029, 0x002a, 0x002b, 0x002c, 0x002d, 0x002e, 0x002f,
            0x0030, 0x0031, 0x0032, 0x0033, 0x0034, 0x0035, 0x0036, 0x0037, 0x0038, 0x0039, 0x003a, 0x003b, 0x003c, 0x003d, 0x003e, 0x003f,
            0x0040, 0x0041, 0x0042, 0x0043, 0x0044, 0x0045, 0x0046, 0x0047, 0x0048, 0x0049, 0x004a, 0x004b, 0x004c, 0x004d, 0x004e, 0x004f,
            0x0050, 0x0051, 0x0052, 0x0053, 0x0054, 0x0055, 0x0056, 0x0057, 0x0058, 0x0059, 0x005a, 0x005b, 0x005c, 0x005d, 0x005e, 0x005f,
            0x0060, 0x0061, 0x0062, 0x0063, 0x0064, 0x0065, 0x0066, 0x0067, 0x0068, 0x0069, 0x006a, 0x006b, 0x006c, 0x006d, 0x006e, 0x006f,
            0x0070, 0x0071, 0x0072, 0x0073, 0x0074, 0x0075, 0x0076, 0x0077, 0x0078, 0x0079, 0x007a, 0x007b, 0x007c, 0x007d, 0x007e, 0x007f,
            0x00c7, 0x00fc, 0x00e9, 0x00e2, 0x00c2, 0x00e0, 0x00b6, 0x00e7, 0x00ea, 0x00eb, 0x00e8, 0x00ef, 0x00ee, 0x2017, 0x00c0, 0x00a7,
            0x00c9, 0x00c8, 0x00ca, 0x00f4, 0x00cb, 0x00cf, 0x00fb, 0x00f9, 0x00a4, 0x00d4, 0x00dc, 0x00a2, 0x00a3, 0x00d9, 0x00db, 0x0192,
            0x00a6, 0x00b4, 0x00f3, 0x00fa, 0x00a8, 0x00b8, 0x00b3, 0x00af, 0x00ce, 0x2310, 0x00ac, 0x00bd, 0x00bc, 0x00be, 0x00ab, 0x00bb,
            0x2591, 0x2592, 0x2593, 0x2502, 0x2524, 0x2561, 0x2562, 0x2556, 0x2555, 0x2563, 0x2551, 0x2557, 0x255d, 0x255c, 0x255b, 0x2510,
            0x2514, 0x2534, 0x252c, 0x251c, 0x2500, 0x253c, 0x255e, 0x255f, 0x255a, 0x2554, 0x2569, 0x2566, 0x2560, 0x2550, 0x256c, 0x2567,
            0x2568, 0x2564, 0x2565, 0x2559, 0x2558, 0x2552, 0x2553, 0x256b, 0x256a, 0x2518, 0x250c, 0x2588, 0x2584, 0x258c, 0x2590, 0x2580,
            0x03b1, 0x00df, 0x0393, 0x03c0, 0x03a3, 0x03c3, 0x00b5, 0x03c4, 0x03a6, 0x0398, 0x03a9, 0x03b4, 0x221e, 0x03c6, 0x03b5, 0x2229,
            0x2261, 0x00b1, 0x2265, 0x2264, 0x2320, 0x2321, 0x00f7, 0x2248, 0x00b0, 0x2219, 0x00b7, 0x221a, 0x207f, 0x00b2, 0x25a0, 0x00a0,
        ],
        decode_only: &[],
    },
    // ibm864 (8bit-gap, localedata/charmaps/IBM864)
    Table8 {
        names: &[
            b"IBM864//",
            b"864//",
            b"CP864//",
            b"CSIBM864//",
            b"OSF10020360//",
        ],
        to_ucs: [
            0x0000, 0x0001, 0x0002, 0x0003, 0x0004, 0x0005, 0x0006, 0x0007, 0x0008, 0x0009, 0x000a, 0x000b, 0x000c, 0x000d, 0x000e, 0x000f,
            0x0010, 0x0011, 0x0012, 0x0013, 0x0014, 0x0015, 0x0016, 0x0017, 0x0018, 0x0019, 0x001a, 0x001b, 0x001c, 0x001d, 0x001e, 0x001f,
            0x0020, 0x0021, 0x0022, 0x0023, 0x0024, 0x066a, 0x0026, 0x0027, 0x0028, 0x0029, 0x002a, 0x002b, 0x002c, 0x002d, 0x002e, 0x002f,
            0x0030, 0x0031, 0x0032, 0x0033, 0x0034, 0x0035, 0x0036, 0x0037, 0x0038, 0x0039, 0x003a, 0x003b, 0x003c, 0x003d, 0x003e, 0x003f,
            0x0040, 0x0041, 0x0042, 0x0043, 0x0044, 0x0045, 0x0046, 0x0047, 0x0048, 0x0049, 0x004a, 0x004b, 0x004c, 0x004d, 0x004e, 0x004f,
            0x0050, 0x0051, 0x0052, 0x0053, 0x0054, 0x0055, 0x0056, 0x0057, 0x0058, 0x0059, 0x005a, 0x005b, 0x005c, 0x005d, 0x005e, 0x005f,
            0x0060, 0x0061, 0x0062, 0x0063, 0x0064, 0x0065, 0x0066, 0x0067, 0x0068, 0x0069, 0x006a, 0x006b, 0x006c, 0x006d, 0x006e, 0x006f,
            0x0070, 0x0071, 0x0072, 0x0073, 0x0074, 0x0075, 0x0076, 0x0077, 0x0078, 0x0079, 0x007a, 0x007b, 0x007c, 0x007d, 0x007e, 0x007f,
            0x00b0, 0x00b7, 0x2219, 0x221a, 0x2592, 0x2500, 0x2502, 0x253c, 0x2524, 0x252c, 0x251c, 0x2534, 0x2510, 0x250c, 0x2514, 0x2518,
            0x03b2, 0x221e, 0x03c6, 0x00b1, 0x00bd, 0x00bc, 0x2248, 0x00ab, 0x00bb, 0xfef7, 0xfef8, 0x0000, 0x0000, 0xfefb, 0xfefc, 0x0000,
            0x00a0, 0x00ad, 0xfe82, 0x00a3, 0x00a4, 0xfe84, 0x0000, 0x0000, 0xfe8e, 0xfe8f, 0xfe95, 0xfe99, 0x060c, 0xfe9d, 0xfea1, 0xfea5,
            0x0660, 0x0661, 0x0662, 0x0663, 0x0664, 0x0665, 0x0666, 0x0667, 0x0668, 0x0669, 0xfed1, 0x061b, 0xfeb1, 0xfeb5, 0xfeb9, 0x061f,
            0x00a2, 0xfe80, 0xfe81, 0xfe83, 0xfe85, 0xfeca, 0xfe8b, 0xfe8d, 0xfe91, 0xfe93, 0xfe97, 0xfe9b, 0xfe9f, 0xfea3, 0xfea7, 0xfea9,
            0xfeab, 0xfead, 0xfeaf, 0xfeb3, 0xfeb7, 0xfebb, 0xfebf, 0xfec1, 0xfec5, 0xfecb, 0xfecf, 0x00a6, 0x00ac, 0x00f7, 0x00d7, 0xfec9,
            0x0640, 0xfed3, 0xfed7, 0xfedb, 0xfedf, 0xfee3, 0xfee7, 0xfeeb, 0xfeed, 0xfeef, 0xfef3, 0xfebd, 0xfecc, 0xfece, 0xfecd, 0xfee1,
            0xfe7d, 0x0651, 0xfee5, 0xfee9, 0xfeec, 0xfef0, 0xfef2, 0xfed0, 0xfed5, 0xfef5, 0xfef6, 0xfedd, 0xfed9, 0xfef1, 0x25a0, 0x0000,
        ],
        decode_only: &[],
    },
    // ibm865 (8bit-gap, localedata/charmaps/IBM865)
    Table8 {
        names: &[
            b"IBM865//",
            b"865//",
            b"CP865//",
            b"CSIBM865//",
        ],
        to_ucs: [
            0x0000, 0x0001, 0x0002, 0x0003, 0x0004, 0x0005, 0x0006, 0x0007, 0x0008, 0x0009, 0x000a, 0x000b, 0x000c, 0x000d, 0x000e, 0x000f,
            0x0010, 0x0011, 0x0012, 0x0013, 0x0014, 0x0015, 0x0016, 0x0017, 0x0018, 0x0019, 0x001a, 0x001b, 0x001c, 0x001d, 0x001e, 0x001f,
            0x0020, 0x0021, 0x0022, 0x0023, 0x0024, 0x0025, 0x0026, 0x0027, 0x0028, 0x0029, 0x002a, 0x002b, 0x002c, 0x002d, 0x002e, 0x002f,
            0x0030, 0x0031, 0x0032, 0x0033, 0x0034, 0x0035, 0x0036, 0x0037, 0x0038, 0x0039, 0x003a, 0x003b, 0x003c, 0x003d, 0x003e, 0x003f,
            0x0040, 0x0041, 0x0042, 0x0043, 0x0044, 0x0045, 0x0046, 0x0047, 0x0048, 0x0049, 0x004a, 0x004b, 0x004c, 0x004d, 0x004e, 0x004f,
            0x0050, 0x0051, 0x0052, 0x0053, 0x0054, 0x0055, 0x0056, 0x0057, 0x0058, 0x0059, 0x005a, 0x005b, 0x005c, 0x005d, 0x005e, 0x005f,
            0x0060, 0x0061, 0x0062, 0x0063, 0x0064, 0x0065, 0x0066, 0x0067, 0x0068, 0x0069, 0x006a, 0x006b, 0x006c, 0x006d, 0x006e, 0x006f,
            0x0070, 0x0071, 0x0072, 0x0073, 0x0074, 0x0075, 0x0076, 0x0077, 0x0078, 0x0079, 0x007a, 0x007b, 0x007c, 0x007d, 0x007e, 0x007f,
            0x00c7, 0x00fc, 0x00e9, 0x00e2, 0x00e4, 0x00e0, 0x00e5, 0x00e7, 0x00ea, 0x00eb, 0x00e8, 0x00ef, 0x00ee, 0x00ec, 0x00c4, 0x00c5,
            0x00c9, 0x00e6, 0x00c6, 0x00f4, 0x00f6, 0x00f2, 0x00fb, 0x00f9, 0x00ff, 0x00d6, 0x00dc, 0x00f8, 0x00a3, 0x00d8, 0x20a7, 0x0192,
            0x00e1, 0x00ed, 0x00f3, 0x00fa, 0x00f1, 0x00d1, 0x00aa, 0x00ba, 0x00bf, 0x2310, 0x00ac, 0x00bd, 0x00bc, 0x00a1, 0x00ab, 0x00a4,
            0x2591, 0x2592, 0x2593, 0x2502, 0x2524, 0x2561, 0x2562, 0x2556, 0x2555, 0x2563, 0x2551, 0x2557, 0x255d, 0x255c, 0x255b, 0x2510,
            0x2514, 0x2534, 0x252c, 0x251c, 0x2500, 0x253c, 0x255e, 0x255f, 0x255a, 0x2554, 0x2569, 0x2566, 0x2560, 0x2550, 0x256c, 0x2567,
            0x2568, 0x2564, 0x2565, 0x2559, 0x2558, 0x2552, 0x2553, 0x256b, 0x256a, 0x2518, 0x250c, 0x2588, 0x2584, 0x258c, 0x2590, 0x2580,
            0x03b1, 0x00df, 0x0393, 0x03c0, 0x03a3, 0x03c3, 0x00b5, 0x03c4, 0x03a6, 0x0398, 0x03a9, 0x03b4, 0x221e, 0x03c6, 0x03b5, 0x2229,
            0x2261, 0x00b1, 0x2265, 0x2264, 0x2320, 0x2321, 0x00f7, 0x2248, 0x00b0, 0x2219, 0x00b7, 0x221a, 0x207f, 0x00b2, 0x25a0, 0x00a0,
        ],
        decode_only: &[],
    },
    // ibm868 (8bit-gap, localedata/charmaps/IBM868)
    Table8 {
        names: &[
            b"IBM868//",
            b"CP-AR//",
            b"CP868//",
            b"CSIBM868//",
            b"OSF10020364//",
        ],
        to_ucs: [
            0x0000, 0x0001, 0x0002, 0x0003, 0x0004, 0x0005, 0x0006, 0x0007, 0x0008, 0x0009, 0x000a, 0x000b, 0x000c, 0x000d, 0x000e, 0x000f,
            0x0010, 0x0011, 0x0012, 0x0013, 0x0014, 0x0015, 0x0016, 0x0017, 0x0018, 0x0019, 0x001a, 0x001b, 0x001c, 0x001d, 0x001e, 0x001f,
            0x0020, 0x0021, 0x0022, 0x0023, 0x0024, 0x0025, 0x0026, 0x0027, 0x0028, 0x0029, 0x002a, 0x002b, 0x002c, 0x002d, 0x002e, 0x002f,
            0x0030, 0x0031, 0x0032, 0x0033, 0x0034, 0x0035, 0x0036, 0x0037, 0x0038, 0x0039, 0x003a, 0x003b, 0x003c, 0x003d, 0x003e, 0x003f,
            0x0040, 0x0041, 0x0042, 0x0043, 0x0044, 0x0045, 0x0046, 0x0047, 0x0048, 0x0049, 0x004a, 0x004b, 0x004c, 0x004d, 0x004e, 0x004f,
            0x0050, 0x0051, 0x0052, 0x0053, 0x0054, 0x0055, 0x0056, 0x0057, 0x0058, 0x0059, 0x005a, 0x005b, 0x005c, 0x005d, 0x005e, 0x005f,
            0x0060, 0x0061, 0x0062, 0x0063, 0x0064, 0x0065, 0x0066, 0x0067, 0x0068, 0x0069, 0x006a, 0x006b, 0x006c, 0x006d, 0x006e, 0x006f,
            0x0070, 0x0071, 0x0072, 0x0073, 0x0074, 0x0075, 0x0076, 0x0077, 0x0078, 0x0079, 0x007a, 0x007b, 0x007c, 0x007d, 0x007e, 0x007f,
            0x0660, 0x0661, 0x0662, 0x0663, 0x0664, 0x0665, 0x0666, 0x0667, 0x0668, 0x0669, 0x060c, 0x061b, 0x061f, 0x0622, 0x0627, 0xfe8e,
            0xe016, 0x0628, 0xfe91, 0x067e, 0x0000, 0x0629, 0x062a, 0xfe97, 0x0000, 0x0000, 0x062b, 0xfe9b, 0x062c, 0xfe9f, 0x0000, 0x0000,
            0x062d, 0xfea3, 0x062e, 0xfea7, 0x062f, 0x0000, 0x0630, 0x0631, 0x0000, 0x0632, 0x0000, 0x0633, 0xfeb3, 0x0634, 0x00ab, 0x00bb,
            0xfeb7, 0x0635, 0x2591, 0x2592, 0x2593, 0x2502, 0x2524, 0xfebb, 0x0636, 0xfebf, 0x0637, 0x2563, 0x2551, 0x2557, 0x255d, 0x0638,
            0x0639, 0x2510, 0x2514, 0x2534, 0x252c, 0x251c, 0x2500, 0x253c, 0xfeca, 0xfecb, 0x255a, 0x2554, 0x2569, 0x2566, 0x2560, 0x2550,
            0x256c, 0xfecc, 0x063a, 0xfece, 0xfecf, 0xfed0, 0x0641, 0xfed3, 0x0642, 0xfed7, 0xfeda, 0x2518, 0x250c, 0x2588, 0x2580, 0xfedb,
            0x0000, 0x2584, 0x0000, 0x0644, 0xfede, 0xfee0, 0x0645, 0xfee3, 0x0000, 0x0646, 0xfee7, 0x0000, 0x0648, 0x0000, 0x0000, 0x0000,
            0x0000, 0x0621, 0x00ad, 0x0000, 0x0000, 0x0000, 0x0000, 0x0000, 0x0000, 0x0000, 0x0000, 0x0651, 0xfe7d, 0x0000, 0x25a0, 0x00a0,
        ],
        decode_only: &[],
    },
    // ibm869 (8bit-gap, localedata/charmaps/IBM869)
    Table8 {
        names: &[
            b"IBM869//",
            b"869//",
            b"CP-GR//",
            b"CP869//",
            b"CSIBM869//",
            b"OSF10020365//",
        ],
        to_ucs: [
            0x0000, 0x0001, 0x0002, 0x0003, 0x0004, 0x0005, 0x0006, 0x0007, 0x0008, 0x0009, 0x000a, 0x000b, 0x000c, 0x000d, 0x000e, 0x000f,
            0x0010, 0x0011, 0x0012, 0x0013, 0x0014, 0x0015, 0x0016, 0x0017, 0x0018, 0x0019, 0x001a, 0x001b, 0x001c, 0x001d, 0x001e, 0x001f,
            0x0020, 0x0021, 0x0022, 0x0023, 0x0024, 0x0025, 0x0026, 0x0027, 0x0028, 0x0029, 0x002a, 0x002b, 0x002c, 0x002d, 0x002e, 0x002f,
            0x0030, 0x0031, 0x0032, 0x0033, 0x0034, 0x0035, 0x0036, 0x0037, 0x0038, 0x0039, 0x003a, 0x003b, 0x003c, 0x003d, 0x003e, 0x003f,
            0x0040, 0x0041, 0x0042, 0x0043, 0x0044, 0x0045, 0x0046, 0x0047, 0x0048, 0x0049, 0x004a, 0x004b, 0x004c, 0x004d, 0x004e, 0x004f,
            0x0050, 0x0051, 0x0052, 0x0053, 0x0054, 0x0055, 0x0056, 0x0057, 0x0058, 0x0059, 0x005a, 0x005b, 0x005c, 0x005d, 0x005e, 0x005f,
            0x0060, 0x0061, 0x0062, 0x0063, 0x0064, 0x0065, 0x0066, 0x0067, 0x0068, 0x0069, 0x006a, 0x006b, 0x006c, 0x006d, 0x006e, 0x006f,
            0x0070, 0x0071, 0x0072, 0x0073, 0x0074, 0x0075, 0x0076, 0x0077, 0x0078, 0x0079, 0x007a, 0x007b, 0x007c, 0x007d, 0x007e, 0x007f,
            0x0000, 0x0000, 0x0000, 0x0000, 0x0000, 0x0000, 0x0386, 0x0000, 0x00b7, 0x00ac, 0x00a6, 0x2018, 0x2019, 0x0388, 0x2015, 0x0389,
            0x038a, 0x03aa, 0x038c, 0x0000, 0x0000, 0x038e, 0x03ab, 0x00a9, 0x038f, 0x00b2, 0x00b3, 0x03ac, 0x00a3, 0x03ad, 0x03ae, 0x03af,
            0x03ca, 0x0390, 0x03cc, 0x03cd, 0x0391, 0x0392, 0x0393, 0x0394, 0x0395, 0x0396, 0x0397, 0x00bd, 0x0398, 0x0399, 0x00ab, 0x00bb,
            0x2591, 0x2592, 0x2593, 0x2502, 0x2524, 0x039a, 0x039b, 0x039c, 0x039d, 0x2563, 0x2551, 0x2557, 0x255d, 0x039e, 0x039f, 0x2510,
            0x2514, 0x2534, 0x252c, 0x251c, 0x2500, 0x253c, 0x03a0, 0x03a1, 0x255a, 0x2554, 0x2569, 0x2566, 0x2560, 0x2550, 0x256c, 0x03a3,
            0x03a4, 0x03a5, 0x03a6, 0x03a7, 0x03a8, 0x03a9, 0x03b1, 0x03b2, 0x03b3, 0x2518, 0x250c, 0x2588, 0x2584, 0x03b4, 0x03b5, 0x2580,
            0x03b6, 0x03b7, 0x03b8, 0x03b9, 0x03ba, 0x03bb, 0x03bc, 0x03bd, 0x03be, 0x03bf, 0x03c0, 0x03c1, 0x03c3, 0x03c2, 0x03c4, 0x0384,
            0x00ad, 0x00b1, 0x03c5, 0x03c6, 0x03c7, 0x00a7, 0x03c8, 0x0385, 0x00b0, 0x00a8, 0x03c9, 0x03cb, 0x03b0, 0x03ce, 0x25a0, 0x00a0,
        ],
        decode_only: &[],
    },
    // ibm875 (8bit-gap, localedata/charmaps/IBM875)
    Table8 {
        names: &[
            b"IBM875//",
            b"CP875//",
            b"EBCDIC-GREEK//",
            b"OSF1002036B//",
        ],
        to_ucs: [
            0x0000, 0x0001, 0x0002, 0x0003, 0x009c, 0x0009, 0x0086, 0x007f, 0x0097, 0x008d, 0x008e, 0x000b, 0x000c, 0x000d, 0x000e, 0x000f,
            0x0010, 0x0011, 0x0012, 0x0013, 0x009d, 0x0085, 0x0008, 0x0087, 0x0018, 0x0019, 0x0092, 0x008f, 0x001c, 0x001d, 0x001e, 0x001f,
            0x0080, 0x0081, 0x0082, 0x0083, 0x0084, 0x000a, 0x0017, 0x001b, 0x0088, 0x0089, 0x008a, 0x008b, 0x008c, 0x0005, 0x0006, 0x0007,
            0x0090, 0x0091, 0x0016, 0x0093, 0x0094, 0x0095, 0x0096, 0x0004, 0x0098, 0x0099, 0x009a, 0x009b, 0x0014, 0x0015, 0x009e, 0x001a,
            0x0020, 0x0391, 0x0392, 0x0393, 0x0394, 0x0395, 0x0396, 0x0397, 0x0398, 0x0399, 0x005b, 0x002e, 0x003c, 0x0028, 0x002b, 0x0021,
            0x0026, 0x039a, 0x039b, 0x039c, 0x039d, 0x039e, 0x039f, 0x03a0, 0x03a1, 0x03a3, 0x005d, 0x0024, 0x002a, 0x0029, 0x003b, 0x005e,
            0x002d, 0x002f, 0x03a4, 0x03a5, 0x03a6, 0x03a7, 0x03a8, 0x03a9, 0x03aa, 0x03ab, 0x0000, 0x002c, 0x0025, 0x005f, 0x003e, 0x003f,
            0x00a8, 0x0386, 0x0388, 0x0389, 0x2207, 0x038a, 0x038c, 0x038e, 0x038f, 0x0060, 0x003a, 0x0023, 0x0040, 0x0027, 0x003d, 0x0022,
            0x0385, 0x0061, 0x0062, 0x0063, 0x0064, 0x0065, 0x0066, 0x0067, 0x0068, 0x0069, 0x03b1, 0x03b2, 0x03b3, 0x03b4, 0x03b5, 0x03b6,
            0x00b0, 0x006a, 0x006b, 0x006c, 0x006d, 0x006e, 0x006f, 0x0070, 0x0071, 0x0072, 0x03b7, 0x03b8, 0x03b9, 0x03ba, 0x03bb, 0x03bc,
            0x00b4, 0x007e, 0x0073, 0x0074, 0x0075, 0x0076, 0x0077, 0x0078, 0x0079, 0x007a, 0x03bd, 0x03be, 0x03bf, 0x03c0, 0x03c1, 0x03c3,
            0x00a3, 0x03ac, 0x03ad, 0x03ae, 0x03ca, 0x03af, 0x03cc, 0x03cd, 0x03cb, 0x03ce, 0x03c2, 0x03c4, 0x03c5, 0x03c6, 0x03c7, 0x03c8,
            0x007b, 0x0041, 0x0042, 0x0043, 0x0044, 0x0045, 0x0046, 0x0047, 0x0048, 0x0049, 0x00ad, 0x03c9, 0x0390, 0x03b0, 0x2018, 0x2015,
            0x007d, 0x004a, 0x004b, 0x004c, 0x004d, 0x004e, 0x004f, 0x0050, 0x0051, 0x0052, 0x00b1, 0x00bd, 0x0000, 0x00b7, 0x2019, 0x00a6,
            0x005c, 0x0000, 0x0053, 0x0054, 0x0055, 0x0056, 0x0057, 0x0058, 0x0059, 0x005a, 0x00b2, 0x00a7, 0x0000, 0x0000, 0x00ab, 0x00ac,
            0x0030, 0x0031, 0x0032, 0x0033, 0x0034, 0x0035, 0x0036, 0x0037, 0x0038, 0x0039, 0x00b3, 0x00a9, 0x0000, 0x0000, 0x00bb, 0x009f,
        ],
        decode_only: &[],
    },
    // ibm880 (8bit-gap, localedata/charmaps/IBM880)
    Table8 {
        names: &[
            b"IBM880//",
            b"CP880//",
            b"CSIBM880//",
            b"EBCDIC-CYRILLIC//",
            b"OSF10020370//",
        ],
        to_ucs: [
            0x0000, 0x0001, 0x0002, 0x0003, 0x009c, 0x0009, 0x0086, 0x007f, 0x0097, 0x008d, 0x008e, 0x000b, 0x000c, 0x000d, 0x000e, 0x000f,
            0x0010, 0x0011, 0x0012, 0x0013, 0x009d, 0x0085, 0x0008, 0x0087, 0x0018, 0x0019, 0x0092, 0x008f, 0x001c, 0x001d, 0x001e, 0x001f,
            0x0080, 0x0081, 0x0082, 0x0083, 0x0084, 0x000a, 0x0017, 0x001b, 0x0088, 0x0089, 0x008a, 0x008b, 0x008c, 0x0005, 0x0006, 0x0007,
            0x0090, 0x0091, 0x0016, 0x0093, 0x0094, 0x0095, 0x0096, 0x0004, 0x0098, 0x0099, 0x009a, 0x009b, 0x0014, 0x0015, 0x009e, 0x001a,
            0x0020, 0x0000, 0x0452, 0x0453, 0x0451, 0x0000, 0x0455, 0x0456, 0x0457, 0x0458, 0x005b, 0x002e, 0x003c, 0x0028, 0x002b, 0x0021,
            0x0026, 0x0459, 0x045a, 0x045b, 0x045c, 0x0000, 0x045f, 0x042a, 0x2116, 0x0402, 0x005d, 0x0024, 0x002a, 0x0029, 0x003b, 0x005e,
            0x002d, 0x002f, 0x0403, 0x0401, 0x0000, 0x0405, 0x0406, 0x0407, 0x0408, 0x0409, 0x00a6, 0x002c, 0x0025, 0x005f, 0x003e, 0x003f,
            0x040a, 0x040b, 0x040c, 0x0000, 0x0000, 0x040f, 0x044e, 0x0430, 0x0431, 0x0000, 0x003a, 0x0023, 0x0040, 0x0027, 0x003d, 0x0022,
            0x0446, 0x0061, 0x0062, 0x0063, 0x0064, 0x0065, 0x0066, 0x0067, 0x0068, 0x0069, 0x0434, 0x0435, 0x0444, 0x0433, 0x0445, 0x0438,
            0x0439, 0x006a, 0x006b, 0x006c, 0x006d, 0x006e, 0x006f, 0x0070, 0x0071, 0x0072, 0x043a, 0x043b, 0x043c, 0x043d, 0x043e, 0x043f,
            0x044f, 0x0000, 0x0073, 0x0074, 0x0075, 0x0076, 0x0077, 0x0078, 0x0079, 0x007a, 0x0440, 0x0441, 0x0442, 0x0443, 0x0436, 0x0432,
            0x044c, 0x044b, 0x0437, 0x0448, 0x044d, 0x0449, 0x0447, 0x044a, 0x042e, 0x0410, 0x0411, 0x0426, 0x0414, 0x0415, 0x0424, 0x0413,
            0x0000, 0x0041, 0x0042, 0x0043, 0x0044, 0x0045, 0x0046, 0x0047, 0x0048, 0x0049, 0x0425, 0x0418, 0x0419, 0x041a, 0x041b, 0x041c,
            0x0000, 0x004a, 0x004b, 0x004c, 0x004d, 0x004e, 0x004f, 0x0050, 0x0051, 0x0052, 0x041d, 0x041e, 0x041f, 0x042f, 0x0420, 0x0421,
            0x005c, 0x00a4, 0x0053, 0x0054, 0x0055, 0x0056, 0x0057, 0x0058, 0x0059, 0x005a, 0x0422, 0x0423, 0x0416, 0x0412, 0x042c, 0x042b,
            0x0030, 0x0031, 0x0032, 0x0033, 0x0034, 0x0035, 0x0036, 0x0037, 0x0038, 0x0039, 0x0417, 0x0428, 0x042d, 0x0429, 0x0427, 0x009f,
        ],
        decode_only: &[],
    },
    // ibm918 (8bit-gap, localedata/charmaps/IBM918)
    Table8 {
        names: &[
            b"IBM918//",
            b"CP918//",
            b"CSIBM918//",
            b"EBCDIC-CP-AR2//",
            b"OSF10020396//",
        ],
        to_ucs: [
            0x0000, 0x0001, 0x0002, 0x0003, 0x009c, 0x0009, 0x0086, 0x007f, 0x0097, 0x008d, 0x008e, 0x000b, 0x000c, 0x000d, 0x000e, 0x000f,
            0x0010, 0x0011, 0x0012, 0x0013, 0x009d, 0x0085, 0x0008, 0x0087, 0x0018, 0x0019, 0x0092, 0x008f, 0x001c, 0x001d, 0x001e, 0x001f,
            0x0080, 0x0081, 0x0082, 0x0083, 0x0084, 0x000a, 0x0017, 0x001b, 0x0088, 0x0089, 0x008a, 0x008b, 0x008c, 0x0005, 0x0006, 0x0007,
            0x0090, 0x0091, 0x0016, 0x0093, 0x0094, 0x0095, 0x0096, 0x0004, 0x0098, 0x0099, 0x009a, 0x009b, 0x0014, 0x0015, 0x009e, 0x001a,
            0x0020, 0x00a0, 0x060c, 0x061b, 0x061f, 0x0623, 0x0627, 0xfe8e, 0x0000, 0x0628, 0x005b, 0x002e, 0x003c, 0x0028, 0x002b, 0x0021,
            0x0026, 0xfe91, 0x067e, 0x0000, 0x0629, 0x062a, 0xfe97, 0x0000, 0x0000, 0x062b, 0x005d, 0x0024, 0x002a, 0x0029, 0x003b, 0x005e,
            0x002d, 0x002f, 0xfe9b, 0x062c, 0xfe9f, 0x0000, 0x0000, 0x062d, 0xfea3, 0x062e, 0x0060, 0x002c, 0x0025, 0x005f, 0x003e, 0x003f,
            0x0660, 0x0661, 0x0662, 0x0663, 0x0664, 0x0665, 0x0666, 0x0667, 0x0668, 0x0669, 0x003a, 0x0023, 0x0040, 0x0027, 0x003d, 0x0022,
            0xfea7, 0x0061, 0x0062, 0x0063, 0x0064, 0x0065, 0x0066, 0x0067, 0x0068, 0x0069, 0x062f, 0x0000, 0x0630, 0x0631, 0x0000, 0x0632,
            0x0000, 0x006a, 0x006b, 0x006c, 0x006d, 0x006e, 0x006f, 0x0070, 0x0071, 0x0072, 0x0633, 0xfeb3, 0x0634, 0xfeb7, 0x0635, 0xfebb,
            0x0636, 0x007e, 0x0073, 0x0074, 0x0075, 0x0076, 0x0077, 0x0078, 0x0079, 0x007a, 0xfebf, 0x0637, 0x0638, 0x0639, 0xfeca, 0xfecb,
            0xfecc, 0x063a, 0xfece, 0xfecf, 0xfed0, 0x0641, 0xfed3, 0x0642, 0xfed7, 0x0643, 0xfedb, 0x007c, 0x0000, 0x0000, 0x0644, 0xfede,
            0x007b, 0x0041, 0x0042, 0x0043, 0x0044, 0x0045, 0x0046, 0x0047, 0x0048, 0x0049, 0x00ad, 0x0000, 0x0645, 0xfee3, 0x0000, 0x0646,
            0x007d, 0x004a, 0x004b, 0x004c, 0x004d, 0x004e, 0x004f, 0x0050, 0x0051, 0x0052, 0xfee7, 0x0000, 0x0648, 0x0000, 0x0000, 0x0000,
            0x005c, 0x0000, 0x0053, 0x0054, 0x0055, 0x0056, 0x0057, 0x0058, 0x0059, 0x005a, 0x0621, 0x0000, 0x0000, 0x0000, 0x0000, 0x0000,
            0x0030, 0x0031, 0x0032, 0x0033, 0x0034, 0x0035, 0x0036, 0x0037, 0x0038, 0x0039, 0x0000, 0x0000, 0x0000, 0x0651, 0xfe7d, 0x009f,
        ],
        decode_only: &[],
    },
    // ibm1004 (8bit-gap, localedata/charmaps/IBM1004)
    Table8 {
        names: &[
            b"IBM1004//",
            b"CP1004//",
            b"OS2LATIN1//",
        ],
        to_ucs: [
            0x0000, 0x0001, 0x0002, 0x0003, 0x0004, 0x0005, 0x0006, 0x0007, 0x0008, 0x0009, 0x000a, 0x000b, 0x000c, 0x000d, 0x000e, 0x000f,
            0x0010, 0x0011, 0x0012, 0x0013, 0x0014, 0x0015, 0x0016, 0x0017, 0x0018, 0x0019, 0x001a, 0x001b, 0x001c, 0x001d, 0x001e, 0x001f,
            0x0020, 0x0021, 0x0022, 0x0023, 0x0024, 0x0025, 0x0026, 0x0027, 0x0028, 0x0029, 0x002a, 0x002b, 0x002c, 0x002d, 0x002e, 0x002f,
            0x0030, 0x0031, 0x0032, 0x0033, 0x0034, 0x0035, 0x0036, 0x0037, 0x0038, 0x0039, 0x003a, 0x003b, 0x003c, 0x003d, 0x003e, 0x003f,
            0x0040, 0x0041, 0x0042, 0x0043, 0x0044, 0x0045, 0x0046, 0x0047, 0x0048, 0x0049, 0x004a, 0x004b, 0x004c, 0x004d, 0x004e, 0x004f,
            0x0050, 0x0051, 0x0052, 0x0053, 0x0054, 0x0055, 0x0056, 0x0057, 0x0058, 0x0059, 0x005a, 0x005b, 0x005c, 0x005d, 0x005e, 0x005f,
            0x0060, 0x0061, 0x0062, 0x0063, 0x0064, 0x0065, 0x0066, 0x0067, 0x0068, 0x0069, 0x006a, 0x006b, 0x006c, 0x006d, 0x006e, 0x006f,
            0x0070, 0x0071, 0x0072, 0x0073, 0x0074, 0x0075, 0x0076, 0x0077, 0x0078, 0x0079, 0x007a, 0x007b, 0x007c, 0x007d, 0x007e, 0x007f,
            0x0000, 0x0000, 0x201a, 0x0000, 0x201e, 0x2026, 0x2020, 0x2021, 0x02c6, 0x2030, 0x0160, 0x2039, 0x0152, 0x0000, 0x0000, 0x0000,
            0x0000, 0x2018, 0x2019, 0x201c, 0x201d, 0x2022, 0x2013, 0x2014, 0x02dc, 0x2122, 0x0161, 0x203a, 0x0153, 0x0000, 0x0000, 0x0178,
            0x00a0, 0x00a1, 0x00a2, 0x00a3, 0x00a4, 0x00a5, 0x00a6, 0x00a7, 0x00a8, 0x00a9, 0x00aa, 0x00ab, 0x00ac, 0x00ad, 0x00ae, 0x00af,
            0x00b0, 0x00b1, 0x00b2, 0x00b3, 0x00b4, 0x00b5, 0x00b6, 0x00b7, 0x00b8, 0x00b9, 0x00ba, 0x00bb, 0x00bc, 0x00bd, 0x00be, 0x00bf,
            0x00c0, 0x00c1, 0x00c2, 0x00c3, 0x00c4, 0x00c5, 0x00c6, 0x00c7, 0x00c8, 0x00c9, 0x00ca, 0x00cb, 0x00cc, 0x00cd, 0x00ce, 0x00cf,
            0x00d0, 0x00d1, 0x00d2, 0x00d3, 0x00d4, 0x00d5, 0x00d6, 0x00d7, 0x00d8, 0x00d9, 0x00da, 0x00db, 0x00dc, 0x00dd, 0x00de, 0x00df,
            0x00e0, 0x00e1, 0x00e2, 0x00e3, 0x00e4, 0x00e5, 0x00e6, 0x00e7, 0x00e8, 0x00e9, 0x00ea, 0x00eb, 0x00ec, 0x00ed, 0x00ee, 0x00ef,
            0x00f0, 0x00f1, 0x00f2, 0x00f3, 0x00f4, 0x00f5, 0x00f6, 0x00f7, 0x00f8, 0x00f9, 0x00fa, 0x00fb, 0x00fc, 0x00fd, 0x00fe, 0x00ff,
        ],
        decode_only: &[],
    },
    // ibm1026 (8bit-gap, localedata/charmaps/IBM1026)
    Table8 {
        names: &[
            b"IBM1026//",
            b"1026//",
            b"CP1026//",
            b"CSIBM1026//",
            b"OSF10020402//",
        ],
        to_ucs: [
            0x0000, 0x0001, 0x0002, 0x0003, 0x009c, 0x0009, 0x0086, 0x007f, 0x0097, 0x008d, 0x008e, 0x000b, 0x000c, 0x000d, 0x000e, 0x000f,
            0x0010, 0x0011, 0x0012, 0x0013, 0x009d, 0x0085, 0x0008, 0x0087, 0x0018, 0x0019, 0x0092, 0x008f, 0x001c, 0x001d, 0x001e, 0x001f,
            0x0080, 0x0081, 0x0082, 0x0083, 0x0084, 0x000a, 0x0017, 0x001b, 0x0088, 0x0089, 0x008a, 0x008b, 0x008c, 0x0005, 0x0006, 0x0007,
            0x0090, 0x0091, 0x0016, 0x0093, 0x0094, 0x0095, 0x0096, 0x0004, 0x0098, 0x0099, 0x009a, 0x009b, 0x0014, 0x0015, 0x009e, 0x001a,
            0x0020, 0x00a0, 0x00e2, 0x00e4, 0x00e0, 0x00e1, 0x00e3, 0x00e5, 0x007b, 0x00f1, 0x00c7, 0x002e, 0x003c, 0x0028, 0x002b, 0x0021,
            0x0026, 0x00e9, 0x00ea, 0x00eb, 0x00e8, 0x00ed, 0x00ee, 0x00ef, 0x00ec, 0x00df, 0x011e, 0x0130, 0x002a, 0x0029, 0x003b, 0x005e,
            0x002d, 0x002f, 0x00c2, 0x00c4, 0x00c0, 0x00c1, 0x00c3, 0x00c5, 0x005b, 0x00d1, 0x015f, 0x002c, 0x0025, 0x005f, 0x003e, 0x003f,
            0x00f8, 0x00c9, 0x00ca, 0x00cb, 0x00c8, 0x00cd, 0x00ce, 0x00cf, 0x00cc, 0x0131, 0x003a, 0x00d6, 0x015e, 0x0027, 0x003d, 0x00dc,
            0x00d8, 0x0061, 0x0062, 0x0063, 0x0064, 0x0065, 0x0066, 0x0067, 0x0068, 0x0069, 0x00ab, 0x00bb, 0x007d, 0x0060, 0x00a6, 0x00b1,
            0x00b0, 0x006a, 0x006b, 0x006c, 0x006d, 0x006e, 0x006f, 0x0070, 0x0071, 0x0072, 0x00aa, 0x00ba, 0x00e6, 0x02db, 0x00c6, 0x00a4,
            0x00b5, 0x00f6, 0x0073, 0x0074, 0x0075, 0x0076, 0x0077, 0x0078, 0x0079, 0x007a, 0x00a1, 0x00bf, 0x005d, 0x0024, 0x0040, 0x00ae,
            0x00a2, 0x00a3, 0x00a5, 0x00b7, 0x00a9, 0x00a7, 0x00b6, 0x00bc, 0x00bd, 0x00be, 0x00ac, 0x007c, 0x2014, 0x00a8, 0x00b4, 0x00d7,
            0x00e7, 0x0041, 0x0042, 0x0043, 0x0044, 0x0045, 0x0046, 0x0047, 0x0048, 0x0049, 0x00ad, 0x00f4, 0x007e, 0x00f2, 0x00f3, 0x00f5,
            0x011f, 0x004a, 0x004b, 0x004c, 0x004d, 0x004e, 0x004f, 0x0050, 0x0051, 0x0052, 0x00b9, 0x00fb, 0x005c, 0x00f9, 0x00fa, 0x00ff,
            0x00fc, 0x00f7, 0x0053, 0x0054, 0x0055, 0x0056, 0x0057, 0x0058, 0x0059, 0x005a, 0x00b2, 0x00d4, 0x0023, 0x00d2, 0x00d3, 0x00d5,
            0x0030, 0x0031, 0x0032, 0x0033, 0x0034, 0x0035, 0x0036, 0x0037, 0x0038, 0x0039, 0x00b3, 0x00db, 0x0022, 0x00d9, 0x00da, 0x009f,
        ],
        decode_only: &[],
    },
    // cp1125 (8bit-gap, localedata/charmaps/CP1125)
    Table8 {
        names: &[
            b"CP1125//",
            b"IBM848//",
            b"RUSCII//",
        ],
        to_ucs: [
            0x0000, 0x0001, 0x0002, 0x0003, 0x0004, 0x0005, 0x0006, 0x0007, 0x0008, 0x0009, 0x000a, 0x000b, 0x000c, 0x000d, 0x000e, 0x000f,
            0x0010, 0x0011, 0x0012, 0x0013, 0x0014, 0x0015, 0x0016, 0x0017, 0x0018, 0x0019, 0x001a, 0x001b, 0x001c, 0x001d, 0x001e, 0x001f,
            0x0020, 0x0021, 0x0022, 0x0023, 0x0024, 0x0025, 0x0026, 0x0027, 0x0028, 0x0029, 0x002a, 0x002b, 0x002c, 0x002d, 0x002e, 0x002f,
            0x0030, 0x0031, 0x0032, 0x0033, 0x0034, 0x0035, 0x0036, 0x0037, 0x0038, 0x0039, 0x003a, 0x003b, 0x003c, 0x003d, 0x003e, 0x003f,
            0x0040, 0x0041, 0x0042, 0x0043, 0x0044, 0x0045, 0x0046, 0x0047, 0x0048, 0x0049, 0x004a, 0x004b, 0x004c, 0x004d, 0x004e, 0x004f,
            0x0050, 0x0051, 0x0052, 0x0053, 0x0054, 0x0055, 0x0056, 0x0057, 0x0058, 0x0059, 0x005a, 0x005b, 0x005c, 0x005d, 0x005e, 0x005f,
            0x0060, 0x0061, 0x0062, 0x0063, 0x0064, 0x0065, 0x0066, 0x0067, 0x0068, 0x0069, 0x006a, 0x006b, 0x006c, 0x006d, 0x006e, 0x006f,
            0x0070, 0x0071, 0x0072, 0x0073, 0x0074, 0x0075, 0x0076, 0x0077, 0x0078, 0x0079, 0x007a, 0x007b, 0x007c, 0x007d, 0x007e, 0x007f,
            0x0410, 0x0411, 0x0412, 0x0413, 0x0414, 0x0415, 0x0416, 0x0417, 0x0418, 0x0419, 0x041a, 0x041b, 0x041c, 0x041d, 0x041e, 0x041f,
            0x0420, 0x0421, 0x0422, 0x0423, 0x0424, 0x0425, 0x0426, 0x0427, 0x0428, 0x0429, 0x042a, 0x042b, 0x042c, 0x042d, 0x042e, 0x042f,
            0x0430, 0x0431, 0x0432, 0x0433, 0x0434, 0x0435, 0x0436, 0x0437, 0x0438, 0x0439, 0x043a, 0x043b, 0x043c, 0x043d, 0x043e, 0x043f,
            0x2591, 0x2592, 0x2593, 0x2502, 0x2524, 0x2561, 0x2562, 0x2556, 0x2555, 0x2563, 0x2551, 0x2557, 0x255d, 0x255c, 0x255b, 0x2510,
            0x2514, 0x2534, 0x252c, 0x251c, 0x2500, 0x253c, 0x255e, 0x255f, 0x255a, 0x2554, 0x2569, 0x2566, 0x2560, 0x2550, 0x256c, 0x2567,
            0x2568, 0x2564, 0x2565, 0x2559, 0x2558, 0x2552, 0x2553, 0x256b, 0x256a, 0x2518, 0x250c, 0x2588, 0x2584, 0x258c, 0x2590, 0x2580,
            0x0440, 0x0441, 0x0442, 0x0443, 0x0444, 0x0445, 0x0446, 0x0447, 0x0448, 0x0449, 0x044a, 0x044b, 0x044c, 0x044d, 0x044e, 0x044f,
            0x0401, 0x0451, 0x0490, 0x0491, 0x0404, 0x0454, 0x0406, 0x0456, 0x0407, 0x0457, 0x00b7, 0x221a, 0x2116, 0x00a4, 0x25a0, 0x00a0,
        ],
        decode_only: &[],
    },
    // cp1250 (8bit-gap, localedata/charmaps/CP1250)
    Table8 {
        names: &[
            b"CP1250//",
            b"MS-EE//",
            b"WINDOWS-1250//",
        ],
        to_ucs: [
            0x0000, 0x0001, 0x0002, 0x0003, 0x0004, 0x0005, 0x0006, 0x0007, 0x0008, 0x0009, 0x000a, 0x000b, 0x000c, 0x000d, 0x000e, 0x000f,
            0x0010, 0x0011, 0x0012, 0x0013, 0x0014, 0x0015, 0x0016, 0x0017, 0x0018, 0x0019, 0x001a, 0x001b, 0x001c, 0x001d, 0x001e, 0x001f,
            0x0020, 0x0021, 0x0022, 0x0023, 0x0024, 0x0025, 0x0026, 0x0027, 0x0028, 0x0029, 0x002a, 0x002b, 0x002c, 0x002d, 0x002e, 0x002f,
            0x0030, 0x0031, 0x0032, 0x0033, 0x0034, 0x0035, 0x0036, 0x0037, 0x0038, 0x0039, 0x003a, 0x003b, 0x003c, 0x003d, 0x003e, 0x003f,
            0x0040, 0x0041, 0x0042, 0x0043, 0x0044, 0x0045, 0x0046, 0x0047, 0x0048, 0x0049, 0x004a, 0x004b, 0x004c, 0x004d, 0x004e, 0x004f,
            0x0050, 0x0051, 0x0052, 0x0053, 0x0054, 0x0055, 0x0056, 0x0057, 0x0058, 0x0059, 0x005a, 0x005b, 0x005c, 0x005d, 0x005e, 0x005f,
            0x0060, 0x0061, 0x0062, 0x0063, 0x0064, 0x0065, 0x0066, 0x0067, 0x0068, 0x0069, 0x006a, 0x006b, 0x006c, 0x006d, 0x006e, 0x006f,
            0x0070, 0x0071, 0x0072, 0x0073, 0x0074, 0x0075, 0x0076, 0x0077, 0x0078, 0x0079, 0x007a, 0x007b, 0x007c, 0x007d, 0x007e, 0x007f,
            0x20ac, 0x0000, 0x201a, 0x0000, 0x201e, 0x2026, 0x2020, 0x2021, 0x0000, 0x2030, 0x0160, 0x2039, 0x015a, 0x0164, 0x017d, 0x0179,
            0x0000, 0x2018, 0x2019, 0x201c, 0x201d, 0x2022, 0x2013, 0x2014, 0x0000, 0x2122, 0x0161, 0x203a, 0x015b, 0x0165, 0x017e, 0x017a,
            0x00a0, 0x02c7, 0x02d8, 0x0141, 0x00a4, 0x0104, 0x00a6, 0x00a7, 0x00a8, 0x00a9, 0x015e, 0x00ab, 0x00ac, 0x00ad, 0x00ae, 0x017b,
            0x00b0, 0x00b1, 0x02db, 0x0142, 0x00b4, 0x00b5, 0x00b6, 0x00b7, 0x00b8, 0x0105, 0x015f, 0x00bb, 0x013d, 0x02dd, 0x013e, 0x017c,
            0x0154, 0x00c1, 0x00c2, 0x0102, 0x00c4, 0x0139, 0x0106, 0x00c7, 0x010c, 0x00c9, 0x0118, 0x00cb, 0x011a, 0x00cd, 0x00ce, 0x010e,
            0x0110, 0x0143, 0x0147, 0x00d3, 0x00d4, 0x0150, 0x00d6, 0x00d7, 0x0158, 0x016e, 0x00da, 0x0170, 0x00dc, 0x00dd, 0x0162, 0x00df,
            0x0155, 0x00e1, 0x00e2, 0x0103, 0x00e4, 0x013a, 0x0107, 0x00e7, 0x010d, 0x00e9, 0x0119, 0x00eb, 0x011b, 0x00ed, 0x00ee, 0x010f,
            0x0111, 0x0144, 0x0148, 0x00f3, 0x00f4, 0x0151, 0x00f6, 0x00f7, 0x0159, 0x016f, 0x00fa, 0x0171, 0x00fc, 0x00fd, 0x0163, 0x02d9,
        ],
        decode_only: &[],
    },
    // cp1251 (8bit-gap, localedata/charmaps/CP1251)
    Table8 {
        names: &[
            b"CP1251//",
            b"MS-CYRL//",
            b"WINDOWS-1251//",
        ],
        to_ucs: [
            0x0000, 0x0001, 0x0002, 0x0003, 0x0004, 0x0005, 0x0006, 0x0007, 0x0008, 0x0009, 0x000a, 0x000b, 0x000c, 0x000d, 0x000e, 0x000f,
            0x0010, 0x0011, 0x0012, 0x0013, 0x0014, 0x0015, 0x0016, 0x0017, 0x0018, 0x0019, 0x001a, 0x001b, 0x001c, 0x001d, 0x001e, 0x001f,
            0x0020, 0x0021, 0x0022, 0x0023, 0x0024, 0x0025, 0x0026, 0x0027, 0x0028, 0x0029, 0x002a, 0x002b, 0x002c, 0x002d, 0x002e, 0x002f,
            0x0030, 0x0031, 0x0032, 0x0033, 0x0034, 0x0035, 0x0036, 0x0037, 0x0038, 0x0039, 0x003a, 0x003b, 0x003c, 0x003d, 0x003e, 0x003f,
            0x0040, 0x0041, 0x0042, 0x0043, 0x0044, 0x0045, 0x0046, 0x0047, 0x0048, 0x0049, 0x004a, 0x004b, 0x004c, 0x004d, 0x004e, 0x004f,
            0x0050, 0x0051, 0x0052, 0x0053, 0x0054, 0x0055, 0x0056, 0x0057, 0x0058, 0x0059, 0x005a, 0x005b, 0x005c, 0x005d, 0x005e, 0x005f,
            0x0060, 0x0061, 0x0062, 0x0063, 0x0064, 0x0065, 0x0066, 0x0067, 0x0068, 0x0069, 0x006a, 0x006b, 0x006c, 0x006d, 0x006e, 0x006f,
            0x0070, 0x0071, 0x0072, 0x0073, 0x0074, 0x0075, 0x0076, 0x0077, 0x0078, 0x0079, 0x007a, 0x007b, 0x007c, 0x007d, 0x007e, 0x007f,
            0x0402, 0x0403, 0x201a, 0x0453, 0x201e, 0x2026, 0x2020, 0x2021, 0x20ac, 0x2030, 0x0409, 0x2039, 0x040a, 0x040c, 0x040b, 0x040f,
            0x0452, 0x2018, 0x2019, 0x201c, 0x201d, 0x2022, 0x2013, 0x2014, 0x0000, 0x2122, 0x0459, 0x203a, 0x045a, 0x045c, 0x045b, 0x045f,
            0x00a0, 0x040e, 0x045e, 0x0408, 0x00a4, 0x0490, 0x00a6, 0x00a7, 0x0401, 0x00a9, 0x0404, 0x00ab, 0x00ac, 0x00ad, 0x00ae, 0x0407,
            0x00b0, 0x00b1, 0x0406, 0x0456, 0x0491, 0x00b5, 0x00b6, 0x00b7, 0x0451, 0x2116, 0x0454, 0x00bb, 0x0458, 0x0405, 0x0455, 0x0457,
            0x0410, 0x0411, 0x0412, 0x0413, 0x0414, 0x0415, 0x0416, 0x0417, 0x0418, 0x0419, 0x041a, 0x041b, 0x041c, 0x041d, 0x041e, 0x041f,
            0x0420, 0x0421, 0x0422, 0x0423, 0x0424, 0x0425, 0x0426, 0x0427, 0x0428, 0x0429, 0x042a, 0x042b, 0x042c, 0x042d, 0x042e, 0x042f,
            0x0430, 0x0431, 0x0432, 0x0433, 0x0434, 0x0435, 0x0436, 0x0437, 0x0438, 0x0439, 0x043a, 0x043b, 0x043c, 0x043d, 0x043e, 0x043f,
            0x0440, 0x0441, 0x0442, 0x0443, 0x0444, 0x0445, 0x0446, 0x0447, 0x0448, 0x0449, 0x044a, 0x044b, 0x044c, 0x044d, 0x044e, 0x044f,
        ],
        decode_only: &[],
    },
    // cp1252 (8bit-gap, localedata/charmaps/CP1252)
    Table8 {
        names: &[
            b"CP1252//",
            b"MS-ANSI//",
            b"WINDOWS-1252//",
        ],
        to_ucs: [
            0x0000, 0x0001, 0x0002, 0x0003, 0x0004, 0x0005, 0x0006, 0x0007, 0x0008, 0x0009, 0x000a, 0x000b, 0x000c, 0x000d, 0x000e, 0x000f,
            0x0010, 0x0011, 0x0012, 0x0013, 0x0014, 0x0015, 0x0016, 0x0017, 0x0018, 0x0019, 0x001a, 0x001b, 0x001c, 0x001d, 0x001e, 0x001f,
            0x0020, 0x0021, 0x0022, 0x0023, 0x0024, 0x0025, 0x0026, 0x0027, 0x0028, 0x0029, 0x002a, 0x002b, 0x002c, 0x002d, 0x002e, 0x002f,
            0x0030, 0x0031, 0x0032, 0x0033, 0x0034, 0x0035, 0x0036, 0x0037, 0x0038, 0x0039, 0x003a, 0x003b, 0x003c, 0x003d, 0x003e, 0x003f,
            0x0040, 0x0041, 0x0042, 0x0043, 0x0044, 0x0045, 0x0046, 0x0047, 0x0048, 0x0049, 0x004a, 0x004b, 0x004c, 0x004d, 0x004e, 0x004f,
            0x0050, 0x0051, 0x0052, 0x0053, 0x0054, 0x0055, 0x0056, 0x0057, 0x0058, 0x0059, 0x005a, 0x005b, 0x005c, 0x005d, 0x005e, 0x005f,
            0x0060, 0x0061, 0x0062, 0x0063, 0x0064, 0x0065, 0x0066, 0x0067, 0x0068, 0x0069, 0x006a, 0x006b, 0x006c, 0x006d, 0x006e, 0x006f,
            0x0070, 0x0071, 0x0072, 0x0073, 0x0074, 0x0075, 0x0076, 0x0077, 0x0078, 0x0079, 0x007a, 0x007b, 0x007c, 0x007d, 0x007e, 0x007f,
            0x20ac, 0x0000, 0x201a, 0x0192, 0x201e, 0x2026, 0x2020, 0x2021, 0x02c6, 0x2030, 0x0160, 0x2039, 0x0152, 0x0000, 0x017d, 0x0000,
            0x0000, 0x2018, 0x2019, 0x201c, 0x201d, 0x2022, 0x2013, 0x2014, 0x02dc, 0x2122, 0x0161, 0x203a, 0x0153, 0x0000, 0x017e, 0x0178,
            0x00a0, 0x00a1, 0x00a2, 0x00a3, 0x00a4, 0x00a5, 0x00a6, 0x00a7, 0x00a8, 0x00a9, 0x00aa, 0x00ab, 0x00ac, 0x00ad, 0x00ae, 0x00af,
            0x00b0, 0x00b1, 0x00b2, 0x00b3, 0x00b4, 0x00b5, 0x00b6, 0x00b7, 0x00b8, 0x00b9, 0x00ba, 0x00bb, 0x00bc, 0x00bd, 0x00be, 0x00bf,
            0x00c0, 0x00c1, 0x00c2, 0x00c3, 0x00c4, 0x00c5, 0x00c6, 0x00c7, 0x00c8, 0x00c9, 0x00ca, 0x00cb, 0x00cc, 0x00cd, 0x00ce, 0x00cf,
            0x00d0, 0x00d1, 0x00d2, 0x00d3, 0x00d4, 0x00d5, 0x00d6, 0x00d7, 0x00d8, 0x00d9, 0x00da, 0x00db, 0x00dc, 0x00dd, 0x00de, 0x00df,
            0x00e0, 0x00e1, 0x00e2, 0x00e3, 0x00e4, 0x00e5, 0x00e6, 0x00e7, 0x00e8, 0x00e9, 0x00ea, 0x00eb, 0x00ec, 0x00ed, 0x00ee, 0x00ef,
            0x00f0, 0x00f1, 0x00f2, 0x00f3, 0x00f4, 0x00f5, 0x00f6, 0x00f7, 0x00f8, 0x00f9, 0x00fa, 0x00fb, 0x00fc, 0x00fd, 0x00fe, 0x00ff,
        ],
        decode_only: &[],
    },
    // cp1253 (8bit-gap, localedata/charmaps/CP1253)
    Table8 {
        names: &[
            b"CP1253//",
            b"MS-GREEK//",
            b"WINDOWS-1253//",
        ],
        to_ucs: [
            0x0000, 0x0001, 0x0002, 0x0003, 0x0004, 0x0005, 0x0006, 0x0007, 0x0008, 0x0009, 0x000a, 0x000b, 0x000c, 0x000d, 0x000e, 0x000f,
            0x0010, 0x0011, 0x0012, 0x0013, 0x0014, 0x0015, 0x0016, 0x0017, 0x0018, 0x0019, 0x001a, 0x001b, 0x001c, 0x001d, 0x001e, 0x001f,
            0x0020, 0x0021, 0x0022, 0x0023, 0x0024, 0x0025, 0x0026, 0x0027, 0x0028, 0x0029, 0x002a, 0x002b, 0x002c, 0x002d, 0x002e, 0x002f,
            0x0030, 0x0031, 0x0032, 0x0033, 0x0034, 0x0035, 0x0036, 0x0037, 0x0038, 0x0039, 0x003a, 0x003b, 0x003c, 0x003d, 0x003e, 0x003f,
            0x0040, 0x0041, 0x0042, 0x0043, 0x0044, 0x0045, 0x0046, 0x0047, 0x0048, 0x0049, 0x004a, 0x004b, 0x004c, 0x004d, 0x004e, 0x004f,
            0x0050, 0x0051, 0x0052, 0x0053, 0x0054, 0x0055, 0x0056, 0x0057, 0x0058, 0x0059, 0x005a, 0x005b, 0x005c, 0x005d, 0x005e, 0x005f,
            0x0060, 0x0061, 0x0062, 0x0063, 0x0064, 0x0065, 0x0066, 0x0067, 0x0068, 0x0069, 0x006a, 0x006b, 0x006c, 0x006d, 0x006e, 0x006f,
            0x0070, 0x0071, 0x0072, 0x0073, 0x0074, 0x0075, 0x0076, 0x0077, 0x0078, 0x0079, 0x007a, 0x007b, 0x007c, 0x007d, 0x007e, 0x007f,
            0x20ac, 0x0000, 0x201a, 0x0192, 0x201e, 0x2026, 0x2020, 0x2021, 0x0000, 0x2030, 0x0000, 0x2039, 0x0000, 0x0000, 0x0000, 0x0000,
            0x0000, 0x2018, 0x2019, 0x201c, 0x201d, 0x2022, 0x2013, 0x2014, 0x0000, 0x2122, 0x0000, 0x203a, 0x0000, 0x0000, 0x0000, 0x0000,
            0x00a0, 0x0385, 0x0386, 0x00a3, 0x00a4, 0x00a5, 0x00a6, 0x00a7, 0x00a8, 0x00a9, 0x0000, 0x00ab, 0x00ac, 0x00ad, 0x00ae, 0x2015,
            0x00b0, 0x00b1, 0x00b2, 0x00b3, 0x0384, 0x00b5, 0x00b6, 0x00b7, 0x0388, 0x0389, 0x038a, 0x00bb, 0x038c, 0x00bd, 0x038e, 0x038f,
            0x0390, 0x0391, 0x0392, 0x0393, 0x0394, 0x0395, 0x0396, 0x0397, 0x0398, 0x0399, 0x039a, 0x039b, 0x039c, 0x039d, 0x039e, 0x039f,
            0x03a0, 0x03a1, 0x0000, 0x03a3, 0x03a4, 0x03a5, 0x03a6, 0x03a7, 0x03a8, 0x03a9, 0x03aa, 0x03ab, 0x03ac, 0x03ad, 0x03ae, 0x03af,
            0x03b0, 0x03b1, 0x03b2, 0x03b3, 0x03b4, 0x03b5, 0x03b6, 0x03b7, 0x03b8, 0x03b9, 0x03ba, 0x03bb, 0x03bc, 0x03bd, 0x03be, 0x03bf,
            0x03c0, 0x03c1, 0x03c2, 0x03c3, 0x03c4, 0x03c5, 0x03c6, 0x03c7, 0x03c8, 0x03c9, 0x03ca, 0x03cb, 0x03cc, 0x03cd, 0x03ce, 0x0000,
        ],
        decode_only: &[],
    },
    // cp1254 (8bit-gap, localedata/charmaps/CP1254)
    Table8 {
        names: &[
            b"CP1254//",
            b"MS-TURK//",
            b"WINDOWS-1254//",
        ],
        to_ucs: [
            0x0000, 0x0001, 0x0002, 0x0003, 0x0004, 0x0005, 0x0006, 0x0007, 0x0008, 0x0009, 0x000a, 0x000b, 0x000c, 0x000d, 0x000e, 0x000f,
            0x0010, 0x0011, 0x0012, 0x0013, 0x0014, 0x0015, 0x0016, 0x0017, 0x0018, 0x0019, 0x001a, 0x001b, 0x001c, 0x001d, 0x001e, 0x001f,
            0x0020, 0x0021, 0x0022, 0x0023, 0x0024, 0x0025, 0x0026, 0x0027, 0x0028, 0x0029, 0x002a, 0x002b, 0x002c, 0x002d, 0x002e, 0x002f,
            0x0030, 0x0031, 0x0032, 0x0033, 0x0034, 0x0035, 0x0036, 0x0037, 0x0038, 0x0039, 0x003a, 0x003b, 0x003c, 0x003d, 0x003e, 0x003f,
            0x0040, 0x0041, 0x0042, 0x0043, 0x0044, 0x0045, 0x0046, 0x0047, 0x0048, 0x0049, 0x004a, 0x004b, 0x004c, 0x004d, 0x004e, 0x004f,
            0x0050, 0x0051, 0x0052, 0x0053, 0x0054, 0x0055, 0x0056, 0x0057, 0x0058, 0x0059, 0x005a, 0x005b, 0x005c, 0x005d, 0x005e, 0x005f,
            0x0060, 0x0061, 0x0062, 0x0063, 0x0064, 0x0065, 0x0066, 0x0067, 0x0068, 0x0069, 0x006a, 0x006b, 0x006c, 0x006d, 0x006e, 0x006f,
            0x0070, 0x0071, 0x0072, 0x0073, 0x0074, 0x0075, 0x0076, 0x0077, 0x0078, 0x0079, 0x007a, 0x007b, 0x007c, 0x007d, 0x007e, 0x007f,
            0x20ac, 0x0000, 0x201a, 0x0192, 0x201e, 0x2026, 0x2020, 0x2021, 0x02c6, 0x2030, 0x0160, 0x2039, 0x0152, 0x0000, 0x0000, 0x0000,
            0x0000, 0x2018, 0x2019, 0x201c, 0x201d, 0x2022, 0x2013, 0x2014, 0x02dc, 0x2122, 0x0161, 0x203a, 0x0153, 0x0000, 0x0000, 0x0178,
            0x00a0, 0x00a1, 0x00a2, 0x00a3, 0x00a4, 0x00a5, 0x00a6, 0x00a7, 0x00a8, 0x00a9, 0x00aa, 0x00ab, 0x00ac, 0x00ad, 0x00ae, 0x00af,
            0x00b0, 0x00b1, 0x00b2, 0x00b3, 0x00b4, 0x00b5, 0x00b6, 0x00b7, 0x00b8, 0x00b9, 0x00ba, 0x00bb, 0x00bc, 0x00bd, 0x00be, 0x00bf,
            0x00c0, 0x00c1, 0x00c2, 0x00c3, 0x00c4, 0x00c5, 0x00c6, 0x00c7, 0x00c8, 0x00c9, 0x00ca, 0x00cb, 0x00cc, 0x00cd, 0x00ce, 0x00cf,
            0x011e, 0x00d1, 0x00d2, 0x00d3, 0x00d4, 0x00d5, 0x00d6, 0x00d7, 0x00d8, 0x00d9, 0x00da, 0x00db, 0x00dc, 0x0130, 0x015e, 0x00df,
            0x00e0, 0x00e1, 0x00e2, 0x00e3, 0x00e4, 0x00e5, 0x00e6, 0x00e7, 0x00e8, 0x00e9, 0x00ea, 0x00eb, 0x00ec, 0x00ed, 0x00ee, 0x00ef,
            0x011f, 0x00f1, 0x00f2, 0x00f3, 0x00f4, 0x00f5, 0x00f6, 0x00f7, 0x00f8, 0x00f9, 0x00fa, 0x00fb, 0x00fc, 0x0131, 0x015f, 0x00ff,
        ],
        decode_only: &[],
    },
    // cp1256 (8bit-gap, localedata/charmaps/CP1256)
    Table8 {
        names: &[
            b"CP1256//",
            b"MS-ARAB//",
            b"WINDOWS-1256//",
        ],
        to_ucs: [
            0x0000, 0x0001, 0x0002, 0x0003, 0x0004, 0x0005, 0x0006, 0x0007, 0x0008, 0x0009, 0x000a, 0x000b, 0x000c, 0x000d, 0x000e, 0x000f,
            0x0010, 0x0011, 0x0012, 0x0013, 0x0014, 0x0015, 0x0016, 0x0017, 0x0018, 0x0019, 0x001a, 0x001b, 0x001c, 0x001d, 0x001e, 0x001f,
            0x0020, 0x0021, 0x0022, 0x0023, 0x0024, 0x0025, 0x0026, 0x0027, 0x0028, 0x0029, 0x002a, 0x002b, 0x002c, 0x002d, 0x002e, 0x002f,
            0x0030, 0x0031, 0x0032, 0x0033, 0x0034, 0x0035, 0x0036, 0x0037, 0x0038, 0x0039, 0x003a, 0x003b, 0x003c, 0x003d, 0x003e, 0x003f,
            0x0040, 0x0041, 0x0042, 0x0043, 0x0044, 0x0045, 0x0046, 0x0047, 0x0048, 0x0049, 0x004a, 0x004b, 0x004c, 0x004d, 0x004e, 0x004f,
            0x0050, 0x0051, 0x0052, 0x0053, 0x0054, 0x0055, 0x0056, 0x0057, 0x0058, 0x0059, 0x005a, 0x005b, 0x005c, 0x005d, 0x005e, 0x005f,
            0x0060, 0x0061, 0x0062, 0x0063, 0x0064, 0x0065, 0x0066, 0x0067, 0x0068, 0x0069, 0x006a, 0x006b, 0x006c, 0x006d, 0x006e, 0x006f,
            0x0070, 0x0071, 0x0072, 0x0073, 0x0074, 0x0075, 0x0076, 0x0077, 0x0078, 0x0079, 0x007a, 0x007b, 0x007c, 0x007d, 0x007e, 0x007f,
            0x20ac, 0x067e, 0x201a, 0x0192, 0x201e, 0x2026, 0x2020, 0x2021, 0x02c6, 0x2030, 0x0679, 0x2039, 0x0152, 0x0686, 0x0698, 0x0688,
            0x06af, 0x2018, 0x2019, 0x201c, 0x201d, 0x2022, 0x2013, 0x2014, 0x06a9, 0x2122, 0x0691, 0x203a, 0x0153, 0x200c, 0x200d, 0x06ba,
            0x00a0, 0x060c, 0x00a2, 0x00a3, 0x00a4, 0x00a5, 0x00a6, 0x00a7, 0x00a8, 0x00a9, 0x06be, 0x00ab, 0x00ac, 0x00ad, 0x00ae, 0x00af,
            0x00b0, 0x00b1, 0x00b2, 0x00b3, 0x00b4, 0x00b5, 0x00b6, 0x00b7, 0x00b8, 0x00b9, 0x061b, 0x00bb, 0x00bc, 0x00bd, 0x00be, 0x061f,
            0x06c1, 0x0621, 0x0622, 0x0623, 0x0624, 0x0625, 0x0626, 0x0627, 0x0628, 0x0629, 0x062a, 0x062b, 0x062c, 0x062d, 0x062e, 0x062f,
            0x0630, 0x0631, 0x0632, 0x0633, 0x0634, 0x0635, 0x0636, 0x00d7, 0x0637, 0x0638, 0x0639, 0x063a, 0x0640, 0x0641, 0x0642, 0x0643,
            0x00e0, 0x0644, 0x00e2, 0x0645, 0x0646, 0x0647, 0x0648, 0x00e7, 0x00e8, 0x00e9, 0x00ea, 0x00eb, 0x0649, 0x064a, 0x00ee, 0x00ef,
            0x064b, 0x064c, 0x064d, 0x064e, 0x00f4, 0x064f, 0x0650, 0x00f7, 0x0651, 0x00f9, 0x0652, 0x00fb, 0x00fc, 0x200e, 0x200f, 0x06d2,
        ],
        decode_only: &[],
    },
    // cp1257 (8bit-gap, localedata/charmaps/CP1257)
    Table8 {
        names: &[
            b"CP1257//",
            b"WINBALTRIM//",
            b"WINDOWS-1257//",
        ],
        to_ucs: [
            0x0000, 0x0001, 0x0002, 0x0003, 0x0004, 0x0005, 0x0006, 0x0007, 0x0008, 0x0009, 0x000a, 0x000b, 0x000c, 0x000d, 0x000e, 0x000f,
            0x0010, 0x0011, 0x0012, 0x0013, 0x0014, 0x0015, 0x0016, 0x0017, 0x0018, 0x0019, 0x001a, 0x001b, 0x001c, 0x001d, 0x001e, 0x001f,
            0x0020, 0x0021, 0x0022, 0x0023, 0x0024, 0x0025, 0x0026, 0x0027, 0x0028, 0x0029, 0x002a, 0x002b, 0x002c, 0x002d, 0x002e, 0x002f,
            0x0030, 0x0031, 0x0032, 0x0033, 0x0034, 0x0035, 0x0036, 0x0037, 0x0038, 0x0039, 0x003a, 0x003b, 0x003c, 0x003d, 0x003e, 0x003f,
            0x0040, 0x0041, 0x0042, 0x0043, 0x0044, 0x0045, 0x0046, 0x0047, 0x0048, 0x0049, 0x004a, 0x004b, 0x004c, 0x004d, 0x004e, 0x004f,
            0x0050, 0x0051, 0x0052, 0x0053, 0x0054, 0x0055, 0x0056, 0x0057, 0x0058, 0x0059, 0x005a, 0x005b, 0x005c, 0x005d, 0x005e, 0x005f,
            0x0060, 0x0061, 0x0062, 0x0063, 0x0064, 0x0065, 0x0066, 0x0067, 0x0068, 0x0069, 0x006a, 0x006b, 0x006c, 0x006d, 0x006e, 0x006f,
            0x0070, 0x0071, 0x0072, 0x0073, 0x0074, 0x0075, 0x0076, 0x0077, 0x0078, 0x0079, 0x007a, 0x007b, 0x007c, 0x007d, 0x007e, 0x007f,
            0x20ac, 0x0000, 0x201a, 0x0000, 0x201e, 0x2026, 0x2020, 0x2021, 0x0000, 0x2030, 0x0000, 0x2039, 0x0000, 0x00a8, 0x02c7, 0x00b8,
            0x0000, 0x2018, 0x2019, 0x201c, 0x201d, 0x2022, 0x2013, 0x2014, 0x0000, 0x2122, 0x0000, 0x203a, 0x0000, 0x00af, 0x02db, 0x0000,
            0x00a0, 0x0000, 0x00a2, 0x00a3, 0x00a4, 0x0000, 0x00a6, 0x00a7, 0x00d8, 0x00a9, 0x0156, 0x00ab, 0x00ac, 0x00ad, 0x00ae, 0x00c6,
            0x00b0, 0x00b1, 0x00b2, 0x00b3, 0x00b4, 0x00b5, 0x00b6, 0x00b7, 0x00f8, 0x00b9, 0x0157, 0x00bb, 0x00bc, 0x00bd, 0x00be, 0x00e6,
            0x0104, 0x012e, 0x0100, 0x0106, 0x00c4, 0x00c5, 0x0118, 0x0112, 0x010c, 0x00c9, 0x0179, 0x0116, 0x0122, 0x0136, 0x012a, 0x013b,
            0x0160, 0x0143, 0x0145, 0x00d3, 0x014c, 0x00d5, 0x00d6, 0x00d7, 0x0172, 0x0141, 0x015a, 0x016a, 0x00dc, 0x017b, 0x017d, 0x00df,
            0x0105, 0x012f, 0x0101, 0x0107, 0x00e4, 0x00e5, 0x0119, 0x0113, 0x010d, 0x00e9, 0x017a, 0x0117, 0x0123, 0x0137, 0x012b, 0x013c,
            0x0161, 0x0144, 0x0146, 0x00f3, 0x014d, 0x00f5, 0x00f6, 0x00f7, 0x0173, 0x0142, 0x015b, 0x016b, 0x00fc, 0x017c, 0x017e, 0x02d9,
        ],
        decode_only: &[],
    },
    // ibm866 (8bit-gap, localedata/charmaps/IBM866)
    Table8 {
        names: &[
            b"IBM866//",
            b"866//",
            b"CP866//",
            b"CSIBM866//",
        ],
        to_ucs: [
            0x0000, 0x0001, 0x0002, 0x0003, 0x0004, 0x0005, 0x0006, 0x0007, 0x0008, 0x0009, 0x000a, 0x000b, 0x000c, 0x000d, 0x000e, 0x000f,
            0x0010, 0x0011, 0x0012, 0x0013, 0x0014, 0x0015, 0x0016, 0x0017, 0x0018, 0x0019, 0x001a, 0x001b, 0x001c, 0x001d, 0x001e, 0x001f,
            0x0020, 0x0021, 0x0022, 0x0023, 0x0024, 0x0025, 0x0026, 0x0027, 0x0028, 0x0029, 0x002a, 0x002b, 0x002c, 0x002d, 0x002e, 0x002f,
            0x0030, 0x0031, 0x0032, 0x0033, 0x0034, 0x0035, 0x0036, 0x0037, 0x0038, 0x0039, 0x003a, 0x003b, 0x003c, 0x003d, 0x003e, 0x003f,
            0x0040, 0x0041, 0x0042, 0x0043, 0x0044, 0x0045, 0x0046, 0x0047, 0x0048, 0x0049, 0x004a, 0x004b, 0x004c, 0x004d, 0x004e, 0x004f,
            0x0050, 0x0051, 0x0052, 0x0053, 0x0054, 0x0055, 0x0056, 0x0057, 0x0058, 0x0059, 0x005a, 0x005b, 0x005c, 0x005d, 0x005e, 0x005f,
            0x0060, 0x0061, 0x0062, 0x0063, 0x0064, 0x0065, 0x0066, 0x0067, 0x0068, 0x0069, 0x006a, 0x006b, 0x006c, 0x006d, 0x006e, 0x006f,
            0x0070, 0x0071, 0x0072, 0x0073, 0x0074, 0x0075, 0x0076, 0x0077, 0x0078, 0x0079, 0x007a, 0x007b, 0x007c, 0x007d, 0x007e, 0x007f,
            0x0410, 0x0411, 0x0412, 0x0413, 0x0414, 0x0415, 0x0416, 0x0417, 0x0418, 0x0419, 0x041a, 0x041b, 0x041c, 0x041d, 0x041e, 0x041f,
            0x0420, 0x0421, 0x0422, 0x0423, 0x0424, 0x0425, 0x0426, 0x0427, 0x0428, 0x0429, 0x042a, 0x042b, 0x042c, 0x042d, 0x042e, 0x042f,
            0x0430, 0x0431, 0x0432, 0x0433, 0x0434, 0x0435, 0x0436, 0x0437, 0x0438, 0x0439, 0x043a, 0x043b, 0x043c, 0x043d, 0x043e, 0x043f,
            0x2591, 0x2592, 0x2593, 0x2502, 0x2524, 0x2561, 0x2562, 0x2556, 0x2555, 0x2563, 0x2551, 0x2557, 0x255d, 0x255c, 0x255b, 0x2510,
            0x2514, 0x2534, 0x252c, 0x251c, 0x2500, 0x253c, 0x255e, 0x255f, 0x255a, 0x2554, 0x2569, 0x2566, 0x2560, 0x2550, 0x256c, 0x2567,
            0x2568, 0x2564, 0x2565, 0x2559, 0x2558, 0x2552, 0x2553, 0x256b, 0x256a, 0x2518, 0x250c, 0x2588, 0x2584, 0x258c, 0x2590, 0x2580,
            0x0440, 0x0441, 0x0442, 0x0443, 0x0444, 0x0445, 0x0446, 0x0447, 0x0448, 0x0449, 0x044a, 0x044b, 0x044c, 0x044d, 0x044e, 0x044f,
            0x0401, 0x0451, 0x0404, 0x0454, 0x0407, 0x0457, 0x040e, 0x045e, 0x00b0, 0x2219, 0x00b7, 0x221a, 0x2116, 0x00a4, 0x25a0, 0x00a0,
        ],
        decode_only: &[],
    },
    // iso8859-5 (8bit-gap, localedata/charmaps/ISO-8859-5)
    Table8 {
        names: &[
            b"ISO-8859-5//",
            b"8859_5//",
            b"CP915//",
            b"CSISOLATINCYRILLIC//",
            b"CYRILLIC//",
            b"IBM915//",
            b"ISO-IR-144//",
            b"ISO8859-5//",
            b"ISO88595//",
            b"ISO_8859-5//",
            b"ISO_8859-5:1988//",
            b"OSF00010005//",
        ],
        to_ucs: [
            0x0000, 0x0001, 0x0002, 0x0003, 0x0004, 0x0005, 0x0006, 0x0007, 0x0008, 0x0009, 0x000a, 0x000b, 0x000c, 0x000d, 0x000e, 0x000f,
            0x0010, 0x0011, 0x0012, 0x0013, 0x0014, 0x0015, 0x0016, 0x0017, 0x0018, 0x0019, 0x001a, 0x001b, 0x001c, 0x001d, 0x001e, 0x001f,
            0x0020, 0x0021, 0x0022, 0x0023, 0x0024, 0x0025, 0x0026, 0x0027, 0x0028, 0x0029, 0x002a, 0x002b, 0x002c, 0x002d, 0x002e, 0x002f,
            0x0030, 0x0031, 0x0032, 0x0033, 0x0034, 0x0035, 0x0036, 0x0037, 0x0038, 0x0039, 0x003a, 0x003b, 0x003c, 0x003d, 0x003e, 0x003f,
            0x0040, 0x0041, 0x0042, 0x0043, 0x0044, 0x0045, 0x0046, 0x0047, 0x0048, 0x0049, 0x004a, 0x004b, 0x004c, 0x004d, 0x004e, 0x004f,
            0x0050, 0x0051, 0x0052, 0x0053, 0x0054, 0x0055, 0x0056, 0x0057, 0x0058, 0x0059, 0x005a, 0x005b, 0x005c, 0x005d, 0x005e, 0x005f,
            0x0060, 0x0061, 0x0062, 0x0063, 0x0064, 0x0065, 0x0066, 0x0067, 0x0068, 0x0069, 0x006a, 0x006b, 0x006c, 0x006d, 0x006e, 0x006f,
            0x0070, 0x0071, 0x0072, 0x0073, 0x0074, 0x0075, 0x0076, 0x0077, 0x0078, 0x0079, 0x007a, 0x007b, 0x007c, 0x007d, 0x007e, 0x007f,
            0x0080, 0x0081, 0x0082, 0x0083, 0x0084, 0x0085, 0x0086, 0x0087, 0x0088, 0x0089, 0x008a, 0x008b, 0x008c, 0x008d, 0x008e, 0x008f,
            0x0090, 0x0091, 0x0092, 0x0093, 0x0094, 0x0095, 0x0096, 0x0097, 0x0098, 0x0099, 0x009a, 0x009b, 0x009c, 0x009d, 0x009e, 0x009f,
            0x00a0, 0x0401, 0x0402, 0x0403, 0x0404, 0x0405, 0x0406, 0x0407, 0x0408, 0x0409, 0x040a, 0x040b, 0x040c, 0x00ad, 0x040e, 0x040f,
            0x0410, 0x0411, 0x0412, 0x0413, 0x0414, 0x0415, 0x0416, 0x0417, 0x0418, 0x0419, 0x041a, 0x041b, 0x041c, 0x041d, 0x041e, 0x041f,
            0x0420, 0x0421, 0x0422, 0x0423, 0x0424, 0x0425, 0x0426, 0x0427, 0x0428, 0x0429, 0x042a, 0x042b, 0x042c, 0x042d, 0x042e, 0x042f,
            0x0430, 0x0431, 0x0432, 0x0433, 0x0434, 0x0435, 0x0436, 0x0437, 0x0438, 0x0439, 0x043a, 0x043b, 0x043c, 0x043d, 0x043e, 0x043f,
            0x0440, 0x0441, 0x0442, 0x0443, 0x0444, 0x0445, 0x0446, 0x0447, 0x0448, 0x0449, 0x044a, 0x044b, 0x044c, 0x044d, 0x044e, 0x044f,
            0x2116, 0x0451, 0x0452, 0x0453, 0x0454, 0x0455, 0x0456, 0x0457, 0x0458, 0x0459, 0x045a, 0x045b, 0x045c, 0x00a7, 0x045e, 0x045f,
        ],
        decode_only: &[],
    },
    // iso8859-7 (8bit-gap, localedata/charmaps/ISO-8859-7)
    Table8 {
        names: &[
            b"ISO-8859-7//",
            b"8859_7//",
            b"CP813//",
            b"CSISOLATINGREEK//",
            b"ECMA-118//",
            b"ELOT_928//",
            b"GREEK//",
            b"GREEK8//",
            b"IBM813//",
            b"ISO-IR-126//",
            b"ISO8859-7//",
            b"ISO88597//",
            b"ISO_8859-7//",
            b"ISO_8859-7:1987//",
            b"ISO_8859-7:2003//",
            b"OSF00010007//",
        ],
        to_ucs: [
            0x0000, 0x0001, 0x0002, 0x0003, 0x0004, 0x0005, 0x0006, 0x0007, 0x0008, 0x0009, 0x000a, 0x000b, 0x000c, 0x000d, 0x000e, 0x000f,
            0x0010, 0x0011, 0x0012, 0x0013, 0x0014, 0x0015, 0x0016, 0x0017, 0x0018, 0x0019, 0x001a, 0x001b, 0x001c, 0x001d, 0x001e, 0x001f,
            0x0020, 0x0021, 0x0022, 0x0023, 0x0024, 0x0025, 0x0026, 0x0027, 0x0028, 0x0029, 0x002a, 0x002b, 0x002c, 0x002d, 0x002e, 0x002f,
            0x0030, 0x0031, 0x0032, 0x0033, 0x0034, 0x0035, 0x0036, 0x0037, 0x0038, 0x0039, 0x003a, 0x003b, 0x003c, 0x003d, 0x003e, 0x003f,
            0x0040, 0x0041, 0x0042, 0x0043, 0x0044, 0x0045, 0x0046, 0x0047, 0x0048, 0x0049, 0x004a, 0x004b, 0x004c, 0x004d, 0x004e, 0x004f,
            0x0050, 0x0051, 0x0052, 0x0053, 0x0054, 0x0055, 0x0056, 0x0057, 0x0058, 0x0059, 0x005a, 0x005b, 0x005c, 0x005d, 0x005e, 0x005f,
            0x0060, 0x0061, 0x0062, 0x0063, 0x0064, 0x0065, 0x0066, 0x0067, 0x0068, 0x0069, 0x006a, 0x006b, 0x006c, 0x006d, 0x006e, 0x006f,
            0x0070, 0x0071, 0x0072, 0x0073, 0x0074, 0x0075, 0x0076, 0x0077, 0x0078, 0x0079, 0x007a, 0x007b, 0x007c, 0x007d, 0x007e, 0x007f,
            0x0080, 0x0081, 0x0082, 0x0083, 0x0084, 0x0085, 0x0086, 0x0087, 0x0088, 0x0089, 0x008a, 0x008b, 0x008c, 0x008d, 0x008e, 0x008f,
            0x0090, 0x0091, 0x0092, 0x0093, 0x0094, 0x0095, 0x0096, 0x0097, 0x0098, 0x0099, 0x009a, 0x009b, 0x009c, 0x009d, 0x009e, 0x009f,
            0x00a0, 0x2018, 0x2019, 0x00a3, 0x20ac, 0x20af, 0x00a6, 0x00a7, 0x00a8, 0x00a9, 0x037a, 0x00ab, 0x00ac, 0x00ad, 0x0000, 0x2015,
            0x00b0, 0x00b1, 0x00b2, 0x00b3, 0x0384, 0x0385, 0x0386, 0x00b7, 0x0388, 0x0389, 0x038a, 0x00bb, 0x038c, 0x00bd, 0x038e, 0x038f,
            0x0390, 0x0391, 0x0392, 0x0393, 0x0394, 0x0395, 0x0396, 0x0397, 0x0398, 0x0399, 0x039a, 0x039b, 0x039c, 0x039d, 0x039e, 0x039f,
            0x03a0, 0x03a1, 0x0000, 0x03a3, 0x03a4, 0x03a5, 0x03a6, 0x03a7, 0x03a8, 0x03a9, 0x03aa, 0x03ab, 0x03ac, 0x03ad, 0x03ae, 0x03af,
            0x03b0, 0x03b1, 0x03b2, 0x03b3, 0x03b4, 0x03b5, 0x03b6, 0x03b7, 0x03b8, 0x03b9, 0x03ba, 0x03bb, 0x03bc, 0x03bd, 0x03be, 0x03bf,
            0x03c0, 0x03c1, 0x03c2, 0x03c3, 0x03c4, 0x03c5, 0x03c6, 0x03c7, 0x03c8, 0x03c9, 0x03ca, 0x03cb, 0x03cc, 0x03cd, 0x03ce, 0x0000,
        ],
        decode_only: &[],
    },
    // iso8859-8 (8bit-gap, localedata/charmaps/ISO-8859-8)
    Table8 {
        names: &[
            b"ISO-8859-8//",
            b"8859_8//",
            b"CP916//",
            b"CSISOLATINHEBREW//",
            b"HEBREW//",
            b"IBM916//",
            b"ISO-IR-138//",
            b"ISO8859-8//",
            b"ISO88598//",
            b"ISO_8859-8//",
            b"ISO_8859-8:1988//",
            b"OSF00010008//",
        ],
        to_ucs: [
            0x0000, 0x0001, 0x0002, 0x0003, 0x0004, 0x0005, 0x0006, 0x0007, 0x0008, 0x0009, 0x000a, 0x000b, 0x000c, 0x000d, 0x000e, 0x000f,
            0x0010, 0x0011, 0x0012, 0x0013, 0x0014, 0x0015, 0x0016, 0x0017, 0x0018, 0x0019, 0x001a, 0x001b, 0x001c, 0x001d, 0x001e, 0x001f,
            0x0020, 0x0021, 0x0022, 0x0023, 0x0024, 0x0025, 0x0026, 0x0027, 0x0028, 0x0029, 0x002a, 0x002b, 0x002c, 0x002d, 0x002e, 0x002f,
            0x0030, 0x0031, 0x0032, 0x0033, 0x0034, 0x0035, 0x0036, 0x0037, 0x0038, 0x0039, 0x003a, 0x003b, 0x003c, 0x003d, 0x003e, 0x003f,
            0x0040, 0x0041, 0x0042, 0x0043, 0x0044, 0x0045, 0x0046, 0x0047, 0x0048, 0x0049, 0x004a, 0x004b, 0x004c, 0x004d, 0x004e, 0x004f,
            0x0050, 0x0051, 0x0052, 0x0053, 0x0054, 0x0055, 0x0056, 0x0057, 0x0058, 0x0059, 0x005a, 0x005b, 0x005c, 0x005d, 0x005e, 0x005f,
            0x0060, 0x0061, 0x0062, 0x0063, 0x0064, 0x0065, 0x0066, 0x0067, 0x0068, 0x0069, 0x006a, 0x006b, 0x006c, 0x006d, 0x006e, 0x006f,
            0x0070, 0x0071, 0x0072, 0x0073, 0x0074, 0x0075, 0x0076, 0x0077, 0x0078, 0x0079, 0x007a, 0x007b, 0x007c, 0x007d, 0x007e, 0x007f,
            0x0080, 0x0081, 0x0082, 0x0083, 0x0084, 0x0085, 0x0086, 0x0087, 0x0088, 0x0089, 0x008a, 0x008b, 0x008c, 0x008d, 0x008e, 0x008f,
            0x0090, 0x0091, 0x0092, 0x0093, 0x0094, 0x0095, 0x0096, 0x0097, 0x0098, 0x0099, 0x009a, 0x009b, 0x009c, 0x009d, 0x009e, 0x009f,
            0x00a0, 0x0000, 0x00a2, 0x00a3, 0x00a4, 0x00a5, 0x00a6, 0x00a7, 0x00a8, 0x00a9, 0x00d7, 0x00ab, 0x00ac, 0x00ad, 0x00ae, 0x00af,
            0x00b0, 0x00b1, 0x00b2, 0x00b3, 0x00b4, 0x00b5, 0x00b6, 0x00b7, 0x00b8, 0x00b9, 0x00f7, 0x00bb, 0x00bc, 0x00bd, 0x00be, 0x0000,
            0x0000, 0x0000, 0x0000, 0x0000, 0x0000, 0x0000, 0x0000, 0x0000, 0x0000, 0x0000, 0x0000, 0x0000, 0x0000, 0x0000, 0x0000, 0x0000,
            0x0000, 0x0000, 0x0000, 0x0000, 0x0000, 0x0000, 0x0000, 0x0000, 0x0000, 0x0000, 0x0000, 0x0000, 0x0000, 0x0000, 0x0000, 0x2017,
            0x05d0, 0x05d1, 0x05d2, 0x05d3, 0x05d4, 0x05d5, 0x05d6, 0x05d7, 0x05d8, 0x05d9, 0x05da, 0x05db, 0x05dc, 0x05dd, 0x05de, 0x05df,
            0x05e0, 0x05e1, 0x05e2, 0x05e3, 0x05e4, 0x05e5, 0x05e6, 0x05e7, 0x05e8, 0x05e9, 0x05ea, 0x0000, 0x0000, 0x200e, 0x200f, 0x0000,
        ],
        decode_only: &[],
    },
    // iso8859-10 (8bit-gap, localedata/charmaps/ISO-8859-10)
    Table8 {
        names: &[
            b"ISO-8859-10//",
            b"CSISOLATIN6//",
            b"ISO-IR-157//",
            b"ISO8859-10//",
            b"ISO885910//",
            b"ISO_8859-10//",
            b"ISO_8859-10:1992//",
            b"L6//",
            b"LATIN6//",
            b"OSF0001000A//",
        ],
        to_ucs: [
            0x0000, 0x0001, 0x0002, 0x0003, 0x0004, 0x0005, 0x0006, 0x0007, 0x0008, 0x0009, 0x000a, 0x000b, 0x000c, 0x000d, 0x000e, 0x000f,
            0x0010, 0x0011, 0x0012, 0x0013, 0x0014, 0x0015, 0x0016, 0x0017, 0x0018, 0x0019, 0x001a, 0x001b, 0x001c, 0x001d, 0x001e, 0x001f,
            0x0020, 0x0021, 0x0022, 0x0023, 0x0024, 0x0025, 0x0026, 0x0027, 0x0028, 0x0029, 0x002a, 0x002b, 0x002c, 0x002d, 0x002e, 0x002f,
            0x0030, 0x0031, 0x0032, 0x0033, 0x0034, 0x0035, 0x0036, 0x0037, 0x0038, 0x0039, 0x003a, 0x003b, 0x003c, 0x003d, 0x003e, 0x003f,
            0x0040, 0x0041, 0x0042, 0x0043, 0x0044, 0x0045, 0x0046, 0x0047, 0x0048, 0x0049, 0x004a, 0x004b, 0x004c, 0x004d, 0x004e, 0x004f,
            0x0050, 0x0051, 0x0052, 0x0053, 0x0054, 0x0055, 0x0056, 0x0057, 0x0058, 0x0059, 0x005a, 0x005b, 0x005c, 0x005d, 0x005e, 0x005f,
            0x0060, 0x0061, 0x0062, 0x0063, 0x0064, 0x0065, 0x0066, 0x0067, 0x0068, 0x0069, 0x006a, 0x006b, 0x006c, 0x006d, 0x006e, 0x006f,
            0x0070, 0x0071, 0x0072, 0x0073, 0x0074, 0x0075, 0x0076, 0x0077, 0x0078, 0x0079, 0x007a, 0x007b, 0x007c, 0x007d, 0x007e, 0x007f,
            0x0080, 0x0081, 0x0082, 0x0083, 0x0084, 0x0085, 0x0086, 0x0087, 0x0088, 0x0089, 0x008a, 0x008b, 0x008c, 0x008d, 0x008e, 0x008f,
            0x0090, 0x0091, 0x0092, 0x0093, 0x0094, 0x0095, 0x0096, 0x0097, 0x0098, 0x0099, 0x009a, 0x009b, 0x009c, 0x009d, 0x009e, 0x009f,
            0x00a0, 0x0104, 0x0112, 0x0122, 0x012a, 0x0128, 0x0136, 0x00a7, 0x013b, 0x0110, 0x0160, 0x0166, 0x017d, 0x00ad, 0x016a, 0x014a,
            0x00b0, 0x0105, 0x0113, 0x0123, 0x012b, 0x0129, 0x0137, 0x00b7, 0x013c, 0x0111, 0x0161, 0x0167, 0x017e, 0x2015, 0x016b, 0x014b,
            0x0100, 0x00c1, 0x00c2, 0x00c3, 0x00c4, 0x00c5, 0x00c6, 0x012e, 0x010c, 0x00c9, 0x0118, 0x00cb, 0x0116, 0x00cd, 0x00ce, 0x00cf,
            0x00d0, 0x0145, 0x014c, 0x00d3, 0x00d4, 0x00d5, 0x00d6, 0x0168, 0x00d8, 0x0172, 0x00da, 0x00db, 0x00dc, 0x00dd, 0x00de, 0x00df,
            0x0101, 0x00e1, 0x00e2, 0x00e3, 0x00e4, 0x00e5, 0x00e6, 0x012f, 0x010d, 0x00e9, 0x0119, 0x00eb, 0x0117, 0x00ed, 0x00ee, 0x00ef,
            0x00f0, 0x0146, 0x014d, 0x00f3, 0x00f4, 0x00f5, 0x00f6, 0x0169, 0x00f8, 0x0173, 0x00fa, 0x00fb, 0x00fc, 0x00fd, 0x00fe, 0x0138,
        ],
        decode_only: &[],
    },
    // macintosh (8bit-gap, localedata/charmaps/MACINTOSH)
    Table8 {
        names: &[
            b"MACINTOSH//",
            b"CSMACINTOSH//",
            b"MAC//",
        ],
        to_ucs: [
            0x0000, 0x0001, 0x0002, 0x0003, 0x0004, 0x0005, 0x0006, 0x0007, 0x0008, 0x0009, 0x000a, 0x000b, 0x000c, 0x000d, 0x000e, 0x000f,
            0x0010, 0x0011, 0x0012, 0x0013, 0x0014, 0x0015, 0x0016, 0x0017, 0x0018, 0x0019, 0x001a, 0x001b, 0x001c, 0x001d, 0x001e, 0x001f,
            0x0020, 0x0021, 0x0022, 0x0023, 0x0024, 0x0025, 0x0026, 0x0027, 0x0028, 0x0029, 0x002a, 0x002b, 0x002c, 0x002d, 0x002e, 0x002f,
            0x0030, 0x0031, 0x0032, 0x0033, 0x0034, 0x0035, 0x0036, 0x0037, 0x0038, 0x0039, 0x003a, 0x003b, 0x003c, 0x003d, 0x003e, 0x003f,
            0x0040, 0x0041, 0x0042, 0x0043, 0x0044, 0x0045, 0x0046, 0x0047, 0x0048, 0x0049, 0x004a, 0x004b, 0x004c, 0x004d, 0x004e, 0x004f,
            0x0050, 0x0051, 0x0052, 0x0053, 0x0054, 0x0055, 0x0056, 0x0057, 0x0058, 0x0059, 0x005a, 0x005b, 0x005c, 0x005d, 0x005e, 0x005f,
            0x0060, 0x0061, 0x0062, 0x0063, 0x0064, 0x0065, 0x0066, 0x0067, 0x0068, 0x0069, 0x006a, 0x006b, 0x006c, 0x006d, 0x006e, 0x006f,
            0x0070, 0x0071, 0x0072, 0x0073, 0x0074, 0x0075, 0x0076, 0x0077, 0x0078, 0x0079, 0x007a, 0x007b, 0x007c, 0x007d, 0x007e, 0x007f,
            0x00c4, 0x00c5, 0x00c7, 0x00c9, 0x00d1, 0x00d6, 0x00dc, 0x00e1, 0x00e0, 0x00e2, 0x00e4, 0x00e3, 0x00e5, 0x00e7, 0x00e9, 0x00e8,
            0x00ea, 0x00eb, 0x00ed, 0x00ec, 0x00ee, 0x00ef, 0x00f1, 0x00f3, 0x00f2, 0x00f4, 0x00f6, 0x00f5, 0x00fa, 0x00f9, 0x00fb, 0x00fc,
            0x2020, 0x00b0, 0x00a2, 0x00a3, 0x00a7, 0x2022, 0x00b6, 0x00df, 0x00ae, 0x00a9, 0x2122, 0x00b4, 0x00a8, 0x2260, 0x00c6, 0x00d8,
            0x221e, 0x00b1, 0x2264, 0x2265, 0x00a5, 0x00b5, 0x2202, 0x2211, 0x220f, 0x03c0, 0x222b, 0x00aa, 0x00ba, 0x03a9, 0x00e6, 0x00f8,
            0x00bf, 0x00a1, 0x00ac, 0x221a, 0x0192, 0x2248, 0x0394, 0x00ab, 0x00bb, 0x2026, 0x00a0, 0x00c0, 0x00c3, 0x00d5, 0x0152, 0x0153,
            0x2013, 0x2014, 0x201c, 0x201d, 0x2018, 0x2019, 0x00f7, 0x25ca, 0x00ff, 0x0178, 0x2044, 0x20ac, 0x2039, 0x203a, 0xfb01, 0xfb02,
            0x2021, 0x00b7, 0x201a, 0x201e, 0x2030, 0x00c2, 0x00ca, 0x00c1, 0x00cb, 0x00c8, 0x00cd, 0x00ce, 0x00cf, 0x00cc, 0x00d3, 0x00d4,
            0xe01e, 0x00d2, 0x00da, 0x00db, 0x00d9, 0x0131, 0x02c6, 0x02dc, 0x00af, 0x02d8, 0x02d9, 0x02da, 0x00b8, 0x02dd, 0x02db, 0x02c7,
        ],
        decode_only: &[],
    },
    // iec_p27-1 (8bit-gap, localedata/charmaps/IEC_P27-1)
    Table8 {
        names: &[
            b"IEC_P27-1//",
            b"CSISO143IECP271//",
            b"IEC_P271//",
            b"ISO-IR-143//",
        ],
        to_ucs: [
            0x0000, 0x0001, 0x0002, 0x0003, 0x0004, 0x0005, 0x0006, 0x0007, 0x0008, 0x0009, 0x000a, 0x000b, 0x000c, 0x000d, 0x000e, 0x000f,
            0x0010, 0x0011, 0x0012, 0x0013, 0x0014, 0x0015, 0x0016, 0x0017, 0x0018, 0x0019, 0x001a, 0x001b, 0x001c, 0x001d, 0x001e, 0x001f,
            0x0020, 0x0021, 0x0022, 0x0023, 0x0024, 0x0025, 0x0026, 0x0027, 0x0028, 0x0029, 0x002a, 0x002b, 0x002c, 0x002d, 0x002e, 0x002f,
            0x0030, 0x0031, 0x0032, 0x0033, 0x0034, 0x0035, 0x0036, 0x0037, 0x0038, 0x0039, 0x003a, 0x003b, 0x003c, 0x003d, 0x003e, 0x003f,
            0x0040, 0x0041, 0x0042, 0x0043, 0x0044, 0x0045, 0x0046, 0x0047, 0x0048, 0x0049, 0x004a, 0x004b, 0x004c, 0x004d, 0x004e, 0x004f,
            0x0050, 0x0051, 0x0052, 0x0053, 0x0054, 0x0055, 0x0056, 0x0057, 0x0058, 0x0059, 0x005a, 0x005b, 0x005c, 0x005d, 0x005e, 0x005f,
            0x0060, 0x0061, 0x0062, 0x0063, 0x0064, 0x0065, 0x0066, 0x0067, 0x0068, 0x0069, 0x006a, 0x006b, 0x006c, 0x006d, 0x006e, 0x006f,
            0x0070, 0x0071, 0x0072, 0x0073, 0x0074, 0x0075, 0x0076, 0x0077, 0x0078, 0x0079, 0x007a, 0x007b, 0x007c, 0x007d, 0x007e, 0x007f,
            0x0080, 0x0081, 0x0082, 0x0083, 0x0084, 0x0085, 0x0086, 0x0087, 0x0088, 0x0089, 0x008a, 0x008b, 0x008c, 0x008d, 0x008e, 0x008f,
            0x0090, 0x0091, 0x0092, 0x0093, 0x0094, 0x0095, 0x0096, 0x0097, 0x0098, 0x0099, 0x009a, 0x009b, 0x009c, 0x009d, 0x009e, 0x009f,
            0x02c7, 0x2261, 0x2227, 0x2228, 0x2229, 0x222a, 0x2282, 0x2283, 0x21d0, 0x21d2, 0x2234, 0x2235, 0x2208, 0x220b, 0x2286, 0x2287,
            0x222b, 0x222e, 0x221e, 0x2207, 0x2202, 0x223c, 0x2248, 0x2243, 0x2245, 0x2264, 0x2260, 0x2265, 0x2194, 0x00ac, 0x2200, 0x2203,
            0x05d0, 0x25a1, 0x2225, 0x0393, 0x0394, 0x22a5, 0x2220, 0x221f, 0x0398, 0x2329, 0x232a, 0x039b, 0x2032, 0x2033, 0x039e, 0x2213,
            0x03a0, 0x00b2, 0x03a3, 0x00d7, 0x00b3, 0x03a5, 0x03a6, 0x00b7, 0x03a8, 0x03a9, 0x2205, 0x21c0, 0x221a, 0x0192, 0x221d, 0x00b1,
            0x00b0, 0x03b1, 0x03b2, 0x03b3, 0x03b4, 0x03b5, 0x03b6, 0x03b7, 0x03b8, 0x03b9, 0x03ba, 0x03bb, 0x03bc, 0x03bd, 0x03be, 0x2030,
            0x03c0, 0x03c1, 0x03c3, 0x00f7, 0x03c4, 0x03c5, 0x03c6, 0x03c7, 0x03c8, 0x03c9, 0x2020, 0x2190, 0x2191, 0x2192, 0x2193, 0x203e,
        ],
        decode_only: &[],
    },
    // asmo_449 (8bit-gap, localedata/charmaps/ASMO_449)
    Table8 {
        names: &[
            b"ASMO_449//",
            b"ARABIC7//",
            b"CSISO89ASMO449//",
            b"ISO-IR-89//",
            b"ISO_9036//",
        ],
        to_ucs: [
            0x0000, 0x0001, 0x0002, 0x0003, 0x0004, 0x0005, 0x0006, 0x0007, 0x0008, 0x0009, 0x000a, 0x000b, 0x000c, 0x000d, 0x000e, 0x000f,
            0x0010, 0x0011, 0x0012, 0x0013, 0x0014, 0x0015, 0x0016, 0x0017, 0x0018, 0x0019, 0x001a, 0x001b, 0x001c, 0x001d, 0x001e, 0x001f,
            0x0020, 0x0021, 0x0022, 0x0023, 0x00a4, 0x0025, 0x0026, 0x0027, 0x0028, 0x0029, 0x002a, 0x002b, 0x060c, 0x002d, 0x002e, 0x002f,
            0x0030, 0x0031, 0x0032, 0x0033, 0x0034, 0x0035, 0x0036, 0x0037, 0x0038, 0x0039, 0x003a, 0x061b, 0x003c, 0x003d, 0x003e, 0x061f,
            0x0040, 0x0621, 0x0622, 0x0623, 0x0624, 0x0625, 0x0626, 0x0627, 0x0628, 0x0629, 0x062a, 0x062b, 0x062c, 0x062d, 0x062e, 0x062f,
            0x0630, 0x0631, 0x0632, 0x0633, 0x0634, 0x0635, 0x0636, 0x0637, 0x0638, 0x0639, 0x063a, 0x005b, 0x005c, 0x005d, 0x005e, 0x005f,
            0x0640, 0x0641, 0x0642, 0x0643, 0x0644, 0x0645, 0x0646, 0x0647, 0x0648, 0x0649, 0x064a, 0x064b, 0x064c, 0x064d, 0x064e, 0x064f,
            0x0650, 0x0651, 0x0652, 0x0000, 0x0000, 0x0000, 0x0000, 0x0000, 0x0000, 0x0000, 0x0000, 0x007b, 0x007c, 0x007d, 0x203e, 0x007f,
            0x0000, 0x0000, 0x0000, 0x0000, 0x0000, 0x0000, 0x0000, 0x0000, 0x0000, 0x0000, 0x0000, 0x0000, 0x0000, 0x0000, 0x0000, 0x0000,
            0x0000, 0x0000, 0x0000, 0x0000, 0x0000, 0x0000, 0x0000, 0x0000, 0x0000, 0x0000, 0x0000, 0x0000, 0x0000, 0x0000, 0x0000, 0x0000,
            0x0000, 0x0000, 0x0000, 0x0000, 0x0000, 0x0000, 0x0000, 0x0000, 0x0000, 0x0000, 0x0000, 0x0000, 0x0000, 0x0000, 0x0000, 0x0000,
            0x0000, 0x0000, 0x0000, 0x0000, 0x0000, 0x0000, 0x0000, 0x0000, 0x0000, 0x0000, 0x0000, 0x0000, 0x0000, 0x0000, 0x0000, 0x0000,
            0x0000, 0x0000, 0x0000, 0x0000, 0x0000, 0x0000, 0x0000, 0x0000, 0x0000, 0x0000, 0x0000, 0x0000, 0x0000, 0x0000, 0x0000, 0x0000,
            0x0000, 0x0000, 0x0000, 0x0000, 0x0000, 0x0000, 0x0000, 0x0000, 0x0000, 0x0000, 0x0000, 0x0000, 0x0000, 0x0000, 0x0000, 0x0000,
            0x0000, 0x0000, 0x0000, 0x0000, 0x0000, 0x0000, 0x0000, 0x0000, 0x0000, 0x0000, 0x0000, 0x0000, 0x0000, 0x0000, 0x0000, 0x0000,
            0x0000, 0x0000, 0x0000, 0x0000, 0x0000, 0x0000, 0x0000, 0x0000, 0x0000, 0x0000, 0x0000, 0x0000, 0x0000, 0x0000, 0x0000, 0x0000,
        ],
        decode_only: &[],
    },
    // csn_369103 (8bit-gap, localedata/charmaps/CSN_369103)
    Table8 {
        names: &[
            b"CSN_369103//",
            b"CSISO139CSN369103//",
            b"ISO-IR-139//",
        ],
        to_ucs: [
            0x0000, 0x0001, 0x0002, 0x0003, 0x0004, 0x0005, 0x0006, 0x0007, 0x0008, 0x0009, 0x000a, 0x000b, 0x000c, 0x000d, 0x000e, 0x000f,
            0x0010, 0x0011, 0x0012, 0x0013, 0x0014, 0x0015, 0x0016, 0x0017, 0x0018, 0x0019, 0x001a, 0x001b, 0x001c, 0x001d, 0x001e, 0x001f,
            0x0020, 0x0021, 0x0022, 0x0023, 0x00a4, 0x0025, 0x0026, 0x0027, 0x0028, 0x0029, 0x002a, 0x002b, 0x002c, 0x002d, 0x002e, 0x002f,
            0x0030, 0x0031, 0x0032, 0x0033, 0x0034, 0x0035, 0x0036, 0x0037, 0x0038, 0x0039, 0x003a, 0x003b, 0x003c, 0x003d, 0x003e, 0x003f,
            0x0040, 0x0041, 0x0042, 0x0043, 0x0044, 0x0045, 0x0046, 0x0047, 0x0048, 0x0049, 0x004a, 0x004b, 0x004c, 0x004d, 0x004e, 0x004f,
            0x0050, 0x0051, 0x0052, 0x0053, 0x0054, 0x0055, 0x0056, 0x0057, 0x0058, 0x0059, 0x005a, 0x005b, 0x005c, 0x005d, 0x005e, 0x005f,
            0x0060, 0x0061, 0x0062, 0x0063, 0x0064, 0x0065, 0x0066, 0x0067, 0x0068, 0x0069, 0x006a, 0x006b, 0x006c, 0x006d, 0x006e, 0x006f,
            0x0070, 0x0071, 0x0072, 0x0073, 0x0074, 0x0075, 0x0076, 0x0077, 0x0078, 0x0079, 0x007a, 0x007b, 0x007c, 0x007d, 0x007e, 0x007f,
            0x0080, 0x0081, 0x0082, 0x0083, 0x0084, 0x0085, 0x0086, 0x0087, 0x0088, 0x0089, 0x008a, 0x008b, 0x008c, 0x008d, 0x008e, 0x008f,
            0x0090, 0x0091, 0x0092, 0x0093, 0x0094, 0x0095, 0x0096, 0x0097, 0x0098, 0x0099, 0x009a, 0x009b, 0x009c, 0x009d, 0x009e, 0x009f,
            0x00a0, 0x0104, 0x02d8, 0x0141, 0x0024, 0x013d, 0x015a, 0x00a7, 0x00a8, 0x0160, 0x015e, 0x0164, 0x0179, 0x00ad, 0x017d, 0x017b,
            0x00b0, 0x0105, 0x02db, 0x0142, 0x00b4, 0x013e, 0x015b, 0x02c7, 0x00b8, 0x0161, 0x015f, 0x0165, 0x017a, 0x02dd, 0x017e, 0x017c,
            0x0154, 0x00c1, 0x00c2, 0x0102, 0x00c4, 0x0139, 0x0106, 0x00c7, 0x010c, 0x00c9, 0x0118, 0x00cb, 0x011a, 0x00cd, 0x00ce, 0x010e,
            0x0110, 0x0143, 0x0147, 0x00d3, 0x00d4, 0x0150, 0x00d6, 0x00d7, 0x0158, 0x016e, 0x00da, 0x0170, 0x00dc, 0x00dd, 0x0162, 0x00df,
            0x0155, 0x00e1, 0x00e2, 0x0103, 0x00e4, 0x013a, 0x0107, 0x00e7, 0x010d, 0x00e9, 0x0119, 0x00eb, 0x011b, 0x00ed, 0x00ee, 0x010f,
            0x0111, 0x0144, 0x0148, 0x00f3, 0x00f4, 0x0151, 0x00f6, 0x00f7, 0x0159, 0x016f, 0x00fa, 0x0171, 0x00fc, 0x00fd, 0x0163, 0x02d9,
        ],
        decode_only: &[],
    },
    // cwi (8bit-gap, localedata/charmaps/CWI)
    Table8 {
        names: &[
            b"CWI//",
            b"CP-HU//",
            b"CWI-2//",
        ],
        to_ucs: [
            0x0000, 0x0001, 0x0002, 0x0003, 0x0004, 0x0005, 0x0006, 0x0007, 0x0008, 0x0009, 0x000a, 0x000b, 0x000c, 0x000d, 0x000e, 0x000f,
            0x0010, 0x0011, 0x0012, 0x0013, 0x0014, 0x0015, 0x0016, 0x0017, 0x0018, 0x0019, 0x001a, 0x001b, 0x001c, 0x001d, 0x001e, 0x001f,
            0x0020, 0x0021, 0x0022, 0x0023, 0x0024, 0x0025, 0x0026, 0x0027, 0x0028, 0x0029, 0x002a, 0x002b, 0x002c, 0x002d, 0x002e, 0x002f,
            0x0030, 0x0031, 0x0032, 0x0033, 0x0034, 0x0035, 0x0036, 0x0037, 0x0038, 0x0039, 0x003a, 0x003b, 0x003c, 0x003d, 0x003e, 0x003f,
            0x0040, 0x0041, 0x0042, 0x0043, 0x0044, 0x0045, 0x0046, 0x0047, 0x0048, 0x0049, 0x004a, 0x004b, 0x004c, 0x004d, 0x004e, 0x004f,
            0x0050, 0x0051, 0x0052, 0x0053, 0x0054, 0x0055, 0x0056, 0x0057, 0x0058, 0x0059, 0x005a, 0x005b, 0x005c, 0x005d, 0x005e, 0x005f,
            0x0060, 0x0061, 0x0062, 0x0063, 0x0064, 0x0065, 0x0066, 0x0067, 0x0068, 0x0069, 0x006a, 0x006b, 0x006c, 0x006d, 0x006e, 0x006f,
            0x0070, 0x0071, 0x0072, 0x0073, 0x0074, 0x0075, 0x0076, 0x0077, 0x0078, 0x0079, 0x007a, 0x007b, 0x007c, 0x007d, 0x007e, 0x007f,
            0x00c7, 0x00fc, 0x00e9, 0x00e2, 0x00e4, 0x00e0, 0x00e5, 0x00e7, 0x00ea, 0x00eb, 0x00e8, 0x00ef, 0x00ee, 0x00cd, 0x00c4, 0x00c1,
            0x00c9, 0x00e6, 0x00c6, 0x0151, 0x00f6, 0x00d3, 0x0171, 0x00da, 0x0170, 0x00d6, 0x00dc, 0x00a2, 0x00a3, 0x00a5, 0x20a7, 0xe01f,
            0x00e1, 0x00ed, 0x00f3, 0x00fa, 0x00f1, 0x00d1, 0x00aa, 0x0150, 0x00bf, 0x2310, 0x00ac, 0x00bd, 0x00bc, 0x00a1, 0x00ab, 0x00bb,
            0x2591, 0x2592, 0x2593, 0x2502, 0x2524, 0x2561, 0x2562, 0x2556, 0x2555, 0x2563, 0x2551, 0x2557, 0x255d, 0x255c, 0x255b, 0x2510,
            0x2514, 0x2534, 0x252c, 0x251c, 0x2500, 0x253c, 0x255e, 0x255f, 0x255a, 0x2554, 0x2569, 0x2566, 0x2560, 0x2550, 0x256c, 0x2567,
            0x2568, 0x2564, 0x2565, 0x2559, 0x2558, 0x2552, 0x2553, 0x256b, 0x256a, 0x2518, 0x250c, 0x2588, 0x2584, 0x258c, 0x2590, 0x2580,
            0x03b1, 0x03b2, 0x0393, 0x03c0, 0x03a3, 0x03c3, 0x03bc, 0x03c4, 0x03a6, 0x0398, 0x03a9, 0x03b4, 0x221e, 0x2205, 0x03b5, 0x2229,
            0x2261, 0x00b1, 0x2265, 0x2264, 0x2320, 0x2321, 0x00f7, 0x2248, 0x2218, 0x00b7, 0x2022, 0x221a, 0x207f, 0x00b2, 0x25a0, 0x00a0,
        ],
        decode_only: &[],
    },
    // dec-mcs (8bit-gap, localedata/charmaps/DEC-MCS)
    Table8 {
        names: &[
            b"DEC-MCS//",
            b"CSDECMCS//",
            b"DEC//",
            b"DECMCS//",
        ],
        to_ucs: [
            0x0000, 0x0001, 0x0002, 0x0003, 0x0004, 0x0005, 0x0006, 0x0007, 0x0008, 0x0009, 0x000a, 0x000b, 0x000c, 0x000d, 0x000e, 0x000f,
            0x0010, 0x0011, 0x0012, 0x0013, 0x0014, 0x0015, 0x0016, 0x0017, 0x0018, 0x0019, 0x001a, 0x001b, 0x001c, 0x001d, 0x001e, 0x001f,
            0x0020, 0x0021, 0x0022, 0x0023, 0x0024, 0x0025, 0x0026, 0x0027, 0x0028, 0x0029, 0x002a, 0x002b, 0x002c, 0x002d, 0x002e, 0x002f,
            0x0030, 0x0031, 0x0032, 0x0033, 0x0034, 0x0035, 0x0036, 0x0037, 0x0038, 0x0039, 0x003a, 0x003b, 0x003c, 0x003d, 0x003e, 0x003f,
            0x0040, 0x0041, 0x0042, 0x0043, 0x0044, 0x0045, 0x0046, 0x0047, 0x0048, 0x0049, 0x004a, 0x004b, 0x004c, 0x004d, 0x004e, 0x004f,
            0x0050, 0x0051, 0x0052, 0x0053, 0x0054, 0x0055, 0x0056, 0x0057, 0x0058, 0x0059, 0x005a, 0x005b, 0x005c, 0x005d, 0x005e, 0x005f,
            0x0060, 0x0061, 0x0062, 0x0063, 0x0064, 0x0065, 0x0066, 0x0067, 0x0068, 0x0069, 0x006a, 0x006b, 0x006c, 0x006d, 0x006e, 0x006f,
            0x0070, 0x0071, 0x0072, 0x0073, 0x0074, 0x0075, 0x0076, 0x0077, 0x0078, 0x0079, 0x007a, 0x007b, 0x007c, 0x007d, 0x007e, 0x007f,
            0x0080, 0x0081, 0x0082, 0x0083, 0x0084, 0x0085, 0x0086, 0x0087, 0x0088, 0x0089, 0x008a, 0x008b, 0x008c, 0x008d, 0x008e, 0x008f,
            0x0090, 0x0091, 0x0092, 0x0093, 0x0094, 0x0095, 0x0096, 0x0097, 0x0098, 0x0099, 0x009a, 0x009b, 0x009c, 0x009d, 0x009e, 0x009f,
            0x0000, 0x00a1, 0x00a2, 0x00a3, 0x0000, 0x00a5, 0x0000, 0x00a7, 0x00a4, 0x00a9, 0x00aa, 0x00ab, 0x0000, 0x0000, 0x0000, 0x0000,
            0x00b0, 0x00b1, 0x00b2, 0x00b3, 0x0000, 0x00b5, 0x00b6, 0x00b7, 0x0000, 0x00b9, 0x00ba, 0x00bb, 0x00bc, 0x00bd, 0x0000, 0x00bf,
            0x00c0, 0x00c1, 0x00c2, 0x00c3, 0x00c4, 0x00c5, 0x00c6, 0x00c7, 0x00c8, 0x00c9, 0x00ca, 0x00cb, 0x00cc, 0x00cd, 0x00ce, 0x00cf,
            0x0000, 0x00d1, 0x00d2, 0x00d3, 0x00d4, 0x00d5, 0x00d6, 0x0152, 0x00d8, 0x00d9, 0x00da, 0x00db, 0x00dc, 0x0178, 0x0000, 0x00df,
            0x00e0, 0x00e1, 0x00e2, 0x00e3, 0x00e4, 0x00e5, 0x00e6, 0x00e7, 0x00e8, 0x00e9, 0x00ea, 0x00eb, 0x00ec, 0x00ed, 0x00ee, 0x00ef,
            0x0000, 0x00f1, 0x00f2, 0x00f3, 0x00f4, 0x00f5, 0x00f6, 0x0153, 0x00f8, 0x00f9, 0x00fa, 0x00fb, 0x00fc, 0x00ff, 0x0000, 0x0000,
        ],
        decode_only: &[],
    },
    // ecma-cyrillic (8bit-gap, localedata/charmaps/ECMA-CYRILLIC)
    Table8 {
        names: &[
            b"ECMA-CYRILLIC//",
            b"CSISO111ECMACYRILLIC//",
            b"ECMACYRILLIC//",
            b"ISO-IR-111//",
        ],
        to_ucs: [
            0x0000, 0x0001, 0x0002, 0x0003, 0x0004, 0x0005, 0x0006, 0x0007, 0x0008, 0x0009, 0x000a, 0x000b, 0x000c, 0x000d, 0x000e, 0x000f,
            0x0010, 0x0011, 0x0012, 0x0013, 0x0014, 0x0015, 0x0016, 0x0017, 0x0018, 0x0019, 0x001a, 0x001b, 0x001c, 0x001d, 0x001e, 0x001f,
            0x0020, 0x0021, 0x0022, 0x0023, 0x0024, 0x0025, 0x0026, 0x0027, 0x0028, 0x0029, 0x002a, 0x002b, 0x002c, 0x002d, 0x002e, 0x002f,
            0x0030, 0x0031, 0x0032, 0x0033, 0x0034, 0x0035, 0x0036, 0x0037, 0x0038, 0x0039, 0x003a, 0x003b, 0x003c, 0x003d, 0x003e, 0x003f,
            0x0040, 0x0041, 0x0042, 0x0043, 0x0044, 0x0045, 0x0046, 0x0047, 0x0048, 0x0049, 0x004a, 0x004b, 0x004c, 0x004d, 0x004e, 0x004f,
            0x0050, 0x0051, 0x0052, 0x0053, 0x0054, 0x0055, 0x0056, 0x0057, 0x0058, 0x0059, 0x005a, 0x005b, 0x005c, 0x005d, 0x005e, 0x005f,
            0x0060, 0x0061, 0x0062, 0x0063, 0x0064, 0x0065, 0x0066, 0x0067, 0x0068, 0x0069, 0x006a, 0x006b, 0x006c, 0x006d, 0x006e, 0x006f,
            0x0070, 0x0071, 0x0072, 0x0073, 0x0074, 0x0075, 0x0076, 0x0077, 0x0078, 0x0079, 0x007a, 0x007b, 0x007c, 0x007d, 0x007e, 0x007f,
            0x0080, 0x0081, 0x0082, 0x0083, 0x0084, 0x0085, 0x0086, 0x0087, 0x0088, 0x0089, 0x008a, 0x008b, 0x008c, 0x008d, 0x008e, 0x008f,
            0x0090, 0x0091, 0x0092, 0x0093, 0x0094, 0x0095, 0x0096, 0x0097, 0x0098, 0x0099, 0x009a, 0x009b, 0x009c, 0x009d, 0x009e, 0x009f,
            0x00a0, 0x0452, 0x0453, 0x0451, 0x0454, 0x0455, 0x0456, 0x0457, 0x0458, 0x0459, 0x045a, 0x045b, 0x045c, 0x00ad, 0x045e, 0x045f,
            0x2116, 0x0402, 0x0403, 0x0401, 0x0404, 0x0405, 0x0406, 0x0407, 0x0408, 0x0409, 0x040a, 0x040b, 0x040c, 0x00a4, 0x040e, 0x040f,
            0x044e, 0x0430, 0x0431, 0x0446, 0x0434, 0x0435, 0x0444, 0x0433, 0x0445, 0x0438, 0x0439, 0x043a, 0x043b, 0x043c, 0x043d, 0x043e,
            0x043f, 0x044f, 0x0440, 0x0441, 0x0442, 0x0443, 0x0436, 0x0432, 0x044c, 0x044b, 0x0437, 0x0448, 0x044d, 0x0449, 0x0447, 0x044a,
            0x042e, 0x0410, 0x0411, 0x0426, 0x0414, 0x0415, 0x0424, 0x0413, 0x0425, 0x0418, 0x0419, 0x041a, 0x041b, 0x041c, 0x041d, 0x041e,
            0x041f, 0x042f, 0x0420, 0x0421, 0x0422, 0x0423, 0x0416, 0x0412, 0x042c, 0x042b, 0x0417, 0x0428, 0x042d, 0x0429, 0x0427, 0x042a,
        ],
        decode_only: &[],
    },
    // gost_19768-74 (8bit-gap, localedata/charmaps/GOST_19768-74)
    Table8 {
        names: &[
            b"GOST_19768-74//",
            b"CSISO153GOST1976874//",
            b"GOST_19768//",
            b"GOST_1976874//",
            b"ISO-IR-153//",
            b"ST_SEV_358-88//",
        ],
        to_ucs: [
            0x0000, 0x0001, 0x0002, 0x0003, 0x0004, 0x0005, 0x0006, 0x0007, 0x0008, 0x0009, 0x000a, 0x000b, 0x000c, 0x000d, 0x000e, 0x000f,
            0x0010, 0x0011, 0x0012, 0x0013, 0x0014, 0x0015, 0x0016, 0x0017, 0x0018, 0x0019, 0x001a, 0x001b, 0x001c, 0x001d, 0x001e, 0x001f,
            0x0020, 0x0021, 0x0022, 0x0023, 0x0024, 0x0025, 0x0026, 0x0027, 0x0028, 0x0029, 0x002a, 0x002b, 0x002c, 0x002d, 0x002e, 0x002f,
            0x0030, 0x0031, 0x0032, 0x0033, 0x0034, 0x0035, 0x0036, 0x0037, 0x0038, 0x0039, 0x003a, 0x003b, 0x003c, 0x003d, 0x003e, 0x003f,
            0x0040, 0x0041, 0x0042, 0x0043, 0x0044, 0x0045, 0x0046, 0x0047, 0x0048, 0x0049, 0x004a, 0x004b, 0x004c, 0x004d, 0x004e, 0x004f,
            0x0050, 0x0051, 0x0052, 0x0053, 0x0054, 0x0055, 0x0056, 0x0057, 0x0058, 0x0059, 0x005a, 0x005b, 0x005c, 0x005d, 0x005e, 0x005f,
            0x0060, 0x0061, 0x0062, 0x0063, 0x0064, 0x0065, 0x0066, 0x0067, 0x0068, 0x0069, 0x006a, 0x006b, 0x006c, 0x006d, 0x006e, 0x006f,
            0x0070, 0x0071, 0x0072, 0x0073, 0x0074, 0x0075, 0x0076, 0x0077, 0x0078, 0x0079, 0x007a, 0x007b, 0x007c, 0x007d, 0x007e, 0x007f,
            0x0080, 0x0081, 0x0082, 0x0083, 0x0084, 0x0085, 0x0086, 0x0087, 0x0088, 0x0089, 0x008a, 0x008b, 0x008c, 0x008d, 0x008e, 0x008f,
            0x0090, 0x0091, 0x0092, 0x0093, 0x0094, 0x0095, 0x0096, 0x0097, 0x0098, 0x0099, 0x009a, 0x009b, 0x009c, 0x009d, 0x009e, 0x009f,
            0x00a0, 0x0401, 0x0000, 0x0000, 0x0000, 0x0000, 0x0000, 0x0000, 0x0000, 0x0000, 0x0000, 0x0000, 0x0000, 0x00ad, 0x0000, 0x0000,
            0x0410, 0x0411, 0x0412, 0x0413, 0x0414, 0x0415, 0x0416, 0x0417, 0x0418, 0x0419, 0x041a, 0x041b, 0x041c, 0x041d, 0x041e, 0x041f,
            0x0420, 0x0421, 0x0422, 0x0423, 0x0424, 0x0425, 0x0426, 0x0427, 0x0428, 0x0429, 0x042a, 0x042b, 0x042c, 0x042d, 0x042e, 0x042f,
            0x0430, 0x0431, 0x0432, 0x0433, 0x0434, 0x0435, 0x0436, 0x0437, 0x0438, 0x0439, 0x043a, 0x043b, 0x043c, 0x043d, 0x043e, 0x043f,
            0x0440, 0x0441, 0x0442, 0x0443, 0x0444, 0x0445, 0x0446, 0x0447, 0x0448, 0x0449, 0x044a, 0x044b, 0x044c, 0x044d, 0x044e, 0x044f,
            0x0000, 0x0451, 0x0000, 0x0000, 0x0000, 0x0000, 0x0000, 0x0000, 0x0000, 0x0000, 0x0000, 0x0000, 0x0000, 0x0000, 0x0000, 0x0000,
        ],
        decode_only: &[],
    },
    // greek-ccitt (8bit-gap, localedata/charmaps/GREEK-CCITT)
    Table8 {
        names: &[
            b"GREEK-CCITT//",
            b"CSISO150//",
            b"CSISO150GREEKCCITT//",
            b"GREEKCCITT//",
            b"ISO-IR-150//",
        ],
        to_ucs: [
            0x0000, 0x0001, 0x0002, 0x0003, 0x0004, 0x0005, 0x0006, 0x0007, 0x0008, 0x0009, 0x000a, 0x000b, 0x000c, 0x000d, 0x000e, 0x000f,
            0x0010, 0x0011, 0x0012, 0x0013, 0x0014, 0x0015, 0x0016, 0x0017, 0x0018, 0x0019, 0x001a, 0x001b, 0x001c, 0x001d, 0x001e, 0x001f,
            0x0020, 0x0021, 0x0022, 0x0023, 0x00a4, 0x0025, 0x0026, 0x0027, 0x0028, 0x0029, 0x002a, 0x002b, 0x002c, 0x002d, 0x002e, 0x002f,
            0x0030, 0x0031, 0x0032, 0x0033, 0x0034, 0x0035, 0x0036, 0x0037, 0x0038, 0x0039, 0x003a, 0x003b, 0x003c, 0x003d, 0x003e, 0x003f,
            0x0040, 0x0391, 0x0392, 0x0393, 0x0394, 0x0395, 0x0396, 0x0397, 0x0398, 0x0399, 0x039a, 0x039b, 0x039c, 0x039d, 0x039e, 0x039f,
            0x03a0, 0x03a1, 0x0000, 0x03a3, 0x03a4, 0x03a5, 0x03a6, 0x03a7, 0x03a8, 0x03a9, 0x0000, 0x005b, 0x005c, 0x005d, 0x005e, 0x005f,
            0x0000, 0x03b1, 0x03b2, 0x03b3, 0x03b4, 0x03b5, 0x03b6, 0x03b7, 0x03b8, 0x03b9, 0x03ba, 0x03bb, 0x03bc, 0x03bd, 0x03be, 0x03bf,
            0x03c0, 0x03c1, 0x03c2, 0x03c3, 0x03c4, 0x03c5, 0x03c6, 0x03c7, 0x03c8, 0x03c9, 0x0000, 0x007b, 0x007c, 0x007d, 0x00af, 0x007f,
            0x0000, 0x0000, 0x0000, 0x0000, 0x0000, 0x0000, 0x0000, 0x0000, 0x0000, 0x0000, 0x0000, 0x0000, 0x0000, 0x0000, 0x0000, 0x0000,
            0x0000, 0x0000, 0x0000, 0x0000, 0x0000, 0x0000, 0x0000, 0x0000, 0x0000, 0x0000, 0x0000, 0x0000, 0x0000, 0x0000, 0x0000, 0x0000,
            0x0000, 0x0000, 0x0000, 0x0000, 0x0000, 0x0000, 0x0000, 0x0000, 0x0000, 0x0000, 0x0000, 0x0000, 0x0000, 0x0000, 0x0000, 0x0000,
            0x0000, 0x0000, 0x0000, 0x0000, 0x0000, 0x0000, 0x0000, 0x0000, 0x0000, 0x0000, 0x0000, 0x0000, 0x0000, 0x0000, 0x0000, 0x0000,
            0x0000, 0x0000, 0x0000, 0x0000, 0x0000, 0x0000, 0x0000, 0x0000, 0x0000, 0x0000, 0x0000, 0x0000, 0x0000, 0x0000, 0x0000, 0x0000,
            0x0000, 0x0000, 0x0000, 0x0000, 0x0000, 0x0000, 0x0000, 0x0000, 0x0000, 0x0000, 0x0000, 0x0000, 0x0000, 0x0000, 0x0000, 0x0000,
            0x0000, 0x0000, 0x0000, 0x0000, 0x0000, 0x0000, 0x0000, 0x0000, 0x0000, 0x0000, 0x0000, 0x0000, 0x0000, 0x0000, 0x0000, 0x0000,
            0x0000, 0x0000, 0x0000, 0x0000, 0x0000, 0x0000, 0x0000, 0x0000, 0x0000, 0x0000, 0x0000, 0x0000, 0x0000, 0x0000, 0x0000, 0x0000,
        ],
        decode_only: &[],
    },
    // greek7 (8bit-gap, localedata/charmaps/GREEK7)
    Table8 {
        names: &[
            b"GREEK7//",
            b"CSISO88GREEK7//",
            b"ISO-IR-88//",
        ],
        to_ucs: [
            0x0000, 0x0001, 0x0002, 0x0003, 0x0004, 0x0005, 0x0006, 0x0007, 0x0008, 0x0009, 0x000a, 0x000b, 0x000c, 0x000d, 0x000e, 0x000f,
            0x0010, 0x0011, 0x0012, 0x0013, 0x0014, 0x0015, 0x0016, 0x0017, 0x0018, 0x0019, 0x001a, 0x001b, 0x001c, 0x001d, 0x001e, 0x001f,
            0x0020, 0x0021, 0x0022, 0x0023, 0x00a4, 0x0025, 0x0026, 0x0027, 0x0028, 0x0029, 0x002a, 0x002b, 0x002c, 0x002d, 0x002e, 0x002f,
            0x0030, 0x0031, 0x0032, 0x0033, 0x0034, 0x0035, 0x0036, 0x0037, 0x0038, 0x0039, 0x003a, 0x003b, 0x003c, 0x003d, 0x003e, 0x003f,
            0x0040, 0x0391, 0x0392, 0x0393, 0x0394, 0x0395, 0x0396, 0x0397, 0x0398, 0x0399, 0x0000, 0x039a, 0x039b, 0x039c, 0x039d, 0x039e,
            0x039f, 0x03a0, 0x03a1, 0x03a3, 0x03a4, 0x03a5, 0x03a6, 0x0000, 0x03a7, 0x03a8, 0x03a9, 0x005b, 0x005c, 0x005d, 0x005e, 0x005f,
            0x0060, 0x03b1, 0x03b2, 0x03b3, 0x03b4, 0x03b5, 0x03b6, 0x03b7, 0x03b8, 0x03b9, 0x0000, 0x03ba, 0x03bb, 0x03bc, 0x03bd, 0x03be,
            0x03bf, 0x03c0, 0x03c1, 0x03c3, 0x03c4, 0x03c5, 0x03c6, 0x03c2, 0x03c7, 0x03c8, 0x03c9, 0x007b, 0x007c, 0x007d, 0x203e, 0x007f,
            0x0000, 0x0000, 0x0000, 0x0000, 0x0000, 0x0000, 0x0000, 0x0000, 0x0000, 0x0000, 0x0000, 0x0000, 0x0000, 0x0000, 0x0000, 0x0000,
            0x0000, 0x0000, 0x0000, 0x0000, 0x0000, 0x0000, 0x0000, 0x0000, 0x0000, 0x0000, 0x0000, 0x0000, 0x0000, 0x0000, 0x0000, 0x0000,
            0x0000, 0x0000, 0x0000, 0x0000, 0x0000, 0x0000, 0x0000, 0x0000, 0x0000, 0x0000, 0x0000, 0x0000, 0x0000, 0x0000, 0x0000, 0x0000,
            0x0000, 0x0000, 0x0000, 0x0000, 0x0000, 0x0000, 0x0000, 0x0000, 0x0000, 0x0000, 0x0000, 0x0000, 0x0000, 0x0000, 0x0000, 0x0000,
            0x0000, 0x0000, 0x0000, 0x0000, 0x0000, 0x0000, 0x0000, 0x0000, 0x0000, 0x0000, 0x0000, 0x0000, 0x0000, 0x0000, 0x0000, 0x0000,
            0x0000, 0x0000, 0x0000, 0x0000, 0x0000, 0x0000, 0x0000, 0x0000, 0x0000, 0x0000, 0x0000, 0x0000, 0x0000, 0x0000, 0x0000, 0x0000,
            0x0000, 0x0000, 0x0000, 0x0000, 0x0000, 0x0000, 0x0000, 0x0000, 0x0000, 0x0000, 0x0000, 0x0000, 0x0000, 0x0000, 0x0000, 0x0000,
            0x0000, 0x0000, 0x0000, 0x0000, 0x0000, 0x0000, 0x0000, 0x0000, 0x0000, 0x0000, 0x0000, 0x0000, 0x0000, 0x0000, 0x0000, 0x0000,
        ],
        decode_only: &[],
    },
    // greek7-old (8bit-gap, localedata/charmaps/GREEK7-OLD)
    Table8 {
        names: &[
            b"GREEK7-OLD//",
            b"CSISO18GREEK7OLD//",
            b"GREEK7OLD//",
            b"ISO-IR-18//",
        ],
        to_ucs: [
            0x0000, 0x0001, 0x0002, 0x0003, 0x0004, 0x0005, 0x0006, 0x0007, 0x0008, 0x0009, 0x000a, 0x000b, 0x000c, 0x000d, 0x000e, 0x000f,
            0x0010, 0x0011, 0x0012, 0x0013, 0x0014, 0x0015, 0x0016, 0x0017, 0x0018, 0x0019, 0x001a, 0x001b, 0x001c, 0x001d, 0x001e, 0x001f,
            0x0020, 0x0021, 0x0022, 0x00a3, 0x0024, 0x0025, 0x0026, 0x0027, 0x0028, 0x0029, 0x002a, 0x002b, 0x002c, 0x002d, 0x002e, 0x002f,
            0x0030, 0x0031, 0x0032, 0x0033, 0x0034, 0x0035, 0x0036, 0x0037, 0x0038, 0x0039, 0x003a, 0x003b, 0x003c, 0x003d, 0x003e, 0x003f,
            0x00b4, 0x03b1, 0x03b2, 0x03c8, 0x03b4, 0x03b5, 0x03c6, 0x03b3, 0x03b7, 0x03b9, 0x03be, 0x03ba, 0x03bb, 0x03bc, 0x03bd, 0x03bf,
            0x03c0, 0x037a, 0x03c1, 0x03c3, 0x03c4, 0x03b8, 0x03c9, 0x03c2, 0x03c7, 0x03c5, 0x03b6, 0x1fcf, 0x1fbf, 0x1fce, 0x007e, 0x005f,
            0x0060, 0x0391, 0x0392, 0x03a8, 0x0394, 0x0395, 0x03a6, 0x0393, 0x0397, 0x0399, 0x039e, 0x039a, 0x039b, 0x039c, 0x039d, 0x039f,
            0x03a0, 0x0000, 0x03a1, 0x03a3, 0x03a4, 0x0398, 0x03a9, 0x00b7, 0x03a7, 0x03a5, 0x0396, 0x1fdf, 0x1ffe, 0x1fde, 0x00a8, 0x007f,
            0x0000, 0x0000, 0x0000, 0x0000, 0x0000, 0x0000, 0x0000, 0x0000, 0x0000, 0x0000, 0x0000, 0x0000, 0x0000, 0x0000, 0x0000, 0x0000,
            0x0000, 0x0000, 0x0000, 0x0000, 0x0000, 0x0000, 0x0000, 0x0000, 0x0000, 0x0000, 0x0000, 0x0000, 0x0000, 0x0000, 0x0000, 0x0000,
            0x0000, 0x0000, 0x0000, 0x0000, 0x0000, 0x0000, 0x0000, 0x0000, 0x0000, 0x0000, 0x0000, 0x0000, 0x0000, 0x0000, 0x0000, 0x0000,
            0x0000, 0x0000, 0x0000, 0x0000, 0x0000, 0x0000, 0x0000, 0x0000, 0x0000, 0x0000, 0x0000, 0x0000, 0x0000, 0x0000, 0x0000, 0x0000,
            0x0000, 0x0000, 0x0000, 0x0000, 0x0000, 0x0000, 0x0000, 0x0000, 0x0000, 0x0000, 0x0000, 0x0000, 0x0000, 0x0000, 0x0000, 0x0000,
            0x0000, 0x0000, 0x0000, 0x0000, 0x0000, 0x0000, 0x0000, 0x0000, 0x0000, 0x0000, 0x0000, 0x0000, 0x0000, 0x0000, 0x0000, 0x0000,
            0x0000, 0x0000, 0x0000, 0x0000, 0x0000, 0x0000, 0x0000, 0x0000, 0x0000, 0x0000, 0x0000, 0x0000, 0x0000, 0x0000, 0x0000, 0x0000,
            0x0000, 0x0000, 0x0000, 0x0000, 0x0000, 0x0000, 0x0000, 0x0000, 0x0000, 0x0000, 0x0000, 0x0000, 0x0000, 0x0000, 0x0000, 0x0000,
        ],
        decode_only: &[],
    },
    // inis (8bit-gap, localedata/charmaps/INIS)
    Table8 {
        names: &[
            b"INIS//",
            b"CSISO49INIS//",
            b"ISO-IR-49//",
        ],
        to_ucs: [
            0x0000, 0x0001, 0x0002, 0x0003, 0x0004, 0x0005, 0x0006, 0x0007, 0x0008, 0x0009, 0x000a, 0x000b, 0x000c, 0x000d, 0x000e, 0x000f,
            0x0010, 0x0011, 0x0012, 0x0013, 0x0014, 0x0015, 0x0016, 0x0017, 0x0018, 0x0019, 0x001a, 0x001b, 0x001c, 0x001d, 0x001e, 0x001f,
            0x0020, 0x0000, 0x0000, 0x0000, 0x0024, 0x0025, 0x0000, 0x0027, 0x0028, 0x0029, 0x002a, 0x002b, 0x002c, 0x002d, 0x002e, 0x002f,
            0x0030, 0x0031, 0x0032, 0x0033, 0x0034, 0x0035, 0x0036, 0x0037, 0x0038, 0x0039, 0x003a, 0x003b, 0x003c, 0x003d, 0x003e, 0x0000,
            0x0000, 0x0041, 0x0042, 0x0043, 0x0044, 0x0045, 0x0046, 0x0047, 0x0048, 0x0049, 0x004a, 0x004b, 0x004c, 0x004d, 0x004e, 0x004f,
            0x0050, 0x0051, 0x0052, 0x0053, 0x0054, 0x0055, 0x0056, 0x0057, 0x0058, 0x0059, 0x005a, 0x005b, 0x0000, 0x005d, 0x0000, 0x0000,
            0x0000, 0x0061, 0x0062, 0x0063, 0x0064, 0x0065, 0x0066, 0x0067, 0x0068, 0x0069, 0x006a, 0x006b, 0x006c, 0x006d, 0x006e, 0x006f,
            0x0070, 0x0071, 0x0072, 0x0073, 0x0074, 0x0075, 0x0076, 0x0077, 0x0078, 0x0079, 0x007a, 0x0000, 0x007c, 0x0000, 0x0000, 0x007f,
            0x0000, 0x0000, 0x0000, 0x0000, 0x0000, 0x0000, 0x0000, 0x0000, 0x0000, 0x0000, 0x0000, 0x0000, 0x0000, 0x0000, 0x0000, 0x0000,
            0x0000, 0x0000, 0x0000, 0x0000, 0x0000, 0x0000, 0x0000, 0x0000, 0x0000, 0x0000, 0x0000, 0x0000, 0x0000, 0x0000, 0x0000, 0x0000,
            0x0000, 0x0000, 0x0000, 0x0000, 0x0000, 0x0000, 0x0000, 0x0000, 0x0000, 0x0000, 0x0000, 0x0000, 0x0000, 0x0000, 0x0000, 0x0000,
            0x0000, 0x0000, 0x0000, 0x0000, 0x0000, 0x0000, 0x0000, 0x0000, 0x0000, 0x0000, 0x0000, 0x0000, 0x0000, 0x0000, 0x0000, 0x0000,
            0x0000, 0x0000, 0x0000, 0x0000, 0x0000, 0x0000, 0x0000, 0x0000, 0x0000, 0x0000, 0x0000, 0x0000, 0x0000, 0x0000, 0x0000, 0x0000,
            0x0000, 0x0000, 0x0000, 0x0000, 0x0000, 0x0000, 0x0000, 0x0000, 0x0000, 0x0000, 0x0000, 0x0000, 0x0000, 0x0000, 0x0000, 0x0000,
            0x0000, 0x0000, 0x0000, 0x0000, 0x0000, 0x0000, 0x0000, 0x0000, 0x0000, 0x0000, 0x0000, 0x0000, 0x0000, 0x0000, 0x0000, 0x0000,
            0x0000, 0x0000, 0x0000, 0x0000, 0x0000, 0x0000, 0x0000, 0x0000, 0x0000, 0x0000, 0x0000, 0x0000, 0x0000, 0x0000, 0x0000, 0x0000,
        ],
        decode_only: &[],
    },
    // inis-8 (8bit-gap, localedata/charmaps/INIS-8)
    Table8 {
        names: &[
            b"INIS-8//",
            b"CSISO50INIS8//",
            b"INIS8//",
            b"ISO-IR-50//",
        ],
        to_ucs: [
            0x0000, 0x0001, 0x0002, 0x0003, 0x0004, 0x0005, 0x0006, 0x0007, 0x0008, 0x0009, 0x000a, 0x000b, 0x000c, 0x000d, 0x000e, 0x000f,
            0x0010, 0x0011, 0x0012, 0x0013, 0x0014, 0x0015, 0x0016, 0x0017, 0x0018, 0x0019, 0x001a, 0x001b, 0x001c, 0x001d, 0x001e, 0x001f,
            0x0020, 0x0000, 0x0000, 0x0000, 0x0000, 0x0000, 0x0000, 0x0000, 0x0000, 0x0000, 0x0000, 0x0000, 0x0000, 0x0000, 0x0000, 0x0000,
            0x0000, 0x0000, 0x0000, 0x0000, 0x0000, 0x0000, 0x0000, 0x0000, 0x0000, 0x0000, 0x03b1, 0x03b2, 0x03b3, 0x03b4, 0x039e, 0x0000,
            0x0000, 0x0000, 0x0000, 0x0000, 0x0000, 0x0000, 0x0000, 0x0000, 0x0000, 0x0000, 0x0000, 0x0000, 0x0000, 0x0000, 0x0000, 0x0000,
            0x0000, 0x0000, 0x0000, 0x0000, 0x0000, 0x0000, 0x0000, 0x0000, 0x0000, 0x0000, 0x0000, 0x0000, 0x0000, 0x0000, 0x2192, 0x222b,
            0x2070, 0x00b9, 0x00b2, 0x00b3, 0x2074, 0x2075, 0x2076, 0x2077, 0x2078, 0x2079, 0x207a, 0x207b, 0x30eb, 0x0394, 0x039b, 0x03a9,
            0x2080, 0x2081, 0x2082, 0x2083, 0x2084, 0x2085, 0x2086, 0x2087, 0x2088, 0x2089, 0x03a3, 0x03bc, 0x03bd, 0x03c9, 0x03c0, 0x007f,
            0x0000, 0x0000, 0x0000, 0x0000, 0x0000, 0x0000, 0x0000, 0x0000, 0x0000, 0x0000, 0x0000, 0x0000, 0x0000, 0x0000, 0x0000, 0x0000,
            0x0000, 0x0000, 0x0000, 0x0000, 0x0000, 0x0000, 0x0000, 0x0000, 0x0000, 0x0000, 0x0000, 0x0000, 0x0000, 0x0000, 0x0000, 0x0000,
            0x0000, 0x0000, 0x0000, 0x0000, 0x0000, 0x0000, 0x0000, 0x0000, 0x0000, 0x0000, 0x0000, 0x0000, 0x0000, 0x0000, 0x0000, 0x0000,
            0x0000, 0x0000, 0x0000, 0x0000, 0x0000, 0x0000, 0x0000, 0x0000, 0x0000, 0x0000, 0x0000, 0x0000, 0x0000, 0x0000, 0x0000, 0x0000,
            0x0000, 0x0000, 0x0000, 0x0000, 0x0000, 0x0000, 0x0000, 0x0000, 0x0000, 0x0000, 0x0000, 0x0000, 0x0000, 0x0000, 0x0000, 0x0000,
            0x0000, 0x0000, 0x0000, 0x0000, 0x0000, 0x0000, 0x0000, 0x0000, 0x0000, 0x0000, 0x0000, 0x0000, 0x0000, 0x0000, 0x0000, 0x0000,
            0x0000, 0x0000, 0x0000, 0x0000, 0x0000, 0x0000, 0x0000, 0x0000, 0x0000, 0x0000, 0x0000, 0x0000, 0x0000, 0x0000, 0x0000, 0x0000,
            0x0000, 0x0000, 0x0000, 0x0000, 0x0000, 0x0000, 0x0000, 0x0000, 0x0000, 0x0000, 0x0000, 0x0000, 0x0000, 0x0000, 0x0000, 0x0000,
        ],
        decode_only: &[],
    },
    // inis-cyrillic (8bit-gap, localedata/charmaps/INIS-CYRILLIC)
    Table8 {
        names: &[
            b"INIS-CYRILLIC//",
            b"CSISO51INISCYRILLIC//",
            b"INISCYRILLIC//",
            b"ISO-IR-51//",
        ],
        to_ucs: [
            0x0000, 0x0001, 0x0002, 0x0003, 0x0004, 0x0005, 0x0006, 0x0007, 0x0008, 0x0009, 0x000a, 0x000b, 0x000c, 0x000d, 0x000e, 0x000f,
            0x0010, 0x0011, 0x0012, 0x0013, 0x0014, 0x0015, 0x0016, 0x0017, 0x0018, 0x0019, 0x001a, 0x001b, 0x001c, 0x001d, 0x001e, 0x001f,
            0x0020, 0x0000, 0x0000, 0x0000, 0x0000, 0x0000, 0x0000, 0x0000, 0x0000, 0x0000, 0x0000, 0x0000, 0x221a, 0x0000, 0x2192, 0x222b,
            0x03b1, 0x03b2, 0x03b3, 0x03b4, 0x03a3, 0x03bc, 0x03bd, 0x03c9, 0x03c0, 0x039e, 0x0394, 0x039b, 0x03a9, 0x042a, 0x207b, 0x207a,
            0x044e, 0x0430, 0x0431, 0x0446, 0x0434, 0x0435, 0x0444, 0x0433, 0x0445, 0x0438, 0x0439, 0x043a, 0x043b, 0x043c, 0x043d, 0x043e,
            0x043f, 0x044f, 0x0440, 0x0441, 0x0442, 0x0443, 0x0436, 0x0432, 0x044c, 0x044b, 0x0437, 0x0448, 0x044d, 0x0449, 0x0447, 0x044a,
            0x042e, 0x0410, 0x0411, 0x0426, 0x0414, 0x0415, 0x0424, 0x0413, 0x0425, 0x0418, 0x0419, 0x041a, 0x041b, 0x041c, 0x041d, 0x041e,
            0x041f, 0x042f, 0x0420, 0x0421, 0x0422, 0x0423, 0x0416, 0x0412, 0x042c, 0x042b, 0x0417, 0x0428, 0x042d, 0x0429, 0x0427, 0x007f,
            0x0000, 0x0000, 0x0000, 0x0000, 0x0000, 0x0000, 0x0000, 0x0000, 0x0000, 0x0000, 0x0000, 0x0000, 0x0000, 0x0000, 0x0000, 0x0000,
            0x0000, 0x0000, 0x0000, 0x0000, 0x0000, 0x0000, 0x0000, 0x0000, 0x0000, 0x0000, 0x0000, 0x0000, 0x0000, 0x0000, 0x0000, 0x0000,
            0x0000, 0x0000, 0x0000, 0x0000, 0x0000, 0x0000, 0x0000, 0x0000, 0x0000, 0x0000, 0x0000, 0x0000, 0x0000, 0x0000, 0x0000, 0x0000,
            0x0000, 0x0000, 0x0000, 0x0000, 0x0000, 0x0000, 0x0000, 0x0000, 0x0000, 0x0000, 0x0000, 0x0000, 0x0000, 0x0000, 0x0000, 0x0000,
            0x0000, 0x0000, 0x0000, 0x0000, 0x0000, 0x0000, 0x0000, 0x0000, 0x0000, 0x0000, 0x0000, 0x0000, 0x0000, 0x0000, 0x0000, 0x0000,
            0x0000, 0x0000, 0x0000, 0x0000, 0x0000, 0x0000, 0x0000, 0x0000, 0x0000, 0x0000, 0x0000, 0x0000, 0x0000, 0x0000, 0x0000, 0x0000,
            0x0000, 0x0000, 0x0000, 0x0000, 0x0000, 0x0000, 0x0000, 0x0000, 0x0000, 0x0000, 0x0000, 0x0000, 0x0000, 0x0000, 0x0000, 0x0000,
            0x0000, 0x0000, 0x0000, 0x0000, 0x0000, 0x0000, 0x0000, 0x0000, 0x0000, 0x0000, 0x0000, 0x0000, 0x0000, 0x0000, 0x0000, 0x0000,
        ],
        decode_only: &[],
    },
    // iso_2033 (8bit-gap, localedata/charmaps/ISO_2033-1983)
    Table8 {
        names: &[
            b"ISO_2033//",
            b"CSISO2033//",
            b"E13B//",
            b"ISO-IR-98//",
            b"ISO_2033-1983//",
        ],
        to_ucs: [
            0x0000, 0x0001, 0x0002, 0x0003, 0x0004, 0x0005, 0x0006, 0x0007, 0x0008, 0x0009, 0x000a, 0x000b, 0x000c, 0x000d, 0x000e, 0x000f,
            0x0010, 0x0011, 0x0012, 0x0013, 0x0014, 0x0015, 0x0016, 0x0017, 0x0018, 0x0019, 0x001a, 0x001b, 0x001c, 0x001d, 0x001e, 0x001f,
            0x0020, 0x0000, 0x0000, 0x0000, 0x0000, 0x0000, 0x0000, 0x0000, 0x0000, 0x0000, 0x0000, 0x0000, 0x0000, 0x0000, 0x0000, 0x0000,
            0x0030, 0x0031, 0x0032, 0x0033, 0x0034, 0x0035, 0x0036, 0x0037, 0x0038, 0x0039, 0x2446, 0x2447, 0x2448, 0x2449, 0x0000, 0x0000,
            0x0000, 0x0000, 0x0000, 0x0000, 0x0000, 0x0000, 0x0000, 0x0000, 0x0000, 0x0000, 0x0000, 0x0000, 0x0000, 0x0000, 0x0000, 0x0000,
            0x0000, 0x0000, 0x0000, 0x0000, 0x0000, 0x0000, 0x0000, 0x0000, 0x0000, 0x0000, 0x0000, 0x0000, 0x0000, 0x0000, 0x0000, 0x0000,
            0x0000, 0x0000, 0x0000, 0x0000, 0x0000, 0x0000, 0x0000, 0x0000, 0x0000, 0x0000, 0x0000, 0x0000, 0x0000, 0x0000, 0x0000, 0x0000,
            0x0000, 0x0000, 0x0000, 0x0000, 0x0000, 0x0000, 0x0000, 0x0000, 0x0000, 0x0000, 0x0000, 0x0000, 0x0000, 0x0000, 0x0000, 0x007f,
            0x0000, 0x0000, 0x0000, 0x0000, 0x0000, 0x0000, 0x0000, 0x0000, 0x0000, 0x0000, 0x0000, 0x0000, 0x0000, 0x0000, 0x0000, 0x0000,
            0x0000, 0x0000, 0x0000, 0x0000, 0x0000, 0x0000, 0x0000, 0x0000, 0x0000, 0x0000, 0x0000, 0x0000, 0x0000, 0x0000, 0x0000, 0x0000,
            0x0000, 0x0000, 0x0000, 0x0000, 0x0000, 0x0000, 0x0000, 0x0000, 0x0000, 0x0000, 0x0000, 0x0000, 0x0000, 0x0000, 0x0000, 0x0000,
            0x0000, 0x0000, 0x0000, 0x0000, 0x0000, 0x0000, 0x0000, 0x0000, 0x0000, 0x0000, 0x0000, 0x0000, 0x0000, 0x0000, 0x0000, 0x0000,
            0x0000, 0x0000, 0x0000, 0x0000, 0x0000, 0x0000, 0x0000, 0x0000, 0x0000, 0x0000, 0x0000, 0x0000, 0x0000, 0x0000, 0x0000, 0x0000,
            0x0000, 0x0000, 0x0000, 0x0000, 0x0000, 0x0000, 0x0000, 0x0000, 0x0000, 0x0000, 0x0000, 0x0000, 0x0000, 0x0000, 0x0000, 0x0000,
            0x0000, 0x0000, 0x0000, 0x0000, 0x0000, 0x0000, 0x0000, 0x0000, 0x0000, 0x0000, 0x0000, 0x0000, 0x0000, 0x0000, 0x0000, 0x0000,
            0x0000, 0x0000, 0x0000, 0x0000, 0x0000, 0x0000, 0x0000, 0x0000, 0x0000, 0x0000, 0x0000, 0x0000, 0x0000, 0x0000, 0x0000, 0x0000,
        ],
        decode_only: &[],
    },
    // iso_5427 (8bit-gap, localedata/charmaps/ISO_5427)
    Table8 {
        names: &[
            b"ISO_5427//",
            b"CSISO5427CYRILLIC//",
            b"ISO-IR-37//",
            b"KOI-7//",
        ],
        to_ucs: [
            0x0000, 0x0001, 0x0002, 0x0003, 0x0004, 0x0005, 0x0006, 0x0007, 0x0008, 0x0009, 0x000a, 0x000b, 0x000c, 0x000d, 0x000e, 0x000f,
            0x0010, 0x0011, 0x0012, 0x0013, 0x0014, 0x0015, 0x0016, 0x0017, 0x0018, 0x0019, 0x001a, 0x001b, 0x001c, 0x001d, 0x001e, 0x001f,
            0x0020, 0x0021, 0x0022, 0x0023, 0x00a4, 0x0025, 0x0026, 0x0027, 0x0028, 0x0029, 0x002a, 0x002b, 0x002c, 0x002d, 0x002e, 0x002f,
            0x0030, 0x0031, 0x0032, 0x0033, 0x0034, 0x0035, 0x0036, 0x0037, 0x0038, 0x0039, 0x003a, 0x003b, 0x003c, 0x003d, 0x003e, 0x003f,
            0x044e, 0x0430, 0x0431, 0x0446, 0x0434, 0x0435, 0x0444, 0x0433, 0x0445, 0x0438, 0x0439, 0x043a, 0x043b, 0x043c, 0x043d, 0x043e,
            0x043f, 0x044f, 0x0440, 0x0441, 0x0442, 0x0443, 0x0436, 0x0432, 0x044c, 0x044b, 0x0437, 0x0448, 0x044d, 0x0449, 0x0447, 0x044a,
            0x042e, 0x0410, 0x0411, 0x0426, 0x0414, 0x0415, 0x0424, 0x0413, 0x0425, 0x0418, 0x0419, 0x041a, 0x041b, 0x041c, 0x041d, 0x041e,
            0x041f, 0x042f, 0x0420, 0x0421, 0x0422, 0x0423, 0x0416, 0x0412, 0x042c, 0x042b, 0x0417, 0x0428, 0x042d, 0x0429, 0x0427, 0x007f,
            0x0000, 0x0000, 0x0000, 0x0000, 0x0000, 0x0000, 0x0000, 0x0000, 0x0000, 0x0000, 0x0000, 0x0000, 0x0000, 0x0000, 0x0000, 0x0000,
            0x0000, 0x0000, 0x0000, 0x0000, 0x0000, 0x0000, 0x0000, 0x0000, 0x0000, 0x0000, 0x0000, 0x0000, 0x0000, 0x0000, 0x0000, 0x0000,
            0x0000, 0x0000, 0x0000, 0x0000, 0x0000, 0x0000, 0x0000, 0x0000, 0x0000, 0x0000, 0x0000, 0x0000, 0x0000, 0x0000, 0x0000, 0x0000,
            0x0000, 0x0000, 0x0000, 0x0000, 0x0000, 0x0000, 0x0000, 0x0000, 0x0000, 0x0000, 0x0000, 0x0000, 0x0000, 0x0000, 0x0000, 0x0000,
            0x0000, 0x0000, 0x0000, 0x0000, 0x0000, 0x0000, 0x0000, 0x0000, 0x0000, 0x0000, 0x0000, 0x0000, 0x0000, 0x0000, 0x0000, 0x0000,
            0x0000, 0x0000, 0x0000, 0x0000, 0x0000, 0x0000, 0x0000, 0x0000, 0x0000, 0x0000, 0x0000, 0x0000, 0x0000, 0x0000, 0x0000, 0x0000,
            0x0000, 0x0000, 0x0000, 0x0000, 0x0000, 0x0000, 0x0000, 0x0000, 0x0000, 0x0000, 0x0000, 0x0000, 0x0000, 0x0000, 0x0000, 0x0000,
            0x0000, 0x0000, 0x0000, 0x0000, 0x0000, 0x0000, 0x0000, 0x0000, 0x0000, 0x0000, 0x0000, 0x0000, 0x0000, 0x0000, 0x0000, 0x0000,
        ],
        decode_only: &[],
    },
    // iso_5427-ext (8bit-gap, localedata/charmaps/ISO_5427-EXT)
    Table8 {
        names: &[
            b"ISO_5427-EXT//",
            b"CSISO5427CYRILLIC1981//",
            b"ISO-IR-54//",
            b"ISO_5427:1981//",
            b"ISO_5427EXT//",
        ],
        to_ucs: [
            0x0000, 0x0001, 0x0002, 0x0003, 0x0004, 0x0005, 0x0006, 0x0007, 0x0008, 0x0009, 0x000a, 0x000b, 0x000c, 0x000d, 0x000e, 0x000f,
            0x0010, 0x0011, 0x0012, 0x0013, 0x0014, 0x0015, 0x0016, 0x0017, 0x0018, 0x0019, 0x001a, 0x001b, 0x001c, 0x001d, 0x001e, 0x001f,
            0x0020, 0x0000, 0x0000, 0x0000, 0x0000, 0x0000, 0x0000, 0x0000, 0x0000, 0x0000, 0x0000, 0x0000, 0x0000, 0x0000, 0x0000, 0x0000,
            0x0000, 0x0000, 0x0000, 0x0000, 0x0000, 0x0000, 0x0000, 0x0000, 0x0000, 0x0000, 0x0000, 0x0000, 0x0000, 0x0000, 0x0000, 0x0000,
            0x0491, 0x0452, 0x0453, 0x0454, 0x0451, 0x0455, 0x0456, 0x0457, 0x0458, 0x0459, 0x045a, 0x045b, 0x045c, 0x045e, 0x045f, 0x0000,
            0x0463, 0x0473, 0x0475, 0x046b, 0x0000, 0x0000, 0x0000, 0x0000, 0x0000, 0x0000, 0x0000, 0x005b, 0x0000, 0x005d, 0x0000, 0x005f,
            0x0490, 0x0402, 0x0403, 0x0404, 0x0401, 0x0405, 0x0406, 0x0407, 0x0408, 0x0409, 0x040a, 0x040b, 0x040c, 0x040e, 0x040f, 0x042a,
            0x0462, 0x0472, 0x0474, 0x046a, 0x0000, 0x0000, 0x0000, 0x0000, 0x0000, 0x0000, 0x0000, 0x0000, 0x0000, 0x0000, 0x0000, 0x007f,
            0x0000, 0x0000, 0x0000, 0x0000, 0x0000, 0x0000, 0x0000, 0x0000, 0x0000, 0x0000, 0x0000, 0x0000, 0x0000, 0x0000, 0x0000, 0x0000,
            0x0000, 0x0000, 0x0000, 0x0000, 0x0000, 0x0000, 0x0000, 0x0000, 0x0000, 0x0000, 0x0000, 0x0000, 0x0000, 0x0000, 0x0000, 0x0000,
            0x0000, 0x0000, 0x0000, 0x0000, 0x0000, 0x0000, 0x0000, 0x0000, 0x0000, 0x0000, 0x0000, 0x0000, 0x0000, 0x0000, 0x0000, 0x0000,
            0x0000, 0x0000, 0x0000, 0x0000, 0x0000, 0x0000, 0x0000, 0x0000, 0x0000, 0x0000, 0x0000, 0x0000, 0x0000, 0x0000, 0x0000, 0x0000,
            0x0000, 0x0000, 0x0000, 0x0000, 0x0000, 0x0000, 0x0000, 0x0000, 0x0000, 0x0000, 0x0000, 0x0000, 0x0000, 0x0000, 0x0000, 0x0000,
            0x0000, 0x0000, 0x0000, 0x0000, 0x0000, 0x0000, 0x0000, 0x0000, 0x0000, 0x0000, 0x0000, 0x0000, 0x0000, 0x0000, 0x0000, 0x0000,
            0x0000, 0x0000, 0x0000, 0x0000, 0x0000, 0x0000, 0x0000, 0x0000, 0x0000, 0x0000, 0x0000, 0x0000, 0x0000, 0x0000, 0x0000, 0x0000,
            0x0000, 0x0000, 0x0000, 0x0000, 0x0000, 0x0000, 0x0000, 0x0000, 0x0000, 0x0000, 0x0000, 0x0000, 0x0000, 0x0000, 0x0000, 0x0000,
        ],
        decode_only: &[],
    },
    // iso_5428 (8bit-gap, localedata/charmaps/ISO_5428)
    Table8 {
        names: &[
            b"ISO_5428//",
            b"CSISO5428GREEK//",
            b"ISO-IR-55//",
            b"ISO_5428:1980//",
        ],
        to_ucs: [
            0x0000, 0x0001, 0x0002, 0x0003, 0x0004, 0x0005, 0x0006, 0x0007, 0x0008, 0x0009, 0x000a, 0x000b, 0x000c, 0x000d, 0x000e, 0x000f,
            0x0010, 0x0011, 0x0012, 0x0013, 0x0014, 0x0015, 0x0016, 0x0017, 0x0018, 0x0019, 0x001a, 0x001b, 0x001c, 0x001d, 0x001e, 0x001f,
            0x0020, 0xe002, 0xe003, 0xe009, 0xe005, 0xe012, 0xe013, 0xe014, 0x0000, 0x0000, 0x0000, 0x0000, 0x0000, 0x0000, 0x0000, 0x0000,
            0x00ab, 0x00bb, 0x201d, 0x201c, 0x0374, 0x0375, 0x0000, 0x0000, 0x0000, 0x0000, 0x0000, 0x00b7, 0x0000, 0x0000, 0x0000, 0x003b,
            0x0000, 0x0391, 0x0392, 0x0000, 0x0393, 0x0394, 0x0395, 0x03da, 0x03dc, 0x0396, 0x0397, 0x0398, 0x0399, 0x039a, 0x039b, 0x039c,
            0x039d, 0x039e, 0x039f, 0x03a0, 0x03de, 0x03a1, 0x03a3, 0x0000, 0x03a4, 0x03a5, 0x03a6, 0x03a7, 0x03a8, 0x03a9, 0x03e0, 0x0000,
            0x0000, 0x03b1, 0x03b2, 0x03d0, 0x03b3, 0x03b4, 0x03b5, 0x03db, 0x03dd, 0x03b6, 0x03b7, 0x03b8, 0x03b9, 0x03ba, 0x03bb, 0x03bc,
            0x03bd, 0x03be, 0x03bf, 0x03c0, 0x03df, 0x03c1, 0x03c3, 0x03c2, 0x03c4, 0x03c5, 0x03c6, 0x03c7, 0x03c8, 0x03c9, 0x03e1, 0x007f,
            0x0000, 0x0000, 0x0000, 0x0000, 0x0000, 0x0000, 0x0000, 0x0000, 0x0000, 0x0000, 0x0000, 0x0000, 0x0000, 0x0000, 0x0000, 0x0000,
            0x0000, 0x0000, 0x0000, 0x0000, 0x0000, 0x0000, 0x0000, 0x0000, 0x0000, 0x0000, 0x0000, 0x0000, 0x0000, 0x0000, 0x0000, 0x0000,
            0x0000, 0x0000, 0x0000, 0x0000, 0x0000, 0x0000, 0x0000, 0x0000, 0x0000, 0x0000, 0x0000, 0x0000, 0x0000, 0x0000, 0x0000, 0x0000,
            0x0000, 0x0000, 0x0000, 0x0000, 0x0000, 0x0000, 0x0000, 0x0000, 0x0000, 0x0000, 0x0000, 0x0000, 0x0000, 0x0000, 0x0000, 0x0000,
            0x0000, 0x0000, 0x0000, 0x0000, 0x0000, 0x0000, 0x0000, 0x0000, 0x0000, 0x0000, 0x0000, 0x0000, 0x0000, 0x0000, 0x0000, 0x0000,
            0x0000, 0x0000, 0x0000, 0x0000, 0x0000, 0x0000, 0x0000, 0x0000, 0x0000, 0x0000, 0x0000, 0x0000, 0x0000, 0x0000, 0x0000, 0x0000,
            0x0000, 0x0000, 0x0000, 0x0000, 0x0000, 0x0000, 0x0000, 0x0000, 0x0000, 0x0000, 0x0000, 0x0000, 0x0000, 0x0000, 0x0000, 0x0000,
            0x0000, 0x0000, 0x0000, 0x0000, 0x0000, 0x0000, 0x0000, 0x0000, 0x0000, 0x0000, 0x0000, 0x0000, 0x0000, 0x0000, 0x0000, 0x0000,
        ],
        decode_only: &[],
    },
    // iso_10367-box (8bit-gap, localedata/charmaps/ISO_10367-BOX)
    Table8 {
        names: &[
            b"ISO_10367-BOX//",
            b"CSISO10367BOX//",
            b"ISO-IR-155//",
            b"ISO_10367BOX//",
        ],
        to_ucs: [
            0x0000, 0x0001, 0x0002, 0x0003, 0x0004, 0x0005, 0x0006, 0x0007, 0x0008, 0x0009, 0x000a, 0x000b, 0x000c, 0x000d, 0x000e, 0x000f,
            0x0010, 0x0011, 0x0012, 0x0013, 0x0014, 0x0015, 0x0016, 0x0017, 0x0018, 0x0019, 0x001a, 0x001b, 0x001c, 0x001d, 0x001e, 0x001f,
            0x0020, 0x0021, 0x0022, 0x0023, 0x0024, 0x0025, 0x0026, 0x0027, 0x0028, 0x0029, 0x002a, 0x002b, 0x002c, 0x002d, 0x002e, 0x002f,
            0x0030, 0x0031, 0x0032, 0x0033, 0x0034, 0x0035, 0x0036, 0x0037, 0x0038, 0x0039, 0x003a, 0x003b, 0x003c, 0x003d, 0x003e, 0x003f,
            0x0040, 0x0041, 0x0042, 0x0043, 0x0044, 0x0045, 0x0046, 0x0047, 0x0048, 0x0049, 0x004a, 0x004b, 0x004c, 0x004d, 0x004e, 0x004f,
            0x0050, 0x0051, 0x0052, 0x0053, 0x0054, 0x0055, 0x0056, 0x0057, 0x0058, 0x0059, 0x005a, 0x005b, 0x005c, 0x005d, 0x005e, 0x005f,
            0x0060, 0x0061, 0x0062, 0x0063, 0x0064, 0x0065, 0x0066, 0x0067, 0x0068, 0x0069, 0x006a, 0x006b, 0x006c, 0x006d, 0x006e, 0x006f,
            0x0070, 0x0071, 0x0072, 0x0073, 0x0074, 0x0075, 0x0076, 0x0077, 0x0078, 0x0079, 0x007a, 0x007b, 0x007c, 0x007d, 0x007e, 0x007f,
            0x0080, 0x0081, 0x0082, 0x0083, 0x0084, 0x0085, 0x0086, 0x0087, 0x0088, 0x0089, 0x008a, 0x008b, 0x008c, 0x008d, 0x008e, 0x008f,
            0x0090, 0x0091, 0x0092, 0x0093, 0x0094, 0x0095, 0x0096, 0x0097, 0x0098, 0x0099, 0x009a, 0x009b, 0x009c, 0x009d, 0x009e, 0x009f,
            0x0000, 0x0000, 0x0000, 0x0000, 0x0000, 0x0000, 0x0000, 0x0000, 0x0000, 0x0000, 0x0000, 0x0000, 0x0000, 0x0000, 0x0000, 0x0000,
            0x0000, 0x0000, 0x0000, 0x0000, 0x0000, 0x0000, 0x0000, 0x0000, 0x0000, 0x0000, 0x0000, 0x0000, 0x0000, 0x0000, 0x0000, 0x0000,
            0x2551, 0x2550, 0x2554, 0x2557, 0x255a, 0x255d, 0x2560, 0x2563, 0x2566, 0x2569, 0x256c, 0xe019, 0x2584, 0x2588, 0x25aa, 0x0000,
            0x2502, 0x2500, 0x250c, 0x2510, 0x2514, 0x2518, 0x251c, 0x2524, 0x252c, 0x2534, 0x253c, 0x2591, 0x2592, 0x2593, 0x0000, 0x0000,
            0x0000, 0x0000, 0x0000, 0x0000, 0x0000, 0x0000, 0x0000, 0x0000, 0x0000, 0x0000, 0x0000, 0x0000, 0x0000, 0x0000, 0x0000, 0x0000,
            0x0000, 0x0000, 0x0000, 0x0000, 0x0000, 0x0000, 0x0000, 0x0000, 0x0000, 0x0000, 0x0000, 0x0000, 0x0000, 0x0000, 0x0000, 0x0000,
        ],
        decode_only: &[],
    },
    // mac-is (8bit-gap, localedata/charmaps/MAC-IS)
    Table8 {
        names: &[
            b"MAC-IS//",
            b"MACIS//",
        ],
        to_ucs: [
            0x0000, 0x0001, 0x0002, 0x0003, 0x0004, 0x0005, 0x0006, 0x0007, 0x0008, 0x0009, 0x000a, 0x000b, 0x000c, 0x000d, 0x000e, 0x000f,
            0x0010, 0x0011, 0x0012, 0x0013, 0x0014, 0x0015, 0x0016, 0x0017, 0x0018, 0x0019, 0x001a, 0x001b, 0x001c, 0x001d, 0x001e, 0x001f,
            0x0020, 0x0021, 0x0022, 0x0023, 0x0024, 0x0025, 0x0026, 0x0027, 0x0028, 0x0029, 0x002a, 0x002b, 0x002c, 0x002d, 0x002e, 0x002f,
            0x0030, 0x0031, 0x0032, 0x0033, 0x0034, 0x0035, 0x0036, 0x0037, 0x0038, 0x0039, 0x003a, 0x003b, 0x003c, 0x003d, 0x003e, 0x003f,
            0x0040, 0x0041, 0x0042, 0x0043, 0x0044, 0x0045, 0x0046, 0x0047, 0x0048, 0x0049, 0x004a, 0x004b, 0x004c, 0x004d, 0x004e, 0x004f,
            0x0050, 0x0051, 0x0052, 0x0053, 0x0054, 0x0055, 0x0056, 0x0057, 0x0058, 0x0059, 0x005a, 0x005b, 0x005c, 0x005d, 0x005e, 0x005f,
            0x0060, 0x0061, 0x0062, 0x0063, 0x0064, 0x0065, 0x0066, 0x0067, 0x0068, 0x0069, 0x006a, 0x006b, 0x006c, 0x006d, 0x006e, 0x006f,
            0x0070, 0x0071, 0x0072, 0x0073, 0x0074, 0x0075, 0x0076, 0x0077, 0x0078, 0x0079, 0x007a, 0x007b, 0x007c, 0x007d, 0x007e, 0x007f,
            0x00c4, 0x00c5, 0x00c7, 0x00c9, 0x00d1, 0x00d6, 0x00dc, 0x00e1, 0x00e0, 0x00e2, 0x00e4, 0x00e3, 0x00e5, 0x00e7, 0x00e9, 0x00e8,
            0x00ea, 0x00eb, 0x00ed, 0x00ec, 0x00ee, 0x00ef, 0x00f1, 0x00f3, 0x00f2, 0x00f4, 0x00f6, 0x00f5, 0x00fa, 0x00f9, 0x00fb, 0x00fc,
            0x2020, 0x00b0, 0x00a2, 0x00a3, 0x00a7, 0x2022, 0x00b6, 0x00df, 0x00ae, 0x00a9, 0x2122, 0x00b4, 0x00a8, 0x2260, 0x00c6, 0x00d8,
            0x221e, 0x00b1, 0x2264, 0x2265, 0x00a5, 0x00b5, 0x2202, 0x2211, 0x220f, 0x03c0, 0x222b, 0x00aa, 0x00ba, 0x03a9, 0x00e6, 0x00f8,
            0x00bf, 0x00a1, 0x00ac, 0x221a, 0x0192, 0x2248, 0x0394, 0x00ab, 0x00bb, 0x2026, 0x00a0, 0x00c0, 0x00c3, 0x00d5, 0x0152, 0x0153,
            0x2014, 0x2013, 0x201c, 0x201d, 0x2018, 0x2019, 0x00f7, 0x25c6, 0x00ff, 0x0178, 0x2044, 0x00a4, 0x0110, 0x0111, 0x00de, 0x00fe,
            0x2021, 0x00b7, 0x201a, 0x201e, 0x2030, 0x00c2, 0x00ca, 0x00c1, 0x00cb, 0x00c8, 0x00cd, 0x00ce, 0x00cf, 0x00cc, 0x00d3, 0x00d4,
            0xe01e, 0x00d2, 0x00da, 0x00db, 0x00d9, 0x0131, 0x0000, 0x0000, 0x00af, 0x02d8, 0x02d9, 0x02da, 0x00b8, 0x02dd, 0x02db, 0x02c7,
        ],
        decode_only: &[],
    },
    // nats-dano (8bit-gap, localedata/charmaps/NATS-DANO)
    Table8 {
        names: &[
            b"NATS-DANO//",
            b"CSNATSDANO//",
            b"ISO-IR-9-1//",
            b"NATSDANO//",
        ],
        to_ucs: [
            0x0000, 0x0001, 0x0002, 0x0003, 0x0004, 0x0005, 0x0006, 0x0007, 0x0008, 0x0009, 0x000a, 0x000b, 0x000c, 0x000d, 0x000e, 0x000f,
            0x0010, 0x0011, 0x0012, 0x0013, 0x0014, 0x0015, 0x0016, 0x0017, 0x0018, 0x0019, 0x001a, 0x001b, 0x001c, 0x001d, 0x001e, 0x001f,
            0x0020, 0x0021, 0x00ab, 0x00bb, 0x0024, 0x0025, 0x0026, 0x0027, 0x0028, 0x0029, 0x002a, 0x002b, 0x002c, 0x002d, 0x002e, 0x002f,
            0x0030, 0x0031, 0x0032, 0x0033, 0x0034, 0x0035, 0x0036, 0x0037, 0x0038, 0x0039, 0x003a, 0x003b, 0x003c, 0x003d, 0x003e, 0x003f,
            0xe018, 0x0041, 0x0042, 0x0043, 0x0044, 0x0045, 0x0046, 0x0047, 0x0048, 0x0049, 0x004a, 0x004b, 0x004c, 0x004d, 0x004e, 0x004f,
            0x0050, 0x0051, 0x0052, 0x0053, 0x0054, 0x0055, 0x0056, 0x0057, 0x0058, 0x0059, 0x005a, 0x00c6, 0x00d8, 0x00c5, 0x25a0, 0x005f,
            0xe019, 0x0061, 0x0062, 0x0063, 0x0064, 0x0065, 0x0066, 0x0067, 0x0068, 0x0069, 0x006a, 0x006b, 0x006c, 0x006d, 0x006e, 0x006f,
            0x0070, 0x0071, 0x0072, 0x0073, 0x0074, 0x0075, 0x0076, 0x0077, 0x0078, 0x0079, 0x007a, 0x00e6, 0x00f8, 0x00e5, 0x2013, 0x007f,
            0x0000, 0x0000, 0x0000, 0x0000, 0x0000, 0x0000, 0x0000, 0x0000, 0x0000, 0x0000, 0x0000, 0x0000, 0x0000, 0x0000, 0x0000, 0x0000,
            0x0000, 0x0000, 0x0000, 0x0000, 0x0000, 0x0000, 0x0000, 0x0000, 0x0000, 0x0000, 0x0000, 0x0000, 0x0000, 0x0000, 0x0000, 0x0000,
            0x0000, 0x0000, 0x0000, 0x0000, 0x0000, 0x0000, 0x0000, 0x0000, 0x0000, 0x0000, 0x0000, 0x0000, 0x0000, 0x0000, 0x0000, 0x0000,
            0x0000, 0x0000, 0x0000, 0x0000, 0x0000, 0x0000, 0x0000, 0x0000, 0x0000, 0x0000, 0x0000, 0x0000, 0x0000, 0x0000, 0x0000, 0x0000,
            0x0000, 0x0000, 0x0000, 0x0000, 0x0000, 0x0000, 0x0000, 0x0000, 0x0000, 0x0000, 0x0000, 0x0000, 0x0000, 0x0000, 0x0000, 0x0000,
            0x0000, 0x0000, 0x0000, 0x0000, 0x0000, 0x0000, 0x0000, 0x0000, 0x0000, 0x0000, 0x0000, 0x0000, 0x0000, 0x0000, 0x0000, 0x0000,
            0x0000, 0x0000, 0x0000, 0x0000, 0x0000, 0x0000, 0x0000, 0x0000, 0x0000, 0x0000, 0x0000, 0x0000, 0x0000, 0x0000, 0x0000, 0x0000,
            0x0000, 0x0000, 0x0000, 0x0000, 0x0000, 0x0000, 0x0000, 0x0000, 0x0000, 0x0000, 0x0000, 0x0000, 0x0000, 0x0000, 0x0000, 0x0000,
        ],
        decode_only: &[],
    },
    // nats-sefi (8bit-gap, localedata/charmaps/NATS-SEFI)
    Table8 {
        names: &[
            b"NATS-SEFI//",
            b"CSNATSSEFI//",
            b"ISO-IR-8-1//",
            b"NATSSEFI//",
        ],
        to_ucs: [
            0x0000, 0x0001, 0x0002, 0x0003, 0x0004, 0x0005, 0x0006, 0x0007, 0x0008, 0x0009, 0x000a, 0x000b, 0x000c, 0x000d, 0x000e, 0x000f,
            0x0010, 0x0011, 0x0012, 0x0013, 0x0014, 0x0015, 0x0016, 0x0017, 0x0018, 0x0019, 0x001a, 0x001b, 0x001c, 0x001d, 0x001e, 0x001f,
            0x0020, 0x0021, 0x0022, 0x0023, 0x0024, 0x0025, 0x0026, 0x0027, 0x0028, 0x0029, 0x002a, 0x002b, 0x002c, 0x002d, 0x002e, 0x002f,
            0x0030, 0x0031, 0x0032, 0x0033, 0x0034, 0x0035, 0x0036, 0x0037, 0x0038, 0x0039, 0x003a, 0x003b, 0x003c, 0x003d, 0x003e, 0x003f,
            0xe018, 0x0041, 0x0042, 0x0043, 0x0044, 0x0045, 0x0046, 0x0047, 0x0048, 0x0049, 0x004a, 0x004b, 0x004c, 0x004d, 0x004e, 0x004f,
            0x0050, 0x0051, 0x0052, 0x0053, 0x0054, 0x0055, 0x0056, 0x0057, 0x0058, 0x0059, 0x005a, 0x00c4, 0x00d6, 0x00c5, 0x25a0, 0x005f,
            0xe019, 0x0061, 0x0062, 0x0063, 0x0064, 0x0065, 0x0066, 0x0067, 0x0068, 0x0069, 0x006a, 0x006b, 0x006c, 0x006d, 0x006e, 0x006f,
            0x0070, 0x0071, 0x0072, 0x0073, 0x0074, 0x0075, 0x0076, 0x0077, 0x0078, 0x0079, 0x007a, 0x00e4, 0x00f6, 0x00e5, 0x2013, 0x007f,
            0x0000, 0x0000, 0x0000, 0x0000, 0x0000, 0x0000, 0x0000, 0x0000, 0x0000, 0x0000, 0x0000, 0x0000, 0x0000, 0x0000, 0x0000, 0x0000,
            0x0000, 0x0000, 0x0000, 0x0000, 0x0000, 0x0000, 0x0000, 0x0000, 0x0000, 0x0000, 0x0000, 0x0000, 0x0000, 0x0000, 0x0000, 0x0000,
            0x0000, 0x0000, 0x0000, 0x0000, 0x0000, 0x0000, 0x0000, 0x0000, 0x0000, 0x0000, 0x0000, 0x0000, 0x0000, 0x0000, 0x0000, 0x0000,
            0x0000, 0x0000, 0x0000, 0x0000, 0x0000, 0x0000, 0x0000, 0x0000, 0x0000, 0x0000, 0x0000, 0x0000, 0x0000, 0x0000, 0x0000, 0x0000,
            0x0000, 0x0000, 0x0000, 0x0000, 0x0000, 0x0000, 0x0000, 0x0000, 0x0000, 0x0000, 0x0000, 0x0000, 0x0000, 0x0000, 0x0000, 0x0000,
            0x0000, 0x0000, 0x0000, 0x0000, 0x0000, 0x0000, 0x0000, 0x0000, 0x0000, 0x0000, 0x0000, 0x0000, 0x0000, 0x0000, 0x0000, 0x0000,
            0x0000, 0x0000, 0x0000, 0x0000, 0x0000, 0x0000, 0x0000, 0x0000, 0x0000, 0x0000, 0x0000, 0x0000, 0x0000, 0x0000, 0x0000, 0x0000,
            0x0000, 0x0000, 0x0000, 0x0000, 0x0000, 0x0000, 0x0000, 0x0000, 0x0000, 0x0000, 0x0000, 0x0000, 0x0000, 0x0000, 0x0000, 0x0000,
        ],
        decode_only: &[],
    },
    // iso8859-13 (8bit-gap, localedata/charmaps/ISO-8859-13)
    Table8 {
        names: &[
            b"ISO-8859-13//",
            b"BALTIC//",
            b"ISO-IR-179//",
            b"ISO8859-13//",
            b"ISO885913//",
            b"L7//",
            b"LATIN7//",
        ],
        to_ucs: [
            0x0000, 0x0001, 0x0002, 0x0003, 0x0004, 0x0005, 0x0006, 0x0007, 0x0008, 0x0009, 0x000a, 0x000b, 0x000c, 0x000d, 0x000e, 0x000f,
            0x0010, 0x0011, 0x0012, 0x0013, 0x0014, 0x0015, 0x0016, 0x0017, 0x0018, 0x0019, 0x001a, 0x001b, 0x001c, 0x001d, 0x001e, 0x001f,
            0x0020, 0x0021, 0x0022, 0x0023, 0x0024, 0x0025, 0x0026, 0x0027, 0x0028, 0x0029, 0x002a, 0x002b, 0x002c, 0x002d, 0x002e, 0x002f,
            0x0030, 0x0031, 0x0032, 0x0033, 0x0034, 0x0035, 0x0036, 0x0037, 0x0038, 0x0039, 0x003a, 0x003b, 0x003c, 0x003d, 0x003e, 0x003f,
            0x0040, 0x0041, 0x0042, 0x0043, 0x0044, 0x0045, 0x0046, 0x0047, 0x0048, 0x0049, 0x004a, 0x004b, 0x004c, 0x004d, 0x004e, 0x004f,
            0x0050, 0x0051, 0x0052, 0x0053, 0x0054, 0x0055, 0x0056, 0x0057, 0x0058, 0x0059, 0x005a, 0x005b, 0x005c, 0x005d, 0x005e, 0x005f,
            0x0060, 0x0061, 0x0062, 0x0063, 0x0064, 0x0065, 0x0066, 0x0067, 0x0068, 0x0069, 0x006a, 0x006b, 0x006c, 0x006d, 0x006e, 0x006f,
            0x0070, 0x0071, 0x0072, 0x0073, 0x0074, 0x0075, 0x0076, 0x0077, 0x0078, 0x0079, 0x007a, 0x007b, 0x007c, 0x007d, 0x007e, 0x007f,
            0x0080, 0x0081, 0x0082, 0x0083, 0x0084, 0x0085, 0x0086, 0x0087, 0x0088, 0x0089, 0x008a, 0x008b, 0x008c, 0x008d, 0x008e, 0x008f,
            0x0090, 0x0091, 0x0092, 0x0093, 0x0094, 0x0095, 0x0096, 0x0097, 0x0098, 0x0099, 0x009a, 0x009b, 0x009c, 0x009d, 0x009e, 0x009f,
            0x00a0, 0x201d, 0x00a2, 0x00a3, 0x00a4, 0x201e, 0x00a6, 0x00a7, 0x00d8, 0x00a9, 0x0156, 0x00ab, 0x00ac, 0x00ad, 0x00ae, 0x00c6,
            0x00b0, 0x00b1, 0x00b2, 0x00b3, 0x201c, 0x00b5, 0x00b6, 0x00b7, 0x00f8, 0x00b9, 0x0157, 0x00bb, 0x00bc, 0x00bd, 0x00be, 0x00e6,
            0x0104, 0x012e, 0x0100, 0x0106, 0x00c4, 0x00c5, 0x0118, 0x0112, 0x010c, 0x00c9, 0x0179, 0x0116, 0x0122, 0x0136, 0x012a, 0x013b,
            0x0160, 0x0143, 0x0145, 0x00d3, 0x014c, 0x00d5, 0x00d6, 0x00d7, 0x0172, 0x0141, 0x015a, 0x016a, 0x00dc, 0x017b, 0x017d, 0x00df,
            0x0105, 0x012f, 0x0101, 0x0107, 0x00e4, 0x00e5, 0x0119, 0x0113, 0x010d, 0x00e9, 0x017a, 0x0117, 0x0123, 0x0137, 0x012b, 0x013c,
            0x0161, 0x0144, 0x0146, 0x00f3, 0x014d, 0x00f5, 0x00f6, 0x00f7, 0x0173, 0x0142, 0x015b, 0x016b, 0x00fc, 0x017c, 0x017e, 0x2019,
        ],
        decode_only: &[],
    },
    // iso8859-14 (8bit-gap, localedata/charmaps/ISO-8859-14)
    Table8 {
        names: &[
            b"ISO-8859-14//",
            b"ISO-CELTIC//",
            b"ISO-IR-199//",
            b"ISO8859-14//",
            b"ISO885914//",
            b"ISO_8859-14//",
            b"ISO_8859-14:1998//",
            b"L8//",
            b"LATIN8//",
        ],
        to_ucs: [
            0x0000, 0x0001, 0x0002, 0x0003, 0x0004, 0x0005, 0x0006, 0x0007, 0x0008, 0x0009, 0x000a, 0x000b, 0x000c, 0x000d, 0x000e, 0x000f,
            0x0010, 0x0011, 0x0012, 0x0013, 0x0014, 0x0015, 0x0016, 0x0017, 0x0018, 0x0019, 0x001a, 0x001b, 0x001c, 0x001d, 0x001e, 0x001f,
            0x0020, 0x0021, 0x0022, 0x0023, 0x0024, 0x0025, 0x0026, 0x0027, 0x0028, 0x0029, 0x002a, 0x002b, 0x002c, 0x002d, 0x002e, 0x002f,
            0x0030, 0x0031, 0x0032, 0x0033, 0x0034, 0x0035, 0x0036, 0x0037, 0x0038, 0x0039, 0x003a, 0x003b, 0x003c, 0x003d, 0x003e, 0x003f,
            0x0040, 0x0041, 0x0042, 0x0043, 0x0044, 0x0045, 0x0046, 0x0047, 0x0048, 0x0049, 0x004a, 0x004b, 0x004c, 0x004d, 0x004e, 0x004f,
            0x0050, 0x0051, 0x0052, 0x0053, 0x0054, 0x0055, 0x0056, 0x0057, 0x0058, 0x0059, 0x005a, 0x005b, 0x005c, 0x005d, 0x005e, 0x005f,
            0x0060, 0x0061, 0x0062, 0x0063, 0x0064, 0x0065, 0x0066, 0x0067, 0x0068, 0x0069, 0x006a, 0x006b, 0x006c, 0x006d, 0x006e, 0x006f,
            0x0070, 0x0071, 0x0072, 0x0073, 0x0074, 0x0075, 0x0076, 0x0077, 0x0078, 0x0079, 0x007a, 0x007b, 0x007c, 0x007d, 0x007e, 0x007f,
            0x0080, 0x0081, 0x0082, 0x0083, 0x0084, 0x0085, 0x0086, 0x0087, 0x0088, 0x0089, 0x008a, 0x008b, 0x008c, 0x008d, 0x008e, 0x008f,
            0x0090, 0x0091, 0x0092, 0x0093, 0x0094, 0x0095, 0x0096, 0x0097, 0x0098, 0x0099, 0x009a, 0x009b, 0x009c, 0x009d, 0x009e, 0x009f,
            0x00a0, 0x1e02, 0x1e03, 0x00a3, 0x010a, 0x010b, 0x1e0a, 0x00a7, 0x1e80, 0x00a9, 0x1e82, 0x1e0b, 0x1ef2, 0x00ad, 0x00ae, 0x0178,
            0x1e1e, 0x1e1f, 0x0120, 0x0121, 0x1e40, 0x1e41, 0x00b6, 0x1e56, 0x1e81, 0x1e57, 0x1e83, 0x1e60, 0x1ef3, 0x1e84, 0x1e85, 0x1e61,
            0x00c0, 0x00c1, 0x00c2, 0x00c3, 0x00c4, 0x00c5, 0x00c6, 0x00c7, 0x00c8, 0x00c9, 0x00ca, 0x00cb, 0x00cc, 0x00cd, 0x00ce, 0x00cf,
            0x0174, 0x00d1, 0x00d2, 0x00d3, 0x00d4, 0x00d5, 0x00d6, 0x1e6a, 0x00d8, 0x00d9, 0x00da, 0x00db, 0x00dc, 0x00dd, 0x0176, 0x00df,
            0x00e0, 0x00e1, 0x00e2, 0x00e3, 0x00e4, 0x00e5, 0x00e6, 0x00e7, 0x00e8, 0x00e9, 0x00ea, 0x00eb, 0x00ec, 0x00ed, 0x00ee, 0x00ef,
            0x0175, 0x00f1, 0x00f2, 0x00f3, 0x00f4, 0x00f5, 0x00f6, 0x1e6b, 0x00f8, 0x00f9, 0x00fa, 0x00fb, 0x00fc, 0x00fd, 0x0177, 0x00ff,
        ],
        decode_only: &[],
    },
    // iso8859-15 (8bit-gap, localedata/charmaps/ISO-8859-15)
    Table8 {
        names: &[
            b"ISO-8859-15//",
            b"ISO-IR-203//",
            b"ISO8859-15//",
            b"ISO885915//",
            b"ISO_8859-15//",
            b"ISO_8859-15:1998//",
            b"LATIN-9//",
            b"LATIN9//",
        ],
        to_ucs: [
            0x0000, 0x0001, 0x0002, 0x0003, 0x0004, 0x0005, 0x0006, 0x0007, 0x0008, 0x0009, 0x000a, 0x000b, 0x000c, 0x000d, 0x000e, 0x000f,
            0x0010, 0x0011, 0x0012, 0x0013, 0x0014, 0x0015, 0x0016, 0x0017, 0x0018, 0x0019, 0x001a, 0x001b, 0x001c, 0x001d, 0x001e, 0x001f,
            0x0020, 0x0021, 0x0022, 0x0023, 0x0024, 0x0025, 0x0026, 0x0027, 0x0028, 0x0029, 0x002a, 0x002b, 0x002c, 0x002d, 0x002e, 0x002f,
            0x0030, 0x0031, 0x0032, 0x0033, 0x0034, 0x0035, 0x0036, 0x0037, 0x0038, 0x0039, 0x003a, 0x003b, 0x003c, 0x003d, 0x003e, 0x003f,
            0x0040, 0x0041, 0x0042, 0x0043, 0x0044, 0x0045, 0x0046, 0x0047, 0x0048, 0x0049, 0x004a, 0x004b, 0x004c, 0x004d, 0x004e, 0x004f,
            0x0050, 0x0051, 0x0052, 0x0053, 0x0054, 0x0055, 0x0056, 0x0057, 0x0058, 0x0059, 0x005a, 0x005b, 0x005c, 0x005d, 0x005e, 0x005f,
            0x0060, 0x0061, 0x0062, 0x0063, 0x0064, 0x0065, 0x0066, 0x0067, 0x0068, 0x0069, 0x006a, 0x006b, 0x006c, 0x006d, 0x006e, 0x006f,
            0x0070, 0x0071, 0x0072, 0x0073, 0x0074, 0x0075, 0x0076, 0x0077, 0x0078, 0x0079, 0x007a, 0x007b, 0x007c, 0x007d, 0x007e, 0x007f,
            0x0080, 0x0081, 0x0082, 0x0083, 0x0084, 0x0085, 0x0086, 0x0087, 0x0088, 0x0089, 0x008a, 0x008b, 0x008c, 0x008d, 0x008e, 0x008f,
            0x0090, 0x0091, 0x0092, 0x0093, 0x0094, 0x0095, 0x0096, 0x0097, 0x0098, 0x0099, 0x009a, 0x009b, 0x009c, 0x009d, 0x009e, 0x009f,
            0x00a0, 0x00a1, 0x00a2, 0x00a3, 0x20ac, 0x00a5, 0x0160, 0x00a7, 0x0161, 0x00a9, 0x00aa, 0x00ab, 0x00ac, 0x00ad, 0x00ae, 0x00af,
            0x00b0, 0x00b1, 0x00b2, 0x00b3, 0x017d, 0x00b5, 0x00b6, 0x00b7, 0x017e, 0x00b9, 0x00ba, 0x00bb, 0x0152, 0x0153, 0x0178, 0x00bf,
            0x00c0, 0x00c1, 0x00c2, 0x00c3, 0x00c4, 0x00c5, 0x00c6, 0x00c7, 0x00c8, 0x00c9, 0x00ca, 0x00cb, 0x00cc, 0x00cd, 0x00ce, 0x00cf,
            0x00d0, 0x00d1, 0x00d2, 0x00d3, 0x00d4, 0x00d5, 0x00d6, 0x00d7, 0x00d8, 0x00d9, 0x00da, 0x00db, 0x00dc, 0x00dd, 0x00de, 0x00df,
            0x00e0, 0x00e1, 0x00e2, 0x00e3, 0x00e4, 0x00e5, 0x00e6, 0x00e7, 0x00e8, 0x00e9, 0x00ea, 0x00eb, 0x00ec, 0x00ed, 0x00ee, 0x00ef,
            0x00f0, 0x00f1, 0x00f2, 0x00f3, 0x00f4, 0x00f5, 0x00f6, 0x00f7, 0x00f8, 0x00f9, 0x00fa, 0x00fb, 0x00fc, 0x00fd, 0x00fe, 0x00ff,
        ],
        decode_only: &[],
    },
    // mac-uk (8bit-gap, localedata/charmaps/MAC-UK)
    Table8 {
        names: &[
            b"MAC-UK//",
            b"MAC-CYRILLIC//",
            b"MACCYRILLIC//",
            b"MACUK//",
            b"MACUKRAINIAN//",
        ],
        to_ucs: [
            0x0000, 0x0001, 0x0002, 0x0003, 0x0004, 0x0005, 0x0006, 0x0007, 0x0008, 0x0009, 0x000a, 0x000b, 0x000c, 0x000d, 0x000e, 0x000f,
            0x0010, 0x0011, 0x0012, 0x0013, 0x0014, 0x0015, 0x0016, 0x0017, 0x0018, 0x0019, 0x001a, 0x001b, 0x001c, 0x001d, 0x001e, 0x001f,
            0x0020, 0x0021, 0x0022, 0x0023, 0x0024, 0x0025, 0x0026, 0x0027, 0x0028, 0x0029, 0x002a, 0x002b, 0x002c, 0x002d, 0x002e, 0x002f,
            0x0030, 0x0031, 0x0032, 0x0033, 0x0034, 0x0035, 0x0036, 0x0037, 0x0038, 0x0039, 0x003a, 0x003b, 0x003c, 0x003d, 0x003e, 0x003f,
            0x0040, 0x0041, 0x0042, 0x0043, 0x0044, 0x0045, 0x0046, 0x0047, 0x0048, 0x0049, 0x004a, 0x004b, 0x004c, 0x004d, 0x004e, 0x004f,
            0x0050, 0x0051, 0x0052, 0x0053, 0x0054, 0x0055, 0x0056, 0x0057, 0x0058, 0x0059, 0x005a, 0x005b, 0x005c, 0x005d, 0x005e, 0x005f,
            0x0060, 0x0061, 0x0062, 0x0063, 0x0064, 0x0065, 0x0066, 0x0067, 0x0068, 0x0069, 0x006a, 0x006b, 0x006c, 0x006d, 0x006e, 0x006f,
            0x0070, 0x0071, 0x0072, 0x0073, 0x0074, 0x0075, 0x0076, 0x0077, 0x0078, 0x0079, 0x007a, 0x007b, 0x007c, 0x007d, 0x007e, 0x007f,
            0x0410, 0x0411, 0x0412, 0x0413, 0x0414, 0x0415, 0x0416, 0x0417, 0x0418, 0x0419, 0x041a, 0x041b, 0x041c, 0x041d, 0x041e, 0x041f,
            0x0420, 0x0421, 0x0422, 0x0423, 0x0424, 0x0425, 0x0426, 0x0427, 0x0428, 0x0429, 0x042a, 0x042b, 0x042c, 0x042d, 0x042e, 0x042f,
            0x2020, 0x00b0, 0x0490, 0x00a3, 0x00a7, 0x2022, 0x00b6, 0x0406, 0x00ae, 0x00a9, 0x2122, 0x0402, 0x0452, 0x2260, 0x0403, 0x0453,
            0x221e, 0x00b1, 0x2264, 0x2265, 0x0456, 0x00b5, 0x0491, 0x0408, 0x0404, 0x0454, 0x0407, 0x0457, 0x0409, 0x0459, 0x040a, 0x045a,
            0x0458, 0x0405, 0x00ac, 0x221a, 0x0192, 0x2248, 0x2206, 0x00ab, 0x00bb, 0x2026, 0x00a0, 0x040b, 0x045b, 0x040c, 0x045c, 0x0455,
            0x2013, 0x2014, 0x201c, 0x201d, 0x2018, 0x2019, 0x00f7, 0x201e, 0x040e, 0x045e, 0x040f, 0x045f, 0x2116, 0x0401, 0x0451, 0x044f,
            0x0430, 0x0431, 0x0432, 0x0433, 0x0434, 0x0435, 0x0436, 0x0437, 0x0438, 0x0439, 0x043a, 0x043b, 0x043c, 0x043d, 0x043e, 0x043f,
            0x0440, 0x0441, 0x0442, 0x0443, 0x0444, 0x0445, 0x0446, 0x0447, 0x0448, 0x0449, 0x044a, 0x044b, 0x044c, 0x044d, 0x044e, 0x00a4,
        ],
        decode_only: &[],
    },
    // sami-ws2 (8bit-gap, localedata/charmaps/SAMI-WS2)
    Table8 {
        names: &[
            b"WIN-SAMI-2//",
            b"WINSAMI2//",
            b"WS2//",
        ],
        to_ucs: [
            0x0000, 0x0001, 0x0002, 0x0003, 0x0004, 0x0005, 0x0006, 0x0007, 0x0008, 0x0009, 0x000a, 0x000b, 0x000c, 0x000d, 0x000e, 0x000f,
            0x0010, 0x0011, 0x0012, 0x0013, 0x0014, 0x0015, 0x0016, 0x0017, 0x0018, 0x0019, 0x001a, 0x001b, 0x001c, 0x001d, 0x001e, 0x001f,
            0x0020, 0x0021, 0x0022, 0x0023, 0x0024, 0x0025, 0x0026, 0x0027, 0x0028, 0x0029, 0x002a, 0x002b, 0x002c, 0x002d, 0x002e, 0x002f,
            0x0030, 0x0031, 0x0032, 0x0033, 0x0034, 0x0035, 0x0036, 0x0037, 0x0038, 0x0039, 0x003a, 0x003b, 0x003c, 0x003d, 0x003e, 0x003f,
            0x0040, 0x0041, 0x0042, 0x0043, 0x0044, 0x0045, 0x0046, 0x0047, 0x0048, 0x0049, 0x004a, 0x004b, 0x004c, 0x004d, 0x004e, 0x004f,
            0x0050, 0x0051, 0x0052, 0x0053, 0x0054, 0x0055, 0x0056, 0x0057, 0x0058, 0x0059, 0x005a, 0x005b, 0x005c, 0x005d, 0x005e, 0x005f,
            0x0060, 0x0061, 0x0062, 0x0063, 0x0064, 0x0065, 0x0066, 0x0067, 0x0068, 0x0069, 0x006a, 0x006b, 0x006c, 0x006d, 0x006e, 0x006f,
            0x0070, 0x0071, 0x0072, 0x0073, 0x0074, 0x0075, 0x0076, 0x0077, 0x0078, 0x0079, 0x007a, 0x007b, 0x007c, 0x007d, 0x007e, 0x007f,
            0x20ac, 0x0000, 0x010c, 0x0192, 0x010d, 0x01b7, 0x0292, 0x01ee, 0x01ef, 0x0110, 0x0160, 0x2039, 0x0152, 0x0000, 0x0000, 0x0000,
            0x0000, 0x2018, 0x2019, 0x201c, 0x201d, 0x2022, 0x2013, 0x2014, 0x0111, 0x01e6, 0x0161, 0x203a, 0x0153, 0x0000, 0x0000, 0x0178,
            0x00a0, 0x01e7, 0x01e4, 0x00a3, 0x00a4, 0x01e5, 0x00a6, 0x00a7, 0x00a8, 0x00a9, 0x021e, 0x00ab, 0x00ac, 0x00ad, 0x00ae, 0x021f,
            0x00b0, 0x00b1, 0x01e8, 0x01e9, 0x00b4, 0x00b5, 0x00b6, 0x00b7, 0x014a, 0x014b, 0x0166, 0x00bb, 0x0167, 0x00bd, 0x017d, 0x017e,
            0x00c0, 0x00c1, 0x00c2, 0x00c3, 0x00c4, 0x00c5, 0x00c6, 0x00c7, 0x00c8, 0x00c9, 0x00ca, 0x00cb, 0x00cc, 0x00cd, 0x00ce, 0x00cf,
            0x00d0, 0x00d1, 0x00d2, 0x00d3, 0x00d4, 0x00d5, 0x00d6, 0x00d7, 0x00d8, 0x00d9, 0x00da, 0x00db, 0x00dc, 0x00dd, 0x00de, 0x00df,
            0x00e0, 0x00e1, 0x00e2, 0x00e3, 0x00e4, 0x00e5, 0x00e6, 0x00e7, 0x00e8, 0x00e9, 0x00ea, 0x00eb, 0x00ec, 0x00ed, 0x00ee, 0x00ef,
            0x00f0, 0x00f1, 0x00f2, 0x00f3, 0x00f4, 0x00f5, 0x00f6, 0x00f7, 0x00f8, 0x00f9, 0x00fa, 0x00fb, 0x00fc, 0x00fd, 0x00fe, 0x00ff,
        ],
        decode_only: &[],
    },
    // iso-ir-197 (8bit-gap, localedata/charmaps/ISO-IR-197)
    Table8 {
        names: &[
            b"ISO-IR-197//",
        ],
        to_ucs: [
            0x0000, 0x0001, 0x0002, 0x0003, 0x0004, 0x0005, 0x0006, 0x0007, 0x0008, 0x0009, 0x000a, 0x000b, 0x000c, 0x000d, 0x000e, 0x000f,
            0x0010, 0x0011, 0x0012, 0x0013, 0x0014, 0x0015, 0x0016, 0x0017, 0x0018, 0x0019, 0x001a, 0x001b, 0x001c, 0x001d, 0x001e, 0x001f,
            0x0020, 0x0021, 0x0022, 0x0023, 0x0024, 0x0025, 0x0026, 0x0027, 0x0028, 0x0029, 0x002a, 0x002b, 0x002c, 0x002d, 0x002e, 0x002f,
            0x0030, 0x0031, 0x0032, 0x0033, 0x0034, 0x0035, 0x0036, 0x0037, 0x0038, 0x0039, 0x003a, 0x003b, 0x003c, 0x003d, 0x003e, 0x003f,
            0x0040, 0x0041, 0x0042, 0x0043, 0x0044, 0x0045, 0x0046, 0x0047, 0x0048, 0x0049, 0x004a, 0x004b, 0x004c, 0x004d, 0x004e, 0x004f,
            0x0050, 0x0051, 0x0052, 0x0053, 0x0054, 0x0055, 0x0056, 0x0057, 0x0058, 0x0059, 0x005a, 0x005b, 0x005c, 0x005d, 0x005e, 0x005f,
            0x0060, 0x0061, 0x0062, 0x0063, 0x0064, 0x0065, 0x0066, 0x0067, 0x0068, 0x0069, 0x006a, 0x006b, 0x006c, 0x006d, 0x006e, 0x006f,
            0x0070, 0x0071, 0x0072, 0x0073, 0x0074, 0x0075, 0x0076, 0x0077, 0x0078, 0x0079, 0x007a, 0x007b, 0x007c, 0x007d, 0x007e, 0x007f,
            0x0000, 0x0000, 0x201a, 0x0192, 0x201e, 0x2026, 0x00ac, 0x2260, 0x00a3, 0x2030, 0x00bf, 0x2264, 0x0152, 0x0000, 0x0000, 0x0000,
            0x0000, 0x2018, 0x2019, 0x201c, 0x201d, 0x2022, 0x2013, 0x2014, 0x00ae, 0x2122, 0x00a1, 0x2265, 0x0153, 0x0000, 0x0000, 0x0178,
            0x00a0, 0x010c, 0x010d, 0x0110, 0x0111, 0x01e4, 0x01e5, 0x00a7, 0x01e6, 0x00a9, 0x01e7, 0x00ab, 0x01e8, 0x00ad, 0x01e9, 0x014a,
            0x00b0, 0x014b, 0x0160, 0x0161, 0x00b4, 0x0166, 0x00b6, 0x00b7, 0x0167, 0x017d, 0x017e, 0x00bb, 0x01b7, 0x0292, 0x01ee, 0x01ef,
            0x00c0, 0x00c1, 0x00c2, 0x00c3, 0x00c4, 0x00c5, 0x00c6, 0x00c7, 0x00c8, 0x00c9, 0x00ca, 0x00cb, 0x00cc, 0x00cd, 0x00ce, 0x00cf,
            0x00d0, 0x00d1, 0x00d2, 0x00d3, 0x00d4, 0x00d5, 0x00d6, 0x00d7, 0x00d8, 0x00d9, 0x00da, 0x00db, 0x00dc, 0x00dd, 0x00de, 0x00df,
            0x00e0, 0x00e1, 0x00e2, 0x00e3, 0x00e4, 0x00e5, 0x00e6, 0x00e7, 0x00e8, 0x00e9, 0x00ea, 0x00eb, 0x00ec, 0x00ed, 0x00ee, 0x00ef,
            0x00f0, 0x00f1, 0x00f2, 0x00f3, 0x00f4, 0x00f5, 0x00f6, 0x00f7, 0x00f8, 0x00f9, 0x00fa, 0x00fb, 0x00fc, 0x00fd, 0x00fe, 0x00ff,
        ],
        decode_only: &[],
    },
    // tis-620 (8bit-gap, localedata/charmaps/TIS-620)
    Table8 {
        names: &[
            b"TIS-620//",
            b"ISO-IR-166//",
            b"TIS620-0//",
            b"TIS620.2529-1//",
            b"TIS620.2533-0//",
            b"TIS620//",
        ],
        to_ucs: [
            0x0000, 0x0001, 0x0002, 0x0003, 0x0004, 0x0005, 0x0006, 0x0007, 0x0008, 0x0009, 0x000a, 0x000b, 0x000c, 0x000d, 0x000e, 0x000f,
            0x0010, 0x0011, 0x0012, 0x0013, 0x0014, 0x0015, 0x0016, 0x0017, 0x0018, 0x0019, 0x001a, 0x001b, 0x001c, 0x001d, 0x001e, 0x001f,
            0x0020, 0x0021, 0x0022, 0x0023, 0x0024, 0x0025, 0x0026, 0x0027, 0x0028, 0x0029, 0x002a, 0x002b, 0x002c, 0x002d, 0x002e, 0x002f,
            0x0030, 0x0031, 0x0032, 0x0033, 0x0034, 0x0035, 0x0036, 0x0037, 0x0038, 0x0039, 0x003a, 0x003b, 0x003c, 0x003d, 0x003e, 0x003f,
            0x0040, 0x0041, 0x0042, 0x0043, 0x0044, 0x0045, 0x0046, 0x0047, 0x0048, 0x0049, 0x004a, 0x004b, 0x004c, 0x004d, 0x004e, 0x004f,
            0x0050, 0x0051, 0x0052, 0x0053, 0x0054, 0x0055, 0x0056, 0x0057, 0x0058, 0x0059, 0x005a, 0x005b, 0x005c, 0x005d, 0x005e, 0x005f,
            0x0060, 0x0061, 0x0062, 0x0063, 0x0064, 0x0065, 0x0066, 0x0067, 0x0068, 0x0069, 0x006a, 0x006b, 0x006c, 0x006d, 0x006e, 0x006f,
            0x0070, 0x0071, 0x0072, 0x0073, 0x0074, 0x0075, 0x0076, 0x0077, 0x0078, 0x0079, 0x007a, 0x007b, 0x007c, 0x007d, 0x007e, 0x007f,
            0x0000, 0x0000, 0x0000, 0x0000, 0x0000, 0x0000, 0x0000, 0x0000, 0x0000, 0x0000, 0x0000, 0x0000, 0x0000, 0x0000, 0x0000, 0x0000,
            0x0000, 0x0000, 0x0000, 0x0000, 0x0000, 0x0000, 0x0000, 0x0000, 0x0000, 0x0000, 0x0000, 0x0000, 0x0000, 0x0000, 0x0000, 0x0000,
            0x0000, 0x0e01, 0x0e02, 0x0e03, 0x0e04, 0x0e05, 0x0e06, 0x0e07, 0x0e08, 0x0e09, 0x0e0a, 0x0e0b, 0x0e0c, 0x0e0d, 0x0e0e, 0x0e0f,
            0x0e10, 0x0e11, 0x0e12, 0x0e13, 0x0e14, 0x0e15, 0x0e16, 0x0e17, 0x0e18, 0x0e19, 0x0e1a, 0x0e1b, 0x0e1c, 0x0e1d, 0x0e1e, 0x0e1f,
            0x0e20, 0x0e21, 0x0e22, 0x0e23, 0x0e24, 0x0e25, 0x0e26, 0x0e27, 0x0e28, 0x0e29, 0x0e2a, 0x0e2b, 0x0e2c, 0x0e2d, 0x0e2e, 0x0e2f,
            0x0e30, 0x0e31, 0x0e32, 0x0e33, 0x0e34, 0x0e35, 0x0e36, 0x0e37, 0x0e38, 0x0e39, 0x0e3a, 0x0000, 0x0000, 0x0000, 0x0000, 0x0e3f,
            0x0e40, 0x0e41, 0x0e42, 0x0e43, 0x0e44, 0x0e45, 0x0e46, 0x0e47, 0x0e48, 0x0e49, 0x0e4a, 0x0e4b, 0x0e4c, 0x0e4d, 0x0e4e, 0x0e4f,
            0x0e50, 0x0e51, 0x0e52, 0x0e53, 0x0e54, 0x0e55, 0x0e56, 0x0e57, 0x0e58, 0x0e59, 0x0e5a, 0x0e5b, 0x0000, 0x0000, 0x0000, 0x0000,
        ],
        decode_only: &[],
    },
    // koi8-u (8bit-gap, localedata/charmaps/KOI8-U)
    Table8 {
        names: &[
            b"KOI8-U//",
            b"KOI8U//",
        ],
        to_ucs: [
            0x0000, 0x0001, 0x0002, 0x0003, 0x0004, 0x0005, 0x0006, 0x0007, 0x0008, 0x0009, 0x000a, 0x000b, 0x000c, 0x000d, 0x000e, 0x000f,
            0x0010, 0x0011, 0x0012, 0x0013, 0x0014, 0x0015, 0x0016, 0x0017, 0x0018, 0x0019, 0x001a, 0x001b, 0x001c, 0x001d, 0x001e, 0x001f,
            0x0020, 0x0021, 0x0022, 0x0023, 0x0024, 0x0025, 0x0026, 0x0027, 0x0028, 0x0029, 0x002a, 0x002b, 0x002c, 0x002d, 0x002e, 0x002f,
            0x0030, 0x0031, 0x0032, 0x0033, 0x0034, 0x0035, 0x0036, 0x0037, 0x0038, 0x0039, 0x003a, 0x003b, 0x003c, 0x003d, 0x003e, 0x003f,
            0x0040, 0x0041, 0x0042, 0x0043, 0x0044, 0x0045, 0x0046, 0x0047, 0x0048, 0x0049, 0x004a, 0x004b, 0x004c, 0x004d, 0x004e, 0x004f,
            0x0050, 0x0051, 0x0052, 0x0053, 0x0054, 0x0055, 0x0056, 0x0057, 0x0058, 0x0059, 0x005a, 0x005b, 0x005c, 0x005d, 0x005e, 0x005f,
            0x0060, 0x0061, 0x0062, 0x0063, 0x0064, 0x0065, 0x0066, 0x0067, 0x0068, 0x0069, 0x006a, 0x006b, 0x006c, 0x006d, 0x006e, 0x006f,
            0x0070, 0x0071, 0x0072, 0x0073, 0x0074, 0x0075, 0x0076, 0x0077, 0x0078, 0x0079, 0x007a, 0x007b, 0x007c, 0x007d, 0x007e, 0x007f,
            0x2500, 0x2502, 0x250c, 0x2510, 0x2514, 0x2518, 0x251c, 0x2524, 0x252c, 0x2534, 0x253c, 0x2580, 0x2584, 0x2588, 0x258c, 0x2590,
            0x2591, 0x2592, 0x2593, 0x2320, 0x25a0, 0x2219, 0x221a, 0x2248, 0x2264, 0x2265, 0x00a0, 0x2321, 0x00b0, 0x00b2, 0x00b7, 0x00f7,
            0x2550, 0x2551, 0x2552, 0x0451, 0x0454, 0x2554, 0x0456, 0x0457, 0x2557, 0x2558, 0x2559, 0x255a, 0x255b, 0x0491, 0x255d, 0x255e,
            0x255f, 0x2560, 0x2561, 0x0401, 0x0404, 0x2563, 0x0406, 0x0407, 0x2566, 0x2567, 0x2568, 0x2569, 0x256a, 0x0490, 0x256c, 0x00a9,
            0x044e, 0x0430, 0x0431, 0x0446, 0x0434, 0x0435, 0x0444, 0x0433, 0x0445, 0x0438, 0x0439, 0x043a, 0x043b, 0x043c, 0x043d, 0x043e,
            0x043f, 0x044f, 0x0440, 0x0441, 0x0442, 0x0443, 0x0436, 0x0432, 0x044c, 0x044b, 0x0437, 0x0448, 0x044d, 0x0449, 0x0447, 0x044a,
            0x042e, 0x0410, 0x0411, 0x0426, 0x0414, 0x0415, 0x0424, 0x0413, 0x0425, 0x0418, 0x0419, 0x041a, 0x041b, 0x041c, 0x041d, 0x041e,
            0x041f, 0x042f, 0x0420, 0x0421, 0x0422, 0x0423, 0x0416, 0x0412, 0x042c, 0x042b, 0x0417, 0x0428, 0x042d, 0x0429, 0x0427, 0x042a,
        ],
        decode_only: &[],
    },
    // ibm874 (8bit-gap, localedata/charmaps/IBM874)
    Table8 {
        names: &[
            b"IBM874//",
            b"874//",
            b"CP874//",
            b"WINDOWS-874//",
        ],
        to_ucs: [
            0x0000, 0x0001, 0x0002, 0x0003, 0x0004, 0x0005, 0x0006, 0x0007, 0x0008, 0x0009, 0x000a, 0x000b, 0x000c, 0x000d, 0x000e, 0x000f,
            0x0010, 0x0011, 0x0012, 0x0013, 0x0014, 0x0015, 0x0016, 0x0017, 0x0018, 0x0019, 0x001a, 0x001b, 0x001c, 0x001d, 0x001e, 0x001f,
            0x0020, 0x0021, 0x0022, 0x0023, 0x0024, 0x0025, 0x0026, 0x0027, 0x0028, 0x0029, 0x002a, 0x002b, 0x002c, 0x002d, 0x002e, 0x002f,
            0x0030, 0x0031, 0x0032, 0x0033, 0x0034, 0x0035, 0x0036, 0x0037, 0x0038, 0x0039, 0x003a, 0x003b, 0x003c, 0x003d, 0x003e, 0x003f,
            0x0040, 0x0041, 0x0042, 0x0043, 0x0044, 0x0045, 0x0046, 0x0047, 0x0048, 0x0049, 0x004a, 0x004b, 0x004c, 0x004d, 0x004e, 0x004f,
            0x0050, 0x0051, 0x0052, 0x0053, 0x0054, 0x0055, 0x0056, 0x0057, 0x0058, 0x0059, 0x005a, 0x005b, 0x005c, 0x005d, 0x005e, 0x005f,
            0x0060, 0x0061, 0x0062, 0x0063, 0x0064, 0x0065, 0x0066, 0x0067, 0x0068, 0x0069, 0x006a, 0x006b, 0x006c, 0x006d, 0x006e, 0x006f,
            0x0070, 0x0071, 0x0072, 0x0073, 0x0074, 0x0075, 0x0076, 0x0077, 0x0078, 0x0079, 0x007a, 0x007b, 0x007c, 0x007d, 0x007e, 0x007f,
            0x20ac, 0x0000, 0x0000, 0x0000, 0x0000, 0x2026, 0x0000, 0x0000, 0x0000, 0x0000, 0x0000, 0x0000, 0x0000, 0x0000, 0x0000, 0x0000,
            0x0000, 0x2018, 0x2019, 0x201c, 0x201d, 0x2022, 0x2013, 0x2014, 0x0000, 0x0000, 0x0000, 0x0000, 0x0000, 0x0000, 0x0000, 0x0000,
            0x00a0, 0x0e01, 0x0e02, 0x0e03, 0x0e04, 0x0e05, 0x0e06, 0x0e07, 0x0e08, 0x0e09, 0x0e0a, 0x0e0b, 0x0e0c, 0x0e0d, 0x0e0e, 0x0e0f,
            0x0e10, 0x0e11, 0x0e12, 0x0e13, 0x0e14, 0x0e15, 0x0e16, 0x0e17, 0x0e18, 0x0e19, 0x0e1a, 0x0e1b, 0x0e1c, 0x0e1d, 0x0e1e, 0x0e1f,
            0x0e20, 0x0e21, 0x0e22, 0x0e23, 0x0e24, 0x0e25, 0x0e26, 0x0e27, 0x0e28, 0x0e29, 0x0e2a, 0x0e2b, 0x0e2c, 0x0e2d, 0x0e2e, 0x0e2f,
            0x0e30, 0x0e31, 0x0e32, 0x0e33, 0x0e34, 0x0e35, 0x0e36, 0x0e37, 0x0e38, 0x0e39, 0x0e3a, 0x0000, 0x0000, 0x0000, 0x0000, 0x0e3f,
            0x0e40, 0x0e41, 0x0e42, 0x0e43, 0x0e44, 0x0e45, 0x0e46, 0x0e47, 0x0e48, 0x0e49, 0x0e4a, 0x0e4b, 0x0e4c, 0x0e4d, 0x0e4e, 0x0e4f,
            0x0e50, 0x0e51, 0x0e52, 0x0e53, 0x0e54, 0x0e55, 0x0e56, 0x0e57, 0x0e58, 0x0e59, 0x0e5a, 0x0e5b, 0x0000, 0x0000, 0x0000, 0x0000,
        ],
        decode_only: &[],
    },
    // cp10007 (8bit-gap, localedata/charmaps/CP10007)
    Table8 {
        names: &[
            b"CP10007//",
            b"MS-MAC-CYRILLIC//",
            b"MSMACCYRILLIC//",
        ],
        to_ucs: [
            0x0000, 0x0001, 0x0002, 0x0003, 0x0004, 0x0005, 0x0006, 0x0007, 0x0008, 0x0009, 0x000a, 0x000b, 0x000c, 0x000d, 0x000e, 0x000f,
            0x0010, 0x0011, 0x0012, 0x0013, 0x0014, 0x0015, 0x0016, 0x0017, 0x0018, 0x0019, 0x001a, 0x001b, 0x001c, 0x001d, 0x001e, 0x001f,
            0x0020, 0x0021, 0x0022, 0x0023, 0x0024, 0x0025, 0x0026, 0x0027, 0x0028, 0x0029, 0x002a, 0x002b, 0x002c, 0x002d, 0x002e, 0x002f,
            0x0030, 0x0031, 0x0032, 0x0033, 0x0034, 0x0035, 0x0036, 0x0037, 0x0038, 0x0039, 0x003a, 0x003b, 0x003c, 0x003d, 0x003e, 0x003f,
            0x0040, 0x0041, 0x0042, 0x0043, 0x0044, 0x0045, 0x0046, 0x0047, 0x0048, 0x0049, 0x004a, 0x004b, 0x004c, 0x004d, 0x004e, 0x004f,
            0x0050, 0x0051, 0x0052, 0x0053, 0x0054, 0x0055, 0x0056, 0x0057, 0x0058, 0x0059, 0x005a, 0x005b, 0x005c, 0x005d, 0x005e, 0x005f,
            0x0060, 0x0061, 0x0062, 0x0063, 0x0064, 0x0065, 0x0066, 0x0067, 0x0068, 0x0069, 0x006a, 0x006b, 0x006c, 0x006d, 0x006e, 0x006f,
            0x0070, 0x0071, 0x0072, 0x0073, 0x0074, 0x0075, 0x0076, 0x0077, 0x0078, 0x0079, 0x007a, 0x007b, 0x007c, 0x007d, 0x007e, 0x007f,
            0x0410, 0x0411, 0x0412, 0x0413, 0x0414, 0x0415, 0x0416, 0x0417, 0x0418, 0x0419, 0x041a, 0x041b, 0x041c, 0x041d, 0x041e, 0x041f,
            0x0420, 0x0421, 0x0422, 0x0423, 0x0424, 0x0425, 0x0426, 0x0427, 0x0428, 0x0429, 0x042a, 0x042b, 0x042c, 0x042d, 0x042e, 0x042f,
            0x2020, 0x00b0, 0x00a2, 0x00a3, 0x00a7, 0x2022, 0x00b6, 0x0406, 0x00ae, 0x00a9, 0x2122, 0x0402, 0x0452, 0x2260, 0x0403, 0x0453,
            0x221e, 0x00b1, 0x2264, 0x2265, 0x0456, 0x00b5, 0x0491, 0x0408, 0x0404, 0x0454, 0x0407, 0x0457, 0x0409, 0x0459, 0x040a, 0x045a,
            0x0458, 0x0405, 0x00ac, 0x221a, 0x0192, 0x2248, 0x2206, 0x00ab, 0x00bb, 0x2026, 0x00a0, 0x040b, 0x045b, 0x040c, 0x045c, 0x0455,
            0x2013, 0x2014, 0x201c, 0x201d, 0x2018, 0x2019, 0x00f7, 0x201e, 0x040e, 0x045e, 0x040f, 0x045f, 0x2116, 0x0401, 0x0451, 0x044f,
            0x0430, 0x0431, 0x0432, 0x0433, 0x0434, 0x0435, 0x0436, 0x0437, 0x0438, 0x0439, 0x043a, 0x043b, 0x043c, 0x043d, 0x043e, 0x043f,
            0x0440, 0x0441, 0x0442, 0x0443, 0x0444, 0x0445, 0x0446, 0x0447, 0x0448, 0x0449, 0x044a, 0x044b, 0x044c, 0x044d, 0x044e, 0x00a4,
        ],
        decode_only: &[],
    },
    // koi8-t (8bit-gap, localedata/charmaps/KOI8-T)
    Table8 {
        names: &[
            b"KOI8-T//",
        ],
        to_ucs: [
            0x0000, 0x0001, 0x0002, 0x0003, 0x0004, 0x0005, 0x0006, 0x0007, 0x0008, 0x0009, 0x000a, 0x000b, 0x000c, 0x000d, 0x000e, 0x000f,
            0x0010, 0x0011, 0x0012, 0x0013, 0x0014, 0x0015, 0x0016, 0x0017, 0x0018, 0x0019, 0x001a, 0x001b, 0x001c, 0x001d, 0x001e, 0x001f,
            0x0020, 0x0021, 0x0022, 0x0023, 0x0024, 0x0025, 0x0026, 0x0027, 0x0028, 0x0029, 0x002a, 0x002b, 0x002c, 0x002d, 0x002e, 0x002f,
            0x0030, 0x0031, 0x0032, 0x0033, 0x0034, 0x0035, 0x0036, 0x0037, 0x0038, 0x0039, 0x003a, 0x003b, 0x003c, 0x003d, 0x003e, 0x003f,
            0x0040, 0x0041, 0x0042, 0x0043, 0x0044, 0x0045, 0x0046, 0x0047, 0x0048, 0x0049, 0x004a, 0x004b, 0x004c, 0x004d, 0x004e, 0x004f,
            0x0050, 0x0051, 0x0052, 0x0053, 0x0054, 0x0055, 0x0056, 0x0057, 0x0058, 0x0059, 0x005a, 0x005b, 0x005c, 0x005d, 0x005e, 0x005f,
            0x0060, 0x0061, 0x0062, 0x0063, 0x0064, 0x0065, 0x0066, 0x0067, 0x0068, 0x0069, 0x006a, 0x006b, 0x006c, 0x006d, 0x006e, 0x006f,
            0x0070, 0x0071, 0x0072, 0x0073, 0x0074, 0x0075, 0x0076, 0x0077, 0x0078, 0x0079, 0x007a, 0x007b, 0x007c, 0x007d, 0x007e, 0x007f,
            0x049b, 0x0493, 0x201a, 0x0492, 0x201e, 0x2026, 0x2020, 0x2021, 0x0000, 0x2030, 0x04b3, 0x2039, 0x04b2, 0x04b7, 0x04b6, 0x0000,
            0x049a, 0x2018, 0x2019, 0x201c, 0x201d, 0x2022, 0x2013, 0x2014, 0x0000, 0x2122, 0x0000, 0x203a, 0x0000, 0x0000, 0x0000, 0x0000,
            0x0000, 0x04ef, 0x04ee, 0x0451, 0x00a4, 0x04e3, 0x00a6, 0x00a7, 0x0000, 0x0000, 0x0000, 0x00ab, 0x00ac, 0x00ad, 0x00ae, 0x0000,
            0x00b0, 0x00b1, 0x00b2, 0x0401, 0x0000, 0x04e2, 0x00b6, 0x00b7, 0x0000, 0x2116, 0x0000, 0x00bb, 0x0000, 0x0000, 0x0000, 0x00a9,
            0x044e, 0x0430, 0x0431, 0x0446, 0x0434, 0x0435, 0x0444, 0x0433, 0x0445, 0x0438, 0x0439, 0x043a, 0x043b, 0x043c, 0x043d, 0x043e,
            0x043f, 0x044f, 0x0440, 0x0441, 0x0442, 0x0443, 0x0436, 0x0432, 0x044c, 0x044b, 0x0437, 0x0448, 0x044d, 0x0449, 0x0447, 0x044a,
            0x042e, 0x0410, 0x0411, 0x0426, 0x0414, 0x0415, 0x0424, 0x0413, 0x0425, 0x0418, 0x0419, 0x041a, 0x041b, 0x041c, 0x041d, 0x041e,
            0x041f, 0x042f, 0x0420, 0x0421, 0x0422, 0x0423, 0x0416, 0x0412, 0x042c, 0x042b, 0x0417, 0x0428, 0x042d, 0x0429, 0x0427, 0x042a,
        ],
        decode_only: &[],
    },
    // georgian-ps (8bit-gap, localedata/charmaps/GEORGIAN-PS)
    Table8 {
        names: &[
            b"GEORGIAN-PS//",
        ],
        to_ucs: [
            0x0000, 0x0001, 0x0002, 0x0003, 0x0004, 0x0005, 0x0006, 0x0007, 0x0008, 0x0009, 0x000a, 0x000b, 0x000c, 0x000d, 0x000e, 0x000f,
            0x0010, 0x0011, 0x0012, 0x0013, 0x0014, 0x0015, 0x0016, 0x0017, 0x0018, 0x0019, 0x001a, 0x001b, 0x001c, 0x001d, 0x001e, 0x001f,
            0x0020, 0x0021, 0x0022, 0x0023, 0x0024, 0x0025, 0x0026, 0x0027, 0x0028, 0x0029, 0x002a, 0x002b, 0x002c, 0x002d, 0x002e, 0x002f,
            0x0030, 0x0031, 0x0032, 0x0033, 0x0034, 0x0035, 0x0036, 0x0037, 0x0038, 0x0039, 0x003a, 0x003b, 0x003c, 0x003d, 0x003e, 0x003f,
            0x0040, 0x0041, 0x0042, 0x0043, 0x0044, 0x0045, 0x0046, 0x0047, 0x0048, 0x0049, 0x004a, 0x004b, 0x004c, 0x004d, 0x004e, 0x004f,
            0x0050, 0x0051, 0x0052, 0x0053, 0x0054, 0x0055, 0x0056, 0x0057, 0x0058, 0x0059, 0x005a, 0x005b, 0x005c, 0x005d, 0x005e, 0x005f,
            0x0060, 0x0061, 0x0062, 0x0063, 0x0064, 0x0065, 0x0066, 0x0067, 0x0068, 0x0069, 0x006a, 0x006b, 0x006c, 0x006d, 0x006e, 0x006f,
            0x0070, 0x0071, 0x0072, 0x0073, 0x0074, 0x0075, 0x0076, 0x0077, 0x0078, 0x0079, 0x007a, 0x007b, 0x007c, 0x007d, 0x007e, 0x007f,
            0x0080, 0x0081, 0x201a, 0x0192, 0x201e, 0x2026, 0x2020, 0x2021, 0x02c6, 0x2030, 0x0160, 0x2039, 0x0152, 0x008d, 0x008e, 0x008f,
            0x0090, 0x2018, 0x2019, 0x201c, 0x201d, 0x2022, 0x2013, 0x2014, 0x02dc, 0x2122, 0x0161, 0x203a, 0x0153, 0x009d, 0x009e, 0x0178,
            0x00a0, 0x00a1, 0x00a2, 0x00a3, 0x00a4, 0x00a5, 0x00a6, 0x00a7, 0x00a8, 0x00a9, 0x00aa, 0x00ab, 0x00ac, 0x00ad, 0x00ae, 0x00af,
            0x00b0, 0x00b1, 0x00b2, 0x00b3, 0x00b4, 0x00b5, 0x00b6, 0x00b7, 0x00b8, 0x00b9, 0x00ba, 0x00bb, 0x00bc, 0x00bd, 0x00be, 0x00bf,
            0x10d0, 0x10d1, 0x10d2, 0x10d3, 0x10d4, 0x10d5, 0x10d6, 0x10f1, 0x10d7, 0x10d8, 0x10d9, 0x10da, 0x10db, 0x10dc, 0x10f2, 0x10dd,
            0x10de, 0x10df, 0x10e0, 0x10e1, 0x10e2, 0x10f3, 0x10e3, 0x10e4, 0x10e5, 0x10e6, 0x10e7, 0x10e8, 0x10e9, 0x10ea, 0x10eb, 0x10ec,
            0x10ed, 0x10ee, 0x10f4, 0x10ef, 0x10f0, 0x10f5, 0x00e6, 0x00e7, 0x00e8, 0x00e9, 0x00ea, 0x00eb, 0x00ec, 0x00ed, 0x00ee, 0x00ef,
            0x00f0, 0x00f1, 0x00f2, 0x00f3, 0x00f4, 0x00f5, 0x00f6, 0x00f7, 0x00f8, 0x00f9, 0x00fa, 0x00fb, 0x00fc, 0x00fd, 0x00fe, 0x00ff,
        ],
        decode_only: &[],
    },
    // georgian-academy (8bit-gap, localedata/charmaps/GEORGIAN-ACADEMY)
    Table8 {
        names: &[
            b"GEORGIAN-ACADEMY//",
        ],
        to_ucs: [
            0x0000, 0x0001, 0x0002, 0x0003, 0x0004, 0x0005, 0x0006, 0x0007, 0x0008, 0x0009, 0x000a, 0x000b, 0x000c, 0x000d, 0x000e, 0x000f,
            0x0010, 0x0011, 0x0012, 0x0013, 0x0014, 0x0015, 0x0016, 0x0017, 0x0018, 0x0019, 0x001a, 0x001b, 0x001c, 0x001d, 0x001e, 0x001f,
            0x0020, 0x0021, 0x0022, 0x0023, 0x0024, 0x0025, 0x0026, 0x0027, 0x0028, 0x0029, 0x002a, 0x002b, 0x002c, 0x002d, 0x002e, 0x002f,
            0x0030, 0x0031, 0x0032, 0x0033, 0x0034, 0x0035, 0x0036, 0x0037, 0x0038, 0x0039, 0x003a, 0x003b, 0x003c, 0x003d, 0x003e, 0x003f,
            0x0040, 0x0041, 0x0042, 0x0043, 0x0044, 0x0045, 0x0046, 0x0047, 0x0048, 0x0049, 0x004a, 0x004b, 0x004c, 0x004d, 0x004e, 0x004f,
            0x0050, 0x0051, 0x0052, 0x0053, 0x0054, 0x0055, 0x0056, 0x0057, 0x0058, 0x0059, 0x005a, 0x005b, 0x005c, 0x005d, 0x005e, 0x005f,
            0x0060, 0x0061, 0x0062, 0x0063, 0x0064, 0x0065, 0x0066, 0x0067, 0x0068, 0x0069, 0x006a, 0x006b, 0x006c, 0x006d, 0x006e, 0x006f,
            0x0070, 0x0071, 0x0072, 0x0073, 0x0074, 0x0075, 0x0076, 0x0077, 0x0078, 0x0079, 0x007a, 0x007b, 0x007c, 0x007d, 0x007e, 0x007f,
            0x0080, 0x0081, 0x201a, 0x0192, 0x201e, 0x2026, 0x2020, 0x2021, 0x02c6, 0x2030, 0x0160, 0x2039, 0x0152, 0x008d, 0x008e, 0x008f,
            0x0090, 0x2018, 0x2019, 0x201c, 0x201d, 0x2022, 0x2013, 0x2014, 0x02dc, 0x2122, 0x0161, 0x203a, 0x0153, 0x009d, 0x009e, 0x0178,
            0x00a0, 0x00a1, 0x00a2, 0x00a3, 0x00a4, 0x00a5, 0x00a6, 0x00a7, 0x00a8, 0x00a9, 0x00aa, 0x00ab, 0x00ac, 0x00ad, 0x00ae, 0x00af,
            0x00b0, 0x00b1, 0x00b2, 0x00b3, 0x00b4, 0x00b5, 0x00b6, 0x00b7, 0x00b8, 0x00b9, 0x00ba, 0x00bb, 0x00bc, 0x00bd, 0x00be, 0x00bf,
            0x10d0, 0x10d1, 0x10d2, 0x10d3, 0x10d4, 0x10d5, 0x10d6, 0x10d7, 0x10d8, 0x10d9, 0x10da, 0x10db, 0x10dc, 0x10dd, 0x10de, 0x10df,
            0x10e0, 0x10e1, 0x10e2, 0x10e3, 0x10e4, 0x10e5, 0x10e6, 0x10e7, 0x10e8, 0x10e9, 0x10ea, 0x10eb, 0x10ec, 0x10ed, 0x10ee, 0x10ef,
            0x10f0, 0x10f1, 0x10f2, 0x10f3, 0x10f4, 0x10f5, 0x10f6, 0x00e7, 0x00e8, 0x00e9, 0x00ea, 0x00eb, 0x00ec, 0x00ed, 0x00ee, 0x00ef,
            0x00f0, 0x00f1, 0x00f2, 0x00f3, 0x00f4, 0x00f5, 0x00f6, 0x00f7, 0x00f8, 0x00f9, 0x00fa, 0x00fb, 0x00fc, 0x00fd, 0x00fe, 0x00ff,
        ],
        decode_only: &[],
    },
    // iso-ir-209 (8bit-gap, localedata/charmaps/ISO-IR-209)
    Table8 {
        names: &[
            b"ISO-IR-209//",
        ],
        to_ucs: [
            0x0000, 0x0001, 0x0002, 0x0003, 0x0004, 0x0005, 0x0006, 0x0007, 0x0008, 0x0009, 0x000a, 0x000b, 0x000c, 0x000d, 0x000e, 0x000f,
            0x0010, 0x0011, 0x0012, 0x0013, 0x0014, 0x0015, 0x0016, 0x0017, 0x0018, 0x0019, 0x001a, 0x001b, 0x001c, 0x001d, 0x001e, 0x001f,
            0x0020, 0x0021, 0x0022, 0x0023, 0x0024, 0x0025, 0x0026, 0x0027, 0x0028, 0x0029, 0x002a, 0x002b, 0x002c, 0x002d, 0x002e, 0x002f,
            0x0030, 0x0031, 0x0032, 0x0033, 0x0034, 0x0035, 0x0036, 0x0037, 0x0038, 0x0039, 0x003a, 0x003b, 0x003c, 0x003d, 0x003e, 0x003f,
            0x0040, 0x0041, 0x0042, 0x0043, 0x0044, 0x0045, 0x0046, 0x0047, 0x0048, 0x0049, 0x004a, 0x004b, 0x004c, 0x004d, 0x004e, 0x004f,
            0x0050, 0x0051, 0x0052, 0x0053, 0x0054, 0x0055, 0x0056, 0x0057, 0x0058, 0x0059, 0x005a, 0x005b, 0x005c, 0x005d, 0x005e, 0x005f,
            0x0060, 0x0061, 0x0062, 0x0063, 0x0064, 0x0065, 0x0066, 0x0067, 0x0068, 0x0069, 0x006a, 0x006b, 0x006c, 0x006d, 0x006e, 0x006f,
            0x0070, 0x0071, 0x0072, 0x0073, 0x0074, 0x0075, 0x0076, 0x0077, 0x0078, 0x0079, 0x007a, 0x007b, 0x007c, 0x007d, 0x007e, 0x007f,
            0x0000, 0x0000, 0x201a, 0x0192, 0x201e, 0x2026, 0x00ac, 0x2260, 0x00a3, 0x2030, 0x00bf, 0x2264, 0x0152, 0x0000, 0x0000, 0x0000,
            0x0000, 0x2018, 0x2019, 0x201c, 0x201d, 0x2022, 0x2013, 0x2014, 0x00ae, 0x2122, 0x00a1, 0x2265, 0x0153, 0x0000, 0x0000, 0x0178,
            0x00a0, 0x010c, 0x010d, 0x0110, 0x0111, 0x01e4, 0x01e5, 0x00a7, 0x01e6, 0x00a9, 0x01e7, 0x021e, 0x01e8, 0x00ad, 0x01e9, 0x014a,
            0x00b0, 0x014b, 0x0160, 0x0161, 0x00b4, 0x0166, 0x00b6, 0x00b7, 0x0167, 0x017d, 0x017e, 0x021f, 0x01b7, 0x0292, 0x01ee, 0x01ef,
            0x00c0, 0x00c1, 0x00c2, 0x00c3, 0x00c4, 0x00c5, 0x00c6, 0x00c7, 0x00c8, 0x00c9, 0x00ca, 0x00cb, 0x00cc, 0x00cd, 0x00ce, 0x00cf,
            0x00d0, 0x00d1, 0x00d2, 0x00d3, 0x00d4, 0x00d5, 0x00d6, 0x00d7, 0x00d8, 0x00d9, 0x00da, 0x00db, 0x00dc, 0x00dd, 0x00de, 0x00df,
            0x00e0, 0x00e1, 0x00e2, 0x00e3, 0x00e4, 0x00e5, 0x00e6, 0x00e7, 0x00e8, 0x00e9, 0x00ea, 0x00eb, 0x00ec, 0x00ed, 0x00ee, 0x00ef,
            0x00f0, 0x00f1, 0x00f2, 0x00f3, 0x00f4, 0x00f5, 0x00f6, 0x00f7, 0x00f8, 0x00f9, 0x00fa, 0x00fb, 0x00fc, 0x00fd, 0x00fe, 0x00ff,
        ],
        decode_only: &[],
    },
    // mac-sami (8bit-gap, localedata/charmaps/MAC-SAMI)
    Table8 {
        names: &[
            b"MAC-SAMI//",
        ],
        to_ucs: [
            0x0000, 0x0001, 0x0002, 0x0003, 0x0004, 0x0005, 0x0006, 0x0007, 0x0008, 0x0009, 0x000a, 0x000b, 0x000c, 0x000d, 0x000e, 0x000f,
            0x0010, 0x0011, 0x0012, 0x0013, 0x0014, 0x0015, 0x0016, 0x0017, 0x0018, 0x0019, 0x001a, 0x001b, 0x001c, 0x001d, 0x001e, 0x001f,
            0x0020, 0x0021, 0x0022, 0x0023, 0x0024, 0x0025, 0x0026, 0x0027, 0x0028, 0x0029, 0x002a, 0x002b, 0x002c, 0x002d, 0x002e, 0x002f,
            0x0030, 0x0031, 0x0032, 0x0033, 0x0034, 0x0035, 0x0036, 0x0037, 0x0038, 0x0039, 0x003a, 0x003b, 0x003c, 0x003d, 0x003e, 0x003f,
            0x0040, 0x0041, 0x0042, 0x0043, 0x0044, 0x0045, 0x0046, 0x0047, 0x0048, 0x0049, 0x004a, 0x004b, 0x004c, 0x004d, 0x004e, 0x004f,
            0x0050, 0x0051, 0x0052, 0x0053, 0x0054, 0x0055, 0x0056, 0x0057, 0x0058, 0x0059, 0x005a, 0x005b, 0x005c, 0x005d, 0x005e, 0x005f,
            0x0060, 0x0061, 0x0062, 0x0063, 0x0064, 0x0065, 0x0066, 0x0067, 0x0068, 0x0069, 0x006a, 0x006b, 0x006c, 0x006d, 0x006e, 0x006f,
            0x0070, 0x0071, 0x0072, 0x0073, 0x0074, 0x0075, 0x0076, 0x0077, 0x0078, 0x0079, 0x007a, 0x007b, 0x007c, 0x007d, 0x007e, 0x007f,
            0x00c4, 0x00c5, 0x00c7, 0x00c9, 0x00d1, 0x00d6, 0x00dc, 0x00e1, 0x00e0, 0x00e2, 0x00e4, 0x00e3, 0x00e5, 0x00e7, 0x00e9, 0x00e8,
            0x00ea, 0x00eb, 0x00ed, 0x00ec, 0x00ee, 0x00ef, 0x00f1, 0x00f3, 0x00f2, 0x00f4, 0x00f6, 0x00f5, 0x00fa, 0x00f9, 0x00fb, 0x00fc,
            0x00dd, 0x00b0, 0x010c, 0x00a3, 0x00a7, 0x2022, 0x00b6, 0x00df, 0x00ae, 0x00a9, 0x2122, 0x00b4, 0x00a8, 0x2260, 0x00c6, 0x00d8,
            0x0110, 0x014a, 0x021e, 0x021f, 0x0160, 0x0166, 0x2202, 0x017d, 0x010d, 0x0111, 0x014b, 0x0161, 0x0167, 0x017e, 0x00e6, 0x00f8,
            0x00bf, 0x00a1, 0x00ac, 0x221a, 0x0192, 0x2248, 0x2206, 0x00ab, 0x00bb, 0x2026, 0x00a0, 0x00c0, 0x00c3, 0x00d5, 0x0152, 0x0153,
            0x2013, 0x2014, 0x201c, 0x201d, 0x2018, 0x2019, 0x00f7, 0x25ca, 0x00ff, 0x0178, 0x2044, 0x00a4, 0x00d0, 0x00f0, 0x00de, 0x00fe,
            0x00fd, 0x00b7, 0x201a, 0x201e, 0x2030, 0x00c2, 0x00ca, 0x00c1, 0x00cb, 0x00c8, 0x00cd, 0x00ce, 0x00cf, 0x00cc, 0x00d3, 0x00d4,
            0xf8ff, 0x00d2, 0x00da, 0x00db, 0x00d9, 0x0131, 0x01b7, 0x0292, 0x01ee, 0x01ef, 0x01e4, 0x01e5, 0x01e6, 0x01e7, 0x01e8, 0x01e9,
        ],
        decode_only: &[],
    },
    // iso8859-11 (8bit-gap, localedata/charmaps/ISO-8859-11)
    Table8 {
        names: &[
            b"ISO-8859-11//",
            b"ISO8859-11//",
            b"ISO885911//",
        ],
        to_ucs: [
            0x0000, 0x0001, 0x0002, 0x0003, 0x0004, 0x0005, 0x0006, 0x0007, 0x0008, 0x0009, 0x000a, 0x000b, 0x000c, 0x000d, 0x000e, 0x000f,
            0x0010, 0x0011, 0x0012, 0x0013, 0x0014, 0x0015, 0x0016, 0x0017, 0x0018, 0x0019, 0x001a, 0x001b, 0x001c, 0x001d, 0x001e, 0x001f,
            0x0020, 0x0021, 0x0022, 0x0023, 0x0024, 0x0025, 0x0026, 0x0027, 0x0028, 0x0029, 0x002a, 0x002b, 0x002c, 0x002d, 0x002e, 0x002f,
            0x0030, 0x0031, 0x0032, 0x0033, 0x0034, 0x0035, 0x0036, 0x0037, 0x0038, 0x0039, 0x003a, 0x003b, 0x003c, 0x003d, 0x003e, 0x003f,
            0x0040, 0x0041, 0x0042, 0x0043, 0x0044, 0x0045, 0x0046, 0x0047, 0x0048, 0x0049, 0x004a, 0x004b, 0x004c, 0x004d, 0x004e, 0x004f,
            0x0050, 0x0051, 0x0052, 0x0053, 0x0054, 0x0055, 0x0056, 0x0057, 0x0058, 0x0059, 0x005a, 0x005b, 0x005c, 0x005d, 0x005e, 0x005f,
            0x0060, 0x0061, 0x0062, 0x0063, 0x0064, 0x0065, 0x0066, 0x0067, 0x0068, 0x0069, 0x006a, 0x006b, 0x006c, 0x006d, 0x006e, 0x006f,
            0x0070, 0x0071, 0x0072, 0x0073, 0x0074, 0x0075, 0x0076, 0x0077, 0x0078, 0x0079, 0x007a, 0x007b, 0x007c, 0x007d, 0x007e, 0x007f,
            0x0080, 0x0081, 0x0082, 0x0083, 0x0084, 0x0085, 0x0086, 0x0087, 0x0088, 0x0089, 0x008a, 0x008b, 0x008c, 0x008d, 0x008e, 0x008f,
            0x0090, 0x0091, 0x0092, 0x0093, 0x0094, 0x0095, 0x0096, 0x0097, 0x0098, 0x0099, 0x009a, 0x009b, 0x009c, 0x009d, 0x009e, 0x009f,
            0x00a0, 0x0e01, 0x0e02, 0x0e03, 0x0e04, 0x0e05, 0x0e06, 0x0e07, 0x0e08, 0x0e09, 0x0e0a, 0x0e0b, 0x0e0c, 0x0e0d, 0x0e0e, 0x0e0f,
            0x0e10, 0x0e11, 0x0e12, 0x0e13, 0x0e14, 0x0e15, 0x0e16, 0x0e17, 0x0e18, 0x0e19, 0x0e1a, 0x0e1b, 0x0e1c, 0x0e1d, 0x0e1e, 0x0e1f,
            0x0e20, 0x0e21, 0x0e22, 0x0e23, 0x0e24, 0x0e25, 0x0e26, 0x0e27, 0x0e28, 0x0e29, 0x0e2a, 0x0e2b, 0x0e2c, 0x0e2d, 0x0e2e, 0x0e2f,
            0x0e30, 0x0e31, 0x0e32, 0x0e33, 0x0e34, 0x0e35, 0x0e36, 0x0e37, 0x0e38, 0x0e39, 0x0e3a, 0x0000, 0x0000, 0x0000, 0x0000, 0x0e3f,
            0x0e40, 0x0e41, 0x0e42, 0x0e43, 0x0e44, 0x0e45, 0x0e46, 0x0e47, 0x0e48, 0x0e49, 0x0e4a, 0x0e4b, 0x0e4c, 0x0e4d, 0x0e4e, 0x0e4f,
            0x0e50, 0x0e51, 0x0e52, 0x0e53, 0x0e54, 0x0e55, 0x0e56, 0x0e57, 0x0e58, 0x0e59, 0x0e5a, 0x0e5b, 0x0000, 0x0000, 0x0000, 0x0000,
        ],
        decode_only: &[],
    },
    // ibm866nav (8bit-gap, localedata/charmaps/IBM866NAV)
    Table8 {
        names: &[
            b"IBM866NAV//",
            b"866NAV//",
            b"CP866NAV//",
        ],
        to_ucs: [
            0x0000, 0x0001, 0x0002, 0x0003, 0x0004, 0x0005, 0x0006, 0x0007, 0x0008, 0x0009, 0x000a, 0x000b, 0x000c, 0x000d, 0x000e, 0x000f,
            0x0010, 0x0011, 0x0012, 0x0013, 0x0014, 0x0015, 0x0016, 0x0017, 0x0018, 0x0019, 0x001a, 0x001b, 0x001c, 0x001d, 0x001e, 0x001f,
            0x0020, 0x0021, 0x0022, 0x0023, 0x0024, 0x0025, 0x0026, 0x0027, 0x0028, 0x0029, 0x002a, 0x002b, 0x002c, 0x002d, 0x002e, 0x002f,
            0x0030, 0x0031, 0x0032, 0x0033, 0x0034, 0x0035, 0x0036, 0x0037, 0x0038, 0x0039, 0x003a, 0x003b, 0x003c, 0x003d, 0x003e, 0x003f,
            0x0040, 0x0041, 0x0042, 0x0043, 0x0044, 0x0045, 0x0046, 0x0047, 0x0048, 0x0049, 0x004a, 0x004b, 0x004c, 0x004d, 0x004e, 0x004f,
            0x0050, 0x0051, 0x0052, 0x0053, 0x0054, 0x0055, 0x0056, 0x0057, 0x0058, 0x0059, 0x005a, 0x005b, 0x005c, 0x005d, 0x005e, 0x005f,
            0x0060, 0x0061, 0x0062, 0x0063, 0x0064, 0x0065, 0x0066, 0x0067, 0x0068, 0x0069, 0x006a, 0x006b, 0x006c, 0x006d, 0x006e, 0x006f,
            0x0070, 0x0071, 0x0072, 0x0073, 0x0074, 0x0075, 0x0076, 0x0077, 0x0078, 0x0079, 0x007a, 0x007b, 0x007c, 0x007d, 0x007e, 0x007f,
            0x0410, 0x0411, 0x0412, 0x0413, 0x0414, 0x0415, 0x0416, 0x0417, 0x0418, 0x0419, 0x041a, 0x041b, 0x041c, 0x041d, 0x041e, 0x041f,
            0x0420, 0x0421, 0x0422, 0x0423, 0x0424, 0x0425, 0x0426, 0x0427, 0x0428, 0x0429, 0x042a, 0x042b, 0x042c, 0x042d, 0x042e, 0x042f,
            0x0430, 0x0431, 0x0432, 0x0433, 0x0434, 0x0435, 0x0436, 0x0437, 0x0438, 0x0439, 0x043a, 0x043b, 0x043c, 0x043d, 0x043e, 0x043f,
            0x2591, 0x2592, 0x2593, 0x2502, 0x2524, 0x2561, 0x2562, 0x2556, 0x2555, 0x2563, 0x2551, 0x2557, 0x255d, 0x255c, 0x255b, 0x2510,
            0x2514, 0x2534, 0x252c, 0x251c, 0x2500, 0x253c, 0x255e, 0x255f, 0x255a, 0x2554, 0x2569, 0x2566, 0x2560, 0x2550, 0x256c, 0x2567,
            0x2568, 0x2564, 0x2565, 0x2559, 0x2558, 0x2552, 0x2553, 0x256b, 0x256a, 0x2518, 0x250c, 0x2588, 0x2584, 0x258c, 0x2590, 0x2580,
            0x0440, 0x0441, 0x0442, 0x0443, 0x0444, 0x0445, 0x0446, 0x0447, 0x0448, 0x0449, 0x044a, 0x044b, 0x044c, 0x044d, 0x044e, 0x044f,
            0x0401, 0x0451, 0x0490, 0x0491, 0x0404, 0x0454, 0x0406, 0x0456, 0x0407, 0x0457, 0x040e, 0x045e, 0x2116, 0x00a4, 0x25a0, 0x00a0,
        ],
        decode_only: &[],
    },
    // pt154 (8bit-gap, localedata/charmaps/PT154)
    Table8 {
        names: &[
            b"PT154//",
        ],
        to_ucs: [
            0x0000, 0x0001, 0x0002, 0x0003, 0x0004, 0x0005, 0x0006, 0x0007, 0x0008, 0x0009, 0x000a, 0x000b, 0x000c, 0x000d, 0x000e, 0x000f,
            0x0010, 0x0011, 0x0012, 0x0013, 0x0014, 0x0015, 0x0016, 0x0017, 0x0018, 0x0019, 0x001a, 0x001b, 0x001c, 0x001d, 0x001e, 0x001f,
            0x0020, 0x0021, 0x0022, 0x0023, 0x0024, 0x0025, 0x0026, 0x0027, 0x0028, 0x0029, 0x002a, 0x002b, 0x002c, 0x002d, 0x002e, 0x002f,
            0x0030, 0x0031, 0x0032, 0x0033, 0x0034, 0x0035, 0x0036, 0x0037, 0x0038, 0x0039, 0x003a, 0x003b, 0x003c, 0x003d, 0x003e, 0x003f,
            0x0040, 0x0041, 0x0042, 0x0043, 0x0044, 0x0045, 0x0046, 0x0047, 0x0048, 0x0049, 0x004a, 0x004b, 0x004c, 0x004d, 0x004e, 0x004f,
            0x0050, 0x0051, 0x0052, 0x0053, 0x0054, 0x0055, 0x0056, 0x0057, 0x0058, 0x0059, 0x005a, 0x005b, 0x005c, 0x005d, 0x005e, 0x005f,
            0x0060, 0x0061, 0x0062, 0x0063, 0x0064, 0x0065, 0x0066, 0x0067, 0x0068, 0x0069, 0x006a, 0x006b, 0x006c, 0x006d, 0x006e, 0x006f,
            0x0070, 0x0071, 0x0072, 0x0073, 0x0074, 0x0075, 0x0076, 0x0077, 0x0078, 0x0079, 0x007a, 0x007b, 0x007c, 0x007d, 0x007e, 0x007f,
            0x0496, 0x0492, 0x04ee, 0x0493, 0x201e, 0x2026, 0x04b6, 0x04ae, 0x04b2, 0x04af, 0x04a0, 0x04e2, 0x04a2, 0x049a, 0x04ba, 0x04b8,
            0x0497, 0x2018, 0x2019, 0x201c, 0x201d, 0x2022, 0x2013, 0x2014, 0x04b3, 0x04b7, 0x04a1, 0x04e3, 0x04a3, 0x049b, 0x04bb, 0x04b9,
            0x00a0, 0x040e, 0x045e, 0x0408, 0x04e8, 0x0498, 0x04b0, 0x00a7, 0x0401, 0x00a9, 0x04d8, 0x00ab, 0x00ac, 0x04ef, 0x00ae, 0x049c,
            0x00b0, 0x04b1, 0x0406, 0x0456, 0x0499, 0x04e9, 0x00b6, 0x00b7, 0x0451, 0x2116, 0x04d9, 0x00bb, 0x0458, 0x04aa, 0x04ab, 0x049d,
            0x0410, 0x0411, 0x0412, 0x0413, 0x0414, 0x0415, 0x0416, 0x0417, 0x0418, 0x0419, 0x041a, 0x041b, 0x041c, 0x041d, 0x041e, 0x041f,
            0x0420, 0x0421, 0x0422, 0x0423, 0x0424, 0x0425, 0x0426, 0x0427, 0x0428, 0x0429, 0x042a, 0x042b, 0x042c, 0x042d, 0x042e, 0x042f,
            0x0430, 0x0431, 0x0432, 0x0433, 0x0434, 0x0435, 0x0436, 0x0437, 0x0438, 0x0439, 0x043a, 0x043b, 0x043c, 0x043d, 0x043e, 0x043f,
            0x0440, 0x0441, 0x0442, 0x0443, 0x0444, 0x0445, 0x0446, 0x0447, 0x0448, 0x0449, 0x044a, 0x044b, 0x044c, 0x044d, 0x044e, 0x044f,
        ],
        decode_only: &[],
    },
    // rk1048 (8bit-gap, localedata/charmaps/RK1048)
    Table8 {
        names: &[
            b"RK1048//",
            b"STRK1048-2002//",
        ],
        to_ucs: [
            0x0000, 0x0001, 0x0002, 0x0003, 0x0004, 0x0005, 0x0006, 0x0007, 0x0008, 0x0009, 0x000a, 0x000b, 0x000c, 0x000d, 0x000e, 0x000f,
            0x0010, 0x0011, 0x0012, 0x0013, 0x0014, 0x0015, 0x0016, 0x0017, 0x0018, 0x0019, 0x001a, 0x001b, 0x001c, 0x001d, 0x001e, 0x001f,
            0x0020, 0x0021, 0x0022, 0x0023, 0x0024, 0x0025, 0x0026, 0x0027, 0x0028, 0x0029, 0x002a, 0x002b, 0x002c, 0x002d, 0x002e, 0x002f,
            0x0030, 0x0031, 0x0032, 0x0033, 0x0034, 0x0035, 0x0036, 0x0037, 0x0038, 0x0039, 0x003a, 0x003b, 0x003c, 0x003d, 0x003e, 0x003f,
            0x0040, 0x0041, 0x0042, 0x0043, 0x0044, 0x0045, 0x0046, 0x0047, 0x0048, 0x0049, 0x004a, 0x004b, 0x004c, 0x004d, 0x004e, 0x004f,
            0x0050, 0x0051, 0x0052, 0x0053, 0x0054, 0x0055, 0x0056, 0x0057, 0x0058, 0x0059, 0x005a, 0x005b, 0x005c, 0x005d, 0x005e, 0x005f,
            0x0060, 0x0061, 0x0062, 0x0063, 0x0064, 0x0065, 0x0066, 0x0067, 0x0068, 0x0069, 0x006a, 0x006b, 0x006c, 0x006d, 0x006e, 0x006f,
            0x0070, 0x0071, 0x0072, 0x0073, 0x0074, 0x0075, 0x0076, 0x0077, 0x0078, 0x0079, 0x007a, 0x007b, 0x007c, 0x007d, 0x007e, 0x007f,
            0x0402, 0x0403, 0x201a, 0x0453, 0x201e, 0x2026, 0x2020, 0x2021, 0x20ac, 0x2030, 0x0409, 0x2039, 0x040a, 0x049a, 0x04ba, 0x040f,
            0x0452, 0x2018, 0x2019, 0x201c, 0x201d, 0x2022, 0x2013, 0x2014, 0x0000, 0x2122, 0x0459, 0x203a, 0x045a, 0x049b, 0x04bb, 0x045f,
            0x00a0, 0x04b0, 0x04b1, 0x04d8, 0x00a4, 0x04e8, 0x00a6, 0x00a7, 0x0401, 0x00a9, 0x0492, 0x00ab, 0x00ac, 0x00ad, 0x00ae, 0x04ae,
            0x00b0, 0x00b1, 0x0406, 0x0456, 0x04e9, 0x00b5, 0x00b6, 0x00b7, 0x0451, 0x2116, 0x0493, 0x00bb, 0x04d9, 0x04a2, 0x04a3, 0x04af,
            0x0410, 0x0411, 0x0412, 0x0413, 0x0414, 0x0415, 0x0416, 0x0417, 0x0418, 0x0419, 0x041a, 0x041b, 0x041c, 0x041d, 0x041e, 0x041f,
            0x0420, 0x0421, 0x0422, 0x0423, 0x0424, 0x0425, 0x0426, 0x0427, 0x0428, 0x0429, 0x042a, 0x042b, 0x042c, 0x042d, 0x042e, 0x042f,
            0x0430, 0x0431, 0x0432, 0x0433, 0x0434, 0x0435, 0x0436, 0x0437, 0x0438, 0x0439, 0x043a, 0x043b, 0x043c, 0x043d, 0x043e, 0x043f,
            0x0440, 0x0441, 0x0442, 0x0443, 0x0444, 0x0445, 0x0446, 0x0447, 0x0448, 0x0449, 0x044a, 0x044b, 0x044c, 0x044d, 0x044e, 0x044f,
        ],
        decode_only: &[],
    },
    // mik (8bit-gap, localedata/charmaps/MIK)
    Table8 {
        names: &[
            b"MIK//",
        ],
        to_ucs: [
            0x0000, 0x0001, 0x0002, 0x0003, 0x0004, 0x0005, 0x0006, 0x0007, 0x0008, 0x0009, 0x000a, 0x000b, 0x000c, 0x000d, 0x000e, 0x000f,
            0x0010, 0x0011, 0x0012, 0x0013, 0x0014, 0x0015, 0x0016, 0x0017, 0x0018, 0x0019, 0x001a, 0x001b, 0x001c, 0x001d, 0x001e, 0x001f,
            0x0020, 0x0021, 0x0022, 0x0023, 0x0024, 0x0025, 0x0026, 0x0027, 0x0028, 0x0029, 0x002a, 0x002b, 0x002c, 0x002d, 0x002e, 0x002f,
            0x0030, 0x0031, 0x0032, 0x0033, 0x0034, 0x0035, 0x0036, 0x0037, 0x0038, 0x0039, 0x003a, 0x003b, 0x003c, 0x003d, 0x003e, 0x003f,
            0x0040, 0x0041, 0x0042, 0x0043, 0x0044, 0x0045, 0x0046, 0x0047, 0x0048, 0x0049, 0x004a, 0x004b, 0x004c, 0x004d, 0x004e, 0x004f,
            0x0050, 0x0051, 0x0052, 0x0053, 0x0054, 0x0055, 0x0056, 0x0057, 0x0058, 0x0059, 0x005a, 0x005b, 0x005c, 0x005d, 0x005e, 0x005f,
            0x0060, 0x0061, 0x0062, 0x0063, 0x0064, 0x0065, 0x0066, 0x0067, 0x0068, 0x0069, 0x006a, 0x006b, 0x006c, 0x006d, 0x006e, 0x006f,
            0x0070, 0x0071, 0x0072, 0x0073, 0x0074, 0x0075, 0x0076, 0x0077, 0x0078, 0x0079, 0x007a, 0x007b, 0x007c, 0x007d, 0x007e, 0x007f,
            0x0410, 0x0411, 0x0412, 0x0413, 0x0414, 0x0415, 0x0416, 0x0417, 0x0418, 0x0419, 0x041a, 0x041b, 0x041c, 0x041d, 0x041e, 0x041f,
            0x0420, 0x0421, 0x0422, 0x0423, 0x0424, 0x0425, 0x0426, 0x0427, 0x0428, 0x0429, 0x042a, 0x042b, 0x042c, 0x042d, 0x042e, 0x042f,
            0x0430, 0x0431, 0x0432, 0x0433, 0x0434, 0x0435, 0x0436, 0x0437, 0x0438, 0x0439, 0x043a, 0x043b, 0x043c, 0x043d, 0x043e, 0x043f,
            0x0440, 0x0441, 0x0442, 0x0443, 0x0444, 0x0445, 0x0446, 0x0447, 0x0448, 0x0449, 0x044a, 0x044b, 0x044c, 0x044d, 0x044e, 0x044f,
            0x2514, 0x2534, 0x252c, 0x251c, 0x2500, 0x253c, 0x2563, 0x2551, 0x255a, 0x2554, 0x2569, 0x2566, 0x2560, 0x2550, 0x256c, 0x2510,
            0x2591, 0x2592, 0x2593, 0x2502, 0x2524, 0x2116, 0x00a7, 0x2557, 0x255d, 0x2518, 0x250c, 0x2588, 0x2584, 0x258c, 0x2590, 0x2580,
            0x03b1, 0x00df, 0x0393, 0x03c0, 0x03a3, 0x03c3, 0x00b5, 0x03c4, 0x03a6, 0x0398, 0x03a9, 0x03b4, 0x221e, 0x03c6, 0x03b5, 0x2229,
            0x2261, 0x00b1, 0x2265, 0x2264, 0x2320, 0x2321, 0x00f7, 0x2248, 0x00b0, 0x2219, 0x00b7, 0x221a, 0x207f, 0x00b2, 0x25a0, 0x00a0,
        ],
        decode_only: &[],
    },
    // brf (8bit-gap, localedata/charmaps/BRF)
    Table8 {
        names: &[
            b"BRF//",
        ],
        to_ucs: [
            0x0000, 0x0001, 0x0002, 0x0003, 0x0004, 0x0005, 0x0006, 0x0007, 0x0008, 0x0009, 0x000a, 0x000b, 0x000c, 0x000d, 0x000e, 0x000f,
            0x0010, 0x0011, 0x0012, 0x0013, 0x0014, 0x0015, 0x0016, 0x0017, 0x0018, 0x0019, 0x001a, 0x001b, 0x001c, 0x001d, 0x001e, 0x001f,
            0x2800, 0x282e, 0x2810, 0x283c, 0x282b, 0x2829, 0x282f, 0x2804, 0x2837, 0x283e, 0x2821, 0x282c, 0x2820, 0x2824, 0x2828, 0x280c,
            0x2834, 0x2802, 0x2806, 0x2812, 0x2832, 0x2822, 0x2816, 0x2836, 0x2826, 0x2814, 0x2831, 0x2830, 0x2823, 0x283f, 0x281c, 0x2839,
            0x2808, 0x2801, 0x2803, 0x2809, 0x2819, 0x2811, 0x280b, 0x281b, 0x2813, 0x280a, 0x281a, 0x2805, 0x2807, 0x280d, 0x281d, 0x2815,
            0x280f, 0x281f, 0x2817, 0x280e, 0x281e, 0x2825, 0x2827, 0x283a, 0x282d, 0x283d, 0x2835, 0x282a, 0x2833, 0x283b, 0x2818, 0x2838,
            0x0000, 0x0000, 0x0000, 0x0000, 0x0000, 0x0000, 0x0000, 0x0000, 0x0000, 0x0000, 0x0000, 0x0000, 0x0000, 0x0000, 0x0000, 0x0000,
            0x0000, 0x0000, 0x0000, 0x0000, 0x0000, 0x0000, 0x0000, 0x0000, 0x0000, 0x0000, 0x0000, 0x0000, 0x0000, 0x0000, 0x0000, 0x0000,
            0x0000, 0x0000, 0x0000, 0x0000, 0x0000, 0x0000, 0x0000, 0x0000, 0x0000, 0x0000, 0x0000, 0x0000, 0x0000, 0x0000, 0x0000, 0x0000,
            0x0000, 0x0000, 0x0000, 0x0000, 0x0000, 0x0000, 0x0000, 0x0000, 0x0000, 0x0000, 0x0000, 0x0000, 0x0000, 0x0000, 0x0000, 0x0000,
            0x0000, 0x0000, 0x0000, 0x0000, 0x0000, 0x0000, 0x0000, 0x0000, 0x0000, 0x0000, 0x0000, 0x0000, 0x0000, 0x0000, 0x0000, 0x0000,
            0x0000, 0x0000, 0x0000, 0x0000, 0x0000, 0x0000, 0x0000, 0x0000, 0x0000, 0x0000, 0x0000, 0x0000, 0x0000, 0x0000, 0x0000, 0x0000,
            0x0000, 0x0000, 0x0000, 0x0000, 0x0000, 0x0000, 0x0000, 0x0000, 0x0000, 0x0000, 0x0000, 0x0000, 0x0000, 0x0000, 0x0000, 0x0000,
            0x0000, 0x0000, 0x0000, 0x0000, 0x0000, 0x0000, 0x0000, 0x0000, 0x0000, 0x0000, 0x0000, 0x0000, 0x0000, 0x0000, 0x0000, 0x0000,
            0x0000, 0x0000, 0x0000, 0x0000, 0x0000, 0x0000, 0x0000, 0x0000, 0x0000, 0x0000, 0x0000, 0x0000, 0x0000, 0x0000, 0x0000, 0x0000,
            0x0000, 0x0000, 0x0000, 0x0000, 0x0000, 0x0000, 0x0000, 0x0000, 0x0000, 0x0000, 0x0000, 0x0000, 0x0000, 0x0000, 0x0000, 0x0000,
        ],
        decode_only: &[],
    },
    // mac-centraleurope (8bit-gap, localedata/charmaps/MAC-CENTRALEUROPE)
    Table8 {
        names: &[
            b"MAC-CENTRALEUROPE//",
            b"CP1282//",
        ],
        to_ucs: [
            0x0000, 0x0001, 0x0002, 0x0003, 0x0004, 0x0005, 0x0006, 0x0007, 0x0008, 0x0009, 0x000a, 0x000b, 0x000c, 0x000d, 0x000e, 0x000f,
            0x0010, 0x0011, 0x0012, 0x0013, 0x0014, 0x0015, 0x0016, 0x0017, 0x0018, 0x0019, 0x001a, 0x001b, 0x001c, 0x001d, 0x001e, 0x001f,
            0x0020, 0x0021, 0x0022, 0x0023, 0x0024, 0x0025, 0x0026, 0x0027, 0x0028, 0x0029, 0x002a, 0x002b, 0x002c, 0x002d, 0x002e, 0x002f,
            0x0030, 0x0031, 0x0032, 0x0033, 0x0034, 0x0035, 0x0036, 0x0037, 0x0038, 0x0039, 0x003a, 0x003b, 0x003c, 0x003d, 0x003e, 0x003f,
            0x0040, 0x0041, 0x0042, 0x0043, 0x0044, 0x0045, 0x0046, 0x0047, 0x0048, 0x0049, 0x004a, 0x004b, 0x004c, 0x004d, 0x004e, 0x004f,
            0x0050, 0x0051, 0x0052, 0x0053, 0x0054, 0x0055, 0x0056, 0x0057, 0x0058, 0x0059, 0x005a, 0x005b, 0x005c, 0x005d, 0x005e, 0x005f,
            0x0060, 0x0061, 0x0062, 0x0063, 0x0064, 0x0065, 0x0066, 0x0067, 0x0068, 0x0069, 0x006a, 0x006b, 0x006c, 0x006d, 0x006e, 0x006f,
            0x0070, 0x0071, 0x0072, 0x0073, 0x0074, 0x0075, 0x0076, 0x0077, 0x0078, 0x0079, 0x007a, 0x007b, 0x007c, 0x007d, 0x007e, 0x007f,
            0x00c4, 0x0100, 0x0101, 0x00c9, 0x0104, 0x00d6, 0x00dc, 0x00e1, 0x0105, 0x010c, 0x00e4, 0x010d, 0x0106, 0x0107, 0x00e9, 0x0179,
            0x017a, 0x010e, 0x00ed, 0x010f, 0x0112, 0x0113, 0x0116, 0x00f3, 0x0117, 0x00f4, 0x00f6, 0x00f5, 0x00fa, 0x011a, 0x011b, 0x00fc,
            0x2020, 0x00b0, 0x0118, 0x00a3, 0x00a7, 0x2022, 0x00b6, 0x00df, 0x00ae, 0x00a9, 0x2122, 0x0119, 0x00a8, 0x2260, 0x0123, 0x012e,
            0x012f, 0x012a, 0x2264, 0x2265, 0x012b, 0x0136, 0x2202, 0x2211, 0x0142, 0x013b, 0x013c, 0x013d, 0x013e, 0x0139, 0x013a, 0x0145,
            0x0146, 0x0143, 0x00ac, 0x221a, 0x0144, 0x0147, 0x2206, 0x00ab, 0x00bb, 0x2026, 0x00a0, 0x0148, 0x0150, 0x00d5, 0x0151, 0x014c,
            0x2013, 0x2014, 0x201c, 0x201d, 0x2018, 0x2019, 0x00f7, 0x25ca, 0x014d, 0x0154, 0x0155, 0x0158, 0x2039, 0x203a, 0x0159, 0x0156,
            0x0157, 0x0160, 0x201a, 0x201e, 0x0161, 0x015a, 0x015b, 0x00c1, 0x0164, 0x0165, 0x00cd, 0x017d, 0x017e, 0x016a, 0x00d3, 0x00d4,
            0x016b, 0x016e, 0x00da, 0x016f, 0x0170, 0x0171, 0x0172, 0x0173, 0x00dd, 0x00fd, 0x0137, 0x017b, 0x0141, 0x017c, 0x0122, 0x02c7,
        ],
        decode_only: &[],
    },
    // koi8-ru (8bit-gap, localedata/charmaps/KOI8-RU)
    Table8 {
        names: &[
            b"KOI8-RU//",
        ],
        to_ucs: [
            0x0000, 0x0001, 0x0002, 0x0003, 0x0004, 0x0005, 0x0006, 0x0007, 0x0008, 0x0009, 0x000a, 0x000b, 0x000c, 0x000d, 0x000e, 0x000f,
            0x0010, 0x0011, 0x0012, 0x0013, 0x0014, 0x0015, 0x0016, 0x0017, 0x0018, 0x0019, 0x001a, 0x001b, 0x001c, 0x001d, 0x001e, 0x001f,
            0x0020, 0x0021, 0x0022, 0x0023, 0x0024, 0x0025, 0x0026, 0x0027, 0x0028, 0x0029, 0x002a, 0x002b, 0x002c, 0x002d, 0x002e, 0x002f,
            0x0030, 0x0031, 0x0032, 0x0033, 0x0034, 0x0035, 0x0036, 0x0037, 0x0038, 0x0039, 0x003a, 0x003b, 0x003c, 0x003d, 0x003e, 0x003f,
            0x0040, 0x0041, 0x0042, 0x0043, 0x0044, 0x0045, 0x0046, 0x0047, 0x0048, 0x0049, 0x004a, 0x004b, 0x004c, 0x004d, 0x004e, 0x004f,
            0x0050, 0x0051, 0x0052, 0x0053, 0x0054, 0x0055, 0x0056, 0x0057, 0x0058, 0x0059, 0x005a, 0x005b, 0x005c, 0x005d, 0x005e, 0x005f,
            0x0060, 0x0061, 0x0062, 0x0063, 0x0064, 0x0065, 0x0066, 0x0067, 0x0068, 0x0069, 0x006a, 0x006b, 0x006c, 0x006d, 0x006e, 0x006f,
            0x0070, 0x0071, 0x0072, 0x0073, 0x0074, 0x0075, 0x0076, 0x0077, 0x0078, 0x0079, 0x007a, 0x007b, 0x007c, 0x007d, 0x007e, 0x007f,
            0x2500, 0x2502, 0x250c, 0x2510, 0x2514, 0x2518, 0x251c, 0x2524, 0x252c, 0x2534, 0x253c, 0x2580, 0x2584, 0x2588, 0x258c, 0x2590,
            0x2591, 0x2592, 0x2593, 0x201c, 0x25a0, 0x2219, 0x201d, 0x2014, 0x2116, 0x2122, 0x00a0, 0x00bb, 0x00ae, 0x00ab, 0x00b7, 0x00a4,
            0x2550, 0x2551, 0x2552, 0x0451, 0x0454, 0x2554, 0x0456, 0x0457, 0x2557, 0x2558, 0x2559, 0x255a, 0x255b, 0x0491, 0x045e, 0x255e,
            0x255f, 0x2560, 0x2561, 0x0401, 0x0404, 0x2563, 0x0406, 0x0407, 0x2566, 0x2567, 0x2568, 0x2569, 0x256a, 0x0490, 0x040e, 0x00a9,
            0x044e, 0x0430, 0x0431, 0x0446, 0x0434, 0x0435, 0x0444, 0x0433, 0x0445, 0x0438, 0x0439, 0x043a, 0x043b, 0x043c, 0x043d, 0x043e,
            0x043f, 0x044f, 0x0440, 0x0441, 0x0442, 0x0443, 0x0436, 0x0432, 0x044c, 0x044b, 0x0437, 0x0448, 0x044d, 0x0449, 0x0447, 0x044a,
            0x042e, 0x0410, 0x0411, 0x0426, 0x0414, 0x0415, 0x0424, 0x0413, 0x0425, 0x0418, 0x0419, 0x041a, 0x041b, 0x041c, 0x041d, 0x041e,
            0x041f, 0x042f, 0x0420, 0x0421, 0x0422, 0x0423, 0x0416, 0x0412, 0x042c, 0x042b, 0x0417, 0x0428, 0x042d, 0x0429, 0x0427, 0x042a,
        ],
        decode_only: &[],
    },
    // hp-roman8 (8bit-gap, localedata/charmaps/HP-ROMAN8)
    Table8 {
        names: &[
            b"HP-ROMAN8//",
            b"CSHPROMAN8//",
            b"HPROMAN8//",
            b"OSF10010001//",
            b"R8//",
            b"ROMAN8//",
        ],
        to_ucs: [
            0x0000, 0x0001, 0x0002, 0x0003, 0x0004, 0x0005, 0x0006, 0x0007, 0x0008, 0x0009, 0x000a, 0x000b, 0x000c, 0x000d, 0x000e, 0x000f,
            0x0010, 0x0011, 0x0012, 0x0013, 0x0014, 0x0015, 0x0016, 0x0017, 0x0018, 0x0019, 0x001a, 0x001b, 0x001c, 0x001d, 0x001e, 0x001f,
            0x0020, 0x0021, 0x0022, 0x0023, 0x0024, 0x0025, 0x0026, 0x0027, 0x0028, 0x0029, 0x002a, 0x002b, 0x002c, 0x002d, 0x002e, 0x002f,
            0x0030, 0x0031, 0x0032, 0x0033, 0x0034, 0x0035, 0x0036, 0x0037, 0x0038, 0x0039, 0x003a, 0x003b, 0x003c, 0x003d, 0x003e, 0x003f,
            0x0040, 0x0041, 0x0042, 0x0043, 0x0044, 0x0045, 0x0046, 0x0047, 0x0048, 0x0049, 0x004a, 0x004b, 0x004c, 0x004d, 0x004e, 0x004f,
            0x0050, 0x0051, 0x0052, 0x0053, 0x0054, 0x0055, 0x0056, 0x0057, 0x0058, 0x0059, 0x005a, 0x005b, 0x005c, 0x005d, 0x005e, 0x005f,
            0x0060, 0x0061, 0x0062, 0x0063, 0x0064, 0x0065, 0x0066, 0x0067, 0x0068, 0x0069, 0x006a, 0x006b, 0x006c, 0x006d, 0x006e, 0x006f,
            0x0070, 0x0071, 0x0072, 0x0073, 0x0074, 0x0075, 0x0076, 0x0077, 0x0078, 0x0079, 0x007a, 0x007b, 0x007c, 0x007d, 0x007e, 0x007f,
            0x0080, 0x0081, 0x0082, 0x0083, 0x0084, 0x0085, 0x0086, 0x0087, 0x0088, 0x0089, 0x008a, 0x008b, 0x008c, 0x008d, 0x008e, 0x008f,
            0x0090, 0x0091, 0x0092, 0x0093, 0x0094, 0x0095, 0x0096, 0x0097, 0x0098, 0x0099, 0x009a, 0x009b, 0x009c, 0x009d, 0x009e, 0x009f,
            0x00a0, 0x00c0, 0x00c2, 0x00c8, 0x00ca, 0x00cb, 0x00ce, 0x00cf, 0x00b4, 0x02cb, 0x02c6, 0x00a8, 0x02dc, 0x00d9, 0x00db, 0x20a4,
            0x00af, 0x00dd, 0x00fd, 0x00b0, 0x00c7, 0x00e7, 0x00d1, 0x00f1, 0x00a1, 0x00bf, 0x00a4, 0x00a3, 0x00a5, 0x00a7, 0x0192, 0x00a2,
            0x00e2, 0x00ea, 0x00f4, 0x00fb, 0x00e1, 0x00e9, 0x00f3, 0x00fa, 0x00e0, 0x00e8, 0x00f2, 0x00f9, 0x00e4, 0x00eb, 0x00f6, 0x00fc,
            0x00c5, 0x00ee, 0x00d8, 0x00c6, 0x00e5, 0x00ed, 0x00f8, 0x00e6, 0x00c4, 0x00ec, 0x00d6, 0x00dc, 0x00c9, 0x00ef, 0x00df, 0x00d4,
            0x00c1, 0x00c3, 0x00e3, 0x00d0, 0x00f0, 0x00cd, 0x00cc, 0x00d3, 0x00d2, 0x00d5, 0x00f5, 0x0160, 0x0161, 0x00da, 0x0178, 0x00ff,
            0x00de, 0x00fe, 0x00b7, 0x00b5, 0x00b6, 0x00be, 0x2014, 0x00bc, 0x00bd, 0x00aa, 0x00ba, 0x00ab, 0x25a0, 0x00bb, 0x00b1, 0x0000,
        ],
        decode_only: &[],
    },
    // hp-roman9 (8bit-gap, localedata/charmaps/HP-ROMAN9)
    Table8 {
        names: &[
            b"HP-ROMAN9//",
            b"HPROMAN9//",
            b"R9//",
            b"ROMAN9//",
        ],
        to_ucs: [
            0x0000, 0x0001, 0x0002, 0x0003, 0x0004, 0x0005, 0x0006, 0x0007, 0x0008, 0x0009, 0x000a, 0x000b, 0x000c, 0x000d, 0x000e, 0x000f,
            0x0010, 0x0011, 0x0012, 0x0013, 0x0014, 0x0015, 0x0016, 0x0017, 0x0018, 0x0019, 0x001a, 0x001b, 0x001c, 0x001d, 0x001e, 0x001f,
            0x0020, 0x0021, 0x0022, 0x0023, 0x0024, 0x0025, 0x0026, 0x0027, 0x0028, 0x0029, 0x002a, 0x002b, 0x002c, 0x002d, 0x002e, 0x002f,
            0x0030, 0x0031, 0x0032, 0x0033, 0x0034, 0x0035, 0x0036, 0x0037, 0x0038, 0x0039, 0x003a, 0x003b, 0x003c, 0x003d, 0x003e, 0x003f,
            0x0040, 0x0041, 0x0042, 0x0043, 0x0044, 0x0045, 0x0046, 0x0047, 0x0048, 0x0049, 0x004a, 0x004b, 0x004c, 0x004d, 0x004e, 0x004f,
            0x0050, 0x0051, 0x0052, 0x0053, 0x0054, 0x0055, 0x0056, 0x0057, 0x0058, 0x0059, 0x005a, 0x005b, 0x005c, 0x005d, 0x005e, 0x005f,
            0x0060, 0x0061, 0x0062, 0x0063, 0x0064, 0x0065, 0x0066, 0x0067, 0x0068, 0x0069, 0x006a, 0x006b, 0x006c, 0x006d, 0x006e, 0x006f,
            0x0070, 0x0071, 0x0072, 0x0073, 0x0074, 0x0075, 0x0076, 0x0077, 0x0078, 0x0079, 0x007a, 0x007b, 0x007c, 0x007d, 0x007e, 0x007f,
            0x0080, 0x0081, 0x0082, 0x0083, 0x0084, 0x0085, 0x0086, 0x0087, 0x0088, 0x0089, 0x008a, 0x008b, 0x008c, 0x008d, 0x008e, 0x008f,
            0x0090, 0x0091, 0x0092, 0x0093, 0x0094, 0x0095, 0x0096, 0x0097, 0x0098, 0x0099, 0x009a, 0x009b, 0x009c, 0x009d, 0x009e, 0x009f,
            0x00a0, 0x00c0, 0x00c2, 0x00c8, 0x00ca, 0x00cb, 0x00ce, 0x00cf, 0x00b4, 0x02cb, 0x02c6, 0x00a8, 0x02dc, 0x00d9, 0x00db, 0x20a4,
            0x00af, 0x00dd, 0x00fd, 0x00b0, 0x00c7, 0x00e7, 0x00d1, 0x00f1, 0x00a1, 0x00bf, 0x20a0, 0x00a3, 0x00a5, 0x00a7, 0x0192, 0x00a2,
            0x00e2, 0x00ea, 0x00f4, 0x00fb, 0x00e1, 0x00e9, 0x00f3, 0x00fa, 0x00e0, 0x00e8, 0x00f2, 0x00f9, 0x00e4, 0x00eb, 0x00f6, 0x00fc,
            0x00c5, 0x00ee, 0x00d8, 0x00c6, 0x00e5, 0x00ed, 0x00f8, 0x00e6, 0x00c4, 0x00ec, 0x00d6, 0x00dc, 0x00c9, 0x00ef, 0x00df, 0x00d4,
            0x00c1, 0x00c3, 0x00e3, 0x00d0, 0x00f0, 0x00cd, 0x00cc, 0x00d3, 0x00d2, 0x00d5, 0x00f5, 0x0160, 0x0161, 0x00da, 0x0178, 0x00ff,
            0x00de, 0x00fe, 0x00b7, 0x00b5, 0x00b6, 0x00be, 0x2014, 0x00bc, 0x00bd, 0x00aa, 0x00ba, 0x00ab, 0x25a0, 0x00bb, 0x00b1, 0x0000,
        ],
        decode_only: &[],
    },
    // ebcdic-es (8bit-gap, localedata/charmaps/EBCDIC-ES)
    Table8 {
        names: &[
            b"EBCDIC-ES//",
            b"CSEBCDICES//",
            b"EBCDICES//",
        ],
        to_ucs: [
            0x0000, 0x0001, 0x0002, 0x0003, 0x009c, 0x0009, 0x0086, 0x007f, 0x0097, 0x008d, 0x008e, 0x000b, 0x000c, 0x000d, 0x000e, 0x000f,
            0x0010, 0x0011, 0x0012, 0x0013, 0x009d, 0x0085, 0x0008, 0x0087, 0x0018, 0x0019, 0x0092, 0x008f, 0x001c, 0x001d, 0x001e, 0x001f,
            0x0080, 0x0081, 0x0082, 0x0083, 0x0084, 0x000a, 0x0017, 0x001b, 0x0088, 0x0089, 0x008a, 0x008b, 0x008c, 0x0005, 0x0006, 0x0007,
            0x0090, 0x0091, 0x0016, 0x0093, 0x0094, 0x0095, 0x0096, 0x0004, 0x0098, 0x0099, 0x009a, 0x009b, 0x0014, 0x0015, 0x009e, 0x001a,
            0x0020, 0x0000, 0x0000, 0x0000, 0x0000, 0x0000, 0x0000, 0x0000, 0x0000, 0x0000, 0x00a2, 0x002e, 0x003c, 0x0028, 0x002b, 0x007c,
            0x0026, 0x0000, 0x0000, 0x0000, 0x0000, 0x0000, 0x0000, 0x0000, 0x0000, 0x0000, 0x0021, 0x20a7, 0x002a, 0x0029, 0x003b, 0x00ac,
            0x002d, 0x002f, 0x0000, 0x0000, 0x0000, 0x0000, 0x0000, 0x0000, 0x0000, 0x0000, 0x00f1, 0x002c, 0x0025, 0x005f, 0x003e, 0x003f,
            0x0000, 0x0000, 0x0000, 0x0000, 0x0000, 0x0000, 0x0000, 0x0000, 0x0000, 0x0060, 0x003a, 0x00d1, 0x0040, 0x0027, 0x003d, 0x0022,
            0x0000, 0x0061, 0x0062, 0x0063, 0x0064, 0x0065, 0x0066, 0x0067, 0x0068, 0x0069, 0x0000, 0x0000, 0x0000, 0x0000, 0x0000, 0x0000,
            0x0000, 0x006a, 0x006b, 0x006c, 0x006d, 0x006e, 0x006f, 0x0070, 0x0071, 0x0072, 0x0000, 0x0000, 0x0000, 0x0000, 0x0000, 0x0000,
            0x0000, 0x00a8, 0x0073, 0x0074, 0x0075, 0x0076, 0x0077, 0x0078, 0x0079, 0x007a, 0x0000, 0x0000, 0x0000, 0x0000, 0x0000, 0x0000,
            0x0000, 0x0000, 0x0000, 0x0000, 0x0000, 0x0000, 0x0000, 0x0000, 0x0000, 0x0000, 0x0000, 0x0000, 0x0000, 0x0000, 0x0000, 0x0000,
            0x007b, 0x0041, 0x0042, 0x0043, 0x0044, 0x0045, 0x0046, 0x0047, 0x0048, 0x0049, 0x0000, 0x0000, 0x0000, 0x0000, 0x0000, 0x0000,
            0x007d, 0x004a, 0x004b, 0x004c, 0x004d, 0x004e, 0x004f, 0x0050, 0x0051, 0x0052, 0x0000, 0x0000, 0x0000, 0x0000, 0x0000, 0x0000,
            0x005c, 0x0000, 0x0053, 0x0054, 0x0055, 0x0056, 0x0057, 0x0058, 0x0059, 0x005a, 0x0000, 0x0000, 0x0000, 0x0000, 0x0000, 0x0000,
            0x0030, 0x0031, 0x0032, 0x0033, 0x0034, 0x0035, 0x0036, 0x0037, 0x0038, 0x0039, 0x0000, 0x0000, 0x0000, 0x0000, 0x0000, 0x009f,
        ],
        decode_only: &[],
    },
    // ebcdic-es-a (8bit-gap, localedata/charmaps/EBCDIC-ES-A)
    Table8 {
        names: &[
            b"EBCDIC-ES-A//",
            b"CSEBCDICESA//",
            b"EBCDICESA//",
        ],
        to_ucs: [
            0x0000, 0x0001, 0x0002, 0x0003, 0x009c, 0x0009, 0x0086, 0x007f, 0x0097, 0x008d, 0x008e, 0x000b, 0x000c, 0x000d, 0x000e, 0x000f,
            0x0010, 0x0011, 0x0012, 0x0013, 0x009d, 0x0085, 0x0008, 0x0087, 0x0018, 0x0019, 0x0092, 0x008f, 0x001c, 0x001d, 0x001e, 0x001f,
            0x0080, 0x0081, 0x0082, 0x0083, 0x0084, 0x000a, 0x0017, 0x001b, 0x0088, 0x0089, 0x008a, 0x008b, 0x008c, 0x0005, 0x0006, 0x0007,
            0x0090, 0x0091, 0x0016, 0x0093, 0x0094, 0x0095, 0x0096, 0x0004, 0x0098, 0x0099, 0x009a, 0x009b, 0x0014, 0x0015, 0x009e, 0x001a,
            0x0020, 0x0000, 0x0000, 0x0000, 0x0000, 0x0000, 0x0000, 0x0000, 0x0000, 0x0000, 0x00a2, 0x002e, 0x003c, 0x0028, 0x002b, 0x007c,
            0x0026, 0x0000, 0x0000, 0x0000, 0x0000, 0x0000, 0x0000, 0x0000, 0x0000, 0x0000, 0x0021, 0x20a7, 0x002a, 0x0029, 0x003b, 0x00ac,
            0x002d, 0x002f, 0x0000, 0x0000, 0x0000, 0x0000, 0x0000, 0x0000, 0x0000, 0x0000, 0x00a6, 0x002c, 0x0025, 0x005f, 0x003e, 0x003f,
            0x0000, 0x0000, 0x0000, 0x0000, 0x0000, 0x0000, 0x0000, 0x0000, 0x0000, 0x0000, 0x003a, 0x00d1, 0x0040, 0x0027, 0x003d, 0x00f1,
            0x0000, 0x0061, 0x0062, 0x0063, 0x0064, 0x0065, 0x0066, 0x0067, 0x0068, 0x0069, 0x0000, 0x0000, 0x0000, 0x0000, 0x0000, 0x0000,
            0x0000, 0x006a, 0x006b, 0x006c, 0x006d, 0x006e, 0x006f, 0x0070, 0x0071, 0x0072, 0x0000, 0x0000, 0x0000, 0x0000, 0x0000, 0x0000,
            0x0000, 0x0000, 0x0073, 0x0074, 0x0075, 0x0076, 0x0077, 0x0078, 0x0079, 0x007a, 0x0000, 0x0000, 0x0000, 0x0000, 0x0000, 0x0000,
            0x0000, 0x0000, 0x0000, 0x0000, 0x0000, 0x0000, 0x0000, 0x0000, 0x0000, 0x0000, 0x0000, 0x0000, 0x0000, 0x0000, 0x0000, 0x0000,
            0x0000, 0x0041, 0x0042, 0x0043, 0x0044, 0x0045, 0x0046, 0x0047, 0x0048, 0x0049, 0x0000, 0x0000, 0x0000, 0x0000, 0x0000, 0x0000,
            0x0000, 0x004a, 0x004b, 0x004c, 0x004d, 0x004e, 0x004f, 0x0050, 0x0051, 0x0052, 0x0000, 0x0000, 0x0000, 0x0000, 0x0000, 0x0000,
            0x0000, 0x0000, 0x0053, 0x0054, 0x0055, 0x0056, 0x0057, 0x0058, 0x0059, 0x005a, 0x0000, 0x0000, 0x0000, 0x0000, 0x0000, 0x0000,
            0x0030, 0x0031, 0x0032, 0x0033, 0x0034, 0x0035, 0x0036, 0x0037, 0x0038, 0x0039, 0x0000, 0x0000, 0x0000, 0x0000, 0x0000, 0x009f,
        ],
        decode_only: &[],
    },
    // ebcdic-is-friss (8bit-gap, localedata/charmaps/EBCDIC-IS-FRISS)
    Table8 {
        names: &[
            b"EBCDIC-IS-FRISS//",
            b"EBCDICISFRISS//",
        ],
        to_ucs: [
            0x0000, 0x0001, 0x0002, 0x0003, 0x0004, 0x0005, 0x0006, 0x0007, 0x0008, 0x0009, 0x000a, 0x000b, 0x000c, 0x000d, 0x000e, 0x000f,
            0x0010, 0x0011, 0x0012, 0x0013, 0x0014, 0x0015, 0x0016, 0x0017, 0x0018, 0x0019, 0x001a, 0x001b, 0x001c, 0x001d, 0x001e, 0x001f,
            0x0000, 0x0000, 0x0000, 0x0000, 0x0000, 0x0000, 0x0000, 0x0000, 0x0000, 0x0000, 0x0000, 0x0000, 0x0000, 0x0000, 0x0000, 0x0000,
            0x0000, 0x0000, 0x0000, 0x0000, 0x0000, 0x0000, 0x0000, 0x0000, 0x0000, 0x0000, 0x0000, 0x0000, 0x0000, 0x0000, 0x0000, 0x0000,
            0x0020, 0x0000, 0x0000, 0x0000, 0x0000, 0x00e1, 0x0000, 0x0000, 0x0000, 0x0000, 0x003c, 0x002e, 0x00c1, 0x0028, 0x002b, 0x0021,
            0x00d0, 0x00e9, 0x0000, 0x0000, 0x0000, 0x00ed, 0x0000, 0x0000, 0x0000, 0x0024, 0x0025, 0x00c9, 0x002a, 0x0029, 0x003b, 0x0026,
            0x002d, 0x002f, 0x0000, 0x0000, 0x0000, 0x0000, 0x0000, 0x0000, 0x0000, 0x0023, 0x2018, 0x002c, 0x00de, 0x005f, 0x003e, 0x003f,
            0x0000, 0x0000, 0x0000, 0x0000, 0x0000, 0x00cd, 0x0000, 0x0000, 0x007c, 0x00f0, 0x003a, 0x00c6, 0x00d6, 0x0027, 0x003d, 0x0022,
            0x0000, 0x0061, 0x0062, 0x0063, 0x0064, 0x0065, 0x0066, 0x0067, 0x0068, 0x0069, 0x0000, 0x0000, 0x0000, 0x00dd, 0x0000, 0x0000,
            0x0000, 0x006a, 0x006b, 0x006c, 0x006d, 0x006e, 0x006f, 0x0070, 0x0071, 0x0072, 0x0000, 0x0000, 0x0000, 0x0000, 0x0000, 0x0000,
            0x00b0, 0x00f6, 0x0073, 0x0074, 0x0075, 0x0076, 0x0077, 0x0078, 0x0079, 0x007a, 0x0000, 0x0000, 0x005b, 0x00fd, 0x0000, 0x0000,
            0x0000, 0x0000, 0x0000, 0x0000, 0x0000, 0x0000, 0x0000, 0x0000, 0x0000, 0x0000, 0x0000, 0x0000, 0x005d, 0x00a8, 0x0000, 0x0000,
            0x00fe, 0x0041, 0x0042, 0x0043, 0x0044, 0x0045, 0x0046, 0x0047, 0x0048, 0x0049, 0x0000, 0x0000, 0x0000, 0x0000, 0x00f3, 0x0000,
            0x00e6, 0x004a, 0x004b, 0x004c, 0x004d, 0x004e, 0x004f, 0x0050, 0x0051, 0x0052, 0x0000, 0x0000, 0x0000, 0x0000, 0x00fa, 0x0000,
            0x00b4, 0x0000, 0x0053, 0x0054, 0x0055, 0x0056, 0x0057, 0x0058, 0x0059, 0x005a, 0x0000, 0x0000, 0x0000, 0x0000, 0x00d3, 0x0000,
            0x0030, 0x0031, 0x0032, 0x0033, 0x0034, 0x0035, 0x0036, 0x0037, 0x0038, 0x0039, 0x0000, 0x0000, 0x0000, 0x0000, 0x00da, 0x007f,
        ],
        decode_only: &[],
    },
    // ebcdic-uk (8bit-gap, localedata/charmaps/EBCDIC-UK)
    Table8 {
        names: &[
            b"EBCDIC-UK//",
            b"CSEBCDICUK//",
            b"EBCDICUK//",
        ],
        to_ucs: [
            0x0000, 0x0001, 0x0002, 0x0003, 0x009c, 0x0009, 0x0086, 0x007f, 0x0097, 0x008d, 0x008e, 0x000b, 0x000c, 0x000d, 0x000e, 0x000f,
            0x0010, 0x0011, 0x0012, 0x0013, 0x009d, 0x0085, 0x0008, 0x0087, 0x0018, 0x0019, 0x0092, 0x008f, 0x001c, 0x001d, 0x001e, 0x001f,
            0x0080, 0x0081, 0x0082, 0x0083, 0x0084, 0x000a, 0x0017, 0x001b, 0x0088, 0x0089, 0x008a, 0x008b, 0x008c, 0x0005, 0x0006, 0x0007,
            0x0090, 0x0091, 0x0016, 0x0093, 0x0094, 0x0095, 0x0096, 0x0004, 0x0098, 0x0099, 0x009a, 0x009b, 0x0014, 0x0015, 0x009e, 0x001a,
            0x0020, 0x0000, 0x0000, 0x0000, 0x0000, 0x0000, 0x0000, 0x0000, 0x0000, 0x0000, 0x0024, 0x002e, 0x003c, 0x0028, 0x002b, 0x007c,
            0x0026, 0x0000, 0x0000, 0x0000, 0x0000, 0x0000, 0x0000, 0x0000, 0x0000, 0x0000, 0x0021, 0x00a3, 0x002a, 0x0029, 0x003b, 0x00ac,
            0x002d, 0x002f, 0x0000, 0x0000, 0x0000, 0x0000, 0x0000, 0x0000, 0x0000, 0x0000, 0x00a6, 0x002c, 0x0025, 0x005f, 0x003e, 0x003f,
            0x0000, 0x0000, 0x0000, 0x0000, 0x0000, 0x0000, 0x0000, 0x0000, 0x0000, 0x0060, 0x003a, 0x0023, 0x0040, 0x0027, 0x003d, 0x0022,
            0x0000, 0x0061, 0x0062, 0x0063, 0x0064, 0x0065, 0x0066, 0x0067, 0x0068, 0x0069, 0x0000, 0x0000, 0x0000, 0x0000, 0x0000, 0x0000,
            0x0000, 0x006a, 0x006b, 0x006c, 0x006d, 0x006e, 0x006f, 0x0070, 0x0071, 0x0072, 0x0000, 0x0000, 0x0000, 0x0000, 0x0000, 0x0000,
            0x0000, 0x203e, 0x0073, 0x0074, 0x0075, 0x0076, 0x0077, 0x0078, 0x0079, 0x007a, 0x0000, 0x0000, 0x0000, 0x0000, 0x0000, 0x0000,
            0x0000, 0x0000, 0x0000, 0x0000, 0x0000, 0x0000, 0x0000, 0x0000, 0x0000, 0x0000, 0x0000, 0x0000, 0x0000, 0x0000, 0x0000, 0x0000,
            0x007b, 0x0041, 0x0042, 0x0043, 0x0044, 0x0045, 0x0046, 0x0047, 0x0048, 0x0049, 0x0000, 0x0000, 0x0000, 0x0000, 0x0000, 0x0000,
            0x007d, 0x004a, 0x004b, 0x004c, 0x004d, 0x004e, 0x004f, 0x0050, 0x0051, 0x0052, 0x0000, 0x0000, 0x0000, 0x0000, 0x0000, 0x0000,
            0x005c, 0x0000, 0x0053, 0x0054, 0x0055, 0x0056, 0x0057, 0x0058, 0x0059, 0x005a, 0x0000, 0x0000, 0x0000, 0x0000, 0x0000, 0x0000,
            0x0030, 0x0031, 0x0032, 0x0033, 0x0034, 0x0035, 0x0036, 0x0037, 0x0038, 0x0039, 0x0000, 0x0000, 0x0000, 0x0000, 0x0000, 0x009f,
        ],
        decode_only: &[],
    },
    // iso8859-16 (8bit-gap, localedata/charmaps/ISO-8859-16)
    Table8 {
        names: &[
            b"ISO-8859-16//",
            b"ISO-IR-226//",
            b"ISO8859-16//",
            b"ISO885916//",
            b"ISO_8859-16//",
            b"ISO_8859-16:2001//",
            b"L10//",
            b"LATIN10//",
        ],
        to_ucs: [
            0x0000, 0x0001, 0x0002, 0x0003, 0x0004, 0x0005, 0x0006, 0x0007, 0x0008, 0x0009, 0x000a, 0x000b, 0x000c, 0x000d, 0x000e, 0x000f,
            0x0010, 0x0011, 0x0012, 0x0013, 0x0014, 0x0015, 0x0016, 0x0017, 0x0018, 0x0019, 0x001a, 0x001b, 0x001c, 0x001d, 0x001e, 0x001f,
            0x0020, 0x0021, 0x0022, 0x0023, 0x0024, 0x0025, 0x0026, 0x0027, 0x0028, 0x0029, 0x002a, 0x002b, 0x002c, 0x002d, 0x002e, 0x002f,
            0x0030, 0x0031, 0x0032, 0x0033, 0x0034, 0x0035, 0x0036, 0x0037, 0x0038, 0x0039, 0x003a, 0x003b, 0x003c, 0x003d, 0x003e, 0x003f,
            0x0040, 0x0041, 0x0042, 0x0043, 0x0044, 0x0045, 0x0046, 0x0047, 0x0048, 0x0049, 0x004a, 0x004b, 0x004c, 0x004d, 0x004e, 0x004f,
            0x0050, 0x0051, 0x0052, 0x0053, 0x0054, 0x0055, 0x0056, 0x0057, 0x0058, 0x0059, 0x005a, 0x005b, 0x005c, 0x005d, 0x005e, 0x005f,
            0x0060, 0x0061, 0x0062, 0x0063, 0x0064, 0x0065, 0x0066, 0x0067, 0x0068, 0x0069, 0x006a, 0x006b, 0x006c, 0x006d, 0x006e, 0x006f,
            0x0070, 0x0071, 0x0072, 0x0073, 0x0074, 0x0075, 0x0076, 0x0077, 0x0078, 0x0079, 0x007a, 0x007b, 0x007c, 0x007d, 0x007e, 0x007f,
            0x0080, 0x0081, 0x0082, 0x0083, 0x0084, 0x0085, 0x0086, 0x0087, 0x0088, 0x0089, 0x008a, 0x008b, 0x008c, 0x008d, 0x008e, 0x008f,
            0x0090, 0x0091, 0x0092, 0x0093, 0x0094, 0x0095, 0x0096, 0x0097, 0x0098, 0x0099, 0x009a, 0x009b, 0x009c, 0x009d, 0x009e, 0x009f,
            0x00a0, 0x0104, 0x0105, 0x0141, 0x20ac, 0x201e, 0x0160, 0x00a7, 0x0161, 0x00a9, 0x0218, 0x00ab, 0x0179, 0x00ad, 0x017a, 0x017b,
            0x00b0, 0x00b1, 0x010c, 0x0142, 0x017d, 0x201d, 0x00b6, 0x00b7, 0x017e, 0x010d, 0x0219, 0x00bb, 0x0152, 0x0153, 0x0178, 0x017c,
            0x00c0, 0x00c1, 0x00c2, 0x0102, 0x00c4, 0x0106, 0x00c6, 0x00c7, 0x00c8, 0x00c9, 0x00ca, 0x00cb, 0x00cc, 0x00cd, 0x00ce, 0x00cf,
            0x0110, 0x0143, 0x00d2, 0x00d3, 0x00d4, 0x0150, 0x00d6, 0x015a, 0x0170, 0x00d9, 0x00da, 0x00db, 0x00dc, 0x0118, 0x021a, 0x00df,
            0x00e0, 0x00e1, 0x00e2, 0x0103, 0x00e4, 0x0107, 0x00e6, 0x00e7, 0x00e8, 0x00e9, 0x00ea, 0x00eb, 0x00ec, 0x00ed, 0x00ee, 0x00ef,
            0x0111, 0x0144, 0x00f2, 0x00f3, 0x00f4, 0x0151, 0x00f6, 0x015b, 0x0171, 0x00f9, 0x00fa, 0x00fb, 0x00fc, 0x0119, 0x021b, 0x00ff,
        ],
        decode_only: &[],
    },
    // viscii (8bit-gap, localedata/charmaps/VISCII)
    Table8 {
        names: &[
            b"VISCII//",
        ],
        to_ucs: [
            0x0000, 0x0001, 0x1eb2, 0x0003, 0x0004, 0x1eb4, 0x1eaa, 0x0007, 0x0008, 0x0009, 0x000a, 0x000b, 0x000c, 0x000d, 0x000e, 0x000f,
            0x0010, 0x0011, 0x0012, 0x0013, 0x1ef6, 0x0015, 0x0016, 0x0017, 0x0018, 0x1ef8, 0x001a, 0x001b, 0x001c, 0x001d, 0x1ef4, 0x001f,
            0x0020, 0x0021, 0x0022, 0x0023, 0x0024, 0x0025, 0x0026, 0x0027, 0x0028, 0x0029, 0x002a, 0x002b, 0x002c, 0x002d, 0x002e, 0x002f,
            0x0030, 0x0031, 0x0032, 0x0033, 0x0034, 0x0035, 0x0036, 0x0037, 0x0038, 0x0039, 0x003a, 0x003b, 0x003c, 0x003d, 0x003e, 0x003f,
            0x0040, 0x0041, 0x0042, 0x0043, 0x0044, 0x0045, 0x0046, 0x0047, 0x0048, 0x0049, 0x004a, 0x004b, 0x004c, 0x004d, 0x004e, 0x004f,
            0x0050, 0x0051, 0x0052, 0x0053, 0x0054, 0x0055, 0x0056, 0x0057, 0x0058, 0x0059, 0x005a, 0x005b, 0x005c, 0x005d, 0x005e, 0x005f,
            0x0060, 0x0061, 0x0062, 0x0063, 0x0064, 0x0065, 0x0066, 0x0067, 0x0068, 0x0069, 0x006a, 0x006b, 0x006c, 0x006d, 0x006e, 0x006f,
            0x0070, 0x0071, 0x0072, 0x0073, 0x0074, 0x0075, 0x0076, 0x0077, 0x0078, 0x0079, 0x007a, 0x007b, 0x007c, 0x007d, 0x007e, 0x007f,
            0x1ea0, 0x1eae, 0x1eb0, 0x1eb6, 0x1ea4, 0x1ea6, 0x1ea8, 0x1eac, 0x1ebc, 0x1eb8, 0x1ebe, 0x1ec0, 0x1ec2, 0x1ec4, 0x1ec6, 0x1ed0,
            0x1ed2, 0x1ed4, 0x1ed6, 0x1ed8, 0x1ee2, 0x1eda, 0x1edc, 0x1ede, 0x1eca, 0x1ece, 0x1ecc, 0x1ec8, 0x1ee6, 0x0168, 0x1ee4, 0x1ef2,
            0x00d5, 0x1eaf, 0x1eb1, 0x1eb7, 0x1ea5, 0x1ea7, 0x1ea9, 0x1ead, 0x1ebd, 0x1eb9, 0x1ebf, 0x1ec1, 0x1ec3, 0x1ec5, 0x1ec7, 0x1ed1,
            0x1ed3, 0x1ed5, 0x1ed7, 0x1ee0, 0x01a0, 0x1ed9, 0x1edd, 0x1edf, 0x1ecb, 0x1ef0, 0x1ee8, 0x1eea, 0x1eec, 0x01a1, 0x1edb, 0x01af,
            0x00c0, 0x00c1, 0x00c2, 0x00c3, 0x1ea2, 0x0102, 0x1eb3, 0x1eb5, 0x00c8, 0x00c9, 0x00ca, 0x1eba, 0x00cc, 0x00cd, 0x0128, 0x1ef3,
            0x0110, 0x1ee9, 0x00d2, 0x00d3, 0x00d4, 0x1ea1, 0x1ef7, 0x1eeb, 0x1eed, 0x00d9, 0x00da, 0x1ef9, 0x1ef5, 0x00dd, 0x1ee1, 0x01b0,
            0x00e0, 0x00e1, 0x00e2, 0x00e3, 0x1ea3, 0x0103, 0x1eef, 0x1eab, 0x00e8, 0x00e9, 0x00ea, 0x1ebb, 0x00ec, 0x00ed, 0x0129, 0x1ec9,
            0x0111, 0x1ef1, 0x00f2, 0x00f3, 0x00f4, 0x00f5, 0x1ecf, 0x1ecd, 0x1ee5, 0x00f9, 0x00fa, 0x0169, 0x1ee7, 0x00fd, 0x1ee3, 0x1eee,
        ],
        decode_only: &[],
    },
    // iso8859-9e (8bit-gap, localedata/charmaps/ISO-8859-9E)
    Table8 {
        names: &[
            b"ISO-8859-9E//",
            b"ISO8859-9E//",
            b"ISO88599E//",
            b"ISO_8859-9E//",
        ],
        to_ucs: [
            0x0000, 0x0001, 0x0002, 0x0003, 0x0004, 0x0005, 0x0006, 0x0007, 0x0008, 0x0009, 0x000a, 0x000b, 0x000c, 0x000d, 0x000e, 0x000f,
            0x0010, 0x0011, 0x0012, 0x0013, 0x0014, 0x0015, 0x0016, 0x0017, 0x0018, 0x0019, 0x001a, 0x001b, 0x001c, 0x001d, 0x001e, 0x001f,
            0x0020, 0x0021, 0x0022, 0x0023, 0x0024, 0x0025, 0x0026, 0x0027, 0x0028, 0x0029, 0x002a, 0x002b, 0x002c, 0x002d, 0x002e, 0x002f,
            0x0030, 0x0031, 0x0032, 0x0033, 0x0034, 0x0035, 0x0036, 0x0037, 0x0038, 0x0039, 0x003a, 0x003b, 0x003c, 0x003d, 0x003e, 0x003f,
            0x0040, 0x0041, 0x0042, 0x0043, 0x0044, 0x0045, 0x0046, 0x0047, 0x0048, 0x0049, 0x004a, 0x004b, 0x004c, 0x004d, 0x004e, 0x004f,
            0x0050, 0x0051, 0x0052, 0x0053, 0x0054, 0x0055, 0x0056, 0x0057, 0x0058, 0x0059, 0x005a, 0x005b, 0x005c, 0x005d, 0x005e, 0x005f,
            0x0060, 0x0061, 0x0062, 0x0063, 0x0064, 0x0065, 0x0066, 0x0067, 0x0068, 0x0069, 0x006a, 0x006b, 0x006c, 0x006d, 0x006e, 0x006f,
            0x0070, 0x0071, 0x0072, 0x0073, 0x0074, 0x0075, 0x0076, 0x0077, 0x0078, 0x0079, 0x007a, 0x007b, 0x007c, 0x007d, 0x007e, 0x007f,
            0x0080, 0x0081, 0x0082, 0x0083, 0x0084, 0x0085, 0x0086, 0x0087, 0x0088, 0x0089, 0x008a, 0x008b, 0x008c, 0x008d, 0x008e, 0x008f,
            0x0090, 0x0091, 0x0092, 0x0093, 0x0094, 0x0095, 0x0096, 0x0097, 0x0098, 0x0099, 0x009a, 0x009b, 0x009c, 0x009d, 0x009e, 0x009f,
            0x00a0, 0x017d, 0x00a2, 0x00a3, 0x20ac, 0x00a5, 0x012c, 0x00a7, 0x016c, 0x00a9, 0x01e6, 0x00ab, 0x014a, 0x00ad, 0x00ae, 0x01d1,
            0x00b0, 0x017e, 0x00b2, 0x00b3, 0x00b4, 0x00b5, 0x012d, 0x00b7, 0x016d, 0x00b9, 0x01e7, 0x00bb, 0x014b, 0x00bd, 0x0178, 0x01d2,
            0x00c0, 0x00c1, 0x00c2, 0x00c3, 0x00c4, 0x00c5, 0x018f, 0x00c7, 0x00c8, 0x00c9, 0x00ca, 0x00cb, 0x00cc, 0x00cd, 0x00ce, 0x00cf,
            0x011e, 0x00d1, 0x00d2, 0x00d3, 0x00d4, 0x00d5, 0x00d6, 0x00dd, 0x019f, 0x00d9, 0x00da, 0x00db, 0x00dc, 0x0130, 0x015e, 0x00df,
            0x00e0, 0x00e1, 0x00e2, 0x00e3, 0x00e4, 0x00e5, 0x0259, 0x00e7, 0x00e8, 0x00e9, 0x00ea, 0x00eb, 0x00ec, 0x00ed, 0x00ee, 0x00ef,
            0x011f, 0x00f1, 0x00f2, 0x00f3, 0x00f4, 0x00f5, 0x00f6, 0x00fd, 0x0275, 0x00f9, 0x00fa, 0x00fb, 0x00fc, 0x0131, 0x015f, 0x00ff,
        ],
        decode_only: &[],
    },
    // hp-turkish8 (8bit-gap, localedata/charmaps/HP-TURKISH8)
    Table8 {
        names: &[
            b"HP-TURKISH8//",
            b"HPTURKISH8//",
            b"OSF10010006//",
            b"TURKISH8//",
        ],
        to_ucs: [
            0x0000, 0x0001, 0x0002, 0x0003, 0x0004, 0x0005, 0x0006, 0x0007, 0x0008, 0x0009, 0x000a, 0x000b, 0x000c, 0x000d, 0x000e, 0x000f,
            0x0010, 0x0011, 0x0012, 0x0013, 0x0014, 0x0015, 0x0016, 0x0017, 0x0018, 0x0019, 0x001a, 0x001b, 0x001c, 0x001d, 0x001e, 0x001f,
            0x0020, 0x0021, 0x0022, 0x0023, 0x0024, 0x0025, 0x0026, 0x0027, 0x0028, 0x0029, 0x002a, 0x002b, 0x002c, 0x002d, 0x002e, 0x002f,
            0x0030, 0x0031, 0x0032, 0x0033, 0x0034, 0x0035, 0x0036, 0x0037, 0x0038, 0x0039, 0x003a, 0x003b, 0x003c, 0x003d, 0x003e, 0x003f,
            0x0040, 0x0041, 0x0042, 0x0043, 0x0044, 0x0045, 0x0046, 0x0047, 0x0048, 0x0049, 0x004a, 0x004b, 0x004c, 0x004d, 0x004e, 0x004f,
            0x0050, 0x0051, 0x0052, 0x0053, 0x0054, 0x0055, 0x0056, 0x0057, 0x0058, 0x0059, 0x005a, 0x005b, 0x005c, 0x005d, 0x005e, 0x005f,
            0x0060, 0x0061, 0x0062, 0x0063, 0x0064, 0x0065, 0x0066, 0x0067, 0x0068, 0x0069, 0x006a, 0x006b, 0x006c, 0x006d, 0x006e, 0x006f,
            0x0070, 0x0071, 0x0072, 0x0073, 0x0074, 0x0075, 0x0076, 0x0077, 0x0078, 0x0079, 0x007a, 0x007b, 0x007c, 0x007d, 0x007e, 0x007f,
            0x0080, 0x0081, 0x0082, 0x0083, 0x0084, 0x0085, 0x0086, 0x0087, 0x0088, 0x0089, 0x008a, 0x008b, 0x008c, 0x008d, 0x008e, 0x008f,
            0x0090, 0x0091, 0x0092, 0x0093, 0x0094, 0x0095, 0x0096, 0x0097, 0x0098, 0x0099, 0x009a, 0x009b, 0x009c, 0x009d, 0x009e, 0x009f,
            0x00a0, 0x00c7, 0x011e, 0x00c8, 0x00ca, 0x00cb, 0x00ce, 0x00cf, 0x00b4, 0x02cb, 0x02c6, 0x00a8, 0x02dc, 0x00d9, 0x00db, 0x20a4,
            0x0000, 0x00dd, 0x00fd, 0x00b0, 0x0000, 0x0000, 0x00d1, 0x00f1, 0x00a1, 0x00bf, 0x00a4, 0x00a3, 0x00a5, 0x00a7, 0x0192, 0x00a2,
            0x0000, 0x00ea, 0x00f4, 0x0000, 0x00e1, 0x00e9, 0x00f3, 0x00fa, 0x00e0, 0x00e8, 0x00f2, 0x00f9, 0x00e4, 0x00eb, 0x0000, 0x0000,
            0x00c5, 0x00ee, 0x00d8, 0x00c6, 0x00e5, 0x00ed, 0x00f8, 0x00e6, 0x00c4, 0x00ec, 0x0000, 0x0130, 0x00d6, 0x015e, 0x00dc, 0x00e7,
            0x011f, 0x00c3, 0x00e3, 0x00d0, 0x00f0, 0x00cd, 0x00cc, 0x00d3, 0x00d2, 0x00d5, 0x00f5, 0x0160, 0x0161, 0x00da, 0x0178, 0x00ff,
            0x00de, 0x00fe, 0x00b7, 0x00b5, 0x00b6, 0x00be, 0x2014, 0x00bc, 0x00bd, 0x00aa, 0x00ba, 0x0131, 0x00f6, 0x015f, 0x00fc, 0x0000,
        ],
        decode_only: &[],
    },
    // hp-thai8 (8bit-gap, localedata/charmaps/HP-THAI8)
    Table8 {
        names: &[
            b"HP-THAI8//",
            b"HPTHAI8//",
            b"THAI8//",
        ],
        to_ucs: [
            0x0000, 0x0001, 0x0002, 0x0003, 0x0004, 0x0005, 0x0006, 0x0007, 0x0008, 0x0009, 0x000a, 0x000b, 0x000c, 0x000d, 0x000e, 0x000f,
            0x0010, 0x0011, 0x0012, 0x0013, 0x0014, 0x0015, 0x0016, 0x0017, 0x0018, 0x0019, 0x001a, 0x001b, 0x001c, 0x001d, 0x001e, 0x001f,
            0x0020, 0x0021, 0x0022, 0x0023, 0x0024, 0x0025, 0x0026, 0x0027, 0x0028, 0x0029, 0x002a, 0x002b, 0x002c, 0x002d, 0x002e, 0x002f,
            0x0030, 0x0031, 0x0032, 0x0033, 0x0034, 0x0035, 0x0036, 0x0037, 0x0038, 0x0039, 0x003a, 0x003b, 0x003c, 0x003d, 0x003e, 0x003f,
            0x0040, 0x0041, 0x0042, 0x0043, 0x0044, 0x0045, 0x0046, 0x0047, 0x0048, 0x0049, 0x004a, 0x004b, 0x004c, 0x004d, 0x004e, 0x004f,
            0x0050, 0x0051, 0x0052, 0x0053, 0x0054, 0x0055, 0x0056, 0x0057, 0x0058, 0x0059, 0x005a, 0x005b, 0x005c, 0x005d, 0x005e, 0x005f,
            0x0060, 0x0061, 0x0062, 0x0063, 0x0064, 0x0065, 0x0066, 0x0067, 0x0068, 0x0069, 0x006a, 0x006b, 0x006c, 0x006d, 0x006e, 0x006f,
            0x0070, 0x0071, 0x0072, 0x0073, 0x0074, 0x0075, 0x0076, 0x0077, 0x0078, 0x0079, 0x007a, 0x007b, 0x007c, 0x007d, 0x007e, 0x007f,
            0x0080, 0x0081, 0x0082, 0x0083, 0x0084, 0x0085, 0x0086, 0x0087, 0x0088, 0x0089, 0x008a, 0x008b, 0x008c, 0x008d, 0x008e, 0x008f,
            0x0090, 0x0091, 0x0092, 0x0093, 0x0094, 0x0095, 0x0096, 0x0097, 0x0098, 0x0099, 0x009a, 0x009b, 0x009c, 0x009d, 0x009e, 0x009f,
            0x00a0, 0x0e01, 0x0e02, 0x0e03, 0x0e04, 0x0e05, 0x0e06, 0x0e07, 0x0e08, 0x0e09, 0x0e0a, 0x0e0b, 0x0e0c, 0x0e0d, 0x0e0e, 0x0e0f,
            0x0e10, 0x0e11, 0x0e12, 0x0e13, 0x0e14, 0x0e15, 0x0e16, 0x0e17, 0x0e18, 0x0e19, 0x0e1a, 0x0e1b, 0x0e1c, 0x0e1d, 0x0e1e, 0x0e1f,
            0x0e20, 0x0e21, 0x0e22, 0x0e23, 0x0e24, 0x0e25, 0x0e26, 0x0e27, 0x0e28, 0x0e29, 0x0e2a, 0x0e2b, 0x0e2c, 0x0e2d, 0x0e2e, 0x0e2f,
            0x0e30, 0x0e31, 0x0e32, 0x0e33, 0x0e34, 0x0e35, 0x0e36, 0x0e37, 0x0e38, 0x0e39, 0x0e3a, 0x0000, 0x0000, 0x0000, 0x0000, 0x0e3f,
            0x0e40, 0x0e41, 0x0e42, 0x0e43, 0x0e44, 0x0e45, 0x0e46, 0x0e47, 0x0e48, 0x0e49, 0x0e4a, 0x0e4b, 0x0e4c, 0x0e4d, 0x0e4e, 0x0e4f,
            0x0e50, 0x0e51, 0x0e52, 0x0e53, 0x0e54, 0x0e55, 0x0e56, 0x0e57, 0x0e58, 0x0e59, 0x0e5a, 0x0e5b, 0x0000, 0x0000, 0x0000, 0x0000,
        ],
        decode_only: &[],
    },
    // hp-greek8 (8bit-gap, localedata/charmaps/HP-GREEK8)
    Table8 {
        names: &[
            b"HP-GREEK8//",
            b"HPGREEK8//",
            b"OSF10010004//",
        ],
        to_ucs: [
            0x0000, 0x0001, 0x0002, 0x0003, 0x0004, 0x0005, 0x0006, 0x0007, 0x0008, 0x0009, 0x000a, 0x000b, 0x000c, 0x000d, 0x000e, 0x000f,
            0x0010, 0x0011, 0x0012, 0x0013, 0x0014, 0x0015, 0x0016, 0x0017, 0x0018, 0x0019, 0x001a, 0x001b, 0x001c, 0x001d, 0x001e, 0x001f,
            0x0020, 0x0021, 0x0022, 0x0023, 0x0024, 0x0025, 0x0026, 0x0027, 0x0028, 0x0029, 0x002a, 0x002b, 0x002c, 0x002d, 0x002e, 0x002f,
            0x0030, 0x0031, 0x0032, 0x0033, 0x0034, 0x0035, 0x0036, 0x0037, 0x0038, 0x0039, 0x003a, 0x003b, 0x003c, 0x003d, 0x003e, 0x003f,
            0x0040, 0x0041, 0x0042, 0x0043, 0x0044, 0x0045, 0x0046, 0x0047, 0x0048, 0x0049, 0x004a, 0x004b, 0x004c, 0x004d, 0x004e, 0x004f,
            0x0050, 0x0051, 0x0052, 0x0053, 0x0054, 0x0055, 0x0056, 0x0057, 0x0058, 0x0059, 0x005a, 0x005b, 0x005c, 0x005d, 0x005e, 0x005f,
            0x0060, 0x0061, 0x0062, 0x0063, 0x0064, 0x0065, 0x0066, 0x0067, 0x0068, 0x0069, 0x006a, 0x006b, 0x006c, 0x006d, 0x006e, 0x006f,
            0x0070, 0x0071, 0x0072, 0x0073, 0x0074, 0x0075, 0x0076, 0x0077, 0x0078, 0x0079, 0x007a, 0x007b, 0x007c, 0x007d, 0x007e, 0x007f,
            0x0080, 0x0081, 0x0082, 0x0083, 0x0084, 0x0085, 0x0086, 0x0087, 0x0088, 0x0089, 0x008a, 0x008b, 0x008c, 0x008d, 0x008e, 0x008f,
            0x0090, 0x0091, 0x0092, 0x0093, 0x0094, 0x0095, 0x0096, 0x0097, 0x0098, 0x0099, 0x009a, 0x009b, 0x009c, 0x009d, 0x009e, 0x009f,
            0x00a0, 0x0000, 0x0000, 0x0000, 0x0000, 0x0000, 0x0000, 0x0000, 0x0000, 0x0000, 0x0000, 0x0000, 0x0000, 0x0000, 0x0000, 0x0000,
            0x0000, 0x0000, 0x0000, 0x0000, 0x0000, 0x0000, 0x0000, 0x0000, 0x0000, 0x0000, 0x0000, 0x0000, 0x03ca, 0x0000, 0x03cb, 0x0000,
            0x0000, 0x0391, 0x0392, 0x0393, 0x0394, 0x0395, 0x0396, 0x0397, 0x0398, 0x0399, 0x0000, 0x039a, 0x039b, 0x039c, 0x039d, 0x039e,
            0x039f, 0x03a0, 0x03a1, 0x03a3, 0x03a4, 0x03a5, 0x03a6, 0x0000, 0x03a7, 0x03a8, 0x03a9, 0x03ac, 0x03ae, 0x03cc, 0x0000, 0x0000,
            0x03cd, 0x03b1, 0x03b2, 0x03b3, 0x03b4, 0x03b5, 0x03b6, 0x03b7, 0x03b8, 0x03b9, 0x0000, 0x03ba, 0x03bb, 0x03bc, 0x03bd, 0x03be,
            0x03bf, 0x03c0, 0x03c1, 0x03c3, 0x03c4, 0x03c5, 0x03c6, 0x03c2, 0x03c7, 0x03c8, 0x03c9, 0x03ad, 0x03af, 0x03ce, 0x03f3, 0x0000,
        ],
        decode_only: &[],
    },
    // cp770 (8bit-gap, localedata/charmaps/CP770)
    Table8 {
        names: &[
            b"CP770//",
        ],
        to_ucs: [
            0x0000, 0x0001, 0x0002, 0x0003, 0x0004, 0x0005, 0x0006, 0x0007, 0x0008, 0x0009, 0x000a, 0x000b, 0x000c, 0x000d, 0x000e, 0x000f,
            0x0010, 0x0011, 0x0012, 0x0013, 0x0014, 0x0015, 0x0016, 0x0017, 0x0018, 0x0019, 0x001a, 0x001b, 0x001c, 0x001d, 0x001e, 0x001f,
            0x0020, 0x0021, 0x0022, 0x0023, 0x0024, 0x0025, 0x0026, 0x0027, 0x0028, 0x0029, 0x002a, 0x002b, 0x002c, 0x002d, 0x002e, 0x002f,
            0x0030, 0x0031, 0x0032, 0x0033, 0x0034, 0x0035, 0x0036, 0x0037, 0x0038, 0x0039, 0x003a, 0x003b, 0x003c, 0x003d, 0x003e, 0x003f,
            0x0040, 0x0041, 0x0042, 0x0043, 0x0044, 0x0045, 0x0046, 0x0047, 0x0048, 0x0049, 0x004a, 0x004b, 0x004c, 0x004d, 0x004e, 0x004f,
            0x0050, 0x0051, 0x0052, 0x0053, 0x0054, 0x0055, 0x0056, 0x0057, 0x0058, 0x0059, 0x005a, 0x005b, 0x005c, 0x005d, 0x005e, 0x005f,
            0x0060, 0x0061, 0x0062, 0x0063, 0x0064, 0x0065, 0x0066, 0x0067, 0x0068, 0x0069, 0x006a, 0x006b, 0x006c, 0x006d, 0x006e, 0x006f,
            0x0070, 0x0071, 0x0072, 0x0073, 0x0074, 0x0075, 0x0076, 0x0077, 0x0078, 0x0079, 0x007a, 0x007b, 0x007c, 0x007d, 0x007e, 0x007f,
            0x010c, 0x00fc, 0x0117, 0x0101, 0x00e4, 0x0105, 0x013c, 0x010d, 0x0113, 0x0112, 0x0119, 0x0118, 0x012b, 0x012f, 0x00c4, 0x0104,
            0x0116, 0x017e, 0x017d, 0x00f5, 0x00f6, 0x00d5, 0x016b, 0x0173, 0x0123, 0x00d6, 0x00dc, 0x00a2, 0x013b, 0x201e, 0x0161, 0x0160,
            0x0100, 0x012a, 0x0137, 0x0136, 0x0146, 0x0145, 0x016a, 0x0172, 0x0122, 0x2310, 0x00ac, 0x00bd, 0x00bc, 0x012e, 0x00ab, 0x00bb,
            0x2591, 0x2592, 0x2593, 0x2502, 0x2524, 0x2561, 0x2562, 0x2556, 0x2555, 0x2563, 0x2551, 0x2557, 0x255d, 0x255c, 0x255b, 0x2510,
            0x2514, 0x2534, 0x252c, 0x251c, 0x2500, 0x253c, 0x255e, 0x255f, 0x255a, 0x2554, 0x2569, 0x2566, 0x2560, 0x2550, 0x256c, 0x2567,
            0x2568, 0x2564, 0x2565, 0x2559, 0x2558, 0x2552, 0x2553, 0x256b, 0x256a, 0x2518, 0x250c, 0x2588, 0x2584, 0x258c, 0x2590, 0x2580,
            0x03b1, 0x00df, 0x0393, 0x03c0, 0x03a3, 0x03c3, 0x00b5, 0x03c4, 0x03a6, 0x0398, 0x03a9, 0x03b4, 0x221e, 0x03c6, 0x03b5, 0x2229,
            0x2261, 0x00b1, 0x2265, 0x2264, 0x2320, 0x2321, 0x00f7, 0x2248, 0x00b0, 0x2219, 0x00b7, 0x221a, 0x207f, 0x00b2, 0x25a0, 0x00a0,
        ],
        decode_only: &[],
    },
    // cp771 (8bit-gap, localedata/charmaps/CP771)
    Table8 {
        names: &[
            b"CP771//",
        ],
        to_ucs: [
            0x0000, 0x0001, 0x0002, 0x0003, 0x0004, 0x0005, 0x0006, 0x0007, 0x0008, 0x0009, 0x000a, 0x000b, 0x000c, 0x000d, 0x000e, 0x000f,
            0x0010, 0x0011, 0x0012, 0x0013, 0x0014, 0x0015, 0x0016, 0x0017, 0x0018, 0x0019, 0x001a, 0x001b, 0x001c, 0x001d, 0x001e, 0x001f,
            0x0020, 0x0021, 0x0022, 0x0023, 0x0024, 0x0025, 0x0026, 0x0027, 0x0028, 0x0029, 0x002a, 0x002b, 0x002c, 0x002d, 0x002e, 0x002f,
            0x0030, 0x0031, 0x0032, 0x0033, 0x0034, 0x0035, 0x0036, 0x0037, 0x0038, 0x0039, 0x003a, 0x003b, 0x003c, 0x003d, 0x003e, 0x003f,
            0x0040, 0x0041, 0x0042, 0x0043, 0x0044, 0x0045, 0x0046, 0x0047, 0x0048, 0x0049, 0x004a, 0x004b, 0x004c, 0x004d, 0x004e, 0x004f,
            0x0050, 0x0051, 0x0052, 0x0053, 0x0054, 0x0055, 0x0056, 0x0057, 0x0058, 0x0059, 0x005a, 0x005b, 0x005c, 0x005d, 0x005e, 0x005f,
            0x0060, 0x0061, 0x0062, 0x0063, 0x0064, 0x0065, 0x0066, 0x0067, 0x0068, 0x0069, 0x006a, 0x006b, 0x006c, 0x006d, 0x006e, 0x006f,
            0x0070, 0x0071, 0x0072, 0x0073, 0x0074, 0x0075, 0x0076, 0x0077, 0x0078, 0x0079, 0x007a, 0x007b, 0x007c, 0x007d, 0x007e, 0x007f,
            0x0410, 0x0411, 0x0412, 0x0413, 0x0414, 0x0415, 0x0416, 0x0417, 0x0418, 0x0419, 0x041a, 0x041b, 0x041c, 0x041d, 0x041e, 0x041f,
            0x0420, 0x0421, 0x0422, 0x0423, 0x0424, 0x0425, 0x0426, 0x0427, 0x0428, 0x0429, 0x042a, 0x042b, 0x042c, 0x042d, 0x042e, 0x042f,
            0x0430, 0x0431, 0x0432, 0x0433, 0x0434, 0x0435, 0x0436, 0x0437, 0x0438, 0x0439, 0x043a, 0x043b, 0x043c, 0x043d, 0x043e, 0x043f,
            0x2591, 0x2592, 0x2593, 0x2502, 0x2524, 0x2561, 0x2562, 0x2556, 0x2555, 0x2563, 0x2551, 0x2557, 0x255d, 0x255c, 0x255b, 0x2510,
            0x2514, 0x2534, 0x252c, 0x251c, 0x2500, 0x253c, 0x255e, 0x255f, 0x255a, 0x2554, 0x2569, 0x2566, 0x2560, 0x2550, 0x256c, 0x2567,
            0x2568, 0x2564, 0x2565, 0x2559, 0x2558, 0x2552, 0x2553, 0x256b, 0x256a, 0x2518, 0x250c, 0x2588, 0x0104, 0x0105, 0x010c, 0x010d,
            0x0440, 0x0441, 0x0442, 0x0443, 0x0444, 0x0445, 0x0446, 0x0447, 0x0448, 0x0449, 0x044a, 0x044b, 0x044c, 0x044d, 0x044e, 0x044f,
            0x0118, 0x0119, 0x0116, 0x0117, 0x012e, 0x012f, 0x0160, 0x0161, 0x0172, 0x0173, 0x016a, 0x016b, 0x017d, 0x017e, 0x25a0, 0x00a0,
        ],
        decode_only: &[],
    },
    // cp772 (8bit-gap, localedata/charmaps/CP772)
    Table8 {
        names: &[
            b"CP772//",
        ],
        to_ucs: [
            0x0000, 0x0001, 0x0002, 0x0003, 0x0004, 0x0005, 0x0006, 0x0007, 0x0008, 0x0009, 0x000a, 0x000b, 0x000c, 0x000d, 0x000e, 0x000f,
            0x0010, 0x0011, 0x0012, 0x0013, 0x0014, 0x0015, 0x0016, 0x0017, 0x0018, 0x0019, 0x001a, 0x001b, 0x001c, 0x001d, 0x001e, 0x001f,
            0x0020, 0x0021, 0x0022, 0x0023, 0x0024, 0x0025, 0x0026, 0x0027, 0x0028, 0x0029, 0x002a, 0x002b, 0x002c, 0x002d, 0x002e, 0x002f,
            0x0030, 0x0031, 0x0032, 0x0033, 0x0034, 0x0035, 0x0036, 0x0037, 0x0038, 0x0039, 0x003a, 0x003b, 0x003c, 0x003d, 0x003e, 0x003f,
            0x0040, 0x0041, 0x0042, 0x0043, 0x0044, 0x0045, 0x0046, 0x0047, 0x0048, 0x0049, 0x004a, 0x004b, 0x004c, 0x004d, 0x004e, 0x004f,
            0x0050, 0x0051, 0x0052, 0x0053, 0x0054, 0x0055, 0x0056, 0x0057, 0x0058, 0x0059, 0x005a, 0x005b, 0x005c, 0x005d, 0x005e, 0x005f,
            0x0060, 0x0061, 0x0062, 0x0063, 0x0064, 0x0065, 0x0066, 0x0067, 0x0068, 0x0069, 0x006a, 0x006b, 0x006c, 0x006d, 0x006e, 0x006f,
            0x0070, 0x0071, 0x0072, 0x0073, 0x0074, 0x0075, 0x0076, 0x0077, 0x0078, 0x0079, 0x007a, 0x007b, 0x007c, 0x007d, 0x007e, 0x007f,
            0x0410, 0x0411, 0x0412, 0x0413, 0x0414, 0x0415, 0x0416, 0x0417, 0x0418, 0x0419, 0x041a, 0x041b, 0x041c, 0x041d, 0x041e, 0x041f,
            0x0420, 0x0421, 0x0422, 0x0423, 0x0424, 0x0425, 0x0426, 0x0427, 0x0428, 0x0429, 0x042a, 0x042b, 0x042c, 0x042d, 0x042e, 0x042f,
            0x0430, 0x0431, 0x0432, 0x0433, 0x0434, 0x0435, 0x0436, 0x0437, 0x0438, 0x0439, 0x043a, 0x043b, 0x043c, 0x043d, 0x043e, 0x043f,
            0x2591, 0x2592, 0x2593, 0x2502, 0x2524, 0x0104, 0x010c, 0x0118, 0x0116, 0x2563, 0x2551, 0x2557, 0x255d, 0x012e, 0x0160, 0x2510,
            0x2514, 0x2534, 0x252c, 0x251c, 0x2500, 0x253c, 0x0172, 0x016a, 0x255a, 0x2554, 0x2569, 0x2566, 0x2560, 0x2550, 0x256c, 0x017d,
            0x0105, 0x010d, 0x0119, 0x0117, 0x012f, 0x0161, 0x0173, 0x016b, 0x017e, 0x2518, 0x250c, 0x2588, 0x2584, 0x258c, 0x2590, 0x2580,
            0x0440, 0x0441, 0x0442, 0x0443, 0x0444, 0x0445, 0x0446, 0x0447, 0x0448, 0x0449, 0x044a, 0x044b, 0x044c, 0x044d, 0x044e, 0x044f,
            0x0401, 0x0451, 0x2265, 0x2264, 0x201e, 0x201c, 0x00f7, 0x2248, 0x00b0, 0x2219, 0x00b7, 0x221a, 0x207f, 0x00b2, 0x25a0, 0x00a0,
        ],
        decode_only: &[],
    },
    // cp773 (8bit-gap, localedata/charmaps/CP773)
    Table8 {
        names: &[
            b"CP773//",
        ],
        to_ucs: [
            0x0000, 0x0001, 0x0002, 0x0003, 0x0004, 0x0005, 0x0006, 0x0007, 0x0008, 0x0009, 0x000a, 0x000b, 0x000c, 0x000d, 0x000e, 0x000f,
            0x0010, 0x0011, 0x0012, 0x0013, 0x0014, 0x0015, 0x0016, 0x0017, 0x0018, 0x0019, 0x001a, 0x001b, 0x001c, 0x001d, 0x001e, 0x001f,
            0x0020, 0x0021, 0x0022, 0x0023, 0x0024, 0x0025, 0x0026, 0x0027, 0x0028, 0x0029, 0x002a, 0x002b, 0x002c, 0x002d, 0x002e, 0x002f,
            0x0030, 0x0031, 0x0032, 0x0033, 0x0034, 0x0035, 0x0036, 0x0037, 0x0038, 0x0039, 0x003a, 0x003b, 0x003c, 0x003d, 0x003e, 0x003f,
            0x0040, 0x0041, 0x0042, 0x0043, 0x0044, 0x0045, 0x0046, 0x0047, 0x0048, 0x0049, 0x004a, 0x004b, 0x004c, 0x004d, 0x004e, 0x004f,
            0x0050, 0x0051, 0x0052, 0x0053, 0x0054, 0x0055, 0x0056, 0x0057, 0x0058, 0x0059, 0x005a, 0x005b, 0x005c, 0x005d, 0x005e, 0x005f,
            0x0060, 0x0061, 0x0062, 0x0063, 0x0064, 0x0065, 0x0066, 0x0067, 0x0068, 0x0069, 0x006a, 0x006b, 0x006c, 0x006d, 0x006e, 0x006f,
            0x0070, 0x0071, 0x0072, 0x0073, 0x0074, 0x0075, 0x0076, 0x0077, 0x0078, 0x0079, 0x007a, 0x007b, 0x007c, 0x007d, 0x007e, 0x007f,
            0x0106, 0x00fc, 0x00e9, 0x0101, 0x00e4, 0x0123, 0x00e5, 0x0107, 0x0142, 0x0113, 0x0156, 0x0157, 0x012b, 0x0179, 0x00c4, 0x00c5,
            0x00c9, 0x00e6, 0x00c6, 0x014d, 0x00f6, 0x0122, 0x00a2, 0x015a, 0x015b, 0x00d6, 0x00dc, 0x00f8, 0x00a3, 0x00d8, 0x00d7, 0x00a4,
            0x0100, 0x012a, 0x00f3, 0x017b, 0x017c, 0x017a, 0x201d, 0x00a6, 0x00a9, 0x00ae, 0x00ac, 0x00bd, 0x00bc, 0x0141, 0x00ab, 0x00bb,
            0x2591, 0x2592, 0x2593, 0x2502, 0x2524, 0x2561, 0x2562, 0x2556, 0x2555, 0x2563, 0x2551, 0x2557, 0x255d, 0x255c, 0x255b, 0x2510,
            0x2514, 0x2534, 0x252c, 0x251c, 0x2500, 0x253c, 0x255e, 0x255f, 0x255a, 0x2554, 0x2569, 0x2566, 0x2560, 0x2550, 0x256c, 0x2567,
            0x2568, 0x2564, 0x2565, 0x2559, 0x2558, 0x2552, 0x2553, 0x256b, 0x256a, 0x2518, 0x250c, 0x2588, 0x0104, 0x0105, 0x010c, 0x010d,
            0x00d3, 0x00df, 0x014c, 0x0143, 0x00f5, 0x00d5, 0x00b5, 0x0144, 0x0136, 0x0137, 0x013b, 0x013c, 0x0146, 0x0112, 0x0145, 0x2019,
            0x0118, 0x0119, 0x0116, 0x0117, 0x012e, 0x012f, 0x0160, 0x0161, 0x0172, 0x0173, 0x016a, 0x016b, 0x017d, 0x017e, 0x25a0, 0x00a0,
        ],
        decode_only: &[],
    },
    // cp774 (8bit-gap, localedata/charmaps/CP774)
    Table8 {
        names: &[
            b"CP774//",
        ],
        to_ucs: [
            0x0000, 0x0001, 0x0002, 0x0003, 0x0004, 0x0005, 0x0006, 0x0007, 0x0008, 0x0009, 0x000a, 0x000b, 0x000c, 0x000d, 0x000e, 0x000f,
            0x0010, 0x0011, 0x0012, 0x0013, 0x0014, 0x0015, 0x0016, 0x0017, 0x0018, 0x0019, 0x001a, 0x001b, 0x001c, 0x001d, 0x001e, 0x001f,
            0x0020, 0x0021, 0x0022, 0x0023, 0x0024, 0x0025, 0x0026, 0x0027, 0x0028, 0x0029, 0x002a, 0x002b, 0x002c, 0x002d, 0x002e, 0x002f,
            0x0030, 0x0031, 0x0032, 0x0033, 0x0034, 0x0035, 0x0036, 0x0037, 0x0038, 0x0039, 0x003a, 0x003b, 0x003c, 0x003d, 0x003e, 0x003f,
            0x0040, 0x0041, 0x0042, 0x0043, 0x0044, 0x0045, 0x0046, 0x0047, 0x0048, 0x0049, 0x004a, 0x004b, 0x004c, 0x004d, 0x004e, 0x004f,
            0x0050, 0x0051, 0x0052, 0x0053, 0x0054, 0x0055, 0x0056, 0x0057, 0x0058, 0x0059, 0x005a, 0x005b, 0x005c, 0x005d, 0x005e, 0x005f,
            0x0060, 0x0061, 0x0062, 0x0063, 0x0064, 0x0065, 0x0066, 0x0067, 0x0068, 0x0069, 0x006a, 0x006b, 0x006c, 0x006d, 0x006e, 0x006f,
            0x0070, 0x0071, 0x0072, 0x0073, 0x0074, 0x0075, 0x0076, 0x0077, 0x0078, 0x0079, 0x007a, 0x007b, 0x007c, 0x007d, 0x007e, 0x007f,
            0x00c7, 0x00fc, 0x00e9, 0x00e2, 0x00e4, 0x00e0, 0x00e5, 0x00e7, 0x00ea, 0x00eb, 0x00e8, 0x00ef, 0x00ee, 0x00ec, 0x00c4, 0x00c5,
            0x00c9, 0x00e6, 0x00c6, 0x00f4, 0x00f6, 0x00f2, 0x00fb, 0x00f9, 0x00ff, 0x00d6, 0x00dc, 0x00a2, 0x00a3, 0x00a5, 0x20a7, 0x0192,
            0x00e1, 0x00ed, 0x00f3, 0x00fa, 0x00f1, 0x00d1, 0x00aa, 0x00ba, 0x00bf, 0x2310, 0x00ac, 0x00bd, 0x00bc, 0x00a1, 0x00ab, 0x00bb,
            0x2591, 0x2592, 0x2593, 0x2502, 0x2524, 0x0104, 0x010c, 0x0118, 0x0116, 0x2563, 0x2551, 0x2557, 0x255d, 0x012e, 0x0160, 0x2510,
            0x2514, 0x2534, 0x252c, 0x251c, 0x2500, 0x253c, 0x0172, 0x016a, 0x255a, 0x2554, 0x2569, 0x2566, 0x2560, 0x2550, 0x256c, 0x017d,
            0x0105, 0x010d, 0x0119, 0x0117, 0x012f, 0x0161, 0x0173, 0x016b, 0x017e, 0x2518, 0x250c, 0x2588, 0x2584, 0x258c, 0x2590, 0x2580,
            0x03b1, 0x00df, 0x0393, 0x03c0, 0x03a3, 0x03c3, 0x00b5, 0x03c4, 0x03a6, 0x0398, 0x03a9, 0x03b4, 0x221e, 0x03c6, 0x03b5, 0x2229,
            0x2261, 0x00b1, 0x2265, 0x2264, 0x201e, 0x201c, 0x00f7, 0x2248, 0x00b0, 0x2219, 0x00b7, 0x221a, 0x207f, 0x00b2, 0x25a0, 0x00a0,
        ],
        decode_only: &[],
    },
    // BS_4730 (iso646.c, localedata/charmaps/BS_4730)
    Table8 {
        names: &[
            b"BS_4730//",
            b"CSISO4UNITEDKINGDOM//",
            b"GB//",
            b"ISO-IR-4//",
            b"ISO646-GB//",
            b"UK//",
        ],
        to_ucs: [
            0x0000, 0x0001, 0x0002, 0x0003, 0x0004, 0x0005, 0x0006, 0x0007, 0x0008, 0x0009, 0x000a, 0x000b, 0x000c, 0x000d, 0x000e, 0x000f,
            0x0010, 0x0011, 0x0012, 0x0013, 0x0014, 0x0015, 0x0016, 0x0017, 0x0018, 0x0019, 0x001a, 0x001b, 0x001c, 0x001d, 0x001e, 0x001f,
            0x0020, 0x0021, 0x0022, 0x00a3, 0x0024, 0x0025, 0x0026, 0x0027, 0x0028, 0x0029, 0x002a, 0x002b, 0x002c, 0x002d, 0x002e, 0x002f,
            0x0030, 0x0031, 0x0032, 0x0033, 0x0034, 0x0035, 0x0036, 0x0037, 0x0038, 0x0039, 0x003a, 0x003b, 0x003c, 0x003d, 0x003e, 0x003f,
            0x0040, 0x0041, 0x0042, 0x0043, 0x0044, 0x0045, 0x0046, 0x0047, 0x0048, 0x0049, 0x004a, 0x004b, 0x004c, 0x004d, 0x004e, 0x004f,
            0x0050, 0x0051, 0x0052, 0x0053, 0x0054, 0x0055, 0x0056, 0x0057, 0x0058, 0x0059, 0x005a, 0x005b, 0x005c, 0x005d, 0x005e, 0x005f,
            0x0060, 0x0061, 0x0062, 0x0063, 0x0064, 0x0065, 0x0066, 0x0067, 0x0068, 0x0069, 0x006a, 0x006b, 0x006c, 0x006d, 0x006e, 0x006f,
            0x0070, 0x0071, 0x0072, 0x0073, 0x0074, 0x0075, 0x0076, 0x0077, 0x0078, 0x0079, 0x007a, 0x007b, 0x007c, 0x007d, 0x203e, 0x007f,
            0x0000, 0x0000, 0x0000, 0x0000, 0x0000, 0x0000, 0x0000, 0x0000, 0x0000, 0x0000, 0x0000, 0x0000, 0x0000, 0x0000, 0x0000, 0x0000,
            0x0000, 0x0000, 0x0000, 0x0000, 0x0000, 0x0000, 0x0000, 0x0000, 0x0000, 0x0000, 0x0000, 0x0000, 0x0000, 0x0000, 0x0000, 0x0000,
            0x0000, 0x0000, 0x0000, 0x0000, 0x0000, 0x0000, 0x0000, 0x0000, 0x0000, 0x0000, 0x0000, 0x0000, 0x0000, 0x0000, 0x0000, 0x0000,
            0x0000, 0x0000, 0x0000, 0x0000, 0x0000, 0x0000, 0x0000, 0x0000, 0x0000, 0x0000, 0x0000, 0x0000, 0x0000, 0x0000, 0x0000, 0x0000,
            0x0000, 0x0000, 0x0000, 0x0000, 0x0000, 0x0000, 0x0000, 0x0000, 0x0000, 0x0000, 0x0000, 0x0000, 0x0000, 0x0000, 0x0000, 0x0000,
            0x0000, 0x0000, 0x0000, 0x0000, 0x0000, 0x0000, 0x0000, 0x0000, 0x0000, 0x0000, 0x0000, 0x0000, 0x0000, 0x0000, 0x0000, 0x0000,
            0x0000, 0x0000, 0x0000, 0x0000, 0x0000, 0x0000, 0x0000, 0x0000, 0x0000, 0x0000, 0x0000, 0x0000, 0x0000, 0x0000, 0x0000, 0x0000,
            0x0000, 0x0000, 0x0000, 0x0000, 0x0000, 0x0000, 0x0000, 0x0000, 0x0000, 0x0000, 0x0000, 0x0000, 0x0000, 0x0000, 0x0000, 0x0000,
        ],
        decode_only: &[],
    },
    // CSA_Z243.4-1985-1 (iso646.c, localedata/charmaps/CSA_Z243.4-1985-1)
    Table8 {
        names: &[
            b"CSA_Z243.4-1985-1//",
            b"CA//",
            b"CSA7-1//",
            b"CSA_Z243.419851//",
            b"CSISO121CANADIAN1//",
            b"ISO-IR-121//",
            b"ISO646-CA//",
        ],
        to_ucs: [
            0x0000, 0x0001, 0x0002, 0x0003, 0x0004, 0x0005, 0x0006, 0x0007, 0x0008, 0x0009, 0x000a, 0x000b, 0x000c, 0x000d, 0x000e, 0x000f,
            0x0010, 0x0011, 0x0012, 0x0013, 0x0014, 0x0015, 0x0016, 0x0017, 0x0018, 0x0019, 0x001a, 0x001b, 0x001c, 0x001d, 0x001e, 0x001f,
            0x0020, 0x0021, 0x0022, 0x0023, 0x0024, 0x0025, 0x0026, 0x0027, 0x0028, 0x0029, 0x002a, 0x002b, 0x002c, 0x002d, 0x002e, 0x002f,
            0x0030, 0x0031, 0x0032, 0x0033, 0x0034, 0x0035, 0x0036, 0x0037, 0x0038, 0x0039, 0x003a, 0x003b, 0x003c, 0x003d, 0x003e, 0x003f,
            0x00e0, 0x0041, 0x0042, 0x0043, 0x0044, 0x0045, 0x0046, 0x0047, 0x0048, 0x0049, 0x004a, 0x004b, 0x004c, 0x004d, 0x004e, 0x004f,
            0x0050, 0x0051, 0x0052, 0x0053, 0x0054, 0x0055, 0x0056, 0x0057, 0x0058, 0x0059, 0x005a, 0x00e2, 0x00e7, 0x00ea, 0x00ee, 0x005f,
            0x00f4, 0x0061, 0x0062, 0x0063, 0x0064, 0x0065, 0x0066, 0x0067, 0x0068, 0x0069, 0x006a, 0x006b, 0x006c, 0x006d, 0x006e, 0x006f,
            0x0070, 0x0071, 0x0072, 0x0073, 0x0074, 0x0075, 0x0076, 0x0077, 0x0078, 0x0079, 0x007a, 0x00e9, 0x00f9, 0x00e8, 0x00fb, 0x007f,
            0x0000, 0x0000, 0x0000, 0x0000, 0x0000, 0x0000, 0x0000, 0x0000, 0x0000, 0x0000, 0x0000, 0x0000, 0x0000, 0x0000, 0x0000, 0x0000,
            0x0000, 0x0000, 0x0000, 0x0000, 0x0000, 0x0000, 0x0000, 0x0000, 0x0000, 0x0000, 0x0000, 0x0000, 0x0000, 0x0000, 0x0000, 0x0000,
            0x0000, 0x0000, 0x0000, 0x0000, 0x0000, 0x0000, 0x0000, 0x0000, 0x0000, 0x0000, 0x0000, 0x0000, 0x0000, 0x0000, 0x0000, 0x0000,
            0x0000, 0x0000, 0x0000, 0x0000, 0x0000, 0x0000, 0x0000, 0x0000, 0x0000, 0x0000, 0x0000, 0x0000, 0x0000, 0x0000, 0x0000, 0x0000,
            0x0000, 0x0000, 0x0000, 0x0000, 0x0000, 0x0000, 0x0000, 0x0000, 0x0000, 0x0000, 0x0000, 0x0000, 0x0000, 0x0000, 0x0000, 0x0000,
            0x0000, 0x0000, 0x0000, 0x0000, 0x0000, 0x0000, 0x0000, 0x0000, 0x0000, 0x0000, 0x0000, 0x0000, 0x0000, 0x0000, 0x0000, 0x0000,
            0x0000, 0x0000, 0x0000, 0x0000, 0x0000, 0x0000, 0x0000, 0x0000, 0x0000, 0x0000, 0x0000, 0x0000, 0x0000, 0x0000, 0x0000, 0x0000,
            0x0000, 0x0000, 0x0000, 0x0000, 0x0000, 0x0000, 0x0000, 0x0000, 0x0000, 0x0000, 0x0000, 0x0000, 0x0000, 0x0000, 0x0000, 0x0000,
        ],
        decode_only: &[],
    },
    // CSA_Z243.4-1985-2 (iso646.c, localedata/charmaps/CSA_Z243.4-1985-2)
    Table8 {
        names: &[
            b"CSA_Z243.4-1985-2//",
            b"CSA7-2//",
            b"CSA_Z243.419852//",
            b"CSISO122CANADIAN2//",
            b"ISO-IR-122//",
            b"ISO646-CA2//",
        ],
        to_ucs: [
            0x0000, 0x0001, 0x0002, 0x0003, 0x0004, 0x0005, 0x0006, 0x0007, 0x0008, 0x0009, 0x000a, 0x000b, 0x000c, 0x000d, 0x000e, 0x000f,
            0x0010, 0x0011, 0x0012, 0x0013, 0x0014, 0x0015, 0x0016, 0x0017, 0x0018, 0x0019, 0x001a, 0x001b, 0x001c, 0x001d, 0x001e, 0x001f,
            0x0020, 0x0021, 0x0022, 0x0023, 0x0024, 0x0025, 0x0026, 0x0027, 0x0028, 0x0029, 0x002a, 0x002b, 0x002c, 0x002d, 0x002e, 0x002f,
            0x0030, 0x0031, 0x0032, 0x0033, 0x0034, 0x0035, 0x0036, 0x0037, 0x0038, 0x0039, 0x003a, 0x003b, 0x003c, 0x003d, 0x003e, 0x003f,
            0x00e0, 0x0041, 0x0042, 0x0043, 0x0044, 0x0045, 0x0046, 0x0047, 0x0048, 0x0049, 0x004a, 0x004b, 0x004c, 0x004d, 0x004e, 0x004f,
            0x0050, 0x0051, 0x0052, 0x0053, 0x0054, 0x0055, 0x0056, 0x0057, 0x0058, 0x0059, 0x005a, 0x00e2, 0x00e7, 0x00ea, 0x00c9, 0x005f,
            0x00f4, 0x0061, 0x0062, 0x0063, 0x0064, 0x0065, 0x0066, 0x0067, 0x0068, 0x0069, 0x006a, 0x006b, 0x006c, 0x006d, 0x006e, 0x006f,
            0x0070, 0x0071, 0x0072, 0x0073, 0x0074, 0x0075, 0x0076, 0x0077, 0x0078, 0x0079, 0x007a, 0x00e9, 0x00f9, 0x00e8, 0x00fb, 0x007f,
            0x0000, 0x0000, 0x0000, 0x0000, 0x0000, 0x0000, 0x0000, 0x0000, 0x0000, 0x0000, 0x0000, 0x0000, 0x0000, 0x0000, 0x0000, 0x0000,
            0x0000, 0x0000, 0x0000, 0x0000, 0x0000, 0x0000, 0x0000, 0x0000, 0x0000, 0x0000, 0x0000, 0x0000, 0x0000, 0x0000, 0x0000, 0x0000,
            0x0000, 0x0000, 0x0000, 0x0000, 0x0000, 0x0000, 0x0000, 0x0000, 0x0000, 0x0000, 0x0000, 0x0000, 0x0000, 0x0000, 0x0000, 0x0000,
            0x0000, 0x0000, 0x0000, 0x0000, 0x0000, 0x0000, 0x0000, 0x0000, 0x0000, 0x0000, 0x0000, 0x0000, 0x0000, 0x0000, 0x0000, 0x0000,
            0x0000, 0x0000, 0x0000, 0x0000, 0x0000, 0x0000, 0x0000, 0x0000, 0x0000, 0x0000, 0x0000, 0x0000, 0x0000, 0x0000, 0x0000, 0x0000,
            0x0000, 0x0000, 0x0000, 0x0000, 0x0000, 0x0000, 0x0000, 0x0000, 0x0000, 0x0000, 0x0000, 0x0000, 0x0000, 0x0000, 0x0000, 0x0000,
            0x0000, 0x0000, 0x0000, 0x0000, 0x0000, 0x0000, 0x0000, 0x0000, 0x0000, 0x0000, 0x0000, 0x0000, 0x0000, 0x0000, 0x0000, 0x0000,
            0x0000, 0x0000, 0x0000, 0x0000, 0x0000, 0x0000, 0x0000, 0x0000, 0x0000, 0x0000, 0x0000, 0x0000, 0x0000, 0x0000, 0x0000, 0x0000,
        ],
        decode_only: &[],
    },
    // DIN_66003 (iso646.c, localedata/charmaps/DIN_66003)
    Table8 {
        names: &[
            b"DIN_66003//",
            b"CSISO21GERMAN//",
            b"DE//",
            b"ISO-IR-21//",
            b"ISO646-DE//",
        ],
        to_ucs: [
            0x0000, 0x0001, 0x0002, 0x0003, 0x0004, 0x0005, 0x0006, 0x0007, 0x0008, 0x0009, 0x000a, 0x000b, 0x000c, 0x000d, 0x000e, 0x000f,
            0x0010, 0x0011, 0x0012, 0x0013, 0x0014, 0x0015, 0x0016, 0x0017, 0x0018, 0x0019, 0x001a, 0x001b, 0x001c, 0x001d, 0x001e, 0x001f,
            0x0020, 0x0021, 0x0022, 0x0023, 0x0024, 0x0025, 0x0026, 0x0027, 0x0028, 0x0029, 0x002a, 0x002b, 0x002c, 0x002d, 0x002e, 0x002f,
            0x0030, 0x0031, 0x0032, 0x0033, 0x0034, 0x0035, 0x0036, 0x0037, 0x0038, 0x0039, 0x003a, 0x003b, 0x003c, 0x003d, 0x003e, 0x003f,
            0x00a7, 0x0041, 0x0042, 0x0043, 0x0044, 0x0045, 0x0046, 0x0047, 0x0048, 0x0049, 0x004a, 0x004b, 0x004c, 0x004d, 0x004e, 0x004f,
            0x0050, 0x0051, 0x0052, 0x0053, 0x0054, 0x0055, 0x0056, 0x0057, 0x0058, 0x0059, 0x005a, 0x00c4, 0x00d6, 0x00dc, 0x005e, 0x005f,
            0x0060, 0x0061, 0x0062, 0x0063, 0x0064, 0x0065, 0x0066, 0x0067, 0x0068, 0x0069, 0x006a, 0x006b, 0x006c, 0x006d, 0x006e, 0x006f,
            0x0070, 0x0071, 0x0072, 0x0073, 0x0074, 0x0075, 0x0076, 0x0077, 0x0078, 0x0079, 0x007a, 0x00e4, 0x00f6, 0x00fc, 0x00df, 0x007f,
            0x0000, 0x0000, 0x0000, 0x0000, 0x0000, 0x0000, 0x0000, 0x0000, 0x0000, 0x0000, 0x0000, 0x0000, 0x0000, 0x0000, 0x0000, 0x0000,
            0x0000, 0x0000, 0x0000, 0x0000, 0x0000, 0x0000, 0x0000, 0x0000, 0x0000, 0x0000, 0x0000, 0x0000, 0x0000, 0x0000, 0x0000, 0x0000,
            0x0000, 0x0000, 0x0000, 0x0000, 0x0000, 0x0000, 0x0000, 0x0000, 0x0000, 0x0000, 0x0000, 0x0000, 0x0000, 0x0000, 0x0000, 0x0000,
            0x0000, 0x0000, 0x0000, 0x0000, 0x0000, 0x0000, 0x0000, 0x0000, 0x0000, 0x0000, 0x0000, 0x0000, 0x0000, 0x0000, 0x0000, 0x0000,
            0x0000, 0x0000, 0x0000, 0x0000, 0x0000, 0x0000, 0x0000, 0x0000, 0x0000, 0x0000, 0x0000, 0x0000, 0x0000, 0x0000, 0x0000, 0x0000,
            0x0000, 0x0000, 0x0000, 0x0000, 0x0000, 0x0000, 0x0000, 0x0000, 0x0000, 0x0000, 0x0000, 0x0000, 0x0000, 0x0000, 0x0000, 0x0000,
            0x0000, 0x0000, 0x0000, 0x0000, 0x0000, 0x0000, 0x0000, 0x0000, 0x0000, 0x0000, 0x0000, 0x0000, 0x0000, 0x0000, 0x0000, 0x0000,
            0x0000, 0x0000, 0x0000, 0x0000, 0x0000, 0x0000, 0x0000, 0x0000, 0x0000, 0x0000, 0x0000, 0x0000, 0x0000, 0x0000, 0x0000, 0x0000,
        ],
        decode_only: &[],
    },
    // DS_2089 (iso646.c, localedata/charmaps/DS_2089)
    Table8 {
        names: &[
            b"DS_2089//",
            b"CSISO646DANISH//",
            b"DK//",
            b"DS2089//",
            b"ISO646-DK//",
        ],
        to_ucs: [
            0x0000, 0x0001, 0x0002, 0x0003, 0x0004, 0x0005, 0x0006, 0x0007, 0x0008, 0x0009, 0x000a, 0x000b, 0x000c, 0x000d, 0x000e, 0x000f,
            0x0010, 0x0011, 0x0012, 0x0013, 0x0014, 0x0015, 0x0016, 0x0017, 0x0018, 0x0019, 0x001a, 0x001b, 0x001c, 0x001d, 0x001e, 0x001f,
            0x0020, 0x0021, 0x0022, 0x0023, 0x0024, 0x0025, 0x0026, 0x0027, 0x0028, 0x0029, 0x002a, 0x002b, 0x002c, 0x002d, 0x002e, 0x002f,
            0x0030, 0x0031, 0x0032, 0x0033, 0x0034, 0x0035, 0x0036, 0x0037, 0x0038, 0x0039, 0x003a, 0x003b, 0x003c, 0x003d, 0x003e, 0x003f,
            0x0040, 0x0041, 0x0042, 0x0043, 0x0044, 0x0045, 0x0046, 0x0047, 0x0048, 0x0049, 0x004a, 0x004b, 0x004c, 0x004d, 0x004e, 0x004f,
            0x0050, 0x0051, 0x0052, 0x0053, 0x0054, 0x0055, 0x0056, 0x0057, 0x0058, 0x0059, 0x005a, 0x00c6, 0x00d8, 0x00c5, 0x005e, 0x005f,
            0x0060, 0x0061, 0x0062, 0x0063, 0x0064, 0x0065, 0x0066, 0x0067, 0x0068, 0x0069, 0x006a, 0x006b, 0x006c, 0x006d, 0x006e, 0x006f,
            0x0070, 0x0071, 0x0072, 0x0073, 0x0074, 0x0075, 0x0076, 0x0077, 0x0078, 0x0079, 0x007a, 0x00e6, 0x00f8, 0x00e5, 0x007e, 0x007f,
            0x0000, 0x0000, 0x0000, 0x0000, 0x0000, 0x0000, 0x0000, 0x0000, 0x0000, 0x0000, 0x0000, 0x0000, 0x0000, 0x0000, 0x0000, 0x0000,
            0x0000, 0x0000, 0x0000, 0x0000, 0x0000, 0x0000, 0x0000, 0x0000, 0x0000, 0x0000, 0x0000, 0x0000, 0x0000, 0x0000, 0x0000, 0x0000,
            0x0000, 0x0000, 0x0000, 0x0000, 0x0000, 0x0000, 0x0000, 0x0000, 0x0000, 0x0000, 0x0000, 0x0000, 0x0000, 0x0000, 0x0000, 0x0000,
            0x0000, 0x0000, 0x0000, 0x0000, 0x0000, 0x0000, 0x0000, 0x0000, 0x0000, 0x0000, 0x0000, 0x0000, 0x0000, 0x0000, 0x0000, 0x0000,
            0x0000, 0x0000, 0x0000, 0x0000, 0x0000, 0x0000, 0x0000, 0x0000, 0x0000, 0x0000, 0x0000, 0x0000, 0x0000, 0x0000, 0x0000, 0x0000,
            0x0000, 0x0000, 0x0000, 0x0000, 0x0000, 0x0000, 0x0000, 0x0000, 0x0000, 0x0000, 0x0000, 0x0000, 0x0000, 0x0000, 0x0000, 0x0000,
            0x0000, 0x0000, 0x0000, 0x0000, 0x0000, 0x0000, 0x0000, 0x0000, 0x0000, 0x0000, 0x0000, 0x0000, 0x0000, 0x0000, 0x0000, 0x0000,
            0x0000, 0x0000, 0x0000, 0x0000, 0x0000, 0x0000, 0x0000, 0x0000, 0x0000, 0x0000, 0x0000, 0x0000, 0x0000, 0x0000, 0x0000, 0x0000,
        ],
        decode_only: &[],
    },
    // ES (iso646.c, localedata/charmaps/ES)
    Table8 {
        names: &[
            b"ES//",
            b"CSISO17SPANISH//",
            b"ISO-IR-17//",
            b"ISO646-ES//",
        ],
        to_ucs: [
            0x0000, 0x0001, 0x0002, 0x0003, 0x0004, 0x0005, 0x0006, 0x0007, 0x0008, 0x0009, 0x000a, 0x000b, 0x000c, 0x000d, 0x000e, 0x000f,
            0x0010, 0x0011, 0x0012, 0x0013, 0x0014, 0x0015, 0x0016, 0x0017, 0x0018, 0x0019, 0x001a, 0x001b, 0x001c, 0x001d, 0x001e, 0x001f,
            0x0020, 0x0021, 0x0022, 0x00a3, 0x0024, 0x0025, 0x0026, 0x0027, 0x0028, 0x0029, 0x002a, 0x002b, 0x002c, 0x002d, 0x002e, 0x002f,
            0x0030, 0x0031, 0x0032, 0x0033, 0x0034, 0x0035, 0x0036, 0x0037, 0x0038, 0x0039, 0x003a, 0x003b, 0x003c, 0x003d, 0x003e, 0x003f,
            0x00a7, 0x0041, 0x0042, 0x0043, 0x0044, 0x0045, 0x0046, 0x0047, 0x0048, 0x0049, 0x004a, 0x004b, 0x004c, 0x004d, 0x004e, 0x004f,
            0x0050, 0x0051, 0x0052, 0x0053, 0x0054, 0x0055, 0x0056, 0x0057, 0x0058, 0x0059, 0x005a, 0x00a1, 0x00d1, 0x00bf, 0x005e, 0x005f,
            0x0060, 0x0061, 0x0062, 0x0063, 0x0064, 0x0065, 0x0066, 0x0067, 0x0068, 0x0069, 0x006a, 0x006b, 0x006c, 0x006d, 0x006e, 0x006f,
            0x0070, 0x0071, 0x0072, 0x0073, 0x0074, 0x0075, 0x0076, 0x0077, 0x0078, 0x0079, 0x007a, 0x00b0, 0x00f1, 0x00e7, 0x007e, 0x007f,
            0x0000, 0x0000, 0x0000, 0x0000, 0x0000, 0x0000, 0x0000, 0x0000, 0x0000, 0x0000, 0x0000, 0x0000, 0x0000, 0x0000, 0x0000, 0x0000,
            0x0000, 0x0000, 0x0000, 0x0000, 0x0000, 0x0000, 0x0000, 0x0000, 0x0000, 0x0000, 0x0000, 0x0000, 0x0000, 0x0000, 0x0000, 0x0000,
            0x0000, 0x0000, 0x0000, 0x0000, 0x0000, 0x0000, 0x0000, 0x0000, 0x0000, 0x0000, 0x0000, 0x0000, 0x0000, 0x0000, 0x0000, 0x0000,
            0x0000, 0x0000, 0x0000, 0x0000, 0x0000, 0x0000, 0x0000, 0x0000, 0x0000, 0x0000, 0x0000, 0x0000, 0x0000, 0x0000, 0x0000, 0x0000,
            0x0000, 0x0000, 0x0000, 0x0000, 0x0000, 0x0000, 0x0000, 0x0000, 0x0000, 0x0000, 0x0000, 0x0000, 0x0000, 0x0000, 0x0000, 0x0000,
            0x0000, 0x0000, 0x0000, 0x0000, 0x0000, 0x0000, 0x0000, 0x0000, 0x0000, 0x0000, 0x0000, 0x0000, 0x0000, 0x0000, 0x0000, 0x0000,
            0x0000, 0x0000, 0x0000, 0x0000, 0x0000, 0x0000, 0x0000, 0x0000, 0x0000, 0x0000, 0x0000, 0x0000, 0x0000, 0x0000, 0x0000, 0x0000,
            0x0000, 0x0000, 0x0000, 0x0000, 0x0000, 0x0000, 0x0000, 0x0000, 0x0000, 0x0000, 0x0000, 0x0000, 0x0000, 0x0000, 0x0000, 0x0000,
        ],
        decode_only: &[],
    },
    // ES2 (iso646.c, localedata/charmaps/ES2)
    Table8 {
        names: &[
            b"ES2//",
            b"CSISO85SPANISH2//",
            b"ISO-IR-85//",
            b"ISO646-ES2//",
        ],
        to_ucs: [
            0x0000, 0x0001, 0x0002, 0x0003, 0x0004, 0x0005, 0x0006, 0x0007, 0x0008, 0x0009, 0x000a, 0x000b, 0x000c, 0x000d, 0x000e, 0x000f,
            0x0010, 0x0011, 0x0012, 0x0013, 0x0014, 0x0015, 0x0016, 0x0017, 0x0018, 0x0019, 0x001a, 0x001b, 0x001c, 0x001d, 0x001e, 0x001f,
            0x0020, 0x0021, 0x0022, 0x0023, 0x0024, 0x0025, 0x0026, 0x0027, 0x0028, 0x0029, 0x002a, 0x002b, 0x002c, 0x002d, 0x002e, 0x002f,
            0x0030, 0x0031, 0x0032, 0x0033, 0x0034, 0x0035, 0x0036, 0x0037, 0x0038, 0x0039, 0x003a, 0x003b, 0x003c, 0x003d, 0x003e, 0x003f,
            0x2022, 0x0041, 0x0042, 0x0043, 0x0044, 0x0045, 0x0046, 0x0047, 0x0048, 0x0049, 0x004a, 0x004b, 0x004c, 0x004d, 0x004e, 0x004f,
            0x0050, 0x0051, 0x0052, 0x0053, 0x0054, 0x0055, 0x0056, 0x0057, 0x0058, 0x0059, 0x005a, 0x00a1, 0x00d1, 0x00c7, 0x00bf, 0x005f,
            0x0060, 0x0061, 0x0062, 0x0063, 0x0064, 0x0065, 0x0066, 0x0067, 0x0068, 0x0069, 0x006a, 0x006b, 0x006c, 0x006d, 0x006e, 0x006f,
            0x0070, 0x0071, 0x0072, 0x0073, 0x0074, 0x0075, 0x0076, 0x0077, 0x0078, 0x0079, 0x007a, 0x00b4, 0x00f1, 0x00e7, 0x00a8, 0x007f,
            0x0000, 0x0000, 0x0000, 0x0000, 0x0000, 0x0000, 0x0000, 0x0000, 0x0000, 0x0000, 0x0000, 0x0000, 0x0000, 0x0000, 0x0000, 0x0000,
            0x0000, 0x0000, 0x0000, 0x0000, 0x0000, 0x0000, 0x0000, 0x0000, 0x0000, 0x0000, 0x0000, 0x0000, 0x0000, 0x0000, 0x0000, 0x0000,
            0x0000, 0x0000, 0x0000, 0x0000, 0x0000, 0x0000, 0x0000, 0x0000, 0x0000, 0x0000, 0x0000, 0x0000, 0x0000, 0x0000, 0x0000, 0x0000,
            0x0000, 0x0000, 0x0000, 0x0000, 0x0000, 0x0000, 0x0000, 0x0000, 0x0000, 0x0000, 0x0000, 0x0000, 0x0000, 0x0000, 0x0000, 0x0000,
            0x0000, 0x0000, 0x0000, 0x0000, 0x0000, 0x0000, 0x0000, 0x0000, 0x0000, 0x0000, 0x0000, 0x0000, 0x0000, 0x0000, 0x0000, 0x0000,
            0x0000, 0x0000, 0x0000, 0x0000, 0x0000, 0x0000, 0x0000, 0x0000, 0x0000, 0x0000, 0x0000, 0x0000, 0x0000, 0x0000, 0x0000, 0x0000,
            0x0000, 0x0000, 0x0000, 0x0000, 0x0000, 0x0000, 0x0000, 0x0000, 0x0000, 0x0000, 0x0000, 0x0000, 0x0000, 0x0000, 0x0000, 0x0000,
            0x0000, 0x0000, 0x0000, 0x0000, 0x0000, 0x0000, 0x0000, 0x0000, 0x0000, 0x0000, 0x0000, 0x0000, 0x0000, 0x0000, 0x0000, 0x0000,
        ],
        decode_only: &[],
    },
    // GB_1988-80 (iso646.c, localedata/charmaps/GB_1988-80)
    Table8 {
        names: &[
            b"GB_1988-80//",
            b"CN//",
            b"CSISO58GB1988//",
            b"GB_198880//",
            b"ISO-IR-57//",
            b"ISO646-CN//",
        ],
        to_ucs: [
            0x0000, 0x0001, 0x0002, 0x0003, 0x0004, 0x0005, 0x0006, 0x0007, 0x0008, 0x0009, 0x000a, 0x000b, 0x000c, 0x000d, 0x000e, 0x000f,
            0x0010, 0x0011, 0x0012, 0x0013, 0x0014, 0x0015, 0x0016, 0x0017, 0x0018, 0x0019, 0x001a, 0x001b, 0x001c, 0x001d, 0x001e, 0x001f,
            0x0020, 0x0021, 0x0022, 0x0023, 0x00a5, 0x0025, 0x0026, 0x0027, 0x0028, 0x0029, 0x002a, 0x002b, 0x002c, 0x002d, 0x002e, 0x002f,
            0x0030, 0x0031, 0x0032, 0x0033, 0x0034, 0x0035, 0x0036, 0x0037, 0x0038, 0x0039, 0x003a, 0x003b, 0x003c, 0x003d, 0x003e, 0x003f,
            0x0040, 0x0041, 0x0042, 0x0043, 0x0044, 0x0045, 0x0046, 0x0047, 0x0048, 0x0049, 0x004a, 0x004b, 0x004c, 0x004d, 0x004e, 0x004f,
            0x0050, 0x0051, 0x0052, 0x0053, 0x0054, 0x0055, 0x0056, 0x0057, 0x0058, 0x0059, 0x005a, 0x005b, 0x005c, 0x005d, 0x005e, 0x005f,
            0x0060, 0x0061, 0x0062, 0x0063, 0x0064, 0x0065, 0x0066, 0x0067, 0x0068, 0x0069, 0x006a, 0x006b, 0x006c, 0x006d, 0x006e, 0x006f,
            0x0070, 0x0071, 0x0072, 0x0073, 0x0074, 0x0075, 0x0076, 0x0077, 0x0078, 0x0079, 0x007a, 0x007b, 0x007c, 0x007d, 0x203e, 0x007f,
            0x0000, 0x0000, 0x0000, 0x0000, 0x0000, 0x0000, 0x0000, 0x0000, 0x0000, 0x0000, 0x0000, 0x0000, 0x0000, 0x0000, 0x0000, 0x0000,
            0x0000, 0x0000, 0x0000, 0x0000, 0x0000, 0x0000, 0x0000, 0x0000, 0x0000, 0x0000, 0x0000, 0x0000, 0x0000, 0x0000, 0x0000, 0x0000,
            0x0000, 0x0000, 0x0000, 0x0000, 0x0000, 0x0000, 0x0000, 0x0000, 0x0000, 0x0000, 0x0000, 0x0000, 0x0000, 0x0000, 0x0000, 0x0000,
            0x0000, 0x0000, 0x0000, 0x0000, 0x0000, 0x0000, 0x0000, 0x0000, 0x0000, 0x0000, 0x0000, 0x0000, 0x0000, 0x0000, 0x0000, 0x0000,
            0x0000, 0x0000, 0x0000, 0x0000, 0x0000, 0x0000, 0x0000, 0x0000, 0x0000, 0x0000, 0x0000, 0x0000, 0x0000, 0x0000, 0x0000, 0x0000,
            0x0000, 0x0000, 0x0000, 0x0000, 0x0000, 0x0000, 0x0000, 0x0000, 0x0000, 0x0000, 0x0000, 0x0000, 0x0000, 0x0000, 0x0000, 0x0000,
            0x0000, 0x0000, 0x0000, 0x0000, 0x0000, 0x0000, 0x0000, 0x0000, 0x0000, 0x0000, 0x0000, 0x0000, 0x0000, 0x0000, 0x0000, 0x0000,
            0x0000, 0x0000, 0x0000, 0x0000, 0x0000, 0x0000, 0x0000, 0x0000, 0x0000, 0x0000, 0x0000, 0x0000, 0x0000, 0x0000, 0x0000, 0x0000,
        ],
        decode_only: &[],
    },
    // IT (iso646.c, localedata/charmaps/IT)
    Table8 {
        names: &[
            b"IT//",
            b"CSISO15ITALIAN//",
            b"ISO-IR-15//",
            b"ISO646-IT//",
        ],
        to_ucs: [
            0x0000, 0x0001, 0x0002, 0x0003, 0x0004, 0x0005, 0x0006, 0x0007, 0x0008, 0x0009, 0x000a, 0x000b, 0x000c, 0x000d, 0x000e, 0x000f,
            0x0010, 0x0011, 0x0012, 0x0013, 0x0014, 0x0015, 0x0016, 0x0017, 0x0018, 0x0019, 0x001a, 0x001b, 0x001c, 0x001d, 0x001e, 0x001f,
            0x0020, 0x0021, 0x0022, 0x00a3, 0x0024, 0x0025, 0x0026, 0x0027, 0x0028, 0x0029, 0x002a, 0x002b, 0x002c, 0x002d, 0x002e, 0x002f,
            0x0030, 0x0031, 0x0032, 0x0033, 0x0034, 0x0035, 0x0036, 0x0037, 0x0038, 0x0039, 0x003a, 0x003b, 0x003c, 0x003d, 0x003e, 0x003f,
            0x00a7, 0x0041, 0x0042, 0x0043, 0x0044, 0x0045, 0x0046, 0x0047, 0x0048, 0x0049, 0x004a, 0x004b, 0x004c, 0x004d, 0x004e, 0x004f,
            0x0050, 0x0051, 0x0052, 0x0053, 0x0054, 0x0055, 0x0056, 0x0057, 0x0058, 0x0059, 0x005a, 0x00b0, 0x00e7, 0x00e9, 0x005e, 0x005f,
            0x00f9, 0x0061, 0x0062, 0x0063, 0x0064, 0x0065, 0x0066, 0x0067, 0x0068, 0x0069, 0x006a, 0x006b, 0x006c, 0x006d, 0x006e, 0x006f,
            0x0070, 0x0071, 0x0072, 0x0073, 0x0074, 0x0075, 0x0076, 0x0077, 0x0078, 0x0079, 0x007a, 0x00e0, 0x00f2, 0x00e8, 0x00ec, 0x007f,
            0x0000, 0x0000, 0x0000, 0x0000, 0x0000, 0x0000, 0x0000, 0x0000, 0x0000, 0x0000, 0x0000, 0x0000, 0x0000, 0x0000, 0x0000, 0x0000,
            0x0000, 0x0000, 0x0000, 0x0000, 0x0000, 0x0000, 0x0000, 0x0000, 0x0000, 0x0000, 0x0000, 0x0000, 0x0000, 0x0000, 0x0000, 0x0000,
            0x0000, 0x0000, 0x0000, 0x0000, 0x0000, 0x0000, 0x0000, 0x0000, 0x0000, 0x0000, 0x0000, 0x0000, 0x0000, 0x0000, 0x0000, 0x0000,
            0x0000, 0x0000, 0x0000, 0x0000, 0x0000, 0x0000, 0x0000, 0x0000, 0x0000, 0x0000, 0x0000, 0x0000, 0x0000, 0x0000, 0x0000, 0x0000,
            0x0000, 0x0000, 0x0000, 0x0000, 0x0000, 0x0000, 0x0000, 0x0000, 0x0000, 0x0000, 0x0000, 0x0000, 0x0000, 0x0000, 0x0000, 0x0000,
            0x0000, 0x0000, 0x0000, 0x0000, 0x0000, 0x0000, 0x0000, 0x0000, 0x0000, 0x0000, 0x0000, 0x0000, 0x0000, 0x0000, 0x0000, 0x0000,
            0x0000, 0x0000, 0x0000, 0x0000, 0x0000, 0x0000, 0x0000, 0x0000, 0x0000, 0x0000, 0x0000, 0x0000, 0x0000, 0x0000, 0x0000, 0x0000,
            0x0000, 0x0000, 0x0000, 0x0000, 0x0000, 0x0000, 0x0000, 0x0000, 0x0000, 0x0000, 0x0000, 0x0000, 0x0000, 0x0000, 0x0000, 0x0000,
        ],
        decode_only: &[],
    },
    // JIS_C6220-1969-RO (iso646.c, localedata/charmaps/JIS_C6220-1969-RO)
    Table8 {
        names: &[
            b"JIS_C6220-1969-RO//",
            b"CSISO14JISC6220RO//",
            b"ISO-IR-14//",
            b"ISO646-JP//",
            b"JIS_C62201969RO//",
            b"JP//",
        ],
        to_ucs: [
            0x0000, 0x0001, 0x0002, 0x0003, 0x0004, 0x0005, 0x0006, 0x0007, 0x0008, 0x0009, 0x000a, 0x000b, 0x000c, 0x000d, 0x000e, 0x000f,
            0x0010, 0x0011, 0x0012, 0x0013, 0x0014, 0x0015, 0x0016, 0x0017, 0x0018, 0x0019, 0x001a, 0x001b, 0x001c, 0x001d, 0x001e, 0x001f,
            0x0020, 0x0021, 0x0022, 0x0023, 0x0024, 0x0025, 0x0026, 0x0027, 0x0028, 0x0029, 0x002a, 0x002b, 0x002c, 0x002d, 0x002e, 0x002f,
            0x0030, 0x0031, 0x0032, 0x0033, 0x0034, 0x0035, 0x0036, 0x0037, 0x0038, 0x0039, 0x003a, 0x003b, 0x003c, 0x003d, 0x003e, 0x003f,
            0x0040, 0x0041, 0x0042, 0x0043, 0x0044, 0x0045, 0x0046, 0x0047, 0x0048, 0x0049, 0x004a, 0x004b, 0x004c, 0x004d, 0x004e, 0x004f,
            0x0050, 0x0051, 0x0052, 0x0053, 0x0054, 0x0055, 0x0056, 0x0057, 0x0058, 0x0059, 0x005a, 0x005b, 0x00a5, 0x005d, 0x005e, 0x005f,
            0x0060, 0x0061, 0x0062, 0x0063, 0x0064, 0x0065, 0x0066, 0x0067, 0x0068, 0x0069, 0x006a, 0x006b, 0x006c, 0x006d, 0x006e, 0x006f,
            0x0070, 0x0071, 0x0072, 0x0073, 0x0074, 0x0075, 0x0076, 0x0077, 0x0078, 0x0079, 0x007a, 0x007b, 0x007c, 0x007d, 0x203e, 0x007f,
            0x0000, 0x0000, 0x0000, 0x0000, 0x0000, 0x0000, 0x0000, 0x0000, 0x0000, 0x0000, 0x0000, 0x0000, 0x0000, 0x0000, 0x0000, 0x0000,
            0x0000, 0x0000, 0x0000, 0x0000, 0x0000, 0x0000, 0x0000, 0x0000, 0x0000, 0x0000, 0x0000, 0x0000, 0x0000, 0x0000, 0x0000, 0x0000,
            0x0000, 0x0000, 0x0000, 0x0000, 0x0000, 0x0000, 0x0000, 0x0000, 0x0000, 0x0000, 0x0000, 0x0000, 0x0000, 0x0000, 0x0000, 0x0000,
            0x0000, 0x0000, 0x0000, 0x0000, 0x0000, 0x0000, 0x0000, 0x0000, 0x0000, 0x0000, 0x0000, 0x0000, 0x0000, 0x0000, 0x0000, 0x0000,
            0x0000, 0x0000, 0x0000, 0x0000, 0x0000, 0x0000, 0x0000, 0x0000, 0x0000, 0x0000, 0x0000, 0x0000, 0x0000, 0x0000, 0x0000, 0x0000,
            0x0000, 0x0000, 0x0000, 0x0000, 0x0000, 0x0000, 0x0000, 0x0000, 0x0000, 0x0000, 0x0000, 0x0000, 0x0000, 0x0000, 0x0000, 0x0000,
            0x0000, 0x0000, 0x0000, 0x0000, 0x0000, 0x0000, 0x0000, 0x0000, 0x0000, 0x0000, 0x0000, 0x0000, 0x0000, 0x0000, 0x0000, 0x0000,
            0x0000, 0x0000, 0x0000, 0x0000, 0x0000, 0x0000, 0x0000, 0x0000, 0x0000, 0x0000, 0x0000, 0x0000, 0x0000, 0x0000, 0x0000, 0x0000,
        ],
        decode_only: &[],
    },
    // JIS_C6229-1984-B (iso646.c, localedata/charmaps/JIS_C6229-1984-B)
    Table8 {
        names: &[
            b"JIS_C6229-1984-B//",
            b"CSISO92JISC62991984B//",
            b"ISO-IR-92//",
            b"ISO646-JP-OCR-B//",
            b"JIS_C62291984B//",
            b"JP-OCR-B//",
        ],
        to_ucs: [
            0x0000, 0x0001, 0x0002, 0x0003, 0x0004, 0x0005, 0x0006, 0x0007, 0x0008, 0x0009, 0x000a, 0x000b, 0x000c, 0x000d, 0x000e, 0x000f,
            0x0010, 0x0011, 0x0012, 0x0013, 0x0014, 0x0015, 0x0016, 0x0017, 0x0018, 0x0019, 0x001a, 0x001b, 0x001c, 0x001d, 0x001e, 0x001f,
            0x0020, 0x0021, 0x0022, 0x0023, 0x0024, 0x0025, 0x0026, 0x0027, 0x0028, 0x0029, 0x002a, 0x002b, 0x002c, 0x002d, 0x002e, 0x002f,
            0x0030, 0x0031, 0x0032, 0x0033, 0x0034, 0x0035, 0x0036, 0x0037, 0x0038, 0x0039, 0x003a, 0x003b, 0x003c, 0x003d, 0x003e, 0x003f,
            0x0040, 0x0041, 0x0042, 0x0043, 0x0044, 0x0045, 0x0046, 0x0047, 0x0048, 0x0049, 0x004a, 0x004b, 0x004c, 0x004d, 0x004e, 0x004f,
            0x0050, 0x0051, 0x0052, 0x0053, 0x0054, 0x0055, 0x0056, 0x0057, 0x0058, 0x0059, 0x005a, 0x2329, 0x00a5, 0x232a, 0x005e, 0x005f,
            0x0000, 0x0061, 0x0062, 0x0063, 0x0064, 0x0065, 0x0066, 0x0067, 0x0068, 0x0069, 0x006a, 0x006b, 0x006c, 0x006d, 0x006e, 0x006f,
            0x0070, 0x0071, 0x0072, 0x0073, 0x0074, 0x0075, 0x0076, 0x0077, 0x0078, 0x0079, 0x007a, 0x007b, 0x007c, 0x007d, 0x0000, 0x007f,
            0x0000, 0x0000, 0x0000, 0x0000, 0x0000, 0x0000, 0x0000, 0x0000, 0x0000, 0x0000, 0x0000, 0x0000, 0x0000, 0x0000, 0x0000, 0x0000,
            0x0000, 0x0000, 0x0000, 0x0000, 0x0000, 0x0000, 0x0000, 0x0000, 0x0000, 0x0000, 0x0000, 0x0000, 0x0000, 0x0000, 0x0000, 0x0000,
            0x0000, 0x0000, 0x0000, 0x0000, 0x0000, 0x0000, 0x0000, 0x0000, 0x0000, 0x0000, 0x0000, 0x0000, 0x0000, 0x0000, 0x0000, 0x0000,
            0x0000, 0x0000, 0x0000, 0x0000, 0x0000, 0x0000, 0x0000, 0x0000, 0x0000, 0x0000, 0x0000, 0x0000, 0x0000, 0x0000, 0x0000, 0x0000,
            0x0000, 0x0000, 0x0000, 0x0000, 0x0000, 0x0000, 0x0000, 0x0000, 0x0000, 0x0000, 0x0000, 0x0000, 0x0000, 0x0000, 0x0000, 0x0000,
            0x0000, 0x0000, 0x0000, 0x0000, 0x0000, 0x0000, 0x0000, 0x0000, 0x0000, 0x0000, 0x0000, 0x0000, 0x0000, 0x0000, 0x0000, 0x0000,
            0x0000, 0x0000, 0x0000, 0x0000, 0x0000, 0x0000, 0x0000, 0x0000, 0x0000, 0x0000, 0x0000, 0x0000, 0x0000, 0x0000, 0x0000, 0x0000,
            0x0000, 0x0000, 0x0000, 0x0000, 0x0000, 0x0000, 0x0000, 0x0000, 0x0000, 0x0000, 0x0000, 0x0000, 0x0000, 0x0000, 0x0000, 0x0000,
        ],
        decode_only: &[],
    },
    // JUS_I.B1.002 (iso646.c, localedata/charmaps/JUS_I.B1.002)
    Table8 {
        names: &[
            b"JUS_I.B1.002//",
            b"CSISO141JUSIB1002//",
            b"ISO-IR-141//",
            b"ISO646-YU//",
            b"JS//",
            b"YU//",
        ],
        to_ucs: [
            0x0000, 0x0001, 0x0002, 0x0003, 0x0004, 0x0005, 0x0006, 0x0007, 0x0008, 0x0009, 0x000a, 0x000b, 0x000c, 0x000d, 0x000e, 0x000f,
            0x0010, 0x0011, 0x0012, 0x0013, 0x0014, 0x0015, 0x0016, 0x0017, 0x0018, 0x0019, 0x001a, 0x001b, 0x001c, 0x001d, 0x001e, 0x001f,
            0x0020, 0x0021, 0x0022, 0x0023, 0x0024, 0x0025, 0x0026, 0x0027, 0x0028, 0x0029, 0x002a, 0x002b, 0x002c, 0x002d, 0x002e, 0x002f,
            0x0030, 0x0031, 0x0032, 0x0033, 0x0034, 0x0035, 0x0036, 0x0037, 0x0038, 0x0039, 0x003a, 0x003b, 0x003c, 0x003d, 0x003e, 0x003f,
            0x017d, 0x0041, 0x0042, 0x0043, 0x0044, 0x0045, 0x0046, 0x0047, 0x0048, 0x0049, 0x004a, 0x004b, 0x004c, 0x004d, 0x004e, 0x004f,
            0x0050, 0x0051, 0x0052, 0x0053, 0x0054, 0x0055, 0x0056, 0x0057, 0x0058, 0x0059, 0x005a, 0x0160, 0x0110, 0x0106, 0x010c, 0x005f,
            0x017e, 0x0061, 0x0062, 0x0063, 0x0064, 0x0065, 0x0066, 0x0067, 0x0068, 0x0069, 0x006a, 0x006b, 0x006c, 0x006d, 0x006e, 0x006f,
            0x0070, 0x0071, 0x0072, 0x0073, 0x0074, 0x0075, 0x0076, 0x0077, 0x0078, 0x0079, 0x007a, 0x0161, 0x0111, 0x0107, 0x010d, 0x007f,
            0x0000, 0x0000, 0x0000, 0x0000, 0x0000, 0x0000, 0x0000, 0x0000, 0x0000, 0x0000, 0x0000, 0x0000, 0x0000, 0x0000, 0x0000, 0x0000,
            0x0000, 0x0000, 0x0000, 0x0000, 0x0000, 0x0000, 0x0000, 0x0000, 0x0000, 0x0000, 0x0000, 0x0000, 0x0000, 0x0000, 0x0000, 0x0000,
            0x0000, 0x0000, 0x0000, 0x0000, 0x0000, 0x0000, 0x0000, 0x0000, 0x0000, 0x0000, 0x0000, 0x0000, 0x0000, 0x0000, 0x0000, 0x0000,
            0x0000, 0x0000, 0x0000, 0x0000, 0x0000, 0x0000, 0x0000, 0x0000, 0x0000, 0x0000, 0x0000, 0x0000, 0x0000, 0x0000, 0x0000, 0x0000,
            0x0000, 0x0000, 0x0000, 0x0000, 0x0000, 0x0000, 0x0000, 0x0000, 0x0000, 0x0000, 0x0000, 0x0000, 0x0000, 0x0000, 0x0000, 0x0000,
            0x0000, 0x0000, 0x0000, 0x0000, 0x0000, 0x0000, 0x0000, 0x0000, 0x0000, 0x0000, 0x0000, 0x0000, 0x0000, 0x0000, 0x0000, 0x0000,
            0x0000, 0x0000, 0x0000, 0x0000, 0x0000, 0x0000, 0x0000, 0x0000, 0x0000, 0x0000, 0x0000, 0x0000, 0x0000, 0x0000, 0x0000, 0x0000,
            0x0000, 0x0000, 0x0000, 0x0000, 0x0000, 0x0000, 0x0000, 0x0000, 0x0000, 0x0000, 0x0000, 0x0000, 0x0000, 0x0000, 0x0000, 0x0000,
        ],
        decode_only: &[],
    },
    // KSC5636 (iso646.c, localedata/charmaps/KSC5636)
    Table8 {
        names: &[
            b"KSC5636//",
            b"CSKSC5636//",
            b"ISO646-KR//",
        ],
        to_ucs: [
            0x0000, 0x0001, 0x0002, 0x0003, 0x0004, 0x0005, 0x0006, 0x0007, 0x0008, 0x0009, 0x000a, 0x000b, 0x000c, 0x000d, 0x000e, 0x000f,
            0x0010, 0x0011, 0x0012, 0x0013, 0x0014, 0x0015, 0x0016, 0x0017, 0x0018, 0x0019, 0x001a, 0x001b, 0x001c, 0x001d, 0x001e, 0x001f,
            0x0020, 0x0021, 0x0022, 0x0023, 0x0024, 0x0025, 0x0026, 0x0027, 0x0028, 0x0029, 0x002a, 0x002b, 0x002c, 0x002d, 0x002e, 0x002f,
            0x0030, 0x0031, 0x0032, 0x0033, 0x0034, 0x0035, 0x0036, 0x0037, 0x0038, 0x0039, 0x003a, 0x003b, 0x003c, 0x003d, 0x003e, 0x003f,
            0x0040, 0x0041, 0x0042, 0x0043, 0x0044, 0x0045, 0x0046, 0x0047, 0x0048, 0x0049, 0x004a, 0x004b, 0x004c, 0x004d, 0x004e, 0x004f,
            0x0050, 0x0051, 0x0052, 0x0053, 0x0054, 0x0055, 0x0056, 0x0057, 0x0058, 0x0059, 0x005a, 0x005b, 0x20a9, 0x005d, 0x005e, 0x005f,
            0x0060, 0x0061, 0x0062, 0x0063, 0x0064, 0x0065, 0x0066, 0x0067, 0x0068, 0x0069, 0x006a, 0x006b, 0x006c, 0x006d, 0x006e, 0x006f,
            0x0070, 0x0071, 0x0072, 0x0073, 0x0074, 0x0075, 0x0076, 0x0077, 0x0078, 0x0079, 0x007a, 0x007b, 0x007c, 0x007d, 0x007e, 0x007f,
            0x0000, 0x0000, 0x0000, 0x0000, 0x0000, 0x0000, 0x0000, 0x0000, 0x0000, 0x0000, 0x0000, 0x0000, 0x0000, 0x0000, 0x0000, 0x0000,
            0x0000, 0x0000, 0x0000, 0x0000, 0x0000, 0x0000, 0x0000, 0x0000, 0x0000, 0x0000, 0x0000, 0x0000, 0x0000, 0x0000, 0x0000, 0x0000,
            0x0000, 0x0000, 0x0000, 0x0000, 0x0000, 0x0000, 0x0000, 0x0000, 0x0000, 0x0000, 0x0000, 0x0000, 0x0000, 0x0000, 0x0000, 0x0000,
            0x0000, 0x0000, 0x0000, 0x0000, 0x0000, 0x0000, 0x0000, 0x0000, 0x0000, 0x0000, 0x0000, 0x0000, 0x0000, 0x0000, 0x0000, 0x0000,
            0x0000, 0x0000, 0x0000, 0x0000, 0x0000, 0x0000, 0x0000, 0x0000, 0x0000, 0x0000, 0x0000, 0x0000, 0x0000, 0x0000, 0x0000, 0x0000,
            0x0000, 0x0000, 0x0000, 0x0000, 0x0000, 0x0000, 0x0000, 0x0000, 0x0000, 0x0000, 0x0000, 0x0000, 0x0000, 0x0000, 0x0000, 0x0000,
            0x0000, 0x0000, 0x0000, 0x0000, 0x0000, 0x0000, 0x0000, 0x0000, 0x0000, 0x0000, 0x0000, 0x0000, 0x0000, 0x0000, 0x0000, 0x0000,
            0x0000, 0x0000, 0x0000, 0x0000, 0x0000, 0x0000, 0x0000, 0x0000, 0x0000, 0x0000, 0x0000, 0x0000, 0x0000, 0x0000, 0x0000, 0x0000,
        ],
        decode_only: &[],
    },
    // MSZ_7795.3 (iso646.c, localedata/charmaps/MSZ_7795.3)
    Table8 {
        names: &[
            b"MSZ_7795.3//",
            b"CSISO86HUNGARIAN//",
            b"HU//",
            b"ISO-IR-86//",
            b"ISO646-HU//",
        ],
        to_ucs: [
            0x0000, 0x0001, 0x0002, 0x0003, 0x0004, 0x0005, 0x0006, 0x0007, 0x0008, 0x0009, 0x000a, 0x000b, 0x000c, 0x000d, 0x000e, 0x000f,
            0x0010, 0x0011, 0x0012, 0x0013, 0x0014, 0x0015, 0x0016, 0x0017, 0x0018, 0x0019, 0x001a, 0x001b, 0x001c, 0x001d, 0x001e, 0x001f,
            0x0020, 0x0021, 0x0022, 0x0023, 0x00a4, 0x0025, 0x0026, 0x0027, 0x0028, 0x0029, 0x002a, 0x002b, 0x002c, 0x002d, 0x002e, 0x002f,
            0x0030, 0x0031, 0x0032, 0x0033, 0x0034, 0x0035, 0x0036, 0x0037, 0x0038, 0x0039, 0x003a, 0x003b, 0x003c, 0x003d, 0x003e, 0x003f,
            0x00c1, 0x0041, 0x0042, 0x0043, 0x0044, 0x0045, 0x0046, 0x0047, 0x0048, 0x0049, 0x004a, 0x004b, 0x004c, 0x004d, 0x004e, 0x004f,
            0x0050, 0x0051, 0x0052, 0x0053, 0x0054, 0x0055, 0x0056, 0x0057, 0x0058, 0x0059, 0x005a, 0x00c9, 0x00d6, 0x00dc, 0x005e, 0x005f,
            0x00e1, 0x0061, 0x0062, 0x0063, 0x0064, 0x0065, 0x0066, 0x0067, 0x0068, 0x0069, 0x006a, 0x006b, 0x006c, 0x006d, 0x006e, 0x006f,
            0x0070, 0x0071, 0x0072, 0x0073, 0x0074, 0x0075, 0x0076, 0x0077, 0x0078, 0x0079, 0x007a, 0x00e9, 0x00f6, 0x00fc, 0x02dd, 0x007f,
            0x0000, 0x0000, 0x0000, 0x0000, 0x0000, 0x0000, 0x0000, 0x0000, 0x0000, 0x0000, 0x0000, 0x0000, 0x0000, 0x0000, 0x0000, 0x0000,
            0x0000, 0x0000, 0x0000, 0x0000, 0x0000, 0x0000, 0x0000, 0x0000, 0x0000, 0x0000, 0x0000, 0x0000, 0x0000, 0x0000, 0x0000, 0x0000,
            0x0000, 0x0000, 0x0000, 0x0000, 0x0000, 0x0000, 0x0000, 0x0000, 0x0000, 0x0000, 0x0000, 0x0000, 0x0000, 0x0000, 0x0000, 0x0000,
            0x0000, 0x0000, 0x0000, 0x0000, 0x0000, 0x0000, 0x0000, 0x0000, 0x0000, 0x0000, 0x0000, 0x0000, 0x0000, 0x0000, 0x0000, 0x0000,
            0x0000, 0x0000, 0x0000, 0x0000, 0x0000, 0x0000, 0x0000, 0x0000, 0x0000, 0x0000, 0x0000, 0x0000, 0x0000, 0x0000, 0x0000, 0x0000,
            0x0000, 0x0000, 0x0000, 0x0000, 0x0000, 0x0000, 0x0000, 0x0000, 0x0000, 0x0000, 0x0000, 0x0000, 0x0000, 0x0000, 0x0000, 0x0000,
            0x0000, 0x0000, 0x0000, 0x0000, 0x0000, 0x0000, 0x0000, 0x0000, 0x0000, 0x0000, 0x0000, 0x0000, 0x0000, 0x0000, 0x0000, 0x0000,
            0x0000, 0x0000, 0x0000, 0x0000, 0x0000, 0x0000, 0x0000, 0x0000, 0x0000, 0x0000, 0x0000, 0x0000, 0x0000, 0x0000, 0x0000, 0x0000,
        ],
        decode_only: &[],
    },
    // NC_NC00-10 (iso646.c, localedata/charmaps/NC_NC00-10)
    Table8 {
        names: &[
            b"NC_NC00-10//",
            b"CSISO151CUBA//",
            b"CUBA//",
            b"ISO-IR-151//",
            b"ISO646-CU//",
            b"NC_NC00-10:81//",
            b"NC_NC0010//",
        ],
        to_ucs: [
            0x0000, 0x0001, 0x0002, 0x0003, 0x0004, 0x0005, 0x0006, 0x0007, 0x0008, 0x0009, 0x000a, 0x000b, 0x000c, 0x000d, 0x000e, 0x000f,
            0x0010, 0x0011, 0x0012, 0x0013, 0x0014, 0x0015, 0x0016, 0x0017, 0x0018, 0x0019, 0x001a, 0x001b, 0x001c, 0x001d, 0x001e, 0x001f,
            0x0020, 0x0021, 0x0022, 0x0023, 0x00a4, 0x0025, 0x0026, 0x0027, 0x0028, 0x0029, 0x002a, 0x002b, 0x002c, 0x002d, 0x002e, 0x002f,
            0x0030, 0x0031, 0x0032, 0x0033, 0x0034, 0x0035, 0x0036, 0x0037, 0x0038, 0x0039, 0x003a, 0x003b, 0x003c, 0x003d, 0x003e, 0x003f,
            0x0040, 0x0041, 0x0042, 0x0043, 0x0044, 0x0045, 0x0046, 0x0047, 0x0048, 0x0049, 0x004a, 0x004b, 0x004c, 0x004d, 0x004e, 0x004f,
            0x0050, 0x0051, 0x0052, 0x0053, 0x0054, 0x0055, 0x0056, 0x0057, 0x0058, 0x0059, 0x005a, 0x00a1, 0x00d1, 0x005d, 0x00bf, 0x005f,
            0x0060, 0x0061, 0x0062, 0x0063, 0x0064, 0x0065, 0x0066, 0x0067, 0x0068, 0x0069, 0x006a, 0x006b, 0x006c, 0x006d, 0x006e, 0x006f,
            0x0070, 0x0071, 0x0072, 0x0073, 0x0074, 0x0075, 0x0076, 0x0077, 0x0078, 0x0079, 0x007a, 0x00b4, 0x00f1, 0x005b, 0x00a8, 0x007f,
            0x0000, 0x0000, 0x0000, 0x0000, 0x0000, 0x0000, 0x0000, 0x0000, 0x0000, 0x0000, 0x0000, 0x0000, 0x0000, 0x0000, 0x0000, 0x0000,
            0x0000, 0x0000, 0x0000, 0x0000, 0x0000, 0x0000, 0x0000, 0x0000, 0x0000, 0x0000, 0x0000, 0x0000, 0x0000, 0x0000, 0x0000, 0x0000,
            0x0000, 0x0000, 0x0000, 0x0000, 0x0000, 0x0000, 0x0000, 0x0000, 0x0000, 0x0000, 0x0000, 0x0000, 0x0000, 0x0000, 0x0000, 0x0000,
            0x0000, 0x0000, 0x0000, 0x0000, 0x0000, 0x0000, 0x0000, 0x0000, 0x0000, 0x0000, 0x0000, 0x0000, 0x0000, 0x0000, 0x0000, 0x0000,
            0x0000, 0x0000, 0x0000, 0x0000, 0x0000, 0x0000, 0x0000, 0x0000, 0x0000, 0x0000, 0x0000, 0x0000, 0x0000, 0x0000, 0x0000, 0x0000,
            0x0000, 0x0000, 0x0000, 0x0000, 0x0000, 0x0000, 0x0000, 0x0000, 0x0000, 0x0000, 0x0000, 0x0000, 0x0000, 0x0000, 0x0000, 0x0000,
            0x0000, 0x0000, 0x0000, 0x0000, 0x0000, 0x0000, 0x0000, 0x0000, 0x0000, 0x0000, 0x0000, 0x0000, 0x0000, 0x0000, 0x0000, 0x0000,
            0x0000, 0x0000, 0x0000, 0x0000, 0x0000, 0x0000, 0x0000, 0x0000, 0x0000, 0x0000, 0x0000, 0x0000, 0x0000, 0x0000, 0x0000, 0x0000,
        ],
        decode_only: &[],
    },
    // NF_Z_62-010 (iso646.c, localedata/charmaps/NF_Z_62-010)
    Table8 {
        names: &[
            b"NF_Z_62-010//",
            b"CSISO69FRENCH//",
            b"FR//",
            b"ISO-IR-69//",
            b"ISO646-FR//",
            b"NF_Z_62010//",
        ],
        to_ucs: [
            0x0000, 0x0001, 0x0002, 0x0003, 0x0004, 0x0005, 0x0006, 0x0007, 0x0008, 0x0009, 0x000a, 0x000b, 0x000c, 0x000d, 0x000e, 0x000f,
            0x0010, 0x0011, 0x0012, 0x0013, 0x0014, 0x0015, 0x0016, 0x0017, 0x0018, 0x0019, 0x001a, 0x001b, 0x001c, 0x001d, 0x001e, 0x001f,
            0x0020, 0x0021, 0x0022, 0x00a3, 0x0024, 0x0025, 0x0026, 0x0027, 0x0028, 0x0029, 0x002a, 0x002b, 0x002c, 0x002d, 0x002e, 0x002f,
            0x0030, 0x0031, 0x0032, 0x0033, 0x0034, 0x0035, 0x0036, 0x0037, 0x0038, 0x0039, 0x003a, 0x003b, 0x003c, 0x003d, 0x003e, 0x003f,
            0x00e0, 0x0041, 0x0042, 0x0043, 0x0044, 0x0045, 0x0046, 0x0047, 0x0048, 0x0049, 0x004a, 0x004b, 0x004c, 0x004d, 0x004e, 0x004f,
            0x0050, 0x0051, 0x0052, 0x0053, 0x0054, 0x0055, 0x0056, 0x0057, 0x0058, 0x0059, 0x005a, 0x00b0, 0x00e7, 0x00a7, 0x005e, 0x005f,
            0x00b5, 0x0061, 0x0062, 0x0063, 0x0064, 0x0065, 0x0066, 0x0067, 0x0068, 0x0069, 0x006a, 0x006b, 0x006c, 0x006d, 0x006e, 0x006f,
            0x0070, 0x0071, 0x0072, 0x0073, 0x0074, 0x0075, 0x0076, 0x0077, 0x0078, 0x0079, 0x007a, 0x00e9, 0x00f9, 0x00e8, 0x00a8, 0x007f,
            0x0000, 0x0000, 0x0000, 0x0000, 0x0000, 0x0000, 0x0000, 0x0000, 0x0000, 0x0000, 0x0000, 0x0000, 0x0000, 0x0000, 0x0000, 0x0000,
            0x0000, 0x0000, 0x0000, 0x0000, 0x0000, 0x0000, 0x0000, 0x0000, 0x0000, 0x0000, 0x0000, 0x0000, 0x0000, 0x0000, 0x0000, 0x0000,
            0x0000, 0x0000, 0x0000, 0x0000, 0x0000, 0x0000, 0x0000, 0x0000, 0x0000, 0x0000, 0x0000, 0x0000, 0x0000, 0x0000, 0x0000, 0x0000,
            0x0000, 0x0000, 0x0000, 0x0000, 0x0000, 0x0000, 0x0000, 0x0000, 0x0000, 0x0000, 0x0000, 0x0000, 0x0000, 0x0000, 0x0000, 0x0000,
            0x0000, 0x0000, 0x0000, 0x0000, 0x0000, 0x0000, 0x0000, 0x0000, 0x0000, 0x0000, 0x0000, 0x0000, 0x0000, 0x0000, 0x0000, 0x0000,
            0x0000, 0x0000, 0x0000, 0x0000, 0x0000, 0x0000, 0x0000, 0x0000, 0x0000, 0x0000, 0x0000, 0x0000, 0x0000, 0x0000, 0x0000, 0x0000,
            0x0000, 0x0000, 0x0000, 0x0000, 0x0000, 0x0000, 0x0000, 0x0000, 0x0000, 0x0000, 0x0000, 0x0000, 0x0000, 0x0000, 0x0000, 0x0000,
            0x0000, 0x0000, 0x0000, 0x0000, 0x0000, 0x0000, 0x0000, 0x0000, 0x0000, 0x0000, 0x0000, 0x0000, 0x0000, 0x0000, 0x0000, 0x0000,
        ],
        decode_only: &[],
    },
    // NF_Z_62-010_1973 (iso646.c, localedata/charmaps/NF_Z_62-010_1973)
    Table8 {
        names: &[
            b"NF_Z_62-010_1973//",
            b"CSISO25FRENCH//",
            b"ISO-IR-25//",
            b"ISO646-FR1//",
            b"NF_Z_62-010_(1973)//",
            b"NF_Z_62010_1973//",
        ],
        to_ucs: [
            0x0000, 0x0001, 0x0002, 0x0003, 0x0004, 0x0005, 0x0006, 0x0007, 0x0008, 0x0009, 0x000a, 0x000b, 0x000c, 0x000d, 0x000e, 0x000f,
            0x0010, 0x0011, 0x0012, 0x0013, 0x0014, 0x0015, 0x0016, 0x0017, 0x0018, 0x0019, 0x001a, 0x001b, 0x001c, 0x001d, 0x001e, 0x001f,
            0x0020, 0x0021, 0x0022, 0x00a3, 0x0024, 0x0025, 0x0026, 0x0027, 0x0028, 0x0029, 0x002a, 0x002b, 0x002c, 0x002d, 0x002e, 0x002f,
            0x0030, 0x0031, 0x0032, 0x0033, 0x0034, 0x0035, 0x0036, 0x0037, 0x0038, 0x0039, 0x003a, 0x003b, 0x003c, 0x003d, 0x003e, 0x003f,
            0x00e0, 0x0041, 0x0042, 0x0043, 0x0044, 0x0045, 0x0046, 0x0047, 0x0048, 0x0049, 0x004a, 0x004b, 0x004c, 0x004d, 0x004e, 0x004f,
            0x0050, 0x0051, 0x0052, 0x0053, 0x0054, 0x0055, 0x0056, 0x0057, 0x0058, 0x0059, 0x005a, 0x00b0, 0x00e7, 0x00a7, 0x005e, 0x005f,
            0x0060, 0x0061, 0x0062, 0x0063, 0x0064, 0x0065, 0x0066, 0x0067, 0x0068, 0x0069, 0x006a, 0x006b, 0x006c, 0x006d, 0x006e, 0x006f,
            0x0070, 0x0071, 0x0072, 0x0073, 0x0074, 0x0075, 0x0076, 0x0077, 0x0078, 0x0079, 0x007a, 0x00e9, 0x00f9, 0x00e8, 0x00a8, 0x007f,
            0x0000, 0x0000, 0x0000, 0x0000, 0x0000, 0x0000, 0x0000, 0x0000, 0x0000, 0x0000, 0x0000, 0x0000, 0x0000, 0x0000, 0x0000, 0x0000,
            0x0000, 0x0000, 0x0000, 0x0000, 0x0000, 0x0000, 0x0000, 0x0000, 0x0000, 0x0000, 0x0000, 0x0000, 0x0000, 0x0000, 0x0000, 0x0000,
            0x0000, 0x0000, 0x0000, 0x0000, 0x0000, 0x0000, 0x0000, 0x0000, 0x0000, 0x0000, 0x0000, 0x0000, 0x0000, 0x0000, 0x0000, 0x0000,
            0x0000, 0x0000, 0x0000, 0x0000, 0x0000, 0x0000, 0x0000, 0x0000, 0x0000, 0x0000, 0x0000, 0x0000, 0x0000, 0x0000, 0x0000, 0x0000,
            0x0000, 0x0000, 0x0000, 0x0000, 0x0000, 0x0000, 0x0000, 0x0000, 0x0000, 0x0000, 0x0000, 0x0000, 0x0000, 0x0000, 0x0000, 0x0000,
            0x0000, 0x0000, 0x0000, 0x0000, 0x0000, 0x0000, 0x0000, 0x0000, 0x0000, 0x0000, 0x0000, 0x0000, 0x0000, 0x0000, 0x0000, 0x0000,
            0x0000, 0x0000, 0x0000, 0x0000, 0x0000, 0x0000, 0x0000, 0x0000, 0x0000, 0x0000, 0x0000, 0x0000, 0x0000, 0x0000, 0x0000, 0x0000,
            0x0000, 0x0000, 0x0000, 0x0000, 0x0000, 0x0000, 0x0000, 0x0000, 0x0000, 0x0000, 0x0000, 0x0000, 0x0000, 0x0000, 0x0000, 0x0000,
        ],
        decode_only: &[],
    },
    // NS_4551-1 (iso646.c, localedata/charmaps/NS_4551-1)
    Table8 {
        names: &[
            b"NS_4551-1//",
            b"CSISO60DANISHNORWEGIAN//",
            b"CSISO60NORWEGIAN1//",
            b"ISO-IR-60//",
            b"ISO646-NO//",
            b"NO//",
            b"NS_45511//",
        ],
        to_ucs: [
            0x0000, 0x0001, 0x0002, 0x0003, 0x0004, 0x0005, 0x0006, 0x0007, 0x0008, 0x0009, 0x000a, 0x000b, 0x000c, 0x000d, 0x000e, 0x000f,
            0x0010, 0x0011, 0x0012, 0x0013, 0x0014, 0x0015, 0x0016, 0x0017, 0x0018, 0x0019, 0x001a, 0x001b, 0x001c, 0x001d, 0x001e, 0x001f,
            0x0020, 0x0021, 0x0022, 0x0023, 0x0024, 0x0025, 0x0026, 0x0027, 0x0028, 0x0029, 0x002a, 0x002b, 0x002c, 0x002d, 0x002e, 0x002f,
            0x0030, 0x0031, 0x0032, 0x0033, 0x0034, 0x0035, 0x0036, 0x0037, 0x0038, 0x0039, 0x003a, 0x003b, 0x003c, 0x003d, 0x003e, 0x003f,
            0x0040, 0x0041, 0x0042, 0x0043, 0x0044, 0x0045, 0x0046, 0x0047, 0x0048, 0x0049, 0x004a, 0x004b, 0x004c, 0x004d, 0x004e, 0x004f,
            0x0050, 0x0051, 0x0052, 0x0053, 0x0054, 0x0055, 0x0056, 0x0057, 0x0058, 0x0059, 0x005a, 0x00c6, 0x00d8, 0x00c5, 0x005e, 0x005f,
            0x0060, 0x0061, 0x0062, 0x0063, 0x0064, 0x0065, 0x0066, 0x0067, 0x0068, 0x0069, 0x006a, 0x006b, 0x006c, 0x006d, 0x006e, 0x006f,
            0x0070, 0x0071, 0x0072, 0x0073, 0x0074, 0x0075, 0x0076, 0x0077, 0x0078, 0x0079, 0x007a, 0x00e6, 0x00f8, 0x00e5, 0x203e, 0x007f,
            0x0000, 0x0000, 0x0000, 0x0000, 0x0000, 0x0000, 0x0000, 0x0000, 0x0000, 0x0000, 0x0000, 0x0000, 0x0000, 0x0000, 0x0000, 0x0000,
            0x0000, 0x0000, 0x0000, 0x0000, 0x0000, 0x0000, 0x0000, 0x0000, 0x0000, 0x0000, 0x0000, 0x0000, 0x0000, 0x0000, 0x0000, 0x0000,
            0x0000, 0x0000, 0x0000, 0x0000, 0x0000, 0x0000, 0x0000, 0x0000, 0x0000, 0x0000, 0x0000, 0x0000, 0x0000, 0x0000, 0x0000, 0x0000,
            0x0000, 0x0000, 0x0000, 0x0000, 0x0000, 0x0000, 0x0000, 0x0000, 0x0000, 0x0000, 0x0000, 0x0000, 0x0000, 0x0000, 0x0000, 0x0000,
            0x0000, 0x0000, 0x0000, 0x0000, 0x0000, 0x0000, 0x0000, 0x0000, 0x0000, 0x0000, 0x0000, 0x0000, 0x0000, 0x0000, 0x0000, 0x0000,
            0x0000, 0x0000, 0x0000, 0x0000, 0x0000, 0x0000, 0x0000, 0x0000, 0x0000, 0x0000, 0x0000, 0x0000, 0x0000, 0x0000, 0x0000, 0x0000,
            0x0000, 0x0000, 0x0000, 0x0000, 0x0000, 0x0000, 0x0000, 0x0000, 0x0000, 0x0000, 0x0000, 0x0000, 0x0000, 0x0000, 0x0000, 0x0000,
            0x0000, 0x0000, 0x0000, 0x0000, 0x0000, 0x0000, 0x0000, 0x0000, 0x0000, 0x0000, 0x0000, 0x0000, 0x0000, 0x0000, 0x0000, 0x0000,
        ],
        decode_only: &[],
    },
    // NS_4551-2 (iso646.c, localedata/charmaps/NS_4551-2)
    Table8 {
        names: &[
            b"NS_4551-2//",
            b"CSISO61NORWEGIAN2//",
            b"ISO-IR-61//",
            b"ISO646-NO2//",
            b"NO2//",
            b"NS_45512//",
        ],
        to_ucs: [
            0x0000, 0x0001, 0x0002, 0x0003, 0x0004, 0x0005, 0x0006, 0x0007, 0x0008, 0x0009, 0x000a, 0x000b, 0x000c, 0x000d, 0x000e, 0x000f,
            0x0010, 0x0011, 0x0012, 0x0013, 0x0014, 0x0015, 0x0016, 0x0017, 0x0018, 0x0019, 0x001a, 0x001b, 0x001c, 0x001d, 0x001e, 0x001f,
            0x0020, 0x0021, 0x0022, 0x00a7, 0x0024, 0x0025, 0x0026, 0x0027, 0x0028, 0x0029, 0x002a, 0x002b, 0x002c, 0x002d, 0x002e, 0x002f,
            0x0030, 0x0031, 0x0032, 0x0033, 0x0034, 0x0035, 0x0036, 0x0037, 0x0038, 0x0039, 0x003a, 0x003b, 0x003c, 0x003d, 0x003e, 0x003f,
            0x0040, 0x0041, 0x0042, 0x0043, 0x0044, 0x0045, 0x0046, 0x0047, 0x0048, 0x0049, 0x004a, 0x004b, 0x004c, 0x004d, 0x004e, 0x004f,
            0x0050, 0x0051, 0x0052, 0x0053, 0x0054, 0x0055, 0x0056, 0x0057, 0x0058, 0x0059, 0x005a, 0x00c6, 0x00d8, 0x00c5, 0x005e, 0x005f,
            0x0060, 0x0061, 0x0062, 0x0063, 0x0064, 0x0065, 0x0066, 0x0067, 0x0068, 0x0069, 0x006a, 0x006b, 0x006c, 0x006d, 0x006e, 0x006f,
            0x0070, 0x0071, 0x0072, 0x0073, 0x0074, 0x0075, 0x0076, 0x0077, 0x0078, 0x0079, 0x007a, 0x00e6, 0x00f8, 0x00e5, 0x007c, 0x007f,
            0x0000, 0x0000, 0x0000, 0x0000, 0x0000, 0x0000, 0x0000, 0x0000, 0x0000, 0x0000, 0x0000, 0x0000, 0x0000, 0x0000, 0x0000, 0x0000,
            0x0000, 0x0000, 0x0000, 0x0000, 0x0000, 0x0000, 0x0000, 0x0000, 0x0000, 0x0000, 0x0000, 0x0000, 0x0000, 0x0000, 0x0000, 0x0000,
            0x0000, 0x0000, 0x0000, 0x0000, 0x0000, 0x0000, 0x0000, 0x0000, 0x0000, 0x0000, 0x0000, 0x0000, 0x0000, 0x0000, 0x0000, 0x0000,
            0x0000, 0x0000, 0x0000, 0x0000, 0x0000, 0x0000, 0x0000, 0x0000, 0x0000, 0x0000, 0x0000, 0x0000, 0x0000, 0x0000, 0x0000, 0x0000,
            0x0000, 0x0000, 0x0000, 0x0000, 0x0000, 0x0000, 0x0000, 0x0000, 0x0000, 0x0000, 0x0000, 0x0000, 0x0000, 0x0000, 0x0000, 0x0000,
            0x0000, 0x0000, 0x0000, 0x0000, 0x0000, 0x0000, 0x0000, 0x0000, 0x0000, 0x0000, 0x0000, 0x0000, 0x0000, 0x0000, 0x0000, 0x0000,
            0x0000, 0x0000, 0x0000, 0x0000, 0x0000, 0x0000, 0x0000, 0x0000, 0x0000, 0x0000, 0x0000, 0x0000, 0x0000, 0x0000, 0x0000, 0x0000,
            0x0000, 0x0000, 0x0000, 0x0000, 0x0000, 0x0000, 0x0000, 0x0000, 0x0000, 0x0000, 0x0000, 0x0000, 0x0000, 0x0000, 0x0000, 0x0000,
        ],
        decode_only: &[],
    },
    // PT (iso646.c, localedata/charmaps/PT)
    Table8 {
        names: &[
            b"PT//",
            b"CSISO16PORTUGESE//",
            b"ISO-IR-16//",
            b"ISO646-PT//",
        ],
        to_ucs: [
            0x0000, 0x0001, 0x0002, 0x0003, 0x0004, 0x0005, 0x0006, 0x0007, 0x0008, 0x0009, 0x000a, 0x000b, 0x000c, 0x000d, 0x000e, 0x000f,
            0x0010, 0x0011, 0x0012, 0x0013, 0x0014, 0x0015, 0x0016, 0x0017, 0x0018, 0x0019, 0x001a, 0x001b, 0x001c, 0x001d, 0x001e, 0x001f,
            0x0020, 0x0021, 0x0022, 0x0023, 0x0024, 0x0025, 0x0026, 0x0027, 0x0028, 0x0029, 0x002a, 0x002b, 0x002c, 0x002d, 0x002e, 0x002f,
            0x0030, 0x0031, 0x0032, 0x0033, 0x0034, 0x0035, 0x0036, 0x0037, 0x0038, 0x0039, 0x003a, 0x003b, 0x003c, 0x003d, 0x003e, 0x003f,
            0x00a7, 0x0041, 0x0042, 0x0043, 0x0044, 0x0045, 0x0046, 0x0047, 0x0048, 0x0049, 0x004a, 0x004b, 0x004c, 0x004d, 0x004e, 0x004f,
            0x0050, 0x0051, 0x0052, 0x0053, 0x0054, 0x0055, 0x0056, 0x0057, 0x0058, 0x0059, 0x005a, 0x00c3, 0x00c7, 0x00d5, 0x005e, 0x005f,
            0x0060, 0x0061, 0x0062, 0x0063, 0x0064, 0x0065, 0x0066, 0x0067, 0x0068, 0x0069, 0x006a, 0x006b, 0x006c, 0x006d, 0x006e, 0x006f,
            0x0070, 0x0071, 0x0072, 0x0073, 0x0074, 0x0075, 0x0076, 0x0077, 0x0078, 0x0079, 0x007a, 0x00e3, 0x00e7, 0x00f5, 0x00b0, 0x007f,
            0x0000, 0x0000, 0x0000, 0x0000, 0x0000, 0x0000, 0x0000, 0x0000, 0x0000, 0x0000, 0x0000, 0x0000, 0x0000, 0x0000, 0x0000, 0x0000,
            0x0000, 0x0000, 0x0000, 0x0000, 0x0000, 0x0000, 0x0000, 0x0000, 0x0000, 0x0000, 0x0000, 0x0000, 0x0000, 0x0000, 0x0000, 0x0000,
            0x0000, 0x0000, 0x0000, 0x0000, 0x0000, 0x0000, 0x0000, 0x0000, 0x0000, 0x0000, 0x0000, 0x0000, 0x0000, 0x0000, 0x0000, 0x0000,
            0x0000, 0x0000, 0x0000, 0x0000, 0x0000, 0x0000, 0x0000, 0x0000, 0x0000, 0x0000, 0x0000, 0x0000, 0x0000, 0x0000, 0x0000, 0x0000,
            0x0000, 0x0000, 0x0000, 0x0000, 0x0000, 0x0000, 0x0000, 0x0000, 0x0000, 0x0000, 0x0000, 0x0000, 0x0000, 0x0000, 0x0000, 0x0000,
            0x0000, 0x0000, 0x0000, 0x0000, 0x0000, 0x0000, 0x0000, 0x0000, 0x0000, 0x0000, 0x0000, 0x0000, 0x0000, 0x0000, 0x0000, 0x0000,
            0x0000, 0x0000, 0x0000, 0x0000, 0x0000, 0x0000, 0x0000, 0x0000, 0x0000, 0x0000, 0x0000, 0x0000, 0x0000, 0x0000, 0x0000, 0x0000,
            0x0000, 0x0000, 0x0000, 0x0000, 0x0000, 0x0000, 0x0000, 0x0000, 0x0000, 0x0000, 0x0000, 0x0000, 0x0000, 0x0000, 0x0000, 0x0000,
        ],
        decode_only: &[],
    },
    // PT2 (iso646.c, localedata/charmaps/PT2)
    Table8 {
        names: &[
            b"PT2//",
            b"CSISO84PORTUGUESE2//",
            b"ISO-IR-84//",
            b"ISO646-PT2//",
        ],
        to_ucs: [
            0x0000, 0x0001, 0x0002, 0x0003, 0x0004, 0x0005, 0x0006, 0x0007, 0x0008, 0x0009, 0x000a, 0x000b, 0x000c, 0x000d, 0x000e, 0x000f,
            0x0010, 0x0011, 0x0012, 0x0013, 0x0014, 0x0015, 0x0016, 0x0017, 0x0018, 0x0019, 0x001a, 0x001b, 0x001c, 0x001d, 0x001e, 0x001f,
            0x0020, 0x0021, 0x0022, 0x0023, 0x0024, 0x0025, 0x0026, 0x0027, 0x0028, 0x0029, 0x002a, 0x002b, 0x002c, 0x002d, 0x002e, 0x002f,
            0x0030, 0x0031, 0x0032, 0x0033, 0x0034, 0x0035, 0x0036, 0x0037, 0x0038, 0x0039, 0x003a, 0x003b, 0x003c, 0x003d, 0x003e, 0x003f,
            0x00b4, 0x0041, 0x0042, 0x0043, 0x0044, 0x0045, 0x0046, 0x0047, 0x0048, 0x0049, 0x004a, 0x004b, 0x004c, 0x004d, 0x004e, 0x004f,
            0x0050, 0x0051, 0x0052, 0x0053, 0x0054, 0x0055, 0x0056, 0x0057, 0x0058, 0x0059, 0x005a, 0x00c3, 0x00c7, 0x00d5, 0x005e, 0x005f,
            0x0060, 0x0061, 0x0062, 0x0063, 0x0064, 0x0065, 0x0066, 0x0067, 0x0068, 0x0069, 0x006a, 0x006b, 0x006c, 0x006d, 0x006e, 0x006f,
            0x0070, 0x0071, 0x0072, 0x0073, 0x0074, 0x0075, 0x0076, 0x0077, 0x0078, 0x0079, 0x007a, 0x00e3, 0x00e7, 0x00f5, 0x007e, 0x007f,
            0x0000, 0x0000, 0x0000, 0x0000, 0x0000, 0x0000, 0x0000, 0x0000, 0x0000, 0x0000, 0x0000, 0x0000, 0x0000, 0x0000, 0x0000, 0x0000,
            0x0000, 0x0000, 0x0000, 0x0000, 0x0000, 0x0000, 0x0000, 0x0000, 0x0000, 0x0000, 0x0000, 0x0000, 0x0000, 0x0000, 0x0000, 0x0000,
            0x0000, 0x0000, 0x0000, 0x0000, 0x0000, 0x0000, 0x0000, 0x0000, 0x0000, 0x0000, 0x0000, 0x0000, 0x0000, 0x0000, 0x0000, 0x0000,
            0x0000, 0x0000, 0x0000, 0x0000, 0x0000, 0x0000, 0x0000, 0x0000, 0x0000, 0x0000, 0x0000, 0x0000, 0x0000, 0x0000, 0x0000, 0x0000,
            0x0000, 0x0000, 0x0000, 0x0000, 0x0000, 0x0000, 0x0000, 0x0000, 0x0000, 0x0000, 0x0000, 0x0000, 0x0000, 0x0000, 0x0000, 0x0000,
            0x0000, 0x0000, 0x0000, 0x0000, 0x0000, 0x0000, 0x0000, 0x0000, 0x0000, 0x0000, 0x0000, 0x0000, 0x0000, 0x0000, 0x0000, 0x0000,
            0x0000, 0x0000, 0x0000, 0x0000, 0x0000, 0x0000, 0x0000, 0x0000, 0x0000, 0x0000, 0x0000, 0x0000, 0x0000, 0x0000, 0x0000, 0x0000,
            0x0000, 0x0000, 0x0000, 0x0000, 0x0000, 0x0000, 0x0000, 0x0000, 0x0000, 0x0000, 0x0000, 0x0000, 0x0000, 0x0000, 0x0000, 0x0000,
        ],
        decode_only: &[],
    },
    // SEN_850200_B (iso646.c, localedata/charmaps/SEN_850200_B)
    Table8 {
        names: &[
            b"SEN_850200_B//",
            b"CSISO10SWEDISH//",
            b"FI//",
            b"ISO-IR-10//",
            b"ISO646-FI//",
            b"ISO646-SE//",
            b"SE//",
            b"SS636127//",
        ],
        to_ucs: [
            0x0000, 0x0001, 0x0002, 0x0003, 0x0004, 0x0005, 0x0006, 0x0007, 0x0008, 0x0009, 0x000a, 0x000b, 0x000c, 0x000d, 0x000e, 0x000f,
            0x0010, 0x0011, 0x0012, 0x0013, 0x0014, 0x0015, 0x0016, 0x0017, 0x0018, 0x0019, 0x001a, 0x001b, 0x001c, 0x001d, 0x001e, 0x001f,
            0x0020, 0x0021, 0x0022, 0x0023, 0x00a4, 0x0025, 0x0026, 0x0027, 0x0028, 0x0029, 0x002a, 0x002b, 0x002c, 0x002d, 0x002e, 0x002f,
            0x0030, 0x0031, 0x0032, 0x0033, 0x0034, 0x0035, 0x0036, 0x0037, 0x0038, 0x0039, 0x003a, 0x003b, 0x003c, 0x003d, 0x003e, 0x003f,
            0x0040, 0x0041, 0x0042, 0x0043, 0x0044, 0x0045, 0x0046, 0x0047, 0x0048, 0x0049, 0x004a, 0x004b, 0x004c, 0x004d, 0x004e, 0x004f,
            0x0050, 0x0051, 0x0052, 0x0053, 0x0054, 0x0055, 0x0056, 0x0057, 0x0058, 0x0059, 0x005a, 0x00c4, 0x00d6, 0x00c5, 0x005e, 0x005f,
            0x0060, 0x0061, 0x0062, 0x0063, 0x0064, 0x0065, 0x0066, 0x0067, 0x0068, 0x0069, 0x006a, 0x006b, 0x006c, 0x006d, 0x006e, 0x006f,
            0x0070, 0x0071, 0x0072, 0x0073, 0x0074, 0x0075, 0x0076, 0x0077, 0x0078, 0x0079, 0x007a, 0x00e4, 0x00f6, 0x00e5, 0x203e, 0x007f,
            0x0000, 0x0000, 0x0000, 0x0000, 0x0000, 0x0000, 0x0000, 0x0000, 0x0000, 0x0000, 0x0000, 0x0000, 0x0000, 0x0000, 0x0000, 0x0000,
            0x0000, 0x0000, 0x0000, 0x0000, 0x0000, 0x0000, 0x0000, 0x0000, 0x0000, 0x0000, 0x0000, 0x0000, 0x0000, 0x0000, 0x0000, 0x0000,
            0x0000, 0x0000, 0x0000, 0x0000, 0x0000, 0x0000, 0x0000, 0x0000, 0x0000, 0x0000, 0x0000, 0x0000, 0x0000, 0x0000, 0x0000, 0x0000,
            0x0000, 0x0000, 0x0000, 0x0000, 0x0000, 0x0000, 0x0000, 0x0000, 0x0000, 0x0000, 0x0000, 0x0000, 0x0000, 0x0000, 0x0000, 0x0000,
            0x0000, 0x0000, 0x0000, 0x0000, 0x0000, 0x0000, 0x0000, 0x0000, 0x0000, 0x0000, 0x0000, 0x0000, 0x0000, 0x0000, 0x0000, 0x0000,
            0x0000, 0x0000, 0x0000, 0x0000, 0x0000, 0x0000, 0x0000, 0x0000, 0x0000, 0x0000, 0x0000, 0x0000, 0x0000, 0x0000, 0x0000, 0x0000,
            0x0000, 0x0000, 0x0000, 0x0000, 0x0000, 0x0000, 0x0000, 0x0000, 0x0000, 0x0000, 0x0000, 0x0000, 0x0000, 0x0000, 0x0000, 0x0000,
            0x0000, 0x0000, 0x0000, 0x0000, 0x0000, 0x0000, 0x0000, 0x0000, 0x0000, 0x0000, 0x0000, 0x0000, 0x0000, 0x0000, 0x0000, 0x0000,
        ],
        decode_only: &[],
    },
    // SEN_850200_C (iso646.c, localedata/charmaps/SEN_850200_C)
    Table8 {
        names: &[
            b"SEN_850200_C//",
            b"CSISO11SWEDISHFORNAMES//",
            b"ISO-IR-11//",
            b"ISO646-SE2//",
            b"SE2//",
        ],
        to_ucs: [
            0x0000, 0x0001, 0x0002, 0x0003, 0x0004, 0x0005, 0x0006, 0x0007, 0x0008, 0x0009, 0x000a, 0x000b, 0x000c, 0x000d, 0x000e, 0x000f,
            0x0010, 0x0011, 0x0012, 0x0013, 0x0014, 0x0015, 0x0016, 0x0017, 0x0018, 0x0019, 0x001a, 0x001b, 0x001c, 0x001d, 0x001e, 0x001f,
            0x0020, 0x0021, 0x0022, 0x0023, 0x00a4, 0x0025, 0x0026, 0x0027, 0x0028, 0x0029, 0x002a, 0x002b, 0x002c, 0x002d, 0x002e, 0x002f,
            0x0030, 0x0031, 0x0032, 0x0033, 0x0034, 0x0035, 0x0036, 0x0037, 0x0038, 0x0039, 0x003a, 0x003b, 0x003c, 0x003d, 0x003e, 0x003f,
            0x00c9, 0x0041, 0x0042, 0x0043, 0x0044, 0x0045, 0x0046, 0x0047, 0x0048, 0x0049, 0x004a, 0x004b, 0x004c, 0x004d, 0x004e, 0x004f,
            0x0050, 0x0051, 0x0052, 0x0053, 0x0054, 0x0055, 0x0056, 0x0057, 0x0058, 0x0059, 0x005a, 0x00c4, 0x00d6, 0x00c5, 0x00dc, 0x005f,
            0x00e9, 0x0061, 0x0062, 0x0063, 0x0064, 0x0065, 0x0066, 0x0067, 0x0068, 0x0069, 0x006a, 0x006b, 0x006c, 0x006d, 0x006e, 0x006f,
            0x0070, 0x0071, 0x0072, 0x0073, 0x0074, 0x0075, 0x0076, 0x0077, 0x0078, 0x0079, 0x007a, 0x00e4, 0x00f6, 0x00e5, 0x00fc, 0x007f,
            0x0000, 0x0000, 0x0000, 0x0000, 0x0000, 0x0000, 0x0000, 0x0000, 0x0000, 0x0000, 0x0000, 0x0000, 0x0000, 0x0000, 0x0000, 0x0000,
            0x0000, 0x0000, 0x0000, 0x0000, 0x0000, 0x0000, 0x0000, 0x0000, 0x0000, 0x0000, 0x0000, 0x0000, 0x0000, 0x0000, 0x0000, 0x0000,
            0x0000, 0x0000, 0x0000, 0x0000, 0x0000, 0x0000, 0x0000, 0x0000, 0x0000, 0x0000, 0x0000, 0x0000, 0x0000, 0x0000, 0x0000, 0x0000,
            0x0000, 0x0000, 0x0000, 0x0000, 0x0000, 0x0000, 0x0000, 0x0000, 0x0000, 0x0000, 0x0000, 0x0000, 0x0000, 0x0000, 0x0000, 0x0000,
            0x0000, 0x0000, 0x0000, 0x0000, 0x0000, 0x0000, 0x0000, 0x0000, 0x0000, 0x0000, 0x0000, 0x0000, 0x0000, 0x0000, 0x0000, 0x0000,
            0x0000, 0x0000, 0x0000, 0x0000, 0x0000, 0x0000, 0x0000, 0x0000, 0x0000, 0x0000, 0x0000, 0x0000, 0x0000, 0x0000, 0x0000, 0x0000,
            0x0000, 0x0000, 0x0000, 0x0000, 0x0000, 0x0000, 0x0000, 0x0000, 0x0000, 0x0000, 0x0000, 0x0000, 0x0000, 0x0000, 0x0000, 0x0000,
            0x0000, 0x0000, 0x0000, 0x0000, 0x0000, 0x0000, 0x0000, 0x0000, 0x0000, 0x0000, 0x0000, 0x0000, 0x0000, 0x0000, 0x0000, 0x0000,
        ],
        decode_only: &[],
    },
    // ISO_11548-1 (iso_11548-1.c, localedata/charmaps/ISO_11548-1)
    Table8 {
        names: &[
            b"ISO_11548-1//",
            b"ISO/TR_11548-1/",
            b"ISO11548-1//",
        ],
        to_ucs: [
            0x2800, 0x2801, 0x2802, 0x2803, 0x2804, 0x2805, 0x2806, 0x2807, 0x2808, 0x2809, 0x280a, 0x280b, 0x280c, 0x280d, 0x280e, 0x280f,
            0x2810, 0x2811, 0x2812, 0x2813, 0x2814, 0x2815, 0x2816, 0x2817, 0x2818, 0x2819, 0x281a, 0x281b, 0x281c, 0x281d, 0x281e, 0x281f,
            0x2820, 0x2821, 0x2822, 0x2823, 0x2824, 0x2825, 0x2826, 0x2827, 0x2828, 0x2829, 0x282a, 0x282b, 0x282c, 0x282d, 0x282e, 0x282f,
            0x2830, 0x2831, 0x2832, 0x2833, 0x2834, 0x2835, 0x2836, 0x2837, 0x2838, 0x2839, 0x283a, 0x283b, 0x283c, 0x283d, 0x283e, 0x283f,
            0x2840, 0x2841, 0x2842, 0x2843, 0x2844, 0x2845, 0x2846, 0x2847, 0x2848, 0x2849, 0x284a, 0x284b, 0x284c, 0x284d, 0x284e, 0x284f,
            0x2850, 0x2851, 0x2852, 0x2853, 0x2854, 0x2855, 0x2856, 0x2857, 0x2858, 0x2859, 0x285a, 0x285b, 0x285c, 0x285d, 0x285e, 0x285f,
            0x2860, 0x2861, 0x2862, 0x2863, 0x2864, 0x2865, 0x2866, 0x2867, 0x2868, 0x2869, 0x286a, 0x286b, 0x286c, 0x286d, 0x286e, 0x286f,
            0x2870, 0x2871, 0x2872, 0x2873, 0x2874, 0x2875, 0x2876, 0x2877, 0x2878, 0x2879, 0x287a, 0x287b, 0x287c, 0x287d, 0x287e, 0x287f,
            0x2880, 0x2881, 0x2882, 0x2883, 0x2884, 0x2885, 0x2886, 0x2887, 0x2888, 0x2889, 0x288a, 0x288b, 0x288c, 0x288d, 0x288e, 0x288f,
            0x2890, 0x2891, 0x2892, 0x2893, 0x2894, 0x2895, 0x2896, 0x2897, 0x2898, 0x2899, 0x289a, 0x289b, 0x289c, 0x289d, 0x289e, 0x289f,
            0x28a0, 0x28a1, 0x28a2, 0x28a3, 0x28a4, 0x28a5, 0x28a6, 0x28a7, 0x28a8, 0x28a9, 0x28aa, 0x28ab, 0x28ac, 0x28ad, 0x28ae, 0x28af,
            0x28b0, 0x28b1, 0x28b2, 0x28b3, 0x28b4, 0x28b5, 0x28b6, 0x28b7, 0x28b8, 0x28b9, 0x28ba, 0x28bb, 0x28bc, 0x28bd, 0x28be, 0x28bf,
            0x28c0, 0x28c1, 0x28c2, 0x28c3, 0x28c4, 0x28c5, 0x28c6, 0x28c7, 0x28c8, 0x28c9, 0x28ca, 0x28cb, 0x28cc, 0x28cd, 0x28ce, 0x28cf,
            0x28d0, 0x28d1, 0x28d2, 0x28d3, 0x28d4, 0x28d5, 0x28d6, 0x28d7, 0x28d8, 0x28d9, 0x28da, 0x28db, 0x28dc, 0x28dd, 0x28de, 0x28df,
            0x28e0, 0x28e1, 0x28e2, 0x28e3, 0x28e4, 0x28e5, 0x28e6, 0x28e7, 0x28e8, 0x28e9, 0x28ea, 0x28eb, 0x28ec, 0x28ed, 0x28ee, 0x28ef,
            0x28f0, 0x28f1, 0x28f2, 0x28f3, 0x28f4, 0x28f5, 0x28f6, 0x28f7, 0x28f8, 0x28f9, 0x28fa, 0x28fb, 0x28fc, 0x28fd, 0x28fe, 0x28ff,
        ],
        decode_only: &[],
    },
    // ARMSCII-8 (armscii-8.c, localedata/charmaps/ARMSCII-8)
    Table8 {
        names: &[
            b"ARMSCII-8//",
            b"ARMSCII8//",
        ],
        to_ucs: [
            0x0000, 0x0001, 0x0002, 0x0003, 0x0004, 0x0005, 0x0006, 0x0007, 0x0008, 0x0009, 0x000a, 0x000b, 0x000c, 0x000d, 0x000e, 0x000f,
            0x0010, 0x0011, 0x0012, 0x0013, 0x0014, 0x0015, 0x0016, 0x0017, 0x0018, 0x0019, 0x001a, 0x001b, 0x001c, 0x001d, 0x001e, 0x001f,
            0x0020, 0x0021, 0x0022, 0x0023, 0x0024, 0x0025, 0x0026, 0x0027, 0x0028, 0x0029, 0x002a, 0x002b, 0x002c, 0x002d, 0x002e, 0x002f,
            0x0030, 0x0031, 0x0032, 0x0033, 0x0034, 0x0035, 0x0036, 0x0037, 0x0038, 0x0039, 0x003a, 0x003b, 0x003c, 0x003d, 0x003e, 0x003f,
            0x0040, 0x0041, 0x0042, 0x0043, 0x0044, 0x0045, 0x0046, 0x0047, 0x0048, 0x0049, 0x004a, 0x004b, 0x004c, 0x004d, 0x004e, 0x004f,
            0x0050, 0x0051, 0x0052, 0x0053, 0x0054, 0x0055, 0x0056, 0x0057, 0x0058, 0x0059, 0x005a, 0x005b, 0x005c, 0x005d, 0x005e, 0x005f,
            0x0060, 0x0061, 0x0062, 0x0063, 0x0064, 0x0065, 0x0066, 0x0067, 0x0068, 0x0069, 0x006a, 0x006b, 0x006c, 0x006d, 0x006e, 0x006f,
            0x0070, 0x0071, 0x0072, 0x0073, 0x0074, 0x0075, 0x0076, 0x0077, 0x0078, 0x0079, 0x007a, 0x007b, 0x007c, 0x007d, 0x007e, 0x007f,
            0x0080, 0x0081, 0x0082, 0x0083, 0x0084, 0x0085, 0x0086, 0x0087, 0x0088, 0x0089, 0x008a, 0x008b, 0x008c, 0x008d, 0x008e, 0x008f,
            0x0090, 0x0091, 0x0092, 0x0093, 0x0094, 0x0095, 0x0096, 0x0097, 0x0098, 0x0099, 0x009a, 0x009b, 0x009c, 0x009d, 0x009e, 0x009f,
            0x00a0, 0x0000, 0x0587, 0x0589, 0x0029, 0x0028, 0x00bb, 0x00ab, 0x2014, 0x002e, 0x055d, 0x002c, 0x002d, 0x058a, 0x2026, 0x055c,
            0x055b, 0x055e, 0x0531, 0x0561, 0x0532, 0x0562, 0x0533, 0x0563, 0x0534, 0x0564, 0x0535, 0x0565, 0x0536, 0x0566, 0x0537, 0x0567,
            0x0538, 0x0568, 0x0539, 0x0569, 0x053a, 0x056a, 0x053b, 0x056b, 0x053c, 0x056c, 0x053d, 0x056d, 0x053e, 0x056e, 0x053f, 0x056f,
            0x0540, 0x0570, 0x0541, 0x0571, 0x0542, 0x0572, 0x0543, 0x0573, 0x0544, 0x0574, 0x0545, 0x0575, 0x0546, 0x0576, 0x0547, 0x0577,
            0x0548, 0x0578, 0x0549, 0x0579, 0x054a, 0x057a, 0x054b, 0x057b, 0x054c, 0x057c, 0x054d, 0x057d, 0x054e, 0x057e, 0x054f, 0x057f,
            0x0550, 0x0580, 0x0551, 0x0581, 0x0552, 0x0582, 0x0553, 0x0583, 0x0554, 0x0584, 0x0555, 0x0585, 0x0556, 0x0586, 0x055a, 0x0000,
        ],
        decode_only: &[0xa4, 0xa5, 0xa9, 0xab, 0xac],
    },
];
