// @generated by posix/tools/gen_iconv_prefix.py from glibc 2.39's own
// converters under WSL (and its iconvdata/gconv-modules* for the names)
// -- do not edit; regenerate.

//! glibc's four character sets of ISO 6937's shape, for [`crate::iconv`]:
//! T.61, ISO_6937, ISO_6937-2 and ANSI_X3.110. A character is one byte, or
//! a diacritic byte (0xC1-0xCF) and a letter (0x20-0x7F). Each set is
//! glibc's, read out of its running converter byte by byte and code point
//! by code point (the generator says why, and what it checks).

/// One of the four sets.
pub(crate) struct Prefixed {
    /// Its names, as `iconv_open` matches them: upper case, two slashes.
    pub(crate) names: &'static [&'static [u8]],
    /// Each byte alone: its code point, or 0 where the set has none (byte 0
    /// is U+0000). The diacritic bytes are 0 here: each starts a pair.
    pub(crate) single: [u16; 256],
    /// Diacritic byte 0xC1 + i before byte 0x20 + j: the pair's code point,
    /// or 0 where the set has none.
    pub(crate) pairs: [[u16; 96]; 15],
    /// Every code point the set writes, sorted: its byte, and the pair's
    /// second byte (0 for a single byte).
    pub(crate) encode: &'static [(u16, u8, u8)],
}

/// The four, in the order above.
#[rustfmt::skip]
pub(crate) static SETS: [Prefixed; 4] = [
    // T.61-8BIT
    Prefixed {
        names: &[
            b"T.61-8BIT//",
            b"CSISO103T618BIT//",
            b"ISO-IR-103//",
            b"T.61//",
            b"T.618BIT//",
        ],
        single: [
            0x0000, 0x0001, 0x0002, 0x0003, 0x0004, 0x0005, 0x0006, 0x0007, 0x0008, 0x0009, 0x000a, 0x000b, 0x000c, 0x000d, 0x000e, 0x000f,
            0x0010, 0x0011, 0x0012, 0x0013, 0x0014, 0x0015, 0x0016, 0x0017, 0x0018, 0x0019, 0x001a, 0x001b, 0x001c, 0x001d, 0x001e, 0x001f,
            0x0020, 0x0021, 0x0022, 0x0000, 0x0000, 0x0025, 0x0026, 0x0027, 0x0028, 0x0029, 0x002a, 0x002b, 0x002c, 0x002d, 0x002e, 0x002f,
            0x0030, 0x0031, 0x0032, 0x0033, 0x0034, 0x0035, 0x0036, 0x0037, 0x0038, 0x0039, 0x003a, 0x003b, 0x003c, 0x003d, 0x003e, 0x003f,
            0x0040, 0x0041, 0x0042, 0x0043, 0x0044, 0x0045, 0x0046, 0x0047, 0x0048, 0x0049, 0x004a, 0x004b, 0x004c, 0x004d, 0x004e, 0x004f,
            0x0050, 0x0051, 0x0052, 0x0053, 0x0054, 0x0055, 0x0056, 0x0057, 0x0058, 0x0059, 0x005a, 0x005b, 0x0000, 0x005d, 0x0000, 0x005f,
            0x0000, 0x0061, 0x0062, 0x0063, 0x0064, 0x0065, 0x0066, 0x0067, 0x0068, 0x0069, 0x006a, 0x006b, 0x006c, 0x006d, 0x006e, 0x006f,
            0x0070, 0x0071, 0x0072, 0x0073, 0x0074, 0x0075, 0x0076, 0x0077, 0x0078, 0x0079, 0x007a, 0x0000, 0x007c, 0x0000, 0x0000, 0x007f,
            0x0080, 0x0081, 0x0082, 0x0083, 0x0084, 0x0085, 0x0086, 0x0087, 0x0088, 0x0089, 0x008a, 0x008b, 0x008c, 0x008d, 0x008e, 0x008f,
            0x0090, 0x0091, 0x0092, 0x0093, 0x0094, 0x0095, 0x0096, 0x0097, 0x0098, 0x0099, 0x009a, 0x009b, 0x009c, 0x009d, 0x009e, 0x009f,
            0x0000, 0x00a1, 0x00a2, 0x00a3, 0x0024, 0x00a5, 0x0023, 0x00a7, 0x00a4, 0x0000, 0x0000, 0x00ab, 0x0000, 0x0000, 0x0000, 0x0000,
            0x00b0, 0x00b1, 0x00b2, 0x00b3, 0x00d7, 0x00b5, 0x00b6, 0x00b7, 0x00f7, 0x0000, 0x0000, 0x00bb, 0x00bc, 0x00bd, 0x00be, 0x00bf,
            0x0000, 0x0000, 0x0000, 0x0000, 0x0000, 0x0000, 0x0000, 0x0000, 0x0000, 0x0000, 0x0000, 0x0000, 0x0000, 0x0000, 0x0000, 0x0000,
            0x0000, 0x0000, 0x0000, 0x0000, 0x0000, 0x0000, 0x0000, 0x0000, 0x0000, 0x0000, 0x0000, 0x0000, 0x0000, 0x0000, 0x0000, 0x0000,
            0x2126, 0x00c6, 0x00d0, 0x00aa, 0x0126, 0x0000, 0x0132, 0x013f, 0x0141, 0x00d8, 0x0152, 0x00ba, 0x00de, 0x0166, 0x014a, 0x0149,
            0x0138, 0x00e6, 0x0111, 0x00f0, 0x0127, 0x0131, 0x0133, 0x0140, 0x0142, 0x00f8, 0x0153, 0x00df, 0x00fe, 0x0167, 0x014b, 0x0000,
        ],
        pairs: [
            // 0xc1
            [
                0x0000, 0x0000, 0x0000, 0x0000, 0x0000, 0x0000, 0x0000, 0x0000, 0x0000, 0x0000, 0x0000, 0x0000, 0x0000, 0x0000, 0x0000, 0x0000,
                0x0000, 0x0000, 0x0000, 0x0000, 0x0000, 0x0000, 0x0000, 0x0000, 0x0000, 0x0000, 0x0000, 0x0000, 0x0000, 0x0000, 0x0000, 0x0000,
                0x0000, 0x00c0, 0x0000, 0x0000, 0x0000, 0x00c8, 0x0000, 0x0000, 0x0000, 0x00cc, 0x0000, 0x0000, 0x0000, 0x0000, 0x0000, 0x00d2,
                0x0000, 0x0000, 0x0000, 0x0000, 0x0000, 0x00d9, 0x0000, 0x0000, 0x0000, 0x0000, 0x0000, 0x0000, 0x0000, 0x0000, 0x0000, 0x0000,
                0x0000, 0x00e0, 0x0000, 0x0000, 0x0000, 0x00e8, 0x0000, 0x0000, 0x0000, 0x00ec, 0x0000, 0x0000, 0x0000, 0x0000, 0x0000, 0x00f2,
                0x0000, 0x0000, 0x0000, 0x0000, 0x0000, 0x00f9, 0x0000, 0x0000, 0x0000, 0x0000, 0x0000, 0x0000, 0x0000, 0x0000, 0x0000, 0x0000,
            ],
            // 0xc2
            [
                0x00b4, 0x0000, 0x0000, 0x0000, 0x0000, 0x0000, 0x0000, 0x0000, 0x0000, 0x0000, 0x0000, 0x0000, 0x0000, 0x0000, 0x0000, 0x0000,
                0x0000, 0x0000, 0x0000, 0x0000, 0x0000, 0x0000, 0x0000, 0x0000, 0x0000, 0x0000, 0x0000, 0x0000, 0x0000, 0x0000, 0x0000, 0x0000,
                0x0000, 0x00c1, 0x0000, 0x0106, 0x0000, 0x00c9, 0x0000, 0x0000, 0x0000, 0x00cd, 0x0000, 0x0000, 0x0139, 0x0000, 0x0143, 0x00d3,
                0x0000, 0x0000, 0x0154, 0x015a, 0x0000, 0x00da, 0x0000, 0x0000, 0x0000, 0x00dd, 0x0179, 0x0000, 0x0000, 0x0000, 0x0000, 0x0000,
                0x0000, 0x00e1, 0x0000, 0x0107, 0x0000, 0x00e9, 0x0000, 0x0000, 0x0000, 0x00ed, 0x0000, 0x0000, 0x013a, 0x0000, 0x0144, 0x00f3,
                0x0000, 0x0000, 0x0155, 0x015b, 0x0000, 0x00fa, 0x0000, 0x0000, 0x0000, 0x00fd, 0x017a, 0x0000, 0x0000, 0x0000, 0x0000, 0x0000,
            ],
            // 0xc3
            [
                0x0000, 0x0000, 0x0000, 0x0000, 0x0000, 0x0000, 0x0000, 0x0000, 0x0000, 0x0000, 0x0000, 0x0000, 0x0000, 0x0000, 0x0000, 0x0000,
                0x0000, 0x0000, 0x0000, 0x0000, 0x0000, 0x0000, 0x0000, 0x0000, 0x0000, 0x0000, 0x0000, 0x0000, 0x0000, 0x0000, 0x0000, 0x0000,
                0x0000, 0x00c2, 0x0000, 0x0108, 0x0000, 0x00ca, 0x0000, 0x011c, 0x0124, 0x00ce, 0x0134, 0x0000, 0x0000, 0x0000, 0x0000, 0x00d4,
                0x0000, 0x0000, 0x0000, 0x015c, 0x0000, 0x00db, 0x0000, 0x0174, 0x0000, 0x0176, 0x0000, 0x0000, 0x0000, 0x0000, 0x0000, 0x0000,
                0x0000, 0x00e2, 0x0000, 0x0109, 0x0000, 0x00ea, 0x0000, 0x011d, 0x0125, 0x00ee, 0x0135, 0x0000, 0x0000, 0x0000, 0x0000, 0x00f4,
                0x0000, 0x0000, 0x0000, 0x015d, 0x0000, 0x00fb, 0x0000, 0x0175, 0x0000, 0x0177, 0x0000, 0x0000, 0x0000, 0x0000, 0x0000, 0x0000,
            ],
            // 0xc4
            [
                0x0000, 0x0000, 0x0000, 0x0000, 0x0000, 0x0000, 0x0000, 0x0000, 0x0000, 0x0000, 0x0000, 0x0000, 0x0000, 0x0000, 0x0000, 0x0000,
                0x0000, 0x0000, 0x0000, 0x0000, 0x0000, 0x0000, 0x0000, 0x0000, 0x0000, 0x0000, 0x0000, 0x0000, 0x0000, 0x0000, 0x0000, 0x0000,
                0x0000, 0x00c3, 0x0000, 0x0000, 0x0000, 0x0000, 0x0000, 0x0000, 0x0000, 0x0128, 0x0000, 0x0000, 0x0000, 0x0000, 0x00d1, 0x00d5,
                0x0000, 0x0000, 0x0000, 0x0000, 0x0000, 0x0168, 0x0000, 0x0000, 0x0000, 0x0000, 0x0000, 0x0000, 0x0000, 0x0000, 0x0000, 0x0000,
                0x0000, 0x00e3, 0x0000, 0x0000, 0x0000, 0x0000, 0x0000, 0x0000, 0x0000, 0x0129, 0x0000, 0x0000, 0x0000, 0x0000, 0x00f1, 0x00f5,
                0x0000, 0x0000, 0x0000, 0x0000, 0x0000, 0x0169, 0x0000, 0x0000, 0x0000, 0x0000, 0x0000, 0x0000, 0x0000, 0x0000, 0x0000, 0x0000,
            ],
            // 0xc5
            [
                0x00af, 0x0000, 0x0000, 0x0000, 0x0000, 0x0000, 0x0000, 0x0000, 0x0000, 0x0000, 0x0000, 0x0000, 0x0000, 0x0000, 0x0000, 0x0000,
                0x0000, 0x0000, 0x0000, 0x0000, 0x0000, 0x0000, 0x0000, 0x0000, 0x0000, 0x0000, 0x0000, 0x0000, 0x0000, 0x0000, 0x0000, 0x0000,
                0x0000, 0x0100, 0x0000, 0x0000, 0x0000, 0x0112, 0x0000, 0x0000, 0x0000, 0x012a, 0x0000, 0x0000, 0x0000, 0x0000, 0x0000, 0x014c,
                0x0000, 0x0000, 0x0000, 0x0000, 0x0000, 0x016a, 0x0000, 0x0000, 0x0000, 0x0000, 0x0000, 0x0000, 0x0000, 0x0000, 0x0000, 0x0000,
                0x0000, 0x0101, 0x0000, 0x0000, 0x0000, 0x0113, 0x0000, 0x0000, 0x0000, 0x012b, 0x0000, 0x0000, 0x0000, 0x0000, 0x0000, 0x014d,
                0x0000, 0x0000, 0x0000, 0x0000, 0x0000, 0x016b, 0x0000, 0x0000, 0x0000, 0x0000, 0x0000, 0x0000, 0x0000, 0x0000, 0x0000, 0x0000,
            ],
            // 0xc6
            [
                0x02d8, 0x0000, 0x0000, 0x0000, 0x0000, 0x0000, 0x0000, 0x0000, 0x0000, 0x0000, 0x0000, 0x0000, 0x0000, 0x0000, 0x0000, 0x0000,
                0x0000, 0x0000, 0x0000, 0x0000, 0x0000, 0x0000, 0x0000, 0x0000, 0x0000, 0x0000, 0x0000, 0x0000, 0x0000, 0x0000, 0x0000, 0x0000,
                0x0000, 0x0102, 0x0000, 0x0000, 0x0000, 0x0000, 0x0000, 0x011e, 0x0000, 0x0000, 0x0000, 0x0000, 0x0000, 0x0000, 0x0000, 0x0000,
                0x0000, 0x0000, 0x0000, 0x0000, 0x0000, 0x016c, 0x0000, 0x0000, 0x0000, 0x0000, 0x0000, 0x0000, 0x0000, 0x0000, 0x0000, 0x0000,
                0x0000, 0x0103, 0x0000, 0x0000, 0x0000, 0x0000, 0x0000, 0x011f, 0x0000, 0x0000, 0x0000, 0x0000, 0x0000, 0x0000, 0x0000, 0x0000,
                0x0000, 0x0000, 0x0000, 0x0000, 0x0000, 0x016d, 0x0000, 0x0000, 0x0000, 0x0000, 0x0000, 0x0000, 0x0000, 0x0000, 0x0000, 0x0000,
            ],
            // 0xc7
            [
                0x02d9, 0x0000, 0x0000, 0x0000, 0x0000, 0x0000, 0x0000, 0x0000, 0x0000, 0x0000, 0x0000, 0x0000, 0x0000, 0x0000, 0x0000, 0x0000,
                0x0000, 0x0000, 0x0000, 0x0000, 0x0000, 0x0000, 0x0000, 0x0000, 0x0000, 0x0000, 0x0000, 0x0000, 0x0000, 0x0000, 0x0000, 0x0000,
                0x0000, 0x0000, 0x0000, 0x010a, 0x0000, 0x0116, 0x0000, 0x0120, 0x0000, 0x0130, 0x0000, 0x0000, 0x0000, 0x0000, 0x0000, 0x0000,
                0x0000, 0x0000, 0x0000, 0x0000, 0x0000, 0x0000, 0x0000, 0x0000, 0x0000, 0x0000, 0x017b, 0x0000, 0x0000, 0x0000, 0x0000, 0x0000,
                0x0000, 0x0000, 0x0000, 0x010b, 0x0000, 0x0117, 0x0000, 0x0121, 0x0000, 0x0000, 0x0000, 0x0000, 0x0000, 0x0000, 0x0000, 0x0000,
                0x0000, 0x0000, 0x0000, 0x0000, 0x0000, 0x0000, 0x0000, 0x0000, 0x0000, 0x0000, 0x017c, 0x0000, 0x0000, 0x0000, 0x0000, 0x0000,
            ],
            // 0xc8
            [
                0x00a8, 0x0000, 0x0000, 0x0000, 0x0000, 0x0000, 0x0000, 0x0000, 0x0000, 0x0000, 0x0000, 0x0000, 0x0000, 0x0000, 0x0000, 0x0000,
                0x0000, 0x0000, 0x0000, 0x0000, 0x0000, 0x0000, 0x0000, 0x0000, 0x0000, 0x0000, 0x0000, 0x0000, 0x0000, 0x0000, 0x0000, 0x0000,
                0x0000, 0x00c4, 0x0000, 0x0000, 0x0000, 0x00cb, 0x0000, 0x0000, 0x0000, 0x00cf, 0x0000, 0x0000, 0x0000, 0x0000, 0x0000, 0x00d6,
                0x0000, 0x0000, 0x0000, 0x0000, 0x0000, 0x00dc, 0x0000, 0x0000, 0x0000, 0x0178, 0x0000, 0x0000, 0x0000, 0x0000, 0x0000, 0x0000,
                0x0000, 0x00e4, 0x0000, 0x0000, 0x0000, 0x00eb, 0x0000, 0x0000, 0x0000, 0x00ef, 0x0000, 0x0000, 0x0000, 0x0000, 0x0000, 0x00f6,
                0x0000, 0x0000, 0x0000, 0x0000, 0x0000, 0x00fc, 0x0000, 0x0000, 0x0000, 0x00ff, 0x0000, 0x0000, 0x0000, 0x0000, 0x0000, 0x0000,
            ],
            // 0xc9
            [
                0x0000, 0x0000, 0x0000, 0x0000, 0x0000, 0x0000, 0x0000, 0x0000, 0x0000, 0x0000, 0x0000, 0x0000, 0x0000, 0x0000, 0x0000, 0x0000,
                0x0000, 0x0000, 0x0000, 0x0000, 0x0000, 0x0000, 0x0000, 0x0000, 0x0000, 0x0000, 0x0000, 0x0000, 0x0000, 0x0000, 0x0000, 0x0000,
                0x0000, 0x0000, 0x0000, 0x0000, 0x0000, 0x0000, 0x0000, 0x0000, 0x0000, 0x0000, 0x0000, 0x0000, 0x0000, 0x0000, 0x0000, 0x0000,
                0x0000, 0x0000, 0x0000, 0x0000, 0x0000, 0x0000, 0x0000, 0x0000, 0x0000, 0x0000, 0x0000, 0x0000, 0x0000, 0x0000, 0x0000, 0x0000,
                0x0000, 0x0000, 0x0000, 0x0000, 0x0000, 0x0000, 0x0000, 0x0000, 0x0000, 0x0000, 0x0000, 0x0000, 0x0000, 0x0000, 0x0000, 0x0000,
                0x0000, 0x0000, 0x0000, 0x0000, 0x0000, 0x0000, 0x0000, 0x0000, 0x0000, 0x0000, 0x0000, 0x0000, 0x0000, 0x0000, 0x0000, 0x0000,
            ],
            // 0xca
            [
                0x02da, 0x0000, 0x0000, 0x0000, 0x0000, 0x0000, 0x0000, 0x0000, 0x0000, 0x0000, 0x0000, 0x0000, 0x0000, 0x0000, 0x0000, 0x0000,
                0x0000, 0x0000, 0x0000, 0x0000, 0x0000, 0x0000, 0x0000, 0x0000, 0x0000, 0x0000, 0x0000, 0x0000, 0x0000, 0x0000, 0x0000, 0x0000,
                0x0000, 0x00c5, 0x0000, 0x0000, 0x0000, 0x0000, 0x0000, 0x0000, 0x0000, 0x0000, 0x0000, 0x0000, 0x0000, 0x0000, 0x0000, 0x0000,
                0x0000, 0x0000, 0x0000, 0x0000, 0x0000, 0x016e, 0x0000, 0x0000, 0x0000, 0x0000, 0x0000, 0x0000, 0x0000, 0x0000, 0x0000, 0x0000,
                0x0000, 0x00e5, 0x0000, 0x0000, 0x0000, 0x0000, 0x0000, 0x0000, 0x0000, 0x0000, 0x0000, 0x0000, 0x0000, 0x0000, 0x0000, 0x0000,
                0x0000, 0x0000, 0x0000, 0x0000, 0x0000, 0x016f, 0x0000, 0x0000, 0x0000, 0x0000, 0x0000, 0x0000, 0x0000, 0x0000, 0x0000, 0x0000,
            ],
            // 0xcb
            [
                0x00b8, 0x0000, 0x0000, 0x0000, 0x0000, 0x0000, 0x0000, 0x0000, 0x0000, 0x0000, 0x0000, 0x0000, 0x0000, 0x0000, 0x0000, 0x0000,
                0x0000, 0x0000, 0x0000, 0x0000, 0x0000, 0x0000, 0x0000, 0x0000, 0x0000, 0x0000, 0x0000, 0x0000, 0x0000, 0x0000, 0x0000, 0x0000,
                0x0000, 0x0000, 0x0000, 0x00c7, 0x0000, 0x0000, 0x0000, 0x0122, 0x0000, 0x0000, 0x0000, 0x0136, 0x013b, 0x0000, 0x0145, 0x0000,
                0x0000, 0x0000, 0x0156, 0x015e, 0x0162, 0x0000, 0x0000, 0x0000, 0x0000, 0x0000, 0x0000, 0x0000, 0x0000, 0x0000, 0x0000, 0x0000,
                0x0000, 0x0000, 0x0000, 0x00e7, 0x0000, 0x0000, 0x0000, 0x0123, 0x0000, 0x0000, 0x0000, 0x0137, 0x013c, 0x0000, 0x0146, 0x0000,
                0x0000, 0x0000, 0x0157, 0x015f, 0x0163, 0x0000, 0x0000, 0x0000, 0x0000, 0x0000, 0x0000, 0x0000, 0x0000, 0x0000, 0x0000, 0x0000,
            ],
            // 0xcc
            [
                0x0000, 0x0000, 0x0000, 0x0000, 0x0000, 0x0000, 0x0000, 0x0000, 0x0000, 0x0000, 0x0000, 0x0000, 0x0000, 0x0000, 0x0000, 0x0000,
                0x0000, 0x0000, 0x0000, 0x0000, 0x0000, 0x0000, 0x0000, 0x0000, 0x0000, 0x0000, 0x0000, 0x0000, 0x0000, 0x0000, 0x0000, 0x0000,
                0x0000, 0x0000, 0x0000, 0x0000, 0x0000, 0x0000, 0x0000, 0x0000, 0x0000, 0x0000, 0x0000, 0x0000, 0x0000, 0x0000, 0x0000, 0x0000,
                0x0000, 0x0000, 0x0000, 0x0000, 0x0000, 0x0000, 0x0000, 0x0000, 0x0000, 0x0000, 0x0000, 0x0000, 0x0000, 0x0000, 0x0000, 0x0000,
                0x0000, 0x0000, 0x0000, 0x0000, 0x0000, 0x0000, 0x0000, 0x0000, 0x0000, 0x0000, 0x0000, 0x0000, 0x0000, 0x0000, 0x0000, 0x0000,
                0x0000, 0x0000, 0x0000, 0x0000, 0x0000, 0x0000, 0x0000, 0x0000, 0x0000, 0x0000, 0x0000, 0x0000, 0x0000, 0x0000, 0x0000, 0x0000,
            ],
            // 0xcd
            [
                0x02dd, 0x0000, 0x0000, 0x0000, 0x0000, 0x0000, 0x0000, 0x0000, 0x0000, 0x0000, 0x0000, 0x0000, 0x0000, 0x0000, 0x0000, 0x0000,
                0x0000, 0x0000, 0x0000, 0x0000, 0x0000, 0x0000, 0x0000, 0x0000, 0x0000, 0x0000, 0x0000, 0x0000, 0x0000, 0x0000, 0x0000, 0x0000,
                0x0000, 0x0000, 0x0000, 0x0000, 0x0000, 0x0000, 0x0000, 0x0000, 0x0000, 0x0000, 0x0000, 0x0000, 0x0000, 0x0000, 0x0000, 0x0150,
                0x0000, 0x0000, 0x0000, 0x0000, 0x0000, 0x0170, 0x0000, 0x0000, 0x0000, 0x0000, 0x0000, 0x0000, 0x0000, 0x0000, 0x0000, 0x0000,
                0x0000, 0x0000, 0x0000, 0x0000, 0x0000, 0x0000, 0x0000, 0x0000, 0x0000, 0x0000, 0x0000, 0x0000, 0x0000, 0x0000, 0x0000, 0x0151,
                0x0000, 0x0000, 0x0000, 0x0000, 0x0000, 0x0171, 0x0000, 0x0000, 0x0000, 0x0000, 0x0000, 0x0000, 0x0000, 0x0000, 0x0000, 0x0000,
            ],
            // 0xce
            [
                0x02db, 0x0000, 0x0000, 0x0000, 0x0000, 0x0000, 0x0000, 0x0000, 0x0000, 0x0000, 0x0000, 0x0000, 0x0000, 0x0000, 0x0000, 0x0000,
                0x0000, 0x0000, 0x0000, 0x0000, 0x0000, 0x0000, 0x0000, 0x0000, 0x0000, 0x0000, 0x0000, 0x0000, 0x0000, 0x0000, 0x0000, 0x0000,
                0x0000, 0x0104, 0x0000, 0x0000, 0x0000, 0x0118, 0x0000, 0x0000, 0x0000, 0x012e, 0x0000, 0x0000, 0x0000, 0x0000, 0x0000, 0x0000,
                0x0000, 0x0000, 0x0000, 0x0000, 0x0000, 0x0172, 0x0000, 0x0000, 0x0000, 0x0000, 0x0000, 0x0000, 0x0000, 0x0000, 0x0000, 0x0000,
                0x0000, 0x0105, 0x0000, 0x0000, 0x0000, 0x0119, 0x0000, 0x0000, 0x0000, 0x012f, 0x0000, 0x0000, 0x0000, 0x0000, 0x0000, 0x0000,
                0x0000, 0x0000, 0x0000, 0x0000, 0x0000, 0x0173, 0x0000, 0x0000, 0x0000, 0x0000, 0x0000, 0x0000, 0x0000, 0x0000, 0x0000, 0x0000,
            ],
            // 0xcf
            [
                0x02c7, 0x0000, 0x0000, 0x0000, 0x0000, 0x0000, 0x0000, 0x0000, 0x0000, 0x0000, 0x0000, 0x0000, 0x0000, 0x0000, 0x0000, 0x0000,
                0x0000, 0x0000, 0x0000, 0x0000, 0x0000, 0x0000, 0x0000, 0x0000, 0x0000, 0x0000, 0x0000, 0x0000, 0x0000, 0x0000, 0x0000, 0x0000,
                0x0000, 0x0000, 0x0000, 0x010c, 0x010e, 0x011a, 0x0000, 0x0000, 0x0000, 0x0000, 0x0000, 0x0000, 0x013d, 0x0000, 0x0147, 0x0000,
                0x0000, 0x0000, 0x0158, 0x0160, 0x0164, 0x0000, 0x0000, 0x0000, 0x0000, 0x0000, 0x017d, 0x0000, 0x0000, 0x0000, 0x0000, 0x0000,
                0x0000, 0x0000, 0x0000, 0x010d, 0x010f, 0x011b, 0x0000, 0x0000, 0x0000, 0x0000, 0x0000, 0x0000, 0x013e, 0x0000, 0x0148, 0x0000,
                0x0000, 0x0000, 0x0159, 0x0161, 0x0165, 0x0000, 0x0000, 0x0000, 0x0000, 0x0000, 0x017e, 0x0000, 0x0000, 0x0000, 0x0000, 0x0000,
            ],
        ],
        encode: &[
            (0x0000, 0x00, 0x00),
            (0x0001, 0x01, 0x00),
            (0x0002, 0x02, 0x00),
            (0x0003, 0x03, 0x00),
            (0x0004, 0x04, 0x00),
            (0x0005, 0x05, 0x00),
            (0x0006, 0x06, 0x00),
            (0x0007, 0x07, 0x00),
            (0x0008, 0x08, 0x00),
            (0x0009, 0x09, 0x00),
            (0x000a, 0x0a, 0x00),
            (0x000b, 0x0b, 0x00),
            (0x000c, 0x0c, 0x00),
            (0x000d, 0x0d, 0x00),
            (0x000e, 0x0e, 0x00),
            (0x000f, 0x0f, 0x00),
            (0x0010, 0x10, 0x00),
            (0x0011, 0x11, 0x00),
            (0x0012, 0x12, 0x00),
            (0x0013, 0x13, 0x00),
            (0x0014, 0x14, 0x00),
            (0x0015, 0x15, 0x00),
            (0x0016, 0x16, 0x00),
            (0x0017, 0x17, 0x00),
            (0x0018, 0x18, 0x00),
            (0x0019, 0x19, 0x00),
            (0x001a, 0x1a, 0x00),
            (0x001b, 0x1b, 0x00),
            (0x001c, 0x1c, 0x00),
            (0x001d, 0x1d, 0x00),
            (0x001e, 0x1e, 0x00),
            (0x001f, 0x1f, 0x00),
            (0x0020, 0x20, 0x00),
            (0x0021, 0x21, 0x00),
            (0x0022, 0x22, 0x00),
            (0x0023, 0xa6, 0x00),
            (0x0024, 0xa4, 0x00),
            (0x0025, 0x25, 0x00),
            (0x0026, 0x26, 0x00),
            (0x0027, 0x27, 0x00),
            (0x0028, 0x28, 0x00),
            (0x0029, 0x29, 0x00),
            (0x002a, 0x2a, 0x00),
            (0x002b, 0x2b, 0x00),
            (0x002c, 0x2c, 0x00),
            (0x002d, 0x2d, 0x00),
            (0x002e, 0x2e, 0x00),
            (0x002f, 0x2f, 0x00),
            (0x0030, 0x30, 0x00),
            (0x0031, 0x31, 0x00),
            (0x0032, 0x32, 0x00),
            (0x0033, 0x33, 0x00),
            (0x0034, 0x34, 0x00),
            (0x0035, 0x35, 0x00),
            (0x0036, 0x36, 0x00),
            (0x0037, 0x37, 0x00),
            (0x0038, 0x38, 0x00),
            (0x0039, 0x39, 0x00),
            (0x003a, 0x3a, 0x00),
            (0x003b, 0x3b, 0x00),
            (0x003c, 0x3c, 0x00),
            (0x003d, 0x3d, 0x00),
            (0x003e, 0x3e, 0x00),
            (0x003f, 0x3f, 0x00),
            (0x0040, 0x40, 0x00),
            (0x0041, 0x41, 0x00),
            (0x0042, 0x42, 0x00),
            (0x0043, 0x43, 0x00),
            (0x0044, 0x44, 0x00),
            (0x0045, 0x45, 0x00),
            (0x0046, 0x46, 0x00),
            (0x0047, 0x47, 0x00),
            (0x0048, 0x48, 0x00),
            (0x0049, 0x49, 0x00),
            (0x004a, 0x4a, 0x00),
            (0x004b, 0x4b, 0x00),
            (0x004c, 0x4c, 0x00),
            (0x004d, 0x4d, 0x00),
            (0x004e, 0x4e, 0x00),
            (0x004f, 0x4f, 0x00),
            (0x0050, 0x50, 0x00),
            (0x0051, 0x51, 0x00),
            (0x0052, 0x52, 0x00),
            (0x0053, 0x53, 0x00),
            (0x0054, 0x54, 0x00),
            (0x0055, 0x55, 0x00),
            (0x0056, 0x56, 0x00),
            (0x0057, 0x57, 0x00),
            (0x0058, 0x58, 0x00),
            (0x0059, 0x59, 0x00),
            (0x005a, 0x5a, 0x00),
            (0x005b, 0x5b, 0x00),
            (0x005d, 0x5d, 0x00),
            (0x005f, 0x5f, 0x00),
            (0x0061, 0x61, 0x00),
            (0x0062, 0x62, 0x00),
            (0x0063, 0x63, 0x00),
            (0x0064, 0x64, 0x00),
            (0x0065, 0x65, 0x00),
            (0x0066, 0x66, 0x00),
            (0x0067, 0x67, 0x00),
            (0x0068, 0x68, 0x00),
            (0x0069, 0x69, 0x00),
            (0x006a, 0x6a, 0x00),
            (0x006b, 0x6b, 0x00),
            (0x006c, 0x6c, 0x00),
            (0x006d, 0x6d, 0x00),
            (0x006e, 0x6e, 0x00),
            (0x006f, 0x6f, 0x00),
            (0x0070, 0x70, 0x00),
            (0x0071, 0x71, 0x00),
            (0x0072, 0x72, 0x00),
            (0x0073, 0x73, 0x00),
            (0x0074, 0x74, 0x00),
            (0x0075, 0x75, 0x00),
            (0x0076, 0x76, 0x00),
            (0x0077, 0x77, 0x00),
            (0x0078, 0x78, 0x00),
            (0x0079, 0x79, 0x00),
            (0x007a, 0x7a, 0x00),
            (0x007c, 0x7c, 0x00),
            (0x007f, 0x7f, 0x00),
            (0x0080, 0x80, 0x00),
            (0x0081, 0x81, 0x00),
            (0x0082, 0x82, 0x00),
            (0x0083, 0x83, 0x00),
            (0x0084, 0x84, 0x00),
            (0x0085, 0x85, 0x00),
            (0x0086, 0x86, 0x00),
            (0x0087, 0x87, 0x00),
            (0x0088, 0x88, 0x00),
            (0x0089, 0x89, 0x00),
            (0x008a, 0x8a, 0x00),
            (0x008b, 0x8b, 0x00),
            (0x008c, 0x8c, 0x00),
            (0x008d, 0x8d, 0x00),
            (0x008e, 0x8e, 0x00),
            (0x008f, 0x8f, 0x00),
            (0x0090, 0x90, 0x00),
            (0x0091, 0x91, 0x00),
            (0x0092, 0x92, 0x00),
            (0x0093, 0x93, 0x00),
            (0x0094, 0x94, 0x00),
            (0x0095, 0x95, 0x00),
            (0x0096, 0x96, 0x00),
            (0x0097, 0x97, 0x00),
            (0x0098, 0x98, 0x00),
            (0x0099, 0x99, 0x00),
            (0x009a, 0x9a, 0x00),
            (0x009b, 0x9b, 0x00),
            (0x009c, 0x9c, 0x00),
            (0x009d, 0x9d, 0x00),
            (0x009e, 0x9e, 0x00),
            (0x009f, 0x9f, 0x00),
            (0x00a1, 0xa1, 0x00),
            (0x00a2, 0xa2, 0x00),
            (0x00a3, 0xa3, 0x00),
            (0x00a4, 0xa8, 0x00),
            (0x00a5, 0xa5, 0x00),
            (0x00a7, 0xa7, 0x00),
            (0x00a8, 0xc8, 0x20),
            (0x00aa, 0xe3, 0x00),
            (0x00ab, 0xab, 0x00),
            (0x00af, 0xc5, 0x20),
            (0x00b0, 0xb0, 0x00),
            (0x00b1, 0xb1, 0x00),
            (0x00b2, 0xb2, 0x00),
            (0x00b3, 0xb3, 0x00),
            (0x00b4, 0xc2, 0x20),
            (0x00b5, 0xb5, 0x00),
            (0x00b6, 0xb6, 0x00),
            (0x00b7, 0xb7, 0x00),
            (0x00b8, 0xcb, 0x20),
            (0x00ba, 0xeb, 0x00),
            (0x00bb, 0xbb, 0x00),
            (0x00bc, 0xbc, 0x00),
            (0x00bd, 0xbd, 0x00),
            (0x00be, 0xbe, 0x00),
            (0x00bf, 0xbf, 0x00),
            (0x00c0, 0xc1, 0x41),
            (0x00c1, 0xc2, 0x41),
            (0x00c2, 0xc3, 0x41),
            (0x00c3, 0xc4, 0x41),
            (0x00c4, 0xc8, 0x41),
            (0x00c5, 0xca, 0x41),
            (0x00c6, 0xe1, 0x00),
            (0x00c7, 0xcb, 0x43),
            (0x00c8, 0xc1, 0x45),
            (0x00c9, 0xc2, 0x45),
            (0x00ca, 0xc3, 0x45),
            (0x00cb, 0xc8, 0x45),
            (0x00cc, 0xc1, 0x49),
            (0x00cd, 0xc2, 0x49),
            (0x00ce, 0xc3, 0x49),
            (0x00cf, 0xc8, 0x49),
            (0x00d0, 0xe2, 0x00),
            (0x00d1, 0xc4, 0x4e),
            (0x00d2, 0xc1, 0x4f),
            (0x00d3, 0xc2, 0x4f),
            (0x00d4, 0xc3, 0x4f),
            (0x00d5, 0xc4, 0x4f),
            (0x00d6, 0xc8, 0x4f),
            (0x00d7, 0xb4, 0x00),
            (0x00d8, 0xe9, 0x00),
            (0x00d9, 0xc1, 0x55),
            (0x00da, 0xc2, 0x55),
            (0x00db, 0xc3, 0x55),
            (0x00dc, 0xc8, 0x55),
            (0x00dd, 0xc2, 0x59),
            (0x00de, 0xec, 0x00),
            (0x00df, 0xfb, 0x00),
            (0x00e0, 0xc1, 0x61),
            (0x00e1, 0xc2, 0x61),
            (0x00e2, 0xc3, 0x61),
            (0x00e3, 0xc4, 0x61),
            (0x00e4, 0xc8, 0x61),
            (0x00e5, 0xca, 0x61),
            (0x00e6, 0xf1, 0x00),
            (0x00e7, 0xcb, 0x63),
            (0x00e8, 0xc1, 0x65),
            (0x00e9, 0xc2, 0x65),
            (0x00ea, 0xc3, 0x65),
            (0x00eb, 0xc8, 0x65),
            (0x00ec, 0xc1, 0x69),
            (0x00ed, 0xc2, 0x69),
            (0x00ee, 0xc3, 0x69),
            (0x00ef, 0xc8, 0x69),
            (0x00f0, 0xf3, 0x00),
            (0x00f1, 0xc4, 0x6e),
            (0x00f2, 0xc1, 0x6f),
            (0x00f3, 0xc2, 0x6f),
            (0x00f4, 0xc3, 0x6f),
            (0x00f5, 0xc4, 0x6f),
            (0x00f6, 0xc8, 0x6f),
            (0x00f7, 0xb8, 0x00),
            (0x00f8, 0xf9, 0x00),
            (0x00f9, 0xc1, 0x75),
            (0x00fa, 0xc2, 0x75),
            (0x00fb, 0xc3, 0x75),
            (0x00fc, 0xc8, 0x75),
            (0x00fd, 0xc2, 0x79),
            (0x00fe, 0xfc, 0x00),
            (0x00ff, 0xc8, 0x79),
            (0x0100, 0xc5, 0x41),
            (0x0101, 0xc5, 0x61),
            (0x0102, 0xc6, 0x41),
            (0x0103, 0xc6, 0x61),
            (0x0104, 0xce, 0x41),
            (0x0105, 0xce, 0x61),
            (0x0106, 0xc2, 0x43),
            (0x0107, 0xc2, 0x63),
            (0x0108, 0xc3, 0x43),
            (0x0109, 0xc3, 0x63),
            (0x010a, 0xc7, 0x43),
            (0x010b, 0xc7, 0x63),
            (0x010c, 0xcf, 0x43),
            (0x010d, 0xcf, 0x63),
            (0x010e, 0xcf, 0x44),
            (0x010f, 0xcf, 0x64),
            (0x0111, 0xf2, 0x00),
            (0x0112, 0xc5, 0x45),
            (0x0113, 0xc5, 0x65),
            (0x0116, 0xc7, 0x45),
            (0x0117, 0xc7, 0x65),
            (0x0118, 0xce, 0x45),
            (0x0119, 0xce, 0x65),
            (0x011a, 0xcf, 0x45),
            (0x011b, 0xcf, 0x65),
            (0x011c, 0xc3, 0x47),
            (0x011d, 0xc3, 0x67),
            (0x011e, 0xc6, 0x47),
            (0x011f, 0xc6, 0x67),
            (0x0120, 0xc7, 0x47),
            (0x0121, 0xc7, 0x67),
            (0x0122, 0xcb, 0x47),
            (0x0123, 0xcb, 0x67),
            (0x0124, 0xc3, 0x48),
            (0x0125, 0xc3, 0x68),
            (0x0126, 0xe4, 0x00),
            (0x0127, 0xf4, 0x00),
            (0x0128, 0xc4, 0x49),
            (0x0129, 0xc4, 0x69),
            (0x012a, 0xc5, 0x49),
            (0x012b, 0xc5, 0x69),
            (0x012e, 0xce, 0x49),
            (0x012f, 0xce, 0x69),
            (0x0130, 0xc7, 0x49),
            (0x0131, 0xf5, 0x00),
            (0x0132, 0xe6, 0x00),
            (0x0133, 0xf6, 0x00),
            (0x0134, 0xc3, 0x4a),
            (0x0135, 0xc3, 0x6a),
            (0x0136, 0xcb, 0x4b),
            (0x0137, 0xcb, 0x6b),
            (0x0138, 0xf0, 0x00),
            (0x0139, 0xc2, 0x4c),
            (0x013a, 0xc2, 0x6c),
            (0x013b, 0xcb, 0x4c),
            (0x013c, 0xcb, 0x6c),
            (0x013d, 0xcf, 0x4c),
            (0x013e, 0xcf, 0x6c),
            (0x013f, 0xe7, 0x00),
            (0x0140, 0xf7, 0x00),
            (0x0141, 0xe8, 0x00),
            (0x0142, 0xf8, 0x00),
            (0x0143, 0xc2, 0x4e),
            (0x0144, 0xc2, 0x6e),
            (0x0145, 0xcb, 0x4e),
            (0x0146, 0xcb, 0x6e),
            (0x0147, 0xcf, 0x4e),
            (0x0148, 0xcf, 0x6e),
            (0x0149, 0xef, 0x00),
            (0x014a, 0xee, 0x00),
            (0x014b, 0xfe, 0x00),
            (0x014c, 0xc5, 0x4f),
            (0x014d, 0xc5, 0x6f),
            (0x0150, 0xcd, 0x4f),
            (0x0151, 0xcd, 0x6f),
            (0x0152, 0xea, 0x00),
            (0x0153, 0xfa, 0x00),
            (0x0154, 0xc2, 0x52),
            (0x0155, 0xc2, 0x72),
            (0x0156, 0xcb, 0x52),
            (0x0157, 0xcb, 0x72),
            (0x0158, 0xcf, 0x52),
            (0x0159, 0xcf, 0x72),
            (0x015a, 0xc2, 0x53),
            (0x015b, 0xc2, 0x73),
            (0x015c, 0xc3, 0x53),
            (0x015d, 0xc3, 0x73),
            (0x015e, 0xcb, 0x53),
            (0x015f, 0xcb, 0x73),
            (0x0160, 0xcf, 0x53),
            (0x0161, 0xcf, 0x73),
            (0x0162, 0xcb, 0x54),
            (0x0163, 0xcb, 0x74),
            (0x0164, 0xcf, 0x54),
            (0x0165, 0xcf, 0x74),
            (0x0166, 0xed, 0x00),
            (0x0167, 0xfd, 0x00),
            (0x0168, 0xc4, 0x55),
            (0x0169, 0xc4, 0x75),
            (0x016a, 0xc5, 0x55),
            (0x016b, 0xc5, 0x75),
            (0x016c, 0xc6, 0x55),
            (0x016d, 0xc6, 0x75),
            (0x016e, 0xca, 0x55),
            (0x016f, 0xca, 0x75),
            (0x0170, 0xcd, 0x55),
            (0x0171, 0xcd, 0x75),
            (0x0172, 0xce, 0x55),
            (0x0173, 0xce, 0x75),
            (0x0174, 0xc3, 0x57),
            (0x0175, 0xc3, 0x77),
            (0x0176, 0xc3, 0x59),
            (0x0177, 0xc3, 0x79),
            (0x0178, 0xc8, 0x59),
            (0x0179, 0xc2, 0x5a),
            (0x017a, 0xc2, 0x7a),
            (0x017b, 0xc7, 0x5a),
            (0x017c, 0xc7, 0x7a),
            (0x017d, 0xcf, 0x5a),
            (0x017e, 0xcf, 0x7a),
            (0x02c7, 0xcf, 0x20),
            (0x02d8, 0xc6, 0x20),
            (0x02d9, 0xc7, 0x20),
            (0x02da, 0xca, 0x20),
            (0x02db, 0xce, 0x20),
            (0x02dd, 0xcd, 0x20),
            (0x2126, 0xe0, 0x00),
        ],
    },
    // ISO_6937
    Prefixed {
        names: &[
            b"ISO_6937//",
            b"ISO-IR-156//",
            b"ISO6937//",
            b"ISO_6937:1992//",
        ],
        single: [
            0x0000, 0x0001, 0x0002, 0x0003, 0x0004, 0x0005, 0x0006, 0x0007, 0x0008, 0x0009, 0x000a, 0x000b, 0x000c, 0x000d, 0x000e, 0x000f,
            0x0010, 0x0011, 0x0012, 0x0013, 0x0014, 0x0015, 0x0016, 0x0017, 0x0018, 0x0019, 0x001a, 0x001b, 0x001c, 0x001d, 0x001e, 0x001f,
            0x0020, 0x0021, 0x0022, 0x0023, 0x0024, 0x0025, 0x0026, 0x0027, 0x0028, 0x0029, 0x002a, 0x002b, 0x002c, 0x002d, 0x002e, 0x002f,
            0x0030, 0x0031, 0x0032, 0x0033, 0x0034, 0x0035, 0x0036, 0x0037, 0x0038, 0x0039, 0x003a, 0x003b, 0x003c, 0x003d, 0x003e, 0x003f,
            0x0040, 0x0041, 0x0042, 0x0043, 0x0044, 0x0045, 0x0046, 0x0047, 0x0048, 0x0049, 0x004a, 0x004b, 0x004c, 0x004d, 0x004e, 0x004f,
            0x0050, 0x0051, 0x0052, 0x0053, 0x0054, 0x0055, 0x0056, 0x0057, 0x0058, 0x0059, 0x005a, 0x005b, 0x005c, 0x005d, 0x005e, 0x005f,
            0x0060, 0x0061, 0x0062, 0x0063, 0x0064, 0x0065, 0x0066, 0x0067, 0x0068, 0x0069, 0x006a, 0x006b, 0x006c, 0x006d, 0x006e, 0x006f,
            0x0070, 0x0071, 0x0072, 0x0073, 0x0074, 0x0075, 0x0076, 0x0077, 0x0078, 0x0079, 0x007a, 0x007b, 0x007c, 0x007d, 0x007e, 0x007f,
            0x0080, 0x0081, 0x0082, 0x0083, 0x0084, 0x0085, 0x0086, 0x0087, 0x0088, 0x0089, 0x008a, 0x008b, 0x008c, 0x008d, 0x008e, 0x008f,
            0x0090, 0x0091, 0x0092, 0x0093, 0x0094, 0x0095, 0x0096, 0x0097, 0x0098, 0x0099, 0x009a, 0x009b, 0x009c, 0x009d, 0x009e, 0x009f,
            0x00a0, 0x00a1, 0x00a2, 0x00a3, 0x0000, 0x00a5, 0x0000, 0x00a7, 0x00a4, 0x2018, 0x201c, 0x00ab, 0x2190, 0x2191, 0x2192, 0x2193,
            0x00b0, 0x00b1, 0x00b2, 0x00b3, 0x00d7, 0x00b5, 0x00b6, 0x00b7, 0x00f7, 0x2019, 0x201d, 0x00bb, 0x00bc, 0x00bd, 0x00be, 0x00bf,
            0x0000, 0x0000, 0x0000, 0x0000, 0x0000, 0x0000, 0x0000, 0x0000, 0x0000, 0x0000, 0x0000, 0x0000, 0x0000, 0x0000, 0x0000, 0x0000,
            0x2014, 0x00b9, 0x00ae, 0x00a9, 0x2122, 0x266a, 0x00ac, 0x00a6, 0x0000, 0x0000, 0x0000, 0x0000, 0x215b, 0x215c, 0x215d, 0x215e,
            0x2126, 0x00c6, 0x00d0, 0x00aa, 0x0126, 0x0000, 0x0132, 0x013f, 0x0141, 0x00d8, 0x0152, 0x00ba, 0x00de, 0x0166, 0x014a, 0x0149,
            0x0138, 0x00e6, 0x0111, 0x00f0, 0x0127, 0x0131, 0x0133, 0x0140, 0x0142, 0x00f8, 0x0153, 0x00df, 0x00fe, 0x0167, 0x014b, 0x00ad,
        ],
        pairs: [
            // 0xc1
            [
                0x0000, 0x0000, 0x0000, 0x0000, 0x0000, 0x0000, 0x0000, 0x0000, 0x0000, 0x0000, 0x0000, 0x0000, 0x0000, 0x0000, 0x0000, 0x0000,
                0x0000, 0x0000, 0x0000, 0x0000, 0x0000, 0x0000, 0x0000, 0x0000, 0x0000, 0x0000, 0x0000, 0x0000, 0x0000, 0x0000, 0x0000, 0x0000,
                0x0000, 0x00c0, 0x0000, 0x0000, 0x0000, 0x00c8, 0x0000, 0x0000, 0x0000, 0x00cc, 0x0000, 0x0000, 0x0000, 0x0000, 0x0000, 0x00d2,
                0x0000, 0x0000, 0x0000, 0x0000, 0x0000, 0x00d9, 0x0000, 0x0000, 0x0000, 0x0000, 0x0000, 0x0000, 0x0000, 0x0000, 0x0000, 0x0000,
                0x0000, 0x00e0, 0x0000, 0x0000, 0x0000, 0x00e8, 0x0000, 0x0000, 0x0000, 0x00ec, 0x0000, 0x0000, 0x0000, 0x0000, 0x0000, 0x00f2,
                0x0000, 0x0000, 0x0000, 0x0000, 0x0000, 0x00f9, 0x0000, 0x0000, 0x0000, 0x0000, 0x0000, 0x0000, 0x0000, 0x0000, 0x0000, 0x0000,
            ],
            // 0xc2
            [
                0x00b4, 0x0000, 0x0000, 0x0000, 0x0000, 0x0000, 0x0000, 0x0000, 0x0000, 0x0000, 0x0000, 0x0000, 0x0000, 0x0000, 0x0000, 0x0000,
                0x0000, 0x0000, 0x0000, 0x0000, 0x0000, 0x0000, 0x0000, 0x0000, 0x0000, 0x0000, 0x0000, 0x0000, 0x0000, 0x0000, 0x0000, 0x0000,
                0x0000, 0x00c1, 0x0000, 0x0106, 0x0000, 0x00c9, 0x0000, 0x0000, 0x0000, 0x00cd, 0x0000, 0x0000, 0x0139, 0x0000, 0x0143, 0x00d3,
                0x0000, 0x0000, 0x0154, 0x015a, 0x0000, 0x00da, 0x0000, 0x0000, 0x0000, 0x00dd, 0x0179, 0x0000, 0x0000, 0x0000, 0x0000, 0x0000,
                0x0000, 0x00e1, 0x0000, 0x0107, 0x0000, 0x00e9, 0x0000, 0x0000, 0x0000, 0x00ed, 0x0000, 0x0000, 0x013a, 0x0000, 0x0144, 0x00f3,
                0x0000, 0x0000, 0x0155, 0x015b, 0x0000, 0x00fa, 0x0000, 0x0000, 0x0000, 0x00fd, 0x017a, 0x0000, 0x0000, 0x0000, 0x0000, 0x0000,
            ],
            // 0xc3
            [
                0x0000, 0x0000, 0x0000, 0x0000, 0x0000, 0x0000, 0x0000, 0x0000, 0x0000, 0x0000, 0x0000, 0x0000, 0x0000, 0x0000, 0x0000, 0x0000,
                0x0000, 0x0000, 0x0000, 0x0000, 0x0000, 0x0000, 0x0000, 0x0000, 0x0000, 0x0000, 0x0000, 0x0000, 0x0000, 0x0000, 0x0000, 0x0000,
                0x0000, 0x00c2, 0x0000, 0x0108, 0x0000, 0x00ca, 0x0000, 0x011c, 0x0124, 0x00ce, 0x0134, 0x0000, 0x0000, 0x0000, 0x0000, 0x00d4,
                0x0000, 0x0000, 0x0000, 0x015c, 0x0000, 0x00db, 0x0000, 0x0174, 0x0000, 0x0176, 0x0000, 0x0000, 0x0000, 0x0000, 0x0000, 0x0000,
                0x0000, 0x00e2, 0x0000, 0x0109, 0x0000, 0x00ea, 0x0000, 0x011d, 0x0125, 0x00ee, 0x0135, 0x0000, 0x0000, 0x0000, 0x0000, 0x00f4,
                0x0000, 0x0000, 0x0000, 0x015d, 0x0000, 0x00fb, 0x0000, 0x0175, 0x0000, 0x0177, 0x0000, 0x0000, 0x0000, 0x0000, 0x0000, 0x0000,
            ],
            // 0xc4
            [
                0x0000, 0x0000, 0x0000, 0x0000, 0x0000, 0x0000, 0x0000, 0x0000, 0x0000, 0x0000, 0x0000, 0x0000, 0x0000, 0x0000, 0x0000, 0x0000,
                0x0000, 0x0000, 0x0000, 0x0000, 0x0000, 0x0000, 0x0000, 0x0000, 0x0000, 0x0000, 0x0000, 0x0000, 0x0000, 0x0000, 0x0000, 0x0000,
                0x0000, 0x00c3, 0x0000, 0x0000, 0x0000, 0x0000, 0x0000, 0x0000, 0x0000, 0x0128, 0x0000, 0x0000, 0x0000, 0x0000, 0x00d1, 0x00d5,
                0x0000, 0x0000, 0x0000, 0x0000, 0x0000, 0x0168, 0x0000, 0x0000, 0x0000, 0x0000, 0x0000, 0x0000, 0x0000, 0x0000, 0x0000, 0x0000,
                0x0000, 0x00e3, 0x0000, 0x0000, 0x0000, 0x0000, 0x0000, 0x0000, 0x0000, 0x0129, 0x0000, 0x0000, 0x0000, 0x0000, 0x00f1, 0x00f5,
                0x0000, 0x0000, 0x0000, 0x0000, 0x0000, 0x0169, 0x0000, 0x0000, 0x0000, 0x0000, 0x0000, 0x0000, 0x0000, 0x0000, 0x0000, 0x0000,
            ],
            // 0xc5
            [
                0x00af, 0x0000, 0x0000, 0x0000, 0x0000, 0x0000, 0x0000, 0x0000, 0x0000, 0x0000, 0x0000, 0x0000, 0x0000, 0x0000, 0x0000, 0x0000,
                0x0000, 0x0000, 0x0000, 0x0000, 0x0000, 0x0000, 0x0000, 0x0000, 0x0000, 0x0000, 0x0000, 0x0000, 0x0000, 0x0000, 0x0000, 0x0000,
                0x0000, 0x0100, 0x0000, 0x0000, 0x0000, 0x0112, 0x0000, 0x0000, 0x0000, 0x012a, 0x0000, 0x0000, 0x0000, 0x0000, 0x0000, 0x014c,
                0x0000, 0x0000, 0x0000, 0x0000, 0x0000, 0x016a, 0x0000, 0x0000, 0x0000, 0x0000, 0x0000, 0x0000, 0x0000, 0x0000, 0x0000, 0x0000,
                0x0000, 0x0101, 0x0000, 0x0000, 0x0000, 0x0113, 0x0000, 0x0000, 0x0000, 0x012b, 0x0000, 0x0000, 0x0000, 0x0000, 0x0000, 0x014d,
                0x0000, 0x0000, 0x0000, 0x0000, 0x0000, 0x016b, 0x0000, 0x0000, 0x0000, 0x0000, 0x0000, 0x0000, 0x0000, 0x0000, 0x0000, 0x0000,
            ],
            // 0xc6
            [
                0x02d8, 0x0000, 0x0000, 0x0000, 0x0000, 0x0000, 0x0000, 0x0000, 0x0000, 0x0000, 0x0000, 0x0000, 0x0000, 0x0000, 0x0000, 0x0000,
                0x0000, 0x0000, 0x0000, 0x0000, 0x0000, 0x0000, 0x0000, 0x0000, 0x0000, 0x0000, 0x0000, 0x0000, 0x0000, 0x0000, 0x0000, 0x0000,
                0x0000, 0x0102, 0x0000, 0x0000, 0x0000, 0x0000, 0x0000, 0x011e, 0x0000, 0x0000, 0x0000, 0x0000, 0x0000, 0x0000, 0x0000, 0x0000,
                0x0000, 0x0000, 0x0000, 0x0000, 0x0000, 0x016c, 0x0000, 0x0000, 0x0000, 0x0000, 0x0000, 0x0000, 0x0000, 0x0000, 0x0000, 0x0000,
                0x0000, 0x0103, 0x0000, 0x0000, 0x0000, 0x0000, 0x0000, 0x011f, 0x0000, 0x0000, 0x0000, 0x0000, 0x0000, 0x0000, 0x0000, 0x0000,
                0x0000, 0x0000, 0x0000, 0x0000, 0x0000, 0x016d, 0x0000, 0x0000, 0x0000, 0x0000, 0x0000, 0x0000, 0x0000, 0x0000, 0x0000, 0x0000,
            ],
            // 0xc7
            [
                0x02d9, 0x0000, 0x0000, 0x0000, 0x0000, 0x0000, 0x0000, 0x0000, 0x0000, 0x0000, 0x0000, 0x0000, 0x0000, 0x0000, 0x0000, 0x0000,
                0x0000, 0x0000, 0x0000, 0x0000, 0x0000, 0x0000, 0x0000, 0x0000, 0x0000, 0x0000, 0x0000, 0x0000, 0x0000, 0x0000, 0x0000, 0x0000,
                0x0000, 0x0000, 0x0000, 0x010a, 0x0000, 0x0116, 0x0000, 0x0120, 0x0000, 0x0130, 0x0000, 0x0000, 0x0000, 0x0000, 0x0000, 0x0000,
                0x0000, 0x0000, 0x0000, 0x0000, 0x0000, 0x0000, 0x0000, 0x0000, 0x0000, 0x0000, 0x017b, 0x0000, 0x0000, 0x0000, 0x0000, 0x0000,
                0x0000, 0x0000, 0x0000, 0x010b, 0x0000, 0x0117, 0x0000, 0x0121, 0x0000, 0x0000, 0x0000, 0x0000, 0x0000, 0x0000, 0x0000, 0x0000,
                0x0000, 0x0000, 0x0000, 0x0000, 0x0000, 0x0000, 0x0000, 0x0000, 0x0000, 0x0000, 0x017c, 0x0000, 0x0000, 0x0000, 0x0000, 0x0000,
            ],
            // 0xc8
            [
                0x00a8, 0x0000, 0x0000, 0x0000, 0x0000, 0x0000, 0x0000, 0x0000, 0x0000, 0x0000, 0x0000, 0x0000, 0x0000, 0x0000, 0x0000, 0x0000,
                0x0000, 0x0000, 0x0000, 0x0000, 0x0000, 0x0000, 0x0000, 0x0000, 0x0000, 0x0000, 0x0000, 0x0000, 0x0000, 0x0000, 0x0000, 0x0000,
                0x0000, 0x00c4, 0x0000, 0x0000, 0x0000, 0x00cb, 0x0000, 0x0000, 0x0000, 0x00cf, 0x0000, 0x0000, 0x0000, 0x0000, 0x0000, 0x00d6,
                0x0000, 0x0000, 0x0000, 0x0000, 0x0000, 0x00dc, 0x0000, 0x0000, 0x0000, 0x0178, 0x0000, 0x0000, 0x0000, 0x0000, 0x0000, 0x0000,
                0x0000, 0x00e4, 0x0000, 0x0000, 0x0000, 0x00eb, 0x0000, 0x0000, 0x0000, 0x00ef, 0x0000, 0x0000, 0x0000, 0x0000, 0x0000, 0x00f6,
                0x0000, 0x0000, 0x0000, 0x0000, 0x0000, 0x00fc, 0x0000, 0x0000, 0x0000, 0x00ff, 0x0000, 0x0000, 0x0000, 0x0000, 0x0000, 0x0000,
            ],
            // 0xc9
            [
                0x0000, 0x0000, 0x0000, 0x0000, 0x0000, 0x0000, 0x0000, 0x0000, 0x0000, 0x0000, 0x0000, 0x0000, 0x0000, 0x0000, 0x0000, 0x0000,
                0x0000, 0x0000, 0x0000, 0x0000, 0x0000, 0x0000, 0x0000, 0x0000, 0x0000, 0x0000, 0x0000, 0x0000, 0x0000, 0x0000, 0x0000, 0x0000,
                0x0000, 0x0000, 0x0000, 0x0000, 0x0000, 0x0000, 0x0000, 0x0000, 0x0000, 0x0000, 0x0000, 0x0000, 0x0000, 0x0000, 0x0000, 0x0000,
                0x0000, 0x0000, 0x0000, 0x0000, 0x0000, 0x0000, 0x0000, 0x0000, 0x0000, 0x0000, 0x0000, 0x0000, 0x0000, 0x0000, 0x0000, 0x0000,
                0x0000, 0x0000, 0x0000, 0x0000, 0x0000, 0x0000, 0x0000, 0x0000, 0x0000, 0x0000, 0x0000, 0x0000, 0x0000, 0x0000, 0x0000, 0x0000,
                0x0000, 0x0000, 0x0000, 0x0000, 0x0000, 0x0000, 0x0000, 0x0000, 0x0000, 0x0000, 0x0000, 0x0000, 0x0000, 0x0000, 0x0000, 0x0000,
            ],
            // 0xca
            [
                0x02da, 0x0000, 0x0000, 0x0000, 0x0000, 0x0000, 0x0000, 0x0000, 0x0000, 0x0000, 0x0000, 0x0000, 0x0000, 0x0000, 0x0000, 0x0000,
                0x0000, 0x0000, 0x0000, 0x0000, 0x0000, 0x0000, 0x0000, 0x0000, 0x0000, 0x0000, 0x0000, 0x0000, 0x0000, 0x0000, 0x0000, 0x0000,
                0x0000, 0x00c5, 0x0000, 0x0000, 0x0000, 0x0000, 0x0000, 0x0000, 0x0000, 0x0000, 0x0000, 0x0000, 0x0000, 0x0000, 0x0000, 0x0000,
                0x0000, 0x0000, 0x0000, 0x0000, 0x0000, 0x016e, 0x0000, 0x0000, 0x0000, 0x0000, 0x0000, 0x0000, 0x0000, 0x0000, 0x0000, 0x0000,
                0x0000, 0x00e5, 0x0000, 0x0000, 0x0000, 0x0000, 0x0000, 0x0000, 0x0000, 0x0000, 0x0000, 0x0000, 0x0000, 0x0000, 0x0000, 0x0000,
                0x0000, 0x0000, 0x0000, 0x0000, 0x0000, 0x016f, 0x0000, 0x0000, 0x0000, 0x0000, 0x0000, 0x0000, 0x0000, 0x0000, 0x0000, 0x0000,
            ],
            // 0xcb
            [
                0x00b8, 0x0000, 0x0000, 0x0000, 0x0000, 0x0000, 0x0000, 0x0000, 0x0000, 0x0000, 0x0000, 0x0000, 0x0000, 0x0000, 0x0000, 0x0000,
                0x0000, 0x0000, 0x0000, 0x0000, 0x0000, 0x0000, 0x0000, 0x0000, 0x0000, 0x0000, 0x0000, 0x0000, 0x0000, 0x0000, 0x0000, 0x0000,
                0x0000, 0x0000, 0x0000, 0x00c7, 0x0000, 0x0000, 0x0000, 0x0122, 0x0000, 0x0000, 0x0000, 0x0136, 0x013b, 0x0000, 0x0145, 0x0000,
                0x0000, 0x0000, 0x0156, 0x015e, 0x0162, 0x0000, 0x0000, 0x0000, 0x0000, 0x0000, 0x0000, 0x0000, 0x0000, 0x0000, 0x0000, 0x0000,
                0x0000, 0x0000, 0x0000, 0x00e7, 0x0000, 0x0000, 0x0000, 0x0123, 0x0000, 0x0000, 0x0000, 0x0137, 0x013c, 0x0000, 0x0146, 0x0000,
                0x0000, 0x0000, 0x0157, 0x015f, 0x0163, 0x0000, 0x0000, 0x0000, 0x0000, 0x0000, 0x0000, 0x0000, 0x0000, 0x0000, 0x0000, 0x0000,
            ],
            // 0xcc
            [
                0x0000, 0x0000, 0x0000, 0x0000, 0x0000, 0x0000, 0x0000, 0x0000, 0x0000, 0x0000, 0x0000, 0x0000, 0x0000, 0x0000, 0x0000, 0x0000,
                0x0000, 0x0000, 0x0000, 0x0000, 0x0000, 0x0000, 0x0000, 0x0000, 0x0000, 0x0000, 0x0000, 0x0000, 0x0000, 0x0000, 0x0000, 0x0000,
                0x0000, 0x0000, 0x0000, 0x0000, 0x0000, 0x0000, 0x0000, 0x0000, 0x0000, 0x0000, 0x0000, 0x0000, 0x0000, 0x0000, 0x0000, 0x0000,
                0x0000, 0x0000, 0x0000, 0x0000, 0x0000, 0x0000, 0x0000, 0x0000, 0x0000, 0x0000, 0x0000, 0x0000, 0x0000, 0x0000, 0x0000, 0x0000,
                0x0000, 0x0000, 0x0000, 0x0000, 0x0000, 0x0000, 0x0000, 0x0000, 0x0000, 0x0000, 0x0000, 0x0000, 0x0000, 0x0000, 0x0000, 0x0000,
                0x0000, 0x0000, 0x0000, 0x0000, 0x0000, 0x0000, 0x0000, 0x0000, 0x0000, 0x0000, 0x0000, 0x0000, 0x0000, 0x0000, 0x0000, 0x0000,
            ],
            // 0xcd
            [
                0x02dd, 0x0000, 0x0000, 0x0000, 0x0000, 0x0000, 0x0000, 0x0000, 0x0000, 0x0000, 0x0000, 0x0000, 0x0000, 0x0000, 0x0000, 0x0000,
                0x0000, 0x0000, 0x0000, 0x0000, 0x0000, 0x0000, 0x0000, 0x0000, 0x0000, 0x0000, 0x0000, 0x0000, 0x0000, 0x0000, 0x0000, 0x0000,
                0x0000, 0x0000, 0x0000, 0x0000, 0x0000, 0x0000, 0x0000, 0x0000, 0x0000, 0x0000, 0x0000, 0x0000, 0x0000, 0x0000, 0x0000, 0x0150,
                0x0000, 0x0000, 0x0000, 0x0000, 0x0000, 0x0170, 0x0000, 0x0000, 0x0000, 0x0000, 0x0000, 0x0000, 0x0000, 0x0000, 0x0000, 0x0000,
                0x0000, 0x0000, 0x0000, 0x0000, 0x0000, 0x0000, 0x0000, 0x0000, 0x0000, 0x0000, 0x0000, 0x0000, 0x0000, 0x0000, 0x0000, 0x0151,
                0x0000, 0x0000, 0x0000, 0x0000, 0x0000, 0x0171, 0x0000, 0x0000, 0x0000, 0x0000, 0x0000, 0x0000, 0x0000, 0x0000, 0x0000, 0x0000,
            ],
            // 0xce
            [
                0x02db, 0x0000, 0x0000, 0x0000, 0x0000, 0x0000, 0x0000, 0x0000, 0x0000, 0x0000, 0x0000, 0x0000, 0x0000, 0x0000, 0x0000, 0x0000,
                0x0000, 0x0000, 0x0000, 0x0000, 0x0000, 0x0000, 0x0000, 0x0000, 0x0000, 0x0000, 0x0000, 0x0000, 0x0000, 0x0000, 0x0000, 0x0000,
                0x0000, 0x0104, 0x0000, 0x0000, 0x0000, 0x0118, 0x0000, 0x0000, 0x0000, 0x012e, 0x0000, 0x0000, 0x0000, 0x0000, 0x0000, 0x0000,
                0x0000, 0x0000, 0x0000, 0x0000, 0x0000, 0x0172, 0x0000, 0x0000, 0x0000, 0x0000, 0x0000, 0x0000, 0x0000, 0x0000, 0x0000, 0x0000,
                0x0000, 0x0105, 0x0000, 0x0000, 0x0000, 0x0119, 0x0000, 0x0000, 0x0000, 0x012f, 0x0000, 0x0000, 0x0000, 0x0000, 0x0000, 0x0000,
                0x0000, 0x0000, 0x0000, 0x0000, 0x0000, 0x0173, 0x0000, 0x0000, 0x0000, 0x0000, 0x0000, 0x0000, 0x0000, 0x0000, 0x0000, 0x0000,
            ],
            // 0xcf
            [
                0x02c7, 0x0000, 0x0000, 0x0000, 0x0000, 0x0000, 0x0000, 0x0000, 0x0000, 0x0000, 0x0000, 0x0000, 0x0000, 0x0000, 0x0000, 0x0000,
                0x0000, 0x0000, 0x0000, 0x0000, 0x0000, 0x0000, 0x0000, 0x0000, 0x0000, 0x0000, 0x0000, 0x0000, 0x0000, 0x0000, 0x0000, 0x0000,
                0x0000, 0x0000, 0x0000, 0x010c, 0x010e, 0x011a, 0x0000, 0x0000, 0x0000, 0x0000, 0x0000, 0x0000, 0x013d, 0x0000, 0x0147, 0x0000,
                0x0000, 0x0000, 0x0158, 0x0160, 0x0164, 0x0000, 0x0000, 0x0000, 0x0000, 0x0000, 0x017d, 0x0000, 0x0000, 0x0000, 0x0000, 0x0000,
                0x0000, 0x0000, 0x0000, 0x010d, 0x010f, 0x011b, 0x0000, 0x0000, 0x0000, 0x0000, 0x0000, 0x0000, 0x013e, 0x0000, 0x0148, 0x0000,
                0x0000, 0x0000, 0x0159, 0x0161, 0x0165, 0x0000, 0x0000, 0x0000, 0x0000, 0x0000, 0x017e, 0x0000, 0x0000, 0x0000, 0x0000, 0x0000,
            ],
        ],
        encode: &[
            (0x0000, 0x00, 0x00),
            (0x0001, 0x01, 0x00),
            (0x0002, 0x02, 0x00),
            (0x0003, 0x03, 0x00),
            (0x0004, 0x04, 0x00),
            (0x0005, 0x05, 0x00),
            (0x0006, 0x06, 0x00),
            (0x0007, 0x07, 0x00),
            (0x0008, 0x08, 0x00),
            (0x0009, 0x09, 0x00),
            (0x000a, 0x0a, 0x00),
            (0x000b, 0x0b, 0x00),
            (0x000c, 0x0c, 0x00),
            (0x000d, 0x0d, 0x00),
            (0x000e, 0x0e, 0x00),
            (0x000f, 0x0f, 0x00),
            (0x0010, 0x10, 0x00),
            (0x0011, 0x11, 0x00),
            (0x0012, 0x12, 0x00),
            (0x0013, 0x13, 0x00),
            (0x0014, 0x14, 0x00),
            (0x0015, 0x15, 0x00),
            (0x0016, 0x16, 0x00),
            (0x0017, 0x17, 0x00),
            (0x0018, 0x18, 0x00),
            (0x0019, 0x19, 0x00),
            (0x001a, 0x1a, 0x00),
            (0x001b, 0x1b, 0x00),
            (0x001c, 0x1c, 0x00),
            (0x001d, 0x1d, 0x00),
            (0x001e, 0x1e, 0x00),
            (0x001f, 0x1f, 0x00),
            (0x0020, 0x20, 0x00),
            (0x0021, 0x21, 0x00),
            (0x0022, 0x22, 0x00),
            (0x0023, 0x23, 0x00),
            (0x0024, 0x24, 0x00),
            (0x0025, 0x25, 0x00),
            (0x0026, 0x26, 0x00),
            (0x0027, 0x27, 0x00),
            (0x0028, 0x28, 0x00),
            (0x0029, 0x29, 0x00),
            (0x002a, 0x2a, 0x00),
            (0x002b, 0x2b, 0x00),
            (0x002c, 0x2c, 0x00),
            (0x002d, 0x2d, 0x00),
            (0x002e, 0x2e, 0x00),
            (0x002f, 0x2f, 0x00),
            (0x0030, 0x30, 0x00),
            (0x0031, 0x31, 0x00),
            (0x0032, 0x32, 0x00),
            (0x0033, 0x33, 0x00),
            (0x0034, 0x34, 0x00),
            (0x0035, 0x35, 0x00),
            (0x0036, 0x36, 0x00),
            (0x0037, 0x37, 0x00),
            (0x0038, 0x38, 0x00),
            (0x0039, 0x39, 0x00),
            (0x003a, 0x3a, 0x00),
            (0x003b, 0x3b, 0x00),
            (0x003c, 0x3c, 0x00),
            (0x003d, 0x3d, 0x00),
            (0x003e, 0x3e, 0x00),
            (0x003f, 0x3f, 0x00),
            (0x0040, 0x40, 0x00),
            (0x0041, 0x41, 0x00),
            (0x0042, 0x42, 0x00),
            (0x0043, 0x43, 0x00),
            (0x0044, 0x44, 0x00),
            (0x0045, 0x45, 0x00),
            (0x0046, 0x46, 0x00),
            (0x0047, 0x47, 0x00),
            (0x0048, 0x48, 0x00),
            (0x0049, 0x49, 0x00),
            (0x004a, 0x4a, 0x00),
            (0x004b, 0x4b, 0x00),
            (0x004c, 0x4c, 0x00),
            (0x004d, 0x4d, 0x00),
            (0x004e, 0x4e, 0x00),
            (0x004f, 0x4f, 0x00),
            (0x0050, 0x50, 0x00),
            (0x0051, 0x51, 0x00),
            (0x0052, 0x52, 0x00),
            (0x0053, 0x53, 0x00),
            (0x0054, 0x54, 0x00),
            (0x0055, 0x55, 0x00),
            (0x0056, 0x56, 0x00),
            (0x0057, 0x57, 0x00),
            (0x0058, 0x58, 0x00),
            (0x0059, 0x59, 0x00),
            (0x005a, 0x5a, 0x00),
            (0x005b, 0x5b, 0x00),
            (0x005c, 0x5c, 0x00),
            (0x005d, 0x5d, 0x00),
            (0x005e, 0x5e, 0x00),
            (0x005f, 0x5f, 0x00),
            (0x0060, 0x60, 0x00),
            (0x0061, 0x61, 0x00),
            (0x0062, 0x62, 0x00),
            (0x0063, 0x63, 0x00),
            (0x0064, 0x64, 0x00),
            (0x0065, 0x65, 0x00),
            (0x0066, 0x66, 0x00),
            (0x0067, 0x67, 0x00),
            (0x0068, 0x68, 0x00),
            (0x0069, 0x69, 0x00),
            (0x006a, 0x6a, 0x00),
            (0x006b, 0x6b, 0x00),
            (0x006c, 0x6c, 0x00),
            (0x006d, 0x6d, 0x00),
            (0x006e, 0x6e, 0x00),
            (0x006f, 0x6f, 0x00),
            (0x0070, 0x70, 0x00),
            (0x0071, 0x71, 0x00),
            (0x0072, 0x72, 0x00),
            (0x0073, 0x73, 0x00),
            (0x0074, 0x74, 0x00),
            (0x0075, 0x75, 0x00),
            (0x0076, 0x76, 0x00),
            (0x0077, 0x77, 0x00),
            (0x0078, 0x78, 0x00),
            (0x0079, 0x79, 0x00),
            (0x007a, 0x7a, 0x00),
            (0x007b, 0x7b, 0x00),
            (0x007c, 0x7c, 0x00),
            (0x007d, 0x7d, 0x00),
            (0x007e, 0x7e, 0x00),
            (0x007f, 0x7f, 0x00),
            (0x0080, 0x80, 0x00),
            (0x0081, 0x81, 0x00),
            (0x0082, 0x82, 0x00),
            (0x0083, 0x83, 0x00),
            (0x0084, 0x84, 0x00),
            (0x0085, 0x85, 0x00),
            (0x0086, 0x86, 0x00),
            (0x0087, 0x87, 0x00),
            (0x0088, 0x88, 0x00),
            (0x0089, 0x89, 0x00),
            (0x008a, 0x8a, 0x00),
            (0x008b, 0x8b, 0x00),
            (0x008c, 0x8c, 0x00),
            (0x008d, 0x8d, 0x00),
            (0x008e, 0x8e, 0x00),
            (0x008f, 0x8f, 0x00),
            (0x0090, 0x90, 0x00),
            (0x0091, 0x91, 0x00),
            (0x0092, 0x92, 0x00),
            (0x0093, 0x93, 0x00),
            (0x0094, 0x94, 0x00),
            (0x0095, 0x95, 0x00),
            (0x0096, 0x96, 0x00),
            (0x0097, 0x97, 0x00),
            (0x0098, 0x98, 0x00),
            (0x0099, 0x99, 0x00),
            (0x009a, 0x9a, 0x00),
            (0x009b, 0x9b, 0x00),
            (0x009c, 0x9c, 0x00),
            (0x009d, 0x9d, 0x00),
            (0x009e, 0x9e, 0x00),
            (0x009f, 0x9f, 0x00),
            (0x00a0, 0xa0, 0x00),
            (0x00a1, 0xa1, 0x00),
            (0x00a2, 0xa2, 0x00),
            (0x00a3, 0xa3, 0x00),
            (0x00a4, 0xa8, 0x00),
            (0x00a5, 0xa5, 0x00),
            (0x00a6, 0xd7, 0x00),
            (0x00a7, 0xa7, 0x00),
            (0x00a8, 0xc8, 0x20),
            (0x00a9, 0xd3, 0x00),
            (0x00aa, 0xe3, 0x00),
            (0x00ab, 0xab, 0x00),
            (0x00ac, 0xd6, 0x00),
            (0x00ad, 0xff, 0x00),
            (0x00ae, 0xd2, 0x00),
            (0x00af, 0xc5, 0x20),
            (0x00b0, 0xb0, 0x00),
            (0x00b1, 0xb1, 0x00),
            (0x00b2, 0xb2, 0x00),
            (0x00b3, 0xb3, 0x00),
            (0x00b4, 0xc2, 0x20),
            (0x00b5, 0xb5, 0x00),
            (0x00b6, 0xb6, 0x00),
            (0x00b7, 0xb7, 0x00),
            (0x00b8, 0xcb, 0x20),
            (0x00b9, 0xd1, 0x00),
            (0x00ba, 0xeb, 0x00),
            (0x00bb, 0xbb, 0x00),
            (0x00bc, 0xbc, 0x00),
            (0x00bd, 0xbd, 0x00),
            (0x00be, 0xbe, 0x00),
            (0x00bf, 0xbf, 0x00),
            (0x00c0, 0xc1, 0x41),
            (0x00c1, 0xc2, 0x41),
            (0x00c2, 0xc3, 0x41),
            (0x00c3, 0xc4, 0x41),
            (0x00c4, 0xc8, 0x41),
            (0x00c5, 0xca, 0x41),
            (0x00c6, 0xe1, 0x00),
            (0x00c7, 0xcb, 0x43),
            (0x00c8, 0xc1, 0x45),
            (0x00c9, 0xc2, 0x45),
            (0x00ca, 0xc3, 0x45),
            (0x00cb, 0xc8, 0x45),
            (0x00cc, 0xc1, 0x49),
            (0x00cd, 0xc2, 0x49),
            (0x00ce, 0xc3, 0x49),
            (0x00cf, 0xc8, 0x49),
            (0x00d0, 0xe2, 0x00),
            (0x00d1, 0xc4, 0x4e),
            (0x00d2, 0xc1, 0x4f),
            (0x00d3, 0xc2, 0x4f),
            (0x00d4, 0xc3, 0x4f),
            (0x00d5, 0xc4, 0x4f),
            (0x00d6, 0xc8, 0x4f),
            (0x00d7, 0xb4, 0x00),
            (0x00d8, 0xe9, 0x00),
            (0x00d9, 0xc1, 0x55),
            (0x00da, 0xc2, 0x55),
            (0x00db, 0xc3, 0x55),
            (0x00dc, 0xc8, 0x55),
            (0x00dd, 0xc2, 0x59),
            (0x00de, 0xec, 0x00),
            (0x00df, 0xfb, 0x00),
            (0x00e0, 0xc1, 0x61),
            (0x00e1, 0xc2, 0x61),
            (0x00e2, 0xc3, 0x61),
            (0x00e3, 0xc4, 0x61),
            (0x00e4, 0xc8, 0x61),
            (0x00e5, 0xca, 0x61),
            (0x00e6, 0xf1, 0x00),
            (0x00e7, 0xcb, 0x63),
            (0x00e8, 0xc1, 0x65),
            (0x00e9, 0xc2, 0x65),
            (0x00ea, 0xc3, 0x65),
            (0x00eb, 0xc8, 0x65),
            (0x00ec, 0xc1, 0x69),
            (0x00ed, 0xc2, 0x69),
            (0x00ee, 0xc3, 0x69),
            (0x00ef, 0xc8, 0x69),
            (0x00f0, 0xf3, 0x00),
            (0x00f1, 0xc4, 0x6e),
            (0x00f2, 0xc1, 0x6f),
            (0x00f3, 0xc2, 0x6f),
            (0x00f4, 0xc3, 0x6f),
            (0x00f5, 0xc4, 0x6f),
            (0x00f6, 0xc8, 0x6f),
            (0x00f7, 0xb8, 0x00),
            (0x00f8, 0xf9, 0x00),
            (0x00f9, 0xc1, 0x75),
            (0x00fa, 0xc2, 0x75),
            (0x00fb, 0xc3, 0x75),
            (0x00fc, 0xc8, 0x75),
            (0x00fd, 0xc2, 0x79),
            (0x00fe, 0xfc, 0x00),
            (0x00ff, 0xc8, 0x79),
            (0x0100, 0xc5, 0x41),
            (0x0101, 0xc5, 0x61),
            (0x0102, 0xc6, 0x41),
            (0x0103, 0xc6, 0x61),
            (0x0104, 0xce, 0x41),
            (0x0105, 0xce, 0x61),
            (0x0106, 0xc2, 0x43),
            (0x0107, 0xc2, 0x63),
            (0x0108, 0xc3, 0x43),
            (0x0109, 0xc3, 0x63),
            (0x010a, 0xc7, 0x43),
            (0x010b, 0xc7, 0x63),
            (0x010c, 0xcf, 0x43),
            (0x010d, 0xcf, 0x63),
            (0x010e, 0xcf, 0x44),
            (0x010f, 0xcf, 0x64),
            (0x0111, 0xf2, 0x00),
            (0x0112, 0xc5, 0x45),
            (0x0113, 0xc5, 0x65),
            (0x0116, 0xc7, 0x45),
            (0x0117, 0xc7, 0x65),
            (0x0118, 0xce, 0x45),
            (0x0119, 0xce, 0x65),
            (0x011a, 0xcf, 0x45),
            (0x011b, 0xcf, 0x65),
            (0x011c, 0xc3, 0x47),
            (0x011d, 0xc3, 0x67),
            (0x011e, 0xc6, 0x47),
            (0x011f, 0xc6, 0x67),
            (0x0120, 0xc7, 0x47),
            (0x0121, 0xc7, 0x67),
            (0x0122, 0xcb, 0x47),
            (0x0123, 0xcb, 0x67),
            (0x0124, 0xc3, 0x48),
            (0x0125, 0xc3, 0x68),
            (0x0126, 0xe4, 0x00),
            (0x0127, 0xf4, 0x00),
            (0x0128, 0xc4, 0x49),
            (0x0129, 0xc4, 0x69),
            (0x012a, 0xc5, 0x49),
            (0x012b, 0xc5, 0x69),
            (0x012e, 0xce, 0x49),
            (0x012f, 0xce, 0x69),
            (0x0130, 0xc7, 0x49),
            (0x0131, 0xf5, 0x00),
            (0x0132, 0xe6, 0x00),
            (0x0133, 0xf6, 0x00),
            (0x0134, 0xc3, 0x4a),
            (0x0135, 0xc3, 0x6a),
            (0x0136, 0xcb, 0x4b),
            (0x0137, 0xcb, 0x6b),
            (0x0138, 0xf0, 0x00),
            (0x0139, 0xc2, 0x4c),
            (0x013a, 0xc2, 0x6c),
            (0x013b, 0xcb, 0x4c),
            (0x013c, 0xcb, 0x6c),
            (0x013d, 0xcf, 0x4c),
            (0x013e, 0xcf, 0x6c),
            (0x013f, 0xe7, 0x00),
            (0x0140, 0xf7, 0x00),
            (0x0141, 0xe8, 0x00),
            (0x0142, 0xf8, 0x00),
            (0x0143, 0xc2, 0x4e),
            (0x0144, 0xc2, 0x6e),
            (0x0145, 0xcb, 0x4e),
            (0x0146, 0xcb, 0x6e),
            (0x0147, 0xcf, 0x4e),
            (0x0148, 0xcf, 0x6e),
            (0x0149, 0xef, 0x00),
            (0x014a, 0xee, 0x00),
            (0x014b, 0xfe, 0x00),
            (0x014c, 0xc5, 0x4f),
            (0x014d, 0xc5, 0x6f),
            (0x0150, 0xcd, 0x4f),
            (0x0151, 0xcd, 0x6f),
            (0x0152, 0xea, 0x00),
            (0x0153, 0xfa, 0x00),
            (0x0154, 0xc2, 0x52),
            (0x0155, 0xc2, 0x72),
            (0x0156, 0xcb, 0x52),
            (0x0157, 0xcb, 0x72),
            (0x0158, 0xcf, 0x52),
            (0x0159, 0xcf, 0x72),
            (0x015a, 0xc2, 0x53),
            (0x015b, 0xc2, 0x73),
            (0x015c, 0xc3, 0x53),
            (0x015d, 0xc3, 0x73),
            (0x015e, 0xcb, 0x53),
            (0x015f, 0xcb, 0x73),
            (0x0160, 0xcf, 0x53),
            (0x0161, 0xcf, 0x73),
            (0x0162, 0xcb, 0x54),
            (0x0163, 0xcb, 0x74),
            (0x0164, 0xcf, 0x54),
            (0x0165, 0xcf, 0x74),
            (0x0166, 0xed, 0x00),
            (0x0167, 0xfd, 0x00),
            (0x0168, 0xc4, 0x55),
            (0x0169, 0xc4, 0x75),
            (0x016a, 0xc5, 0x55),
            (0x016b, 0xc5, 0x75),
            (0x016c, 0xc6, 0x55),
            (0x016d, 0xc6, 0x75),
            (0x016e, 0xca, 0x55),
            (0x016f, 0xca, 0x75),
            (0x0170, 0xcd, 0x55),
            (0x0171, 0xcd, 0x75),
            (0x0172, 0xce, 0x55),
            (0x0173, 0xce, 0x75),
            (0x0174, 0xc3, 0x57),
            (0x0175, 0xc3, 0x77),
            (0x0176, 0xc3, 0x59),
            (0x0177, 0xc3, 0x79),
            (0x0178, 0xc8, 0x59),
            (0x0179, 0xc2, 0x5a),
            (0x017a, 0xc2, 0x7a),
            (0x017b, 0xc7, 0x5a),
            (0x017c, 0xc7, 0x7a),
            (0x017d, 0xcf, 0x5a),
            (0x017e, 0xcf, 0x7a),
            (0x02c7, 0xcf, 0x20),
            (0x02d8, 0xc6, 0x20),
            (0x02d9, 0xc7, 0x20),
            (0x02da, 0xca, 0x20),
            (0x02db, 0xce, 0x20),
            (0x02dd, 0xcd, 0x20),
            (0x2014, 0xd0, 0x00),
            (0x2018, 0xa9, 0x00),
            (0x2019, 0xb9, 0x00),
            (0x201c, 0xaa, 0x00),
            (0x201d, 0xba, 0x00),
            (0x2122, 0xd4, 0x00),
            (0x2126, 0xe0, 0x00),
            (0x215b, 0xdc, 0x00),
            (0x215c, 0xdd, 0x00),
            (0x215d, 0xde, 0x00),
            (0x215e, 0xdf, 0x00),
            (0x2190, 0xac, 0x00),
            (0x2191, 0xad, 0x00),
            (0x2192, 0xae, 0x00),
            (0x2193, 0xaf, 0x00),
            (0x266a, 0xd5, 0x00),
        ],
    },
    // ISO_6937-2
    Prefixed {
        names: &[
            b"ISO_6937-2//",
            b"CSISO90//",
            b"ISO-IR-90//",
            b"ISO_6937-2:1983//",
            b"ISO_69372//",
        ],
        single: [
            0x0000, 0x0001, 0x0002, 0x0003, 0x0004, 0x0005, 0x0006, 0x0007, 0x0008, 0x0009, 0x000a, 0x000b, 0x000c, 0x000d, 0x000e, 0x000f,
            0x0010, 0x0011, 0x0012, 0x0013, 0x0014, 0x0015, 0x0016, 0x0017, 0x0018, 0x0019, 0x001a, 0x001b, 0x001c, 0x001d, 0x001e, 0x001f,
            0x0020, 0x0021, 0x0022, 0x0023, 0x00a4, 0x0025, 0x0026, 0x0027, 0x0028, 0x0029, 0x002a, 0x002b, 0x002c, 0x002d, 0x002e, 0x002f,
            0x0030, 0x0031, 0x0032, 0x0033, 0x0034, 0x0035, 0x0036, 0x0037, 0x0038, 0x0039, 0x003a, 0x003b, 0x003c, 0x003d, 0x003e, 0x003f,
            0x0040, 0x0041, 0x0042, 0x0043, 0x0044, 0x0045, 0x0046, 0x0047, 0x0048, 0x0049, 0x004a, 0x004b, 0x004c, 0x004d, 0x004e, 0x004f,
            0x0050, 0x0051, 0x0052, 0x0053, 0x0054, 0x0055, 0x0056, 0x0057, 0x0058, 0x0059, 0x005a, 0x005b, 0x005c, 0x005d, 0x005e, 0x005f,
            0x0060, 0x0061, 0x0062, 0x0063, 0x0064, 0x0065, 0x0066, 0x0067, 0x0068, 0x0069, 0x006a, 0x006b, 0x006c, 0x006d, 0x006e, 0x006f,
            0x0070, 0x0071, 0x0072, 0x0073, 0x0074, 0x0075, 0x0076, 0x0077, 0x0078, 0x0079, 0x007a, 0x007b, 0x007c, 0x007d, 0x007e, 0x007f,
            0x0080, 0x0081, 0x0082, 0x0083, 0x0084, 0x0085, 0x0086, 0x0087, 0x0088, 0x0089, 0x008a, 0x008b, 0x008c, 0x008d, 0x008e, 0x008f,
            0x0090, 0x0091, 0x0092, 0x0093, 0x0094, 0x0095, 0x0096, 0x0097, 0x0098, 0x0099, 0x009a, 0x009b, 0x009c, 0x009d, 0x009e, 0x009f,
            0x0000, 0x00a1, 0x00a2, 0x00a3, 0x0024, 0x00a5, 0x0023, 0x00a7, 0x00a4, 0x2018, 0x201c, 0x00ab, 0x2190, 0x2191, 0x2192, 0x2193,
            0x00b0, 0x00b1, 0x00b2, 0x00b3, 0x00d7, 0x00b5, 0x00b6, 0x00b7, 0x00f7, 0x2019, 0x201d, 0x00bb, 0x00bc, 0x00bd, 0x00be, 0x00bf,
            0x0000, 0x0000, 0x0000, 0x0000, 0x0000, 0x0000, 0x0000, 0x0000, 0x0000, 0x0000, 0x0000, 0x0000, 0x0000, 0x0000, 0x0000, 0x0000,
            0x2014, 0x00b9, 0x00ae, 0x00a9, 0x2122, 0x266a, 0x0000, 0x0000, 0x0000, 0x0000, 0x0000, 0x0000, 0x215b, 0x215c, 0x215d, 0x215e,
            0x2126, 0x00c6, 0x00d0, 0x00aa, 0x0126, 0x0000, 0x0132, 0x013f, 0x0141, 0x00d8, 0x0152, 0x00ba, 0x00de, 0x0166, 0x014a, 0x0149,
            0x0138, 0x00e6, 0x0111, 0x00f0, 0x0127, 0x0131, 0x0133, 0x0140, 0x0142, 0x00f8, 0x0153, 0x00df, 0x00fe, 0x0167, 0x014b, 0x0000,
        ],
        pairs: [
            // 0xc1
            [
                0x0000, 0x0000, 0x0000, 0x0000, 0x0000, 0x0000, 0x0000, 0x0000, 0x0000, 0x0000, 0x0000, 0x0000, 0x0000, 0x0000, 0x0000, 0x0000,
                0x0000, 0x0000, 0x0000, 0x0000, 0x0000, 0x0000, 0x0000, 0x0000, 0x0000, 0x0000, 0x0000, 0x0000, 0x0000, 0x0000, 0x0000, 0x0000,
                0x0000, 0x00c0, 0x0000, 0x0000, 0x0000, 0x00c8, 0x0000, 0x0000, 0x0000, 0x00cc, 0x0000, 0x0000, 0x0000, 0x0000, 0x0000, 0x00d2,
                0x0000, 0x0000, 0x0000, 0x0000, 0x0000, 0x00d9, 0x0000, 0x0000, 0x0000, 0x0000, 0x0000, 0x0000, 0x0000, 0x0000, 0x0000, 0x0000,
                0x0000, 0x00e0, 0x0000, 0x0000, 0x0000, 0x00e8, 0x0000, 0x0000, 0x0000, 0x00ec, 0x0000, 0x0000, 0x0000, 0x0000, 0x0000, 0x00f2,
                0x0000, 0x0000, 0x0000, 0x0000, 0x0000, 0x00f9, 0x0000, 0x0000, 0x0000, 0x0000, 0x0000, 0x0000, 0x0000, 0x0000, 0x0000, 0x0000,
            ],
            // 0xc2
            [
                0x00b4, 0x0000, 0x0000, 0x0000, 0x0000, 0x0000, 0x0000, 0x0000, 0x0000, 0x0000, 0x0000, 0x0000, 0x0000, 0x0000, 0x0000, 0x0000,
                0x0000, 0x0000, 0x0000, 0x0000, 0x0000, 0x0000, 0x0000, 0x0000, 0x0000, 0x0000, 0x0000, 0x0000, 0x0000, 0x0000, 0x0000, 0x0000,
                0x0000, 0x00c1, 0x0000, 0x0106, 0x0000, 0x00c9, 0x0000, 0x0000, 0x0000, 0x00cd, 0x0000, 0x0000, 0x0139, 0x0000, 0x0143, 0x00d3,
                0x0000, 0x0000, 0x0154, 0x015a, 0x0000, 0x00da, 0x0000, 0x0000, 0x0000, 0x00dd, 0x0179, 0x0000, 0x0000, 0x0000, 0x0000, 0x0000,
                0x0000, 0x00e1, 0x0000, 0x0107, 0x0000, 0x00e9, 0x0000, 0x0000, 0x0000, 0x00ed, 0x0000, 0x0000, 0x013a, 0x0000, 0x0144, 0x00f3,
                0x0000, 0x0000, 0x0155, 0x015b, 0x0000, 0x00fa, 0x0000, 0x0000, 0x0000, 0x00fd, 0x017a, 0x0000, 0x0000, 0x0000, 0x0000, 0x0000,
            ],
            // 0xc3
            [
                0x0000, 0x0000, 0x0000, 0x0000, 0x0000, 0x0000, 0x0000, 0x0000, 0x0000, 0x0000, 0x0000, 0x0000, 0x0000, 0x0000, 0x0000, 0x0000,
                0x0000, 0x0000, 0x0000, 0x0000, 0x0000, 0x0000, 0x0000, 0x0000, 0x0000, 0x0000, 0x0000, 0x0000, 0x0000, 0x0000, 0x0000, 0x0000,
                0x0000, 0x00c2, 0x0000, 0x0108, 0x0000, 0x00ca, 0x0000, 0x011c, 0x0124, 0x00ce, 0x0134, 0x0000, 0x0000, 0x0000, 0x0000, 0x00d4,
                0x0000, 0x0000, 0x0000, 0x015c, 0x0000, 0x00db, 0x0000, 0x0174, 0x0000, 0x0176, 0x0000, 0x0000, 0x0000, 0x0000, 0x0000, 0x0000,
                0x0000, 0x00e2, 0x0000, 0x0109, 0x0000, 0x00ea, 0x0000, 0x011d, 0x0125, 0x00ee, 0x0135, 0x0000, 0x0000, 0x0000, 0x0000, 0x00f4,
                0x0000, 0x0000, 0x0000, 0x015d, 0x0000, 0x00fb, 0x0000, 0x0175, 0x0000, 0x0177, 0x0000, 0x0000, 0x0000, 0x0000, 0x0000, 0x0000,
            ],
            // 0xc4
            [
                0x007e, 0x0000, 0x0000, 0x0000, 0x0000, 0x0000, 0x0000, 0x0000, 0x0000, 0x0000, 0x0000, 0x0000, 0x0000, 0x0000, 0x0000, 0x0000,
                0x0000, 0x0000, 0x0000, 0x0000, 0x0000, 0x0000, 0x0000, 0x0000, 0x0000, 0x0000, 0x0000, 0x0000, 0x0000, 0x0000, 0x0000, 0x0000,
                0x0000, 0x00c3, 0x0000, 0x0000, 0x0000, 0x0000, 0x0000, 0x0000, 0x0000, 0x0128, 0x0000, 0x0000, 0x0000, 0x0000, 0x00d1, 0x00d5,
                0x0000, 0x0000, 0x0000, 0x0000, 0x0000, 0x0168, 0x0000, 0x0000, 0x0000, 0x0000, 0x0000, 0x0000, 0x0000, 0x0000, 0x0000, 0x0000,
                0x0000, 0x00e3, 0x0000, 0x0000, 0x0000, 0x0000, 0x0000, 0x0000, 0x0000, 0x0129, 0x0000, 0x0000, 0x0000, 0x0000, 0x00f1, 0x00f5,
                0x0000, 0x0000, 0x0000, 0x0000, 0x0000, 0x0169, 0x0000, 0x0000, 0x0000, 0x0000, 0x0000, 0x0000, 0x0000, 0x0000, 0x0000, 0x0000,
            ],
            // 0xc5
            [
                0x00af, 0x0000, 0x0000, 0x0000, 0x0000, 0x0000, 0x0000, 0x0000, 0x0000, 0x0000, 0x0000, 0x0000, 0x0000, 0x0000, 0x0000, 0x0000,
                0x0000, 0x0000, 0x0000, 0x0000, 0x0000, 0x0000, 0x0000, 0x0000, 0x0000, 0x0000, 0x0000, 0x0000, 0x0000, 0x0000, 0x0000, 0x0000,
                0x0000, 0x0100, 0x0000, 0x0000, 0x0000, 0x0112, 0x0000, 0x0000, 0x0000, 0x012a, 0x0000, 0x0000, 0x0000, 0x0000, 0x0000, 0x014c,
                0x0000, 0x0000, 0x0000, 0x0000, 0x0000, 0x016a, 0x0000, 0x0000, 0x0000, 0x0000, 0x0000, 0x0000, 0x0000, 0x0000, 0x0000, 0x0000,
                0x0000, 0x0101, 0x0000, 0x0000, 0x0000, 0x0113, 0x0000, 0x0000, 0x0000, 0x012b, 0x0000, 0x0000, 0x0000, 0x0000, 0x0000, 0x014d,
                0x0000, 0x0000, 0x0000, 0x0000, 0x0000, 0x016b, 0x0000, 0x0000, 0x0000, 0x0000, 0x0000, 0x0000, 0x0000, 0x0000, 0x0000, 0x0000,
            ],
            // 0xc6
            [
                0x02d8, 0x0000, 0x0000, 0x0000, 0x0000, 0x0000, 0x0000, 0x0000, 0x0000, 0x0000, 0x0000, 0x0000, 0x0000, 0x0000, 0x0000, 0x0000,
                0x0000, 0x0000, 0x0000, 0x0000, 0x0000, 0x0000, 0x0000, 0x0000, 0x0000, 0x0000, 0x0000, 0x0000, 0x0000, 0x0000, 0x0000, 0x0000,
                0x0000, 0x0102, 0x0000, 0x0000, 0x0000, 0x0000, 0x0000, 0x011e, 0x0000, 0x0000, 0x0000, 0x0000, 0x0000, 0x0000, 0x0000, 0x0000,
                0x0000, 0x0000, 0x0000, 0x0000, 0x0000, 0x016c, 0x0000, 0x0000, 0x0000, 0x0000, 0x0000, 0x0000, 0x0000, 0x0000, 0x0000, 0x0000,
                0x0000, 0x0103, 0x0000, 0x0000, 0x0000, 0x0000, 0x0000, 0x011f, 0x0000, 0x0000, 0x0000, 0x0000, 0x0000, 0x0000, 0x0000, 0x0000,
                0x0000, 0x0000, 0x0000, 0x0000, 0x0000, 0x016d, 0x0000, 0x0000, 0x0000, 0x0000, 0x0000, 0x0000, 0x0000, 0x0000, 0x0000, 0x0000,
            ],
            // 0xc7
            [
                0x02d9, 0x0000, 0x0000, 0x0000, 0x0000, 0x0000, 0x0000, 0x0000, 0x0000, 0x0000, 0x0000, 0x0000, 0x0000, 0x0000, 0x0000, 0x0000,
                0x0000, 0x0000, 0x0000, 0x0000, 0x0000, 0x0000, 0x0000, 0x0000, 0x0000, 0x0000, 0x0000, 0x0000, 0x0000, 0x0000, 0x0000, 0x0000,
                0x0000, 0x0000, 0x0000, 0x010a, 0x0000, 0x0116, 0x0000, 0x0120, 0x0000, 0x0130, 0x0000, 0x0000, 0x0000, 0x0000, 0x0000, 0x0000,
                0x0000, 0x0000, 0x0000, 0x0000, 0x0000, 0x0000, 0x0000, 0x0000, 0x0000, 0x0000, 0x017b, 0x0000, 0x0000, 0x0000, 0x0000, 0x0000,
                0x0000, 0x0000, 0x0000, 0x010b, 0x0000, 0x0117, 0x0000, 0x0121, 0x0000, 0x0000, 0x0000, 0x0000, 0x0000, 0x0000, 0x0000, 0x0000,
                0x0000, 0x0000, 0x0000, 0x0000, 0x0000, 0x0000, 0x0000, 0x0000, 0x0000, 0x0000, 0x017c, 0x0000, 0x0000, 0x0000, 0x0000, 0x0000,
            ],
            // 0xc8
            [
                0x00a8, 0x0000, 0x0000, 0x0000, 0x0000, 0x0000, 0x0000, 0x0000, 0x0000, 0x0000, 0x0000, 0x0000, 0x0000, 0x0000, 0x0000, 0x0000,
                0x0000, 0x0000, 0x0000, 0x0000, 0x0000, 0x0000, 0x0000, 0x0000, 0x0000, 0x0000, 0x0000, 0x0000, 0x0000, 0x0000, 0x0000, 0x0000,
                0x0000, 0x00c4, 0x0000, 0x0000, 0x0000, 0x00cb, 0x0000, 0x0000, 0x0000, 0x00cf, 0x0000, 0x0000, 0x0000, 0x0000, 0x0000, 0x00d6,
                0x0000, 0x0000, 0x0000, 0x0000, 0x0000, 0x00dc, 0x0000, 0x0000, 0x0000, 0x0178, 0x0000, 0x0000, 0x0000, 0x0000, 0x0000, 0x0000,
                0x0000, 0x00e4, 0x0000, 0x0000, 0x0000, 0x00eb, 0x0000, 0x0000, 0x0000, 0x00ef, 0x0000, 0x0000, 0x0000, 0x0000, 0x0000, 0x00f6,
                0x0000, 0x0000, 0x0000, 0x0000, 0x0000, 0x00fc, 0x0000, 0x0000, 0x0000, 0x00ff, 0x0000, 0x0000, 0x0000, 0x0000, 0x0000, 0x0000,
            ],
            // 0xc9
            [
                0x0000, 0x0000, 0x0000, 0x0000, 0x0000, 0x0000, 0x0000, 0x0000, 0x0000, 0x0000, 0x0000, 0x0000, 0x0000, 0x0000, 0x0000, 0x0000,
                0x0000, 0x0000, 0x0000, 0x0000, 0x0000, 0x0000, 0x0000, 0x0000, 0x0000, 0x0000, 0x0000, 0x0000, 0x0000, 0x0000, 0x0000, 0x0000,
                0x0000, 0x0000, 0x0000, 0x0000, 0x0000, 0x0000, 0x0000, 0x0000, 0x0000, 0x0000, 0x0000, 0x0000, 0x0000, 0x0000, 0x0000, 0x0000,
                0x0000, 0x0000, 0x0000, 0x0000, 0x0000, 0x0000, 0x0000, 0x0000, 0x0000, 0x0000, 0x0000, 0x0000, 0x0000, 0x0000, 0x0000, 0x0000,
                0x0000, 0x0000, 0x0000, 0x0000, 0x0000, 0x0000, 0x0000, 0x0000, 0x0000, 0x0000, 0x0000, 0x0000, 0x0000, 0x0000, 0x0000, 0x0000,
                0x0000, 0x0000, 0x0000, 0x0000, 0x0000, 0x0000, 0x0000, 0x0000, 0x0000, 0x0000, 0x0000, 0x0000, 0x0000, 0x0000, 0x0000, 0x0000,
            ],
            // 0xca
            [
                0x02da, 0x0000, 0x0000, 0x0000, 0x0000, 0x0000, 0x0000, 0x0000, 0x0000, 0x0000, 0x0000, 0x0000, 0x0000, 0x0000, 0x0000, 0x0000,
                0x0000, 0x0000, 0x0000, 0x0000, 0x0000, 0x0000, 0x0000, 0x0000, 0x0000, 0x0000, 0x0000, 0x0000, 0x0000, 0x0000, 0x0000, 0x0000,
                0x0000, 0x00c5, 0x0000, 0x0000, 0x0000, 0x0000, 0x0000, 0x0000, 0x0000, 0x0000, 0x0000, 0x0000, 0x0000, 0x0000, 0x0000, 0x0000,
                0x0000, 0x0000, 0x0000, 0x0000, 0x0000, 0x016e, 0x0000, 0x0000, 0x0000, 0x0000, 0x0000, 0x0000, 0x0000, 0x0000, 0x0000, 0x0000,
                0x0000, 0x00e5, 0x0000, 0x0000, 0x0000, 0x0000, 0x0000, 0x0000, 0x0000, 0x0000, 0x0000, 0x0000, 0x0000, 0x0000, 0x0000, 0x0000,
                0x0000, 0x0000, 0x0000, 0x0000, 0x0000, 0x016f, 0x0000, 0x0000, 0x0000, 0x0000, 0x0000, 0x0000, 0x0000, 0x0000, 0x0000, 0x0000,
            ],
            // 0xcb
            [
                0x00b8, 0x0000, 0x0000, 0x0000, 0x0000, 0x0000, 0x0000, 0x0000, 0x0000, 0x0000, 0x0000, 0x0000, 0x0000, 0x0000, 0x0000, 0x0000,
                0x0000, 0x0000, 0x0000, 0x0000, 0x0000, 0x0000, 0x0000, 0x0000, 0x0000, 0x0000, 0x0000, 0x0000, 0x0000, 0x0000, 0x0000, 0x0000,
                0x0000, 0x0000, 0x0000, 0x00c7, 0x0000, 0x0000, 0x0000, 0x0122, 0x0000, 0x0000, 0x0000, 0x0136, 0x013b, 0x0000, 0x0145, 0x0000,
                0x0000, 0x0000, 0x0156, 0x015e, 0x0162, 0x0000, 0x0000, 0x0000, 0x0000, 0x0000, 0x0000, 0x0000, 0x0000, 0x0000, 0x0000, 0x0000,
                0x0000, 0x0000, 0x0000, 0x00e7, 0x0000, 0x0000, 0x0000, 0x0123, 0x0000, 0x0000, 0x0000, 0x0137, 0x013c, 0x0000, 0x0146, 0x0000,
                0x0000, 0x0000, 0x0157, 0x015f, 0x0163, 0x0000, 0x0000, 0x0000, 0x0000, 0x0000, 0x0000, 0x0000, 0x0000, 0x0000, 0x0000, 0x0000,
            ],
            // 0xcc
            [
                0x0000, 0x0000, 0x0000, 0x0000, 0x0000, 0x0000, 0x0000, 0x0000, 0x0000, 0x0000, 0x0000, 0x0000, 0x0000, 0x0000, 0x0000, 0x0000,
                0x0000, 0x0000, 0x0000, 0x0000, 0x0000, 0x0000, 0x0000, 0x0000, 0x0000, 0x0000, 0x0000, 0x0000, 0x0000, 0x0000, 0x0000, 0x0000,
                0x0000, 0x0000, 0x0000, 0x0000, 0x0000, 0x0000, 0x0000, 0x0000, 0x0000, 0x0000, 0x0000, 0x0000, 0x0000, 0x0000, 0x0000, 0x0000,
                0x0000, 0x0000, 0x0000, 0x0000, 0x0000, 0x0000, 0x0000, 0x0000, 0x0000, 0x0000, 0x0000, 0x0000, 0x0000, 0x0000, 0x0000, 0x0000,
                0x0000, 0x0000, 0x0000, 0x0000, 0x0000, 0x0000, 0x0000, 0x0000, 0x0000, 0x0000, 0x0000, 0x0000, 0x0000, 0x0000, 0x0000, 0x0000,
                0x0000, 0x0000, 0x0000, 0x0000, 0x0000, 0x0000, 0x0000, 0x0000, 0x0000, 0x0000, 0x0000, 0x0000, 0x0000, 0x0000, 0x0000, 0x0000,
            ],
            // 0xcd
            [
                0x02dd, 0x0000, 0x0000, 0x0000, 0x0000, 0x0000, 0x0000, 0x0000, 0x0000, 0x0000, 0x0000, 0x0000, 0x0000, 0x0000, 0x0000, 0x0000,
                0x0000, 0x0000, 0x0000, 0x0000, 0x0000, 0x0000, 0x0000, 0x0000, 0x0000, 0x0000, 0x0000, 0x0000, 0x0000, 0x0000, 0x0000, 0x0000,
                0x0000, 0x0000, 0x0000, 0x0000, 0x0000, 0x0000, 0x0000, 0x0000, 0x0000, 0x0000, 0x0000, 0x0000, 0x0000, 0x0000, 0x0000, 0x0150,
                0x0000, 0x0000, 0x0000, 0x0000, 0x0000, 0x0170, 0x0000, 0x0000, 0x0000, 0x0000, 0x0000, 0x0000, 0x0000, 0x0000, 0x0000, 0x0000,
                0x0000, 0x0000, 0x0000, 0x0000, 0x0000, 0x0000, 0x0000, 0x0000, 0x0000, 0x0000, 0x0000, 0x0000, 0x0000, 0x0000, 0x0000, 0x0151,
                0x0000, 0x0000, 0x0000, 0x0000, 0x0000, 0x0171, 0x0000, 0x0000, 0x0000, 0x0000, 0x0000, 0x0000, 0x0000, 0x0000, 0x0000, 0x0000,
            ],
            // 0xce
            [
                0x02db, 0x0000, 0x0000, 0x0000, 0x0000, 0x0000, 0x0000, 0x0000, 0x0000, 0x0000, 0x0000, 0x0000, 0x0000, 0x0000, 0x0000, 0x0000,
                0x0000, 0x0000, 0x0000, 0x0000, 0x0000, 0x0000, 0x0000, 0x0000, 0x0000, 0x0000, 0x0000, 0x0000, 0x0000, 0x0000, 0x0000, 0x0000,
                0x0000, 0x0104, 0x0000, 0x0000, 0x0000, 0x0118, 0x0000, 0x0000, 0x0000, 0x012e, 0x0000, 0x0000, 0x0000, 0x0000, 0x0000, 0x0000,
                0x0000, 0x0000, 0x0000, 0x0000, 0x0000, 0x0172, 0x0000, 0x0000, 0x0000, 0x0000, 0x0000, 0x0000, 0x0000, 0x0000, 0x0000, 0x0000,
                0x0000, 0x0105, 0x0000, 0x0000, 0x0000, 0x0119, 0x0000, 0x0000, 0x0000, 0x012f, 0x0000, 0x0000, 0x0000, 0x0000, 0x0000, 0x0000,
                0x0000, 0x0000, 0x0000, 0x0000, 0x0000, 0x0173, 0x0000, 0x0000, 0x0000, 0x0000, 0x0000, 0x0000, 0x0000, 0x0000, 0x0000, 0x0000,
            ],
            // 0xcf
            [
                0x02c7, 0x0000, 0x0000, 0x0000, 0x0000, 0x0000, 0x0000, 0x0000, 0x0000, 0x0000, 0x0000, 0x0000, 0x0000, 0x0000, 0x0000, 0x0000,
                0x0000, 0x0000, 0x0000, 0x0000, 0x0000, 0x0000, 0x0000, 0x0000, 0x0000, 0x0000, 0x0000, 0x0000, 0x0000, 0x0000, 0x0000, 0x0000,
                0x0000, 0x0000, 0x0000, 0x010c, 0x010e, 0x011a, 0x0000, 0x0000, 0x0000, 0x0000, 0x0000, 0x0000, 0x013d, 0x0000, 0x0147, 0x0000,
                0x0000, 0x0000, 0x0158, 0x0160, 0x0164, 0x0000, 0x0000, 0x0000, 0x0000, 0x0000, 0x017d, 0x0000, 0x0000, 0x0000, 0x0000, 0x0000,
                0x0000, 0x0000, 0x0000, 0x010d, 0x010f, 0x011b, 0x0000, 0x0000, 0x0000, 0x0000, 0x0000, 0x0000, 0x013e, 0x0000, 0x0148, 0x0000,
                0x0000, 0x0000, 0x0159, 0x0161, 0x0165, 0x0000, 0x0000, 0x0000, 0x0000, 0x0000, 0x017e, 0x0000, 0x0000, 0x0000, 0x0000, 0x0000,
            ],
        ],
        encode: &[
            (0x0000, 0x00, 0x00),
            (0x0001, 0x01, 0x00),
            (0x0002, 0x02, 0x00),
            (0x0003, 0x03, 0x00),
            (0x0004, 0x04, 0x00),
            (0x0005, 0x05, 0x00),
            (0x0006, 0x06, 0x00),
            (0x0007, 0x07, 0x00),
            (0x0008, 0x08, 0x00),
            (0x0009, 0x09, 0x00),
            (0x000a, 0x0a, 0x00),
            (0x000b, 0x0b, 0x00),
            (0x000c, 0x0c, 0x00),
            (0x000d, 0x0d, 0x00),
            (0x000e, 0x0e, 0x00),
            (0x000f, 0x0f, 0x00),
            (0x0010, 0x10, 0x00),
            (0x0011, 0x11, 0x00),
            (0x0012, 0x12, 0x00),
            (0x0013, 0x13, 0x00),
            (0x0014, 0x14, 0x00),
            (0x0015, 0x15, 0x00),
            (0x0016, 0x16, 0x00),
            (0x0017, 0x17, 0x00),
            (0x0018, 0x18, 0x00),
            (0x0019, 0x19, 0x00),
            (0x001a, 0x1a, 0x00),
            (0x001b, 0x1b, 0x00),
            (0x001c, 0x1c, 0x00),
            (0x001d, 0x1d, 0x00),
            (0x001e, 0x1e, 0x00),
            (0x001f, 0x1f, 0x00),
            (0x0020, 0x20, 0x00),
            (0x0021, 0x21, 0x00),
            (0x0022, 0x22, 0x00),
            (0x0023, 0xa6, 0x00),
            (0x0024, 0xa4, 0x00),
            (0x0025, 0x25, 0x00),
            (0x0026, 0x26, 0x00),
            (0x0027, 0x27, 0x00),
            (0x0028, 0x28, 0x00),
            (0x0029, 0x29, 0x00),
            (0x002a, 0x2a, 0x00),
            (0x002b, 0x2b, 0x00),
            (0x002c, 0x2c, 0x00),
            (0x002d, 0x2d, 0x00),
            (0x002e, 0x2e, 0x00),
            (0x002f, 0x2f, 0x00),
            (0x0030, 0x30, 0x00),
            (0x0031, 0x31, 0x00),
            (0x0032, 0x32, 0x00),
            (0x0033, 0x33, 0x00),
            (0x0034, 0x34, 0x00),
            (0x0035, 0x35, 0x00),
            (0x0036, 0x36, 0x00),
            (0x0037, 0x37, 0x00),
            (0x0038, 0x38, 0x00),
            (0x0039, 0x39, 0x00),
            (0x003a, 0x3a, 0x00),
            (0x003b, 0x3b, 0x00),
            (0x003c, 0x3c, 0x00),
            (0x003d, 0x3d, 0x00),
            (0x003e, 0x3e, 0x00),
            (0x003f, 0x3f, 0x00),
            (0x0040, 0x40, 0x00),
            (0x0041, 0x41, 0x00),
            (0x0042, 0x42, 0x00),
            (0x0043, 0x43, 0x00),
            (0x0044, 0x44, 0x00),
            (0x0045, 0x45, 0x00),
            (0x0046, 0x46, 0x00),
            (0x0047, 0x47, 0x00),
            (0x0048, 0x48, 0x00),
            (0x0049, 0x49, 0x00),
            (0x004a, 0x4a, 0x00),
            (0x004b, 0x4b, 0x00),
            (0x004c, 0x4c, 0x00),
            (0x004d, 0x4d, 0x00),
            (0x004e, 0x4e, 0x00),
            (0x004f, 0x4f, 0x00),
            (0x0050, 0x50, 0x00),
            (0x0051, 0x51, 0x00),
            (0x0052, 0x52, 0x00),
            (0x0053, 0x53, 0x00),
            (0x0054, 0x54, 0x00),
            (0x0055, 0x55, 0x00),
            (0x0056, 0x56, 0x00),
            (0x0057, 0x57, 0x00),
            (0x0058, 0x58, 0x00),
            (0x0059, 0x59, 0x00),
            (0x005a, 0x5a, 0x00),
            (0x005b, 0x5b, 0x00),
            (0x005c, 0x5c, 0x00),
            (0x005d, 0x5d, 0x00),
            (0x005e, 0x5e, 0x00),
            (0x005f, 0x5f, 0x00),
            (0x0060, 0x60, 0x00),
            (0x0061, 0x61, 0x00),
            (0x0062, 0x62, 0x00),
            (0x0063, 0x63, 0x00),
            (0x0064, 0x64, 0x00),
            (0x0065, 0x65, 0x00),
            (0x0066, 0x66, 0x00),
            (0x0067, 0x67, 0x00),
            (0x0068, 0x68, 0x00),
            (0x0069, 0x69, 0x00),
            (0x006a, 0x6a, 0x00),
            (0x006b, 0x6b, 0x00),
            (0x006c, 0x6c, 0x00),
            (0x006d, 0x6d, 0x00),
            (0x006e, 0x6e, 0x00),
            (0x006f, 0x6f, 0x00),
            (0x0070, 0x70, 0x00),
            (0x0071, 0x71, 0x00),
            (0x0072, 0x72, 0x00),
            (0x0073, 0x73, 0x00),
            (0x0074, 0x74, 0x00),
            (0x0075, 0x75, 0x00),
            (0x0076, 0x76, 0x00),
            (0x0077, 0x77, 0x00),
            (0x0078, 0x78, 0x00),
            (0x0079, 0x79, 0x00),
            (0x007a, 0x7a, 0x00),
            (0x007b, 0x7b, 0x00),
            (0x007c, 0x7c, 0x00),
            (0x007d, 0x7d, 0x00),
            (0x007e, 0x7e, 0x00),
            (0x007f, 0x7f, 0x00),
            (0x0080, 0x80, 0x00),
            (0x0081, 0x81, 0x00),
            (0x0082, 0x82, 0x00),
            (0x0083, 0x83, 0x00),
            (0x0084, 0x84, 0x00),
            (0x0085, 0x85, 0x00),
            (0x0086, 0x86, 0x00),
            (0x0087, 0x87, 0x00),
            (0x0088, 0x88, 0x00),
            (0x0089, 0x89, 0x00),
            (0x008a, 0x8a, 0x00),
            (0x008b, 0x8b, 0x00),
            (0x008c, 0x8c, 0x00),
            (0x008d, 0x8d, 0x00),
            (0x008e, 0x8e, 0x00),
            (0x008f, 0x8f, 0x00),
            (0x0090, 0x90, 0x00),
            (0x0091, 0x91, 0x00),
            (0x0092, 0x92, 0x00),
            (0x0093, 0x93, 0x00),
            (0x0094, 0x94, 0x00),
            (0x0095, 0x95, 0x00),
            (0x0096, 0x96, 0x00),
            (0x0097, 0x97, 0x00),
            (0x0098, 0x98, 0x00),
            (0x0099, 0x99, 0x00),
            (0x009a, 0x9a, 0x00),
            (0x009b, 0x9b, 0x00),
            (0x009c, 0x9c, 0x00),
            (0x009d, 0x9d, 0x00),
            (0x009e, 0x9e, 0x00),
            (0x009f, 0x9f, 0x00),
            (0x00a1, 0xa1, 0x00),
            (0x00a2, 0xa2, 0x00),
            (0x00a3, 0xa3, 0x00),
            (0x00a4, 0xa8, 0x00),
            (0x00a5, 0xa5, 0x00),
            (0x00a7, 0xa7, 0x00),
            (0x00a8, 0xc8, 0x20),
            (0x00a9, 0xd3, 0x00),
            (0x00aa, 0xe3, 0x00),
            (0x00ab, 0xab, 0x00),
            (0x00ae, 0xd2, 0x00),
            (0x00af, 0xc5, 0x20),
            (0x00b0, 0xb0, 0x00),
            (0x00b1, 0xb1, 0x00),
            (0x00b2, 0xb2, 0x00),
            (0x00b3, 0xb3, 0x00),
            (0x00b4, 0xc2, 0x20),
            (0x00b5, 0xb5, 0x00),
            (0x00b6, 0xb6, 0x00),
            (0x00b7, 0xb7, 0x00),
            (0x00b8, 0xcb, 0x20),
            (0x00b9, 0xd1, 0x00),
            (0x00ba, 0xeb, 0x00),
            (0x00bb, 0xbb, 0x00),
            (0x00bc, 0xbc, 0x00),
            (0x00bd, 0xbd, 0x00),
            (0x00be, 0xbe, 0x00),
            (0x00bf, 0xbf, 0x00),
            (0x00c0, 0xc1, 0x41),
            (0x00c1, 0xc2, 0x41),
            (0x00c2, 0xc3, 0x41),
            (0x00c3, 0xc4, 0x41),
            (0x00c4, 0xc8, 0x41),
            (0x00c5, 0xca, 0x41),
            (0x00c6, 0xe1, 0x00),
            (0x00c7, 0xcb, 0x43),
            (0x00c8, 0xc1, 0x45),
            (0x00c9, 0xc2, 0x45),
            (0x00ca, 0xc3, 0x45),
            (0x00cb, 0xc8, 0x45),
            (0x00cc, 0xc1, 0x49),
            (0x00cd, 0xc2, 0x49),
            (0x00ce, 0xc3, 0x49),
            (0x00cf, 0xc8, 0x49),
            (0x00d0, 0xe2, 0x00),
            (0x00d1, 0xc4, 0x4e),
            (0x00d2, 0xc1, 0x4f),
            (0x00d3, 0xc2, 0x4f),
            (0x00d4, 0xc3, 0x4f),
            (0x00d5, 0xc4, 0x4f),
            (0x00d6, 0xc8, 0x4f),
            (0x00d7, 0xb4, 0x00),
            (0x00d8, 0xe9, 0x00),
            (0x00d9, 0xc1, 0x55),
            (0x00da, 0xc2, 0x55),
            (0x00db, 0xc3, 0x55),
            (0x00dc, 0xc8, 0x55),
            (0x00dd, 0xc2, 0x59),
            (0x00de, 0xec, 0x00),
            (0x00df, 0xfb, 0x00),
            (0x00e0, 0xc1, 0x61),
            (0x00e1, 0xc2, 0x61),
            (0x00e2, 0xc3, 0x61),
            (0x00e3, 0xc4, 0x61),
            (0x00e4, 0xc8, 0x61),
            (0x00e5, 0xca, 0x61),
            (0x00e6, 0xf1, 0x00),
            (0x00e7, 0xcb, 0x63),
            (0x00e8, 0xc1, 0x65),
            (0x00e9, 0xc2, 0x65),
            (0x00ea, 0xc3, 0x65),
            (0x00eb, 0xc8, 0x65),
            (0x00ec, 0xc1, 0x69),
            (0x00ed, 0xc2, 0x69),
            (0x00ee, 0xc3, 0x69),
            (0x00ef, 0xc8, 0x69),
            (0x00f0, 0xf3, 0x00),
            (0x00f1, 0xc4, 0x6e),
            (0x00f2, 0xc1, 0x6f),
            (0x00f3, 0xc2, 0x6f),
            (0x00f4, 0xc3, 0x6f),
            (0x00f5, 0xc4, 0x6f),
            (0x00f6, 0xc8, 0x6f),
            (0x00f7, 0xb8, 0x00),
            (0x00f8, 0xf9, 0x00),
            (0x00f9, 0xc1, 0x75),
            (0x00fa, 0xc2, 0x75),
            (0x00fb, 0xc3, 0x75),
            (0x00fc, 0xc8, 0x75),
            (0x00fd, 0xc2, 0x79),
            (0x00fe, 0xfc, 0x00),
            (0x00ff, 0xc8, 0x79),
            (0x0100, 0xc5, 0x41),
            (0x0101, 0xc5, 0x61),
            (0x0102, 0xc6, 0x41),
            (0x0103, 0xc6, 0x61),
            (0x0104, 0xce, 0x41),
            (0x0105, 0xce, 0x61),
            (0x0106, 0xc2, 0x43),
            (0x0107, 0xc2, 0x63),
            (0x0108, 0xc3, 0x43),
            (0x0109, 0xc3, 0x63),
            (0x010a, 0xc7, 0x43),
            (0x010b, 0xc7, 0x63),
            (0x010c, 0xcf, 0x43),
            (0x010d, 0xcf, 0x63),
            (0x010e, 0xcf, 0x44),
            (0x010f, 0xcf, 0x64),
            (0x0111, 0xf2, 0x00),
            (0x0112, 0xc5, 0x45),
            (0x0113, 0xc5, 0x65),
            (0x0116, 0xc7, 0x45),
            (0x0117, 0xc7, 0x65),
            (0x0118, 0xce, 0x45),
            (0x0119, 0xce, 0x65),
            (0x011a, 0xcf, 0x45),
            (0x011b, 0xcf, 0x65),
            (0x011c, 0xc3, 0x47),
            (0x011d, 0xc3, 0x67),
            (0x011e, 0xc6, 0x47),
            (0x011f, 0xc6, 0x67),
            (0x0120, 0xc7, 0x47),
            (0x0121, 0xc7, 0x67),
            (0x0122, 0xcb, 0x47),
            (0x0123, 0xcb, 0x67),
            (0x0124, 0xc3, 0x48),
            (0x0125, 0xc3, 0x68),
            (0x0126, 0xe4, 0x00),
            (0x0127, 0xf4, 0x00),
            (0x0128, 0xc4, 0x49),
            (0x0129, 0xc4, 0x69),
            (0x012a, 0xc5, 0x49),
            (0x012b, 0xc5, 0x69),
            (0x012e, 0xce, 0x49),
            (0x012f, 0xce, 0x69),
            (0x0130, 0xc7, 0x49),
            (0x0131, 0xf5, 0x00),
            (0x0132, 0xe6, 0x00),
            (0x0133, 0xf6, 0x00),
            (0x0134, 0xc3, 0x4a),
            (0x0135, 0xc3, 0x6a),
            (0x0136, 0xcb, 0x4b),
            (0x0137, 0xcb, 0x6b),
            (0x0138, 0xf0, 0x00),
            (0x0139, 0xc2, 0x4c),
            (0x013a, 0xc2, 0x6c),
            (0x013b, 0xcb, 0x4c),
            (0x013c, 0xcb, 0x6c),
            (0x013d, 0xcf, 0x4c),
            (0x013e, 0xcf, 0x6c),
            (0x013f, 0xe7, 0x00),
            (0x0140, 0xf7, 0x00),
            (0x0141, 0xe8, 0x00),
            (0x0142, 0xf8, 0x00),
            (0x0143, 0xc2, 0x4e),
            (0x0144, 0xc2, 0x6e),
            (0x0145, 0xcb, 0x4e),
            (0x0146, 0xcb, 0x6e),
            (0x0147, 0xcf, 0x4e),
            (0x0148, 0xcf, 0x6e),
            (0x0149, 0xef, 0x00),
            (0x014a, 0xee, 0x00),
            (0x014b, 0xfe, 0x00),
            (0x014c, 0xc5, 0x4f),
            (0x014d, 0xc5, 0x6f),
            (0x0150, 0xcd, 0x4f),
            (0x0151, 0xcd, 0x6f),
            (0x0152, 0xea, 0x00),
            (0x0153, 0xfa, 0x00),
            (0x0154, 0xc2, 0x52),
            (0x0155, 0xc2, 0x72),
            (0x0156, 0xcb, 0x52),
            (0x0157, 0xcb, 0x72),
            (0x0158, 0xcf, 0x52),
            (0x0159, 0xcf, 0x72),
            (0x015a, 0xc2, 0x53),
            (0x015b, 0xc2, 0x73),
            (0x015c, 0xc3, 0x53),
            (0x015d, 0xc3, 0x73),
            (0x015e, 0xcb, 0x53),
            (0x015f, 0xcb, 0x73),
            (0x0160, 0xcf, 0x53),
            (0x0161, 0xcf, 0x73),
            (0x0162, 0xcb, 0x54),
            (0x0163, 0xcb, 0x74),
            (0x0164, 0xcf, 0x54),
            (0x0165, 0xcf, 0x74),
            (0x0166, 0xed, 0x00),
            (0x0167, 0xfd, 0x00),
            (0x0168, 0xc4, 0x55),
            (0x0169, 0xc4, 0x75),
            (0x016a, 0xc5, 0x55),
            (0x016b, 0xc5, 0x75),
            (0x016c, 0xc6, 0x55),
            (0x016d, 0xc6, 0x75),
            (0x016e, 0xca, 0x55),
            (0x016f, 0xca, 0x75),
            (0x0170, 0xcd, 0x55),
            (0x0171, 0xcd, 0x75),
            (0x0172, 0xce, 0x55),
            (0x0173, 0xce, 0x75),
            (0x0174, 0xc3, 0x57),
            (0x0175, 0xc3, 0x77),
            (0x0176, 0xc3, 0x59),
            (0x0177, 0xc3, 0x79),
            (0x0178, 0xc8, 0x59),
            (0x0179, 0xc2, 0x5a),
            (0x017a, 0xc2, 0x7a),
            (0x017b, 0xc7, 0x5a),
            (0x017c, 0xc7, 0x7a),
            (0x017d, 0xcf, 0x5a),
            (0x017e, 0xcf, 0x7a),
            (0x02c7, 0xcf, 0x20),
            (0x02d8, 0xc6, 0x20),
            (0x02d9, 0xc7, 0x20),
            (0x02da, 0xca, 0x20),
            (0x02db, 0xce, 0x20),
            (0x02dd, 0xcd, 0x20),
            (0x2014, 0xd0, 0x00),
            (0x2018, 0xa9, 0x00),
            (0x2019, 0xb9, 0x00),
            (0x201c, 0xaa, 0x00),
            (0x201d, 0xba, 0x00),
            (0x2122, 0xd4, 0x00),
            (0x2126, 0xe0, 0x00),
            (0x215b, 0xdc, 0x00),
            (0x215c, 0xdd, 0x00),
            (0x215d, 0xde, 0x00),
            (0x215e, 0xdf, 0x00),
            (0x2190, 0xac, 0x00),
            (0x2191, 0xad, 0x00),
            (0x2192, 0xae, 0x00),
            (0x2193, 0xaf, 0x00),
            (0x266a, 0xd5, 0x00),
        ],
        // Decode-only: 0x23, 0x24, 0xc4 0x20.
    },
    // ANSI_X3.110
    Prefixed {
        names: &[
            b"ANSI_X3.110//",
            b"ANSI_X3.110-1983//",
            b"CSA_T500-1983//",
            b"CSA_T500//",
            b"CSISO99NAPLPS//",
            b"ISO-IR-99//",
            b"NAPLPS//",
        ],
        single: [
            0x0000, 0x0001, 0x0002, 0x0003, 0x0004, 0x0005, 0x0006, 0x0007, 0x0008, 0x0009, 0x000a, 0x000b, 0x000c, 0x000d, 0x000e, 0x000f,
            0x0010, 0x0011, 0x0012, 0x0013, 0x0014, 0x0015, 0x0016, 0x0017, 0x0018, 0x0019, 0x001a, 0x001b, 0x001c, 0x001d, 0x001e, 0x001f,
            0x0020, 0x0021, 0x0022, 0x0000, 0x0000, 0x0025, 0x0026, 0x0027, 0x0028, 0x0029, 0x002a, 0x002b, 0x002c, 0x002d, 0x002e, 0x002f,
            0x0030, 0x0031, 0x0032, 0x0033, 0x0034, 0x0035, 0x0036, 0x0037, 0x0038, 0x0039, 0x003a, 0x003b, 0x003c, 0x003d, 0x003e, 0x003f,
            0x0040, 0x0041, 0x0042, 0x0043, 0x0044, 0x0045, 0x0046, 0x0047, 0x0048, 0x0049, 0x004a, 0x004b, 0x004c, 0x004d, 0x004e, 0x004f,
            0x0050, 0x0051, 0x0052, 0x0053, 0x0054, 0x0055, 0x0056, 0x0057, 0x0058, 0x0059, 0x005a, 0x005b, 0x005c, 0x005d, 0x005e, 0x005f,
            0x0060, 0x0061, 0x0062, 0x0063, 0x0064, 0x0065, 0x0066, 0x0067, 0x0068, 0x0069, 0x006a, 0x006b, 0x006c, 0x006d, 0x006e, 0x006f,
            0x0070, 0x0071, 0x0072, 0x0073, 0x0074, 0x0075, 0x0076, 0x0077, 0x0078, 0x0079, 0x007a, 0x007b, 0x007c, 0x007d, 0x007e, 0x007f,
            0x0080, 0x0081, 0x0082, 0x0083, 0x0084, 0x0085, 0x0086, 0x0087, 0x0088, 0x0089, 0x008a, 0x008b, 0x008c, 0x008d, 0x008e, 0x008f,
            0x0090, 0x0091, 0x0092, 0x0093, 0x0094, 0x0095, 0x0096, 0x0097, 0x0098, 0x0099, 0x009a, 0x009b, 0x009c, 0x009d, 0x009e, 0x009f,
            0x0000, 0x00a1, 0x00a2, 0x00a3, 0x0024, 0x00a5, 0x0023, 0x00a7, 0x00a4, 0x2018, 0x201c, 0x00ab, 0x2190, 0x2191, 0x2192, 0x2193,
            0x00b0, 0x00b1, 0x00b2, 0x00b3, 0x00d7, 0x00b5, 0x00b6, 0x00b7, 0x00f7, 0x2019, 0x201d, 0x00bb, 0x00bc, 0x00bd, 0x00be, 0x00bf,
            0x0000, 0x0000, 0x0000, 0x0000, 0x0000, 0x0000, 0x0000, 0x0000, 0x0000, 0x0000, 0x0000, 0x0000, 0x0000, 0x0000, 0x0000, 0x0000,
            0x2014, 0x00b9, 0x00ae, 0x00a9, 0x2122, 0x266a, 0x2500, 0x2502, 0x2571, 0x2572, 0x25e2, 0x25e3, 0x215b, 0x215c, 0x215d, 0x215e,
            0x2126, 0x00c6, 0x00d0, 0x00aa, 0x0126, 0x253c, 0x0132, 0x013f, 0x0141, 0x00d8, 0x0152, 0x00ba, 0x00de, 0x0166, 0x014a, 0x0149,
            0x0138, 0x00e6, 0x0111, 0x00f0, 0x0127, 0x0131, 0x0133, 0x0140, 0x0142, 0x00f8, 0x0153, 0x00df, 0x00fe, 0x0167, 0x014b, 0x0000,
        ],
        pairs: [
            // 0xc1
            [
                0x0000, 0x0000, 0x0000, 0x0000, 0x0000, 0x0000, 0x0000, 0x0000, 0x0000, 0x0000, 0x0000, 0x0000, 0x0000, 0x0000, 0x0000, 0x0000,
                0x0000, 0x0000, 0x0000, 0x0000, 0x0000, 0x0000, 0x0000, 0x0000, 0x0000, 0x0000, 0x0000, 0x0000, 0x0000, 0x0000, 0x0000, 0x0000,
                0x0000, 0x00c0, 0x0000, 0x0000, 0x0000, 0x00c8, 0x0000, 0x0000, 0x0000, 0x00cc, 0x0000, 0x0000, 0x0000, 0x0000, 0x0000, 0x00d2,
                0x0000, 0x0000, 0x0000, 0x0000, 0x0000, 0x00d9, 0x0000, 0x0000, 0x0000, 0x0000, 0x0000, 0x0000, 0x0000, 0x0000, 0x0000, 0x0000,
                0x0000, 0x00e0, 0x0000, 0x0000, 0x0000, 0x00e8, 0x0000, 0x0000, 0x0000, 0x00ec, 0x0000, 0x0000, 0x0000, 0x0000, 0x0000, 0x00f2,
                0x0000, 0x0000, 0x0000, 0x0000, 0x0000, 0x00f9, 0x0000, 0x0000, 0x0000, 0x0000, 0x0000, 0x0000, 0x0000, 0x0000, 0x0000, 0x0000,
            ],
            // 0xc2
            [
                0x00b4, 0x0000, 0x0000, 0x0000, 0x0000, 0x0000, 0x0000, 0x0000, 0x0000, 0x0000, 0x0000, 0x0000, 0x0000, 0x0000, 0x0000, 0x0000,
                0x0000, 0x0000, 0x0000, 0x0000, 0x0000, 0x0000, 0x0000, 0x0000, 0x0000, 0x0000, 0x0000, 0x0000, 0x0000, 0x0000, 0x0000, 0x0000,
                0x0000, 0x00c1, 0x0000, 0x0106, 0x0000, 0x00c9, 0x0000, 0x0000, 0x0000, 0x00cd, 0x0000, 0x0000, 0x0139, 0x0000, 0x0143, 0x00d3,
                0x0000, 0x0000, 0x0154, 0x015a, 0x0000, 0x00da, 0x0000, 0x0000, 0x0000, 0x00dd, 0x0179, 0x0000, 0x0000, 0x0000, 0x0000, 0x0000,
                0x0000, 0x00e1, 0x0000, 0x0107, 0x0000, 0x00e9, 0x0000, 0x0000, 0x0000, 0x00ed, 0x0000, 0x0000, 0x013a, 0x0000, 0x0144, 0x00f3,
                0x0000, 0x0000, 0x0155, 0x015b, 0x0000, 0x00fa, 0x0000, 0x0000, 0x0000, 0x00fd, 0x017a, 0x0000, 0x0000, 0x0000, 0x0000, 0x0000,
            ],
            // 0xc3
            [
                0x0000, 0x0000, 0x0000, 0x0000, 0x0000, 0x0000, 0x0000, 0x0000, 0x0000, 0x0000, 0x0000, 0x0000, 0x0000, 0x0000, 0x0000, 0x0000,
                0x0000, 0x0000, 0x0000, 0x0000, 0x0000, 0x0000, 0x0000, 0x0000, 0x0000, 0x0000, 0x0000, 0x0000, 0x0000, 0x0000, 0x0000, 0x0000,
                0x0000, 0x00c2, 0x0000, 0x0108, 0x0000, 0x00ca, 0x0000, 0x011c, 0x0124, 0x00ce, 0x0134, 0x0000, 0x0000, 0x0000, 0x0000, 0x00d4,
                0x0000, 0x0000, 0x0000, 0x015c, 0x0000, 0x00db, 0x0000, 0x0174, 0x0000, 0x0176, 0x0000, 0x0000, 0x0000, 0x0000, 0x0000, 0x0000,
                0x0000, 0x00e2, 0x0000, 0x0109, 0x0000, 0x00ea, 0x0000, 0x011d, 0x0125, 0x00ee, 0x0135, 0x0000, 0x0000, 0x0000, 0x0000, 0x00f4,
                0x0000, 0x0000, 0x0000, 0x015d, 0x0000, 0x00fb, 0x0000, 0x0175, 0x0000, 0x0177, 0x0000, 0x0000, 0x0000, 0x0000, 0x0000, 0x0000,
            ],
            // 0xc4
            [
                0x0000, 0x0000, 0x0000, 0x0000, 0x0000, 0x0000, 0x0000, 0x0000, 0x0000, 0x0000, 0x0000, 0x0000, 0x0000, 0x0000, 0x0000, 0x0000,
                0x0000, 0x0000, 0x0000, 0x0000, 0x0000, 0x0000, 0x0000, 0x0000, 0x0000, 0x0000, 0x0000, 0x0000, 0x0000, 0x0000, 0x0000, 0x0000,
                0x0000, 0x00c3, 0x0000, 0x0000, 0x0000, 0x0000, 0x0000, 0x0000, 0x0000, 0x0128, 0x0000, 0x0000, 0x0000, 0x0000, 0x00d1, 0x00d5,
                0x0000, 0x0000, 0x0000, 0x0000, 0x0000, 0x0168, 0x0000, 0x0000, 0x0000, 0x0000, 0x0000, 0x0000, 0x0000, 0x0000, 0x0000, 0x0000,
                0x0000, 0x00e3, 0x0000, 0x0000, 0x0000, 0x0000, 0x0000, 0x0000, 0x0000, 0x0129, 0x0000, 0x0000, 0x0000, 0x0000, 0x00f1, 0x00f5,
                0x0000, 0x0000, 0x0000, 0x0000, 0x0000, 0x0169, 0x0000, 0x0000, 0x0000, 0x0000, 0x0000, 0x0000, 0x0000, 0x0000, 0x0000, 0x0000,
            ],
            // 0xc5
            [
                0x00af, 0x0000, 0x0000, 0x0000, 0x0000, 0x0000, 0x0000, 0x0000, 0x0000, 0x0000, 0x0000, 0x0000, 0x0000, 0x0000, 0x0000, 0x0000,
                0x0000, 0x0000, 0x0000, 0x0000, 0x0000, 0x0000, 0x0000, 0x0000, 0x0000, 0x0000, 0x0000, 0x0000, 0x0000, 0x0000, 0x0000, 0x0000,
                0x0000, 0x0100, 0x0000, 0x0000, 0x0000, 0x0112, 0x0000, 0x0000, 0x0000, 0x012a, 0x0000, 0x0000, 0x0000, 0x0000, 0x0000, 0x014c,
                0x0000, 0x0000, 0x0000, 0x0000, 0x0000, 0x016a, 0x0000, 0x0000, 0x0000, 0x0000, 0x0000, 0x0000, 0x0000, 0x0000, 0x0000, 0x0000,
                0x0000, 0x0101, 0x0000, 0x0000, 0x0000, 0x0113, 0x0000, 0x0000, 0x0000, 0x012b, 0x0000, 0x0000, 0x0000, 0x0000, 0x0000, 0x014d,
                0x0000, 0x0000, 0x0000, 0x0000, 0x0000, 0x016b, 0x0000, 0x0000, 0x0000, 0x0000, 0x0000, 0x0000, 0x0000, 0x0000, 0x0000, 0x0000,
            ],
            // 0xc6
            [
                0x02d8, 0x0000, 0x0000, 0x0000, 0x0000, 0x0000, 0x0000, 0x0000, 0x0000, 0x0000, 0x0000, 0x0000, 0x0000, 0x0000, 0x0000, 0x0000,
                0x0000, 0x0000, 0x0000, 0x0000, 0x0000, 0x0000, 0x0000, 0x0000, 0x0000, 0x0000, 0x0000, 0x0000, 0x0000, 0x0000, 0x0000, 0x0000,
                0x0000, 0x0102, 0x0000, 0x0000, 0x0000, 0x0000, 0x0000, 0x011e, 0x0000, 0x0000, 0x0000, 0x0000, 0x0000, 0x0000, 0x0000, 0x0000,
                0x0000, 0x0000, 0x0000, 0x0000, 0x0000, 0x016c, 0x0000, 0x0000, 0x0000, 0x0000, 0x0000, 0x0000, 0x0000, 0x0000, 0x0000, 0x0000,
                0x0000, 0x0103, 0x0000, 0x0000, 0x0000, 0x0000, 0x0000, 0x011f, 0x0000, 0x0000, 0x0000, 0x0000, 0x0000, 0x0000, 0x0000, 0x0000,
                0x0000, 0x0000, 0x0000, 0x0000, 0x0000, 0x016d, 0x0000, 0x0000, 0x0000, 0x0000, 0x0000, 0x0000, 0x0000, 0x0000, 0x0000, 0x0000,
            ],
            // 0xc7
            [
                0x02d9, 0x0000, 0x0000, 0x0000, 0x0000, 0x0000, 0x0000, 0x0000, 0x0000, 0x0000, 0x0000, 0x0000, 0x0000, 0x0000, 0x0000, 0x0000,
                0x0000, 0x0000, 0x0000, 0x0000, 0x0000, 0x0000, 0x0000, 0x0000, 0x0000, 0x0000, 0x0000, 0x0000, 0x0000, 0x0000, 0x0000, 0x0000,
                0x0000, 0x0000, 0x0000, 0x010a, 0x0000, 0x0116, 0x0000, 0x0120, 0x0000, 0x0130, 0x0000, 0x0000, 0x0000, 0x0000, 0x0000, 0x0000,
                0x0000, 0x0000, 0x0000, 0x0000, 0x0000, 0x0000, 0x0000, 0x0000, 0x0000, 0x0000, 0x017b, 0x0000, 0x0000, 0x0000, 0x0000, 0x0000,
                0x0000, 0x0000, 0x0000, 0x010b, 0x0000, 0x0117, 0x0000, 0x0121, 0x0000, 0x0000, 0x0000, 0x0000, 0x0000, 0x0000, 0x0000, 0x0000,
                0x0000, 0x0000, 0x0000, 0x0000, 0x0000, 0x0000, 0x0000, 0x0000, 0x0000, 0x0000, 0x017c, 0x0000, 0x0000, 0x0000, 0x0000, 0x0000,
            ],
            // 0xc8
            [
                0x00a8, 0x0000, 0x0000, 0x0000, 0x0000, 0x0000, 0x0000, 0x0000, 0x0000, 0x0000, 0x0000, 0x0000, 0x0000, 0x0000, 0x0000, 0x0000,
                0x0000, 0x0000, 0x0000, 0x0000, 0x0000, 0x0000, 0x0000, 0x0000, 0x0000, 0x0000, 0x0000, 0x0000, 0x0000, 0x0000, 0x0000, 0x0000,
                0x0000, 0x00c4, 0x0000, 0x0000, 0x0000, 0x00cb, 0x0000, 0x0000, 0x0000, 0x00cf, 0x0000, 0x0000, 0x0000, 0x0000, 0x0000, 0x00d6,
                0x0000, 0x0000, 0x0000, 0x0000, 0x0000, 0x00dc, 0x0000, 0x0000, 0x0000, 0x0178, 0x0000, 0x0000, 0x0000, 0x0000, 0x0000, 0x0000,
                0x0000, 0x00e4, 0x0000, 0x0000, 0x0000, 0x00eb, 0x0000, 0x0000, 0x0000, 0x00ef, 0x0000, 0x0000, 0x0000, 0x0000, 0x0000, 0x00f6,
                0x0000, 0x0000, 0x0000, 0x0000, 0x0000, 0x00fc, 0x0000, 0x0000, 0x0000, 0x00ff, 0x0000, 0x0000, 0x0000, 0x0000, 0x0000, 0x0000,
            ],
            // 0xc9
            [
                0x0000, 0x0000, 0x0000, 0x0000, 0x0000, 0x0000, 0x0000, 0x0000, 0x0000, 0x0000, 0x0000, 0x0000, 0x0000, 0x0000, 0x0000, 0x0000,
                0x0000, 0x0000, 0x0000, 0x0000, 0x0000, 0x0000, 0x0000, 0x0000, 0x0000, 0x0000, 0x0000, 0x0000, 0x0000, 0x0000, 0x0000, 0x0000,
                0x0000, 0x0000, 0x0000, 0x0000, 0x0000, 0x0000, 0x0000, 0x0000, 0x0000, 0x0000, 0x0000, 0x0000, 0x0000, 0x0000, 0x0000, 0x0000,
                0x0000, 0x0000, 0x0000, 0x0000, 0x0000, 0x0000, 0x0000, 0x0000, 0x0000, 0x0000, 0x0000, 0x0000, 0x0000, 0x0000, 0x0000, 0x0000,
                0x0000, 0x0000, 0x0000, 0x0000, 0x0000, 0x0000, 0x0000, 0x0000, 0x0000, 0x0000, 0x0000, 0x0000, 0x0000, 0x0000, 0x0000, 0x0000,
                0x0000, 0x0000, 0x0000, 0x0000, 0x0000, 0x0000, 0x0000, 0x0000, 0x0000, 0x0000, 0x0000, 0x0000, 0x0000, 0x0000, 0x0000, 0x0000,
            ],
            // 0xca
            [
                0x02da, 0x0000, 0x0000, 0x0000, 0x0000, 0x0000, 0x0000, 0x0000, 0x0000, 0x0000, 0x0000, 0x0000, 0x0000, 0x0000, 0x0000, 0x0000,
                0x0000, 0x0000, 0x0000, 0x0000, 0x0000, 0x0000, 0x0000, 0x0000, 0x0000, 0x0000, 0x0000, 0x0000, 0x0000, 0x0000, 0x0000, 0x0000,
                0x0000, 0x00c5, 0x0000, 0x0000, 0x0000, 0x0000, 0x0000, 0x0000, 0x0000, 0x0000, 0x0000, 0x0000, 0x0000, 0x0000, 0x0000, 0x0000,
                0x0000, 0x0000, 0x0000, 0x0000, 0x0000, 0x016e, 0x0000, 0x0000, 0x0000, 0x0000, 0x0000, 0x0000, 0x0000, 0x0000, 0x0000, 0x0000,
                0x0000, 0x00e5, 0x0000, 0x0000, 0x0000, 0x0000, 0x0000, 0x0000, 0x0000, 0x0000, 0x0000, 0x0000, 0x0000, 0x0000, 0x0000, 0x0000,
                0x0000, 0x0000, 0x0000, 0x0000, 0x0000, 0x016f, 0x0000, 0x0000, 0x0000, 0x0000, 0x0000, 0x0000, 0x0000, 0x0000, 0x0000, 0x0000,
            ],
            // 0xcb
            [
                0x00b8, 0x0000, 0x0000, 0x0000, 0x0000, 0x0000, 0x0000, 0x0000, 0x0000, 0x0000, 0x0000, 0x0000, 0x0000, 0x0000, 0x0000, 0x0000,
                0x0000, 0x0000, 0x0000, 0x0000, 0x0000, 0x0000, 0x0000, 0x0000, 0x0000, 0x0000, 0x0000, 0x0000, 0x0000, 0x0000, 0x0000, 0x0000,
                0x0000, 0x0000, 0x0000, 0x00c7, 0x0000, 0x0000, 0x0000, 0x0122, 0x0000, 0x0000, 0x0000, 0x0136, 0x013b, 0x0000, 0x0145, 0x0000,
                0x0000, 0x0000, 0x0156, 0x015e, 0x0162, 0x0000, 0x0000, 0x0000, 0x0000, 0x0000, 0x0000, 0x0000, 0x0000, 0x0000, 0x0000, 0x0000,
                0x0000, 0x0000, 0x0000, 0x00e7, 0x0000, 0x0000, 0x0000, 0x0123, 0x0000, 0x0000, 0x0000, 0x0137, 0x013c, 0x0000, 0x0146, 0x0000,
                0x0000, 0x0000, 0x0157, 0x015f, 0x0163, 0x0000, 0x0000, 0x0000, 0x0000, 0x0000, 0x0000, 0x0000, 0x0000, 0x0000, 0x0000, 0x0000,
            ],
            // 0xcc
            [
                0x0000, 0x0000, 0x0000, 0x0000, 0x0000, 0x0000, 0x0000, 0x0000, 0x0000, 0x0000, 0x0000, 0x0000, 0x0000, 0x0000, 0x0000, 0x0000,
                0x0000, 0x0000, 0x0000, 0x0000, 0x0000, 0x0000, 0x0000, 0x0000, 0x0000, 0x0000, 0x0000, 0x0000, 0x0000, 0x0000, 0x0000, 0x0000,
                0x0000, 0x0000, 0x0000, 0x0000, 0x0000, 0x0000, 0x0000, 0x0000, 0x0000, 0x0000, 0x0000, 0x0000, 0x0000, 0x0000, 0x0000, 0x0000,
                0x0000, 0x0000, 0x0000, 0x0000, 0x0000, 0x0000, 0x0000, 0x0000, 0x0000, 0x0000, 0x0000, 0x0000, 0x0000, 0x0000, 0x0000, 0x0000,
                0x0000, 0x0000, 0x0000, 0x0000, 0x0000, 0x0000, 0x0000, 0x0000, 0x0000, 0x0000, 0x0000, 0x0000, 0x0000, 0x0000, 0x0000, 0x0000,
                0x0000, 0x0000, 0x0000, 0x0000, 0x0000, 0x0000, 0x0000, 0x0000, 0x0000, 0x0000, 0x0000, 0x0000, 0x0000, 0x0000, 0x0000, 0x0000,
            ],
            // 0xcd
            [
                0x02dd, 0x0000, 0x0000, 0x0000, 0x0000, 0x0000, 0x0000, 0x0000, 0x0000, 0x0000, 0x0000, 0x0000, 0x0000, 0x0000, 0x0000, 0x0000,
                0x0000, 0x0000, 0x0000, 0x0000, 0x0000, 0x0000, 0x0000, 0x0000, 0x0000, 0x0000, 0x0000, 0x0000, 0x0000, 0x0000, 0x0000, 0x0000,
                0x0000, 0x0000, 0x0000, 0x0000, 0x0000, 0x0000, 0x0000, 0x0000, 0x0000, 0x0000, 0x0000, 0x0000, 0x0000, 0x0000, 0x0000, 0x0150,
                0x0000, 0x0000, 0x0000, 0x0000, 0x0000, 0x0170, 0x0000, 0x0000, 0x0000, 0x0000, 0x0000, 0x0000, 0x0000, 0x0000, 0x0000, 0x0000,
                0x0000, 0x0000, 0x0000, 0x0000, 0x0000, 0x0000, 0x0000, 0x0000, 0x0000, 0x0000, 0x0000, 0x0000, 0x0000, 0x0000, 0x0000, 0x0151,
                0x0000, 0x0000, 0x0000, 0x0000, 0x0000, 0x0171, 0x0000, 0x0000, 0x0000, 0x0000, 0x0000, 0x0000, 0x0000, 0x0000, 0x0000, 0x0000,
            ],
            // 0xce
            [
                0x02db, 0x0000, 0x0000, 0x0000, 0x0000, 0x0000, 0x0000, 0x0000, 0x0000, 0x0000, 0x0000, 0x0000, 0x0000, 0x0000, 0x0000, 0x0000,
                0x0000, 0x0000, 0x0000, 0x0000, 0x0000, 0x0000, 0x0000, 0x0000, 0x0000, 0x0000, 0x0000, 0x0000, 0x0000, 0x0000, 0x0000, 0x0000,
                0x0000, 0x0104, 0x0000, 0x0000, 0x0000, 0x0118, 0x0000, 0x0000, 0x0000, 0x012e, 0x0000, 0x0000, 0x0000, 0x0000, 0x0000, 0x0000,
                0x0000, 0x0000, 0x0000, 0x0000, 0x0000, 0x0172, 0x0000, 0x0000, 0x0000, 0x0000, 0x0000, 0x0000, 0x0000, 0x0000, 0x0000, 0x0000,
                0x0000, 0x0105, 0x0000, 0x0000, 0x0000, 0x0119, 0x0000, 0x0000, 0x0000, 0x012f, 0x0000, 0x0000, 0x0000, 0x0000, 0x0000, 0x0000,
                0x0000, 0x0000, 0x0000, 0x0000, 0x0000, 0x0173, 0x0000, 0x0000, 0x0000, 0x0000, 0x0000, 0x0000, 0x0000, 0x0000, 0x0000, 0x0000,
            ],
            // 0xcf
            [
                0x02c7, 0x0000, 0x0000, 0x0000, 0x0000, 0x0000, 0x0000, 0x0000, 0x0000, 0x0000, 0x0000, 0x0000, 0x0000, 0x0000, 0x0000, 0x0000,
                0x0000, 0x0000, 0x0000, 0x0000, 0x0000, 0x0000, 0x0000, 0x0000, 0x0000, 0x0000, 0x0000, 0x0000, 0x0000, 0x0000, 0x0000, 0x0000,
                0x0000, 0x0000, 0x0000, 0x010c, 0x010e, 0x011a, 0x0000, 0x0000, 0x0000, 0x0000, 0x0000, 0x0000, 0x013d, 0x0000, 0x0147, 0x0000,
                0x0000, 0x0000, 0x0158, 0x0160, 0x0164, 0x0000, 0x0000, 0x0000, 0x0000, 0x0000, 0x017d, 0x0000, 0x0000, 0x0000, 0x0000, 0x0000,
                0x0000, 0x0000, 0x0000, 0x010d, 0x010f, 0x011b, 0x0000, 0x0000, 0x0000, 0x0000, 0x0000, 0x0000, 0x013e, 0x0000, 0x0148, 0x0000,
                0x0000, 0x0000, 0x0159, 0x0161, 0x0165, 0x0000, 0x0000, 0x0000, 0x0000, 0x0000, 0x017e, 0x0000, 0x0000, 0x0000, 0x0000, 0x0000,
            ],
        ],
        encode: &[
            (0x0000, 0x00, 0x00),
            (0x0001, 0x01, 0x00),
            (0x0002, 0x02, 0x00),
            (0x0003, 0x03, 0x00),
            (0x0004, 0x04, 0x00),
            (0x0005, 0x05, 0x00),
            (0x0006, 0x06, 0x00),
            (0x0007, 0x07, 0x00),
            (0x0008, 0x08, 0x00),
            (0x0009, 0x09, 0x00),
            (0x000a, 0x0a, 0x00),
            (0x000b, 0x0b, 0x00),
            (0x000c, 0x0c, 0x00),
            (0x000d, 0x0d, 0x00),
            (0x000e, 0x0e, 0x00),
            (0x000f, 0x0f, 0x00),
            (0x0010, 0x10, 0x00),
            (0x0011, 0x11, 0x00),
            (0x0012, 0x12, 0x00),
            (0x0013, 0x13, 0x00),
            (0x0014, 0x14, 0x00),
            (0x0015, 0x15, 0x00),
            (0x0016, 0x16, 0x00),
            (0x0017, 0x17, 0x00),
            (0x0018, 0x18, 0x00),
            (0x0019, 0x19, 0x00),
            (0x001a, 0x1a, 0x00),
            (0x001b, 0x1b, 0x00),
            (0x001c, 0x1c, 0x00),
            (0x001d, 0x1d, 0x00),
            (0x001e, 0x1e, 0x00),
            (0x001f, 0x1f, 0x00),
            (0x0020, 0x20, 0x00),
            (0x0021, 0x21, 0x00),
            (0x0022, 0x22, 0x00),
            (0x0023, 0xa6, 0x00),
            (0x0024, 0xa4, 0x00),
            (0x0025, 0x25, 0x00),
            (0x0026, 0x26, 0x00),
            (0x0027, 0x27, 0x00),
            (0x0028, 0x28, 0x00),
            (0x0029, 0x29, 0x00),
            (0x002a, 0x2a, 0x00),
            (0x002b, 0x2b, 0x00),
            (0x002c, 0x2c, 0x00),
            (0x002d, 0x2d, 0x00),
            (0x002e, 0x2e, 0x00),
            (0x002f, 0x2f, 0x00),
            (0x0030, 0x30, 0x00),
            (0x0031, 0x31, 0x00),
            (0x0032, 0x32, 0x00),
            (0x0033, 0x33, 0x00),
            (0x0034, 0x34, 0x00),
            (0x0035, 0x35, 0x00),
            (0x0036, 0x36, 0x00),
            (0x0037, 0x37, 0x00),
            (0x0038, 0x38, 0x00),
            (0x0039, 0x39, 0x00),
            (0x003a, 0x3a, 0x00),
            (0x003b, 0x3b, 0x00),
            (0x003c, 0x3c, 0x00),
            (0x003d, 0x3d, 0x00),
            (0x003e, 0x3e, 0x00),
            (0x003f, 0x3f, 0x00),
            (0x0040, 0x40, 0x00),
            (0x0041, 0x41, 0x00),
            (0x0042, 0x42, 0x00),
            (0x0043, 0x43, 0x00),
            (0x0044, 0x44, 0x00),
            (0x0045, 0x45, 0x00),
            (0x0046, 0x46, 0x00),
            (0x0047, 0x47, 0x00),
            (0x0048, 0x48, 0x00),
            (0x0049, 0x49, 0x00),
            (0x004a, 0x4a, 0x00),
            (0x004b, 0x4b, 0x00),
            (0x004c, 0x4c, 0x00),
            (0x004d, 0x4d, 0x00),
            (0x004e, 0x4e, 0x00),
            (0x004f, 0x4f, 0x00),
            (0x0050, 0x50, 0x00),
            (0x0051, 0x51, 0x00),
            (0x0052, 0x52, 0x00),
            (0x0053, 0x53, 0x00),
            (0x0054, 0x54, 0x00),
            (0x0055, 0x55, 0x00),
            (0x0056, 0x56, 0x00),
            (0x0057, 0x57, 0x00),
            (0x0058, 0x58, 0x00),
            (0x0059, 0x59, 0x00),
            (0x005a, 0x5a, 0x00),
            (0x005b, 0x5b, 0x00),
            (0x005c, 0x5c, 0x00),
            (0x005d, 0x5d, 0x00),
            (0x005e, 0x5e, 0x00),
            (0x005f, 0x5f, 0x00),
            (0x0060, 0x60, 0x00),
            (0x0061, 0x61, 0x00),
            (0x0062, 0x62, 0x00),
            (0x0063, 0x63, 0x00),
            (0x0064, 0x64, 0x00),
            (0x0065, 0x65, 0x00),
            (0x0066, 0x66, 0x00),
            (0x0067, 0x67, 0x00),
            (0x0068, 0x68, 0x00),
            (0x0069, 0x69, 0x00),
            (0x006a, 0x6a, 0x00),
            (0x006b, 0x6b, 0x00),
            (0x006c, 0x6c, 0x00),
            (0x006d, 0x6d, 0x00),
            (0x006e, 0x6e, 0x00),
            (0x006f, 0x6f, 0x00),
            (0x0070, 0x70, 0x00),
            (0x0071, 0x71, 0x00),
            (0x0072, 0x72, 0x00),
            (0x0073, 0x73, 0x00),
            (0x0074, 0x74, 0x00),
            (0x0075, 0x75, 0x00),
            (0x0076, 0x76, 0x00),
            (0x0077, 0x77, 0x00),
            (0x0078, 0x78, 0x00),
            (0x0079, 0x79, 0x00),
            (0x007a, 0x7a, 0x00),
            (0x007b, 0x7b, 0x00),
            (0x007c, 0x7c, 0x00),
            (0x007d, 0x7d, 0x00),
            (0x007e, 0x7e, 0x00),
            (0x007f, 0x7f, 0x00),
            (0x0080, 0x80, 0x00),
            (0x0081, 0x81, 0x00),
            (0x0082, 0x82, 0x00),
            (0x0083, 0x83, 0x00),
            (0x0084, 0x84, 0x00),
            (0x0085, 0x85, 0x00),
            (0x0086, 0x86, 0x00),
            (0x0087, 0x87, 0x00),
            (0x0088, 0x88, 0x00),
            (0x0089, 0x89, 0x00),
            (0x008a, 0x8a, 0x00),
            (0x008b, 0x8b, 0x00),
            (0x008c, 0x8c, 0x00),
            (0x008d, 0x8d, 0x00),
            (0x008e, 0x8e, 0x00),
            (0x008f, 0x8f, 0x00),
            (0x0090, 0x90, 0x00),
            (0x0091, 0x91, 0x00),
            (0x0092, 0x92, 0x00),
            (0x0093, 0x93, 0x00),
            (0x0094, 0x94, 0x00),
            (0x0095, 0x95, 0x00),
            (0x0096, 0x96, 0x00),
            (0x0097, 0x97, 0x00),
            (0x0098, 0x98, 0x00),
            (0x0099, 0x99, 0x00),
            (0x009a, 0x9a, 0x00),
            (0x009b, 0x9b, 0x00),
            (0x009c, 0x9c, 0x00),
            (0x009d, 0x9d, 0x00),
            (0x009e, 0x9e, 0x00),
            (0x009f, 0x9f, 0x00),
            (0x00a1, 0xa1, 0x00),
            (0x00a2, 0xa2, 0x00),
            (0x00a3, 0xa3, 0x00),
            (0x00a4, 0xa8, 0x00),
            (0x00a5, 0xa5, 0x00),
            (0x00a7, 0xa7, 0x00),
            (0x00a8, 0xc8, 0x20),
            (0x00a9, 0xd3, 0x00),
            (0x00aa, 0xe3, 0x00),
            (0x00ab, 0xab, 0x00),
            (0x00ae, 0xd2, 0x00),
            (0x00af, 0xc5, 0x20),
            (0x00b0, 0xb0, 0x00),
            (0x00b1, 0xb1, 0x00),
            (0x00b2, 0xb2, 0x00),
            (0x00b3, 0xb3, 0x00),
            (0x00b4, 0xc2, 0x20),
            (0x00b5, 0xb5, 0x00),
            (0x00b6, 0xb6, 0x00),
            (0x00b7, 0xb7, 0x00),
            (0x00b8, 0xcb, 0x20),
            (0x00b9, 0xd1, 0x00),
            (0x00ba, 0xeb, 0x00),
            (0x00bb, 0xbb, 0x00),
            (0x00bc, 0xbc, 0x00),
            (0x00bd, 0xbd, 0x00),
            (0x00be, 0xbe, 0x00),
            (0x00bf, 0xbf, 0x00),
            (0x00c0, 0xc1, 0x41),
            (0x00c1, 0xc2, 0x41),
            (0x00c2, 0xc3, 0x41),
            (0x00c3, 0xc4, 0x41),
            (0x00c4, 0xc8, 0x41),
            (0x00c5, 0xca, 0x41),
            (0x00c6, 0xe1, 0x00),
            (0x00c7, 0xcb, 0x43),
            (0x00c8, 0xc1, 0x45),
            (0x00c9, 0xc2, 0x45),
            (0x00ca, 0xc3, 0x45),
            (0x00cb, 0xc8, 0x45),
            (0x00cc, 0xc1, 0x49),
            (0x00cd, 0xc2, 0x49),
            (0x00ce, 0xc3, 0x49),
            (0x00cf, 0xc8, 0x49),
            (0x00d0, 0xe2, 0x00),
            (0x00d1, 0xc4, 0x4e),
            (0x00d2, 0xc1, 0x4f),
            (0x00d3, 0xc2, 0x4f),
            (0x00d4, 0xc3, 0x4f),
            (0x00d5, 0xc4, 0x4f),
            (0x00d6, 0xc8, 0x4f),
            (0x00d7, 0xb4, 0x00),
            (0x00d8, 0xe9, 0x00),
            (0x00d9, 0xc1, 0x55),
            (0x00da, 0xc2, 0x55),
            (0x00db, 0xc3, 0x55),
            (0x00dc, 0xc8, 0x55),
            (0x00dd, 0xc2, 0x59),
            (0x00de, 0xec, 0x00),
            (0x00df, 0xfb, 0x00),
            (0x00e0, 0xc1, 0x61),
            (0x00e1, 0xc2, 0x61),
            (0x00e2, 0xc3, 0x61),
            (0x00e3, 0xc4, 0x61),
            (0x00e4, 0xc8, 0x61),
            (0x00e5, 0xca, 0x61),
            (0x00e6, 0xf1, 0x00),
            (0x00e7, 0xcb, 0x63),
            (0x00e8, 0xc1, 0x65),
            (0x00e9, 0xc2, 0x65),
            (0x00ea, 0xc3, 0x65),
            (0x00eb, 0xc8, 0x65),
            (0x00ec, 0xc1, 0x69),
            (0x00ed, 0xc2, 0x69),
            (0x00ee, 0xc3, 0x69),
            (0x00ef, 0xc8, 0x69),
            (0x00f0, 0xf3, 0x00),
            (0x00f1, 0xc4, 0x6e),
            (0x00f2, 0xc1, 0x6f),
            (0x00f3, 0xc2, 0x6f),
            (0x00f4, 0xc3, 0x6f),
            (0x00f5, 0xc4, 0x6f),
            (0x00f6, 0xc8, 0x6f),
            (0x00f7, 0xb8, 0x00),
            (0x00f8, 0xf9, 0x00),
            (0x00f9, 0xc1, 0x75),
            (0x00fa, 0xc2, 0x75),
            (0x00fb, 0xc3, 0x75),
            (0x00fc, 0xc8, 0x75),
            (0x00fd, 0xc2, 0x79),
            (0x00fe, 0xfc, 0x00),
            (0x00ff, 0xc8, 0x79),
            (0x0100, 0xc5, 0x41),
            (0x0101, 0xc5, 0x61),
            (0x0102, 0xc6, 0x41),
            (0x0103, 0xc6, 0x61),
            (0x0104, 0xce, 0x41),
            (0x0105, 0xce, 0x61),
            (0x0106, 0xc2, 0x43),
            (0x0107, 0xc2, 0x63),
            (0x0108, 0xc3, 0x43),
            (0x0109, 0xc3, 0x63),
            (0x010a, 0xc7, 0x43),
            (0x010b, 0xc7, 0x63),
            (0x010c, 0xcf, 0x43),
            (0x010d, 0xcf, 0x63),
            (0x010e, 0xcf, 0x44),
            (0x010f, 0xcf, 0x64),
            (0x0111, 0xf2, 0x00),
            (0x0112, 0xc5, 0x45),
            (0x0113, 0xc5, 0x65),
            (0x0116, 0xc7, 0x45),
            (0x0117, 0xc7, 0x65),
            (0x0118, 0xce, 0x45),
            (0x0119, 0xce, 0x65),
            (0x011a, 0xcf, 0x45),
            (0x011b, 0xcf, 0x65),
            (0x011c, 0xc3, 0x47),
            (0x011d, 0xc3, 0x67),
            (0x011e, 0xc6, 0x47),
            (0x011f, 0xc6, 0x67),
            (0x0120, 0xc7, 0x47),
            (0x0121, 0xc7, 0x67),
            (0x0122, 0xcb, 0x47),
            (0x0123, 0xcb, 0x67),
            (0x0124, 0xc3, 0x48),
            (0x0125, 0xc3, 0x68),
            (0x0126, 0xe4, 0x00),
            (0x0127, 0xf4, 0x00),
            (0x0128, 0xc4, 0x49),
            (0x0129, 0xc4, 0x69),
            (0x012a, 0xc5, 0x49),
            (0x012b, 0xc5, 0x69),
            (0x012e, 0xce, 0x49),
            (0x012f, 0xce, 0x69),
            (0x0130, 0xc7, 0x49),
            (0x0131, 0xf5, 0x00),
            (0x0132, 0xe6, 0x00),
            (0x0133, 0xf6, 0x00),
            (0x0134, 0xc3, 0x4a),
            (0x0135, 0xc3, 0x6a),
            (0x0136, 0xcb, 0x4b),
            (0x0137, 0xcb, 0x6b),
            (0x0138, 0xf0, 0x00),
            (0x0139, 0xc2, 0x4c),
            (0x013a, 0xc2, 0x6c),
            (0x013b, 0xcb, 0x4c),
            (0x013c, 0xcb, 0x6c),
            (0x013d, 0xcf, 0x4c),
            (0x013e, 0xcf, 0x6c),
            (0x013f, 0xe7, 0x00),
            (0x0140, 0xf7, 0x00),
            (0x0141, 0xe8, 0x00),
            (0x0142, 0xf8, 0x00),
            (0x0143, 0xc2, 0x4e),
            (0x0144, 0xc2, 0x6e),
            (0x0145, 0xcb, 0x4e),
            (0x0146, 0xcb, 0x6e),
            (0x0147, 0xcf, 0x4e),
            (0x0148, 0xcf, 0x6e),
            (0x0149, 0xef, 0x00),
            (0x014a, 0xee, 0x00),
            (0x014b, 0xfe, 0x00),
            (0x014c, 0xc5, 0x4f),
            (0x014d, 0xc5, 0x6f),
            (0x0150, 0xcd, 0x4f),
            (0x0151, 0xcd, 0x6f),
            (0x0152, 0xea, 0x00),
            (0x0153, 0xfa, 0x00),
            (0x0154, 0xc2, 0x52),
            (0x0155, 0xc2, 0x72),
            (0x0156, 0xcb, 0x52),
            (0x0157, 0xcb, 0x72),
            (0x0158, 0xcf, 0x52),
            (0x0159, 0xcf, 0x72),
            (0x015a, 0xc2, 0x53),
            (0x015b, 0xc2, 0x73),
            (0x015c, 0xc3, 0x53),
            (0x015d, 0xc3, 0x73),
            (0x015e, 0xcb, 0x53),
            (0x015f, 0xcb, 0x73),
            (0x0160, 0xcf, 0x53),
            (0x0161, 0xcf, 0x73),
            (0x0162, 0xcb, 0x54),
            (0x0163, 0xcb, 0x74),
            (0x0164, 0xcf, 0x54),
            (0x0165, 0xcf, 0x74),
            (0x0166, 0xed, 0x00),
            (0x0167, 0xfd, 0x00),
            (0x0168, 0xc4, 0x55),
            (0x0169, 0xc4, 0x75),
            (0x016a, 0xc5, 0x55),
            (0x016b, 0xc5, 0x75),
            (0x016c, 0xc6, 0x55),
            (0x016d, 0xc6, 0x75),
            (0x016e, 0xca, 0x55),
            (0x016f, 0xca, 0x75),
            (0x0170, 0xcd, 0x55),
            (0x0171, 0xcd, 0x75),
            (0x0172, 0xce, 0x55),
            (0x0173, 0xce, 0x75),
            (0x0174, 0xc3, 0x57),
            (0x0175, 0xc3, 0x77),
            (0x0176, 0xc3, 0x59),
            (0x0177, 0xc3, 0x79),
            (0x0178, 0xc8, 0x59),
            (0x0179, 0xc2, 0x5a),
            (0x017a, 0xc2, 0x7a),
            (0x017b, 0xc7, 0x5a),
            (0x017c, 0xc7, 0x7a),
            (0x017d, 0xcf, 0x5a),
            (0x017e, 0xcf, 0x7a),
            (0x02c7, 0xcf, 0x20),
            (0x02d8, 0xc6, 0x20),
            (0x02d9, 0xc7, 0x20),
            (0x02da, 0xca, 0x20),
            (0x02db, 0xce, 0x20),
            (0x02dd, 0xcd, 0x20),
            (0x2014, 0xd0, 0x00),
            (0x2018, 0xa9, 0x00),
            (0x2019, 0xb9, 0x00),
            (0x201c, 0xaa, 0x00),
            (0x201d, 0xba, 0x00),
            (0x2122, 0xd4, 0x00),
            (0x2126, 0xe0, 0x00),
            (0x215b, 0xdc, 0x00),
            (0x215c, 0xdd, 0x00),
            (0x215d, 0xde, 0x00),
            (0x215e, 0xdf, 0x00),
            (0x2190, 0xac, 0x00),
            (0x2191, 0xad, 0x00),
            (0x2192, 0xae, 0x00),
            (0x2193, 0xaf, 0x00),
            (0x2500, 0xd6, 0x00),
            (0x2502, 0xd7, 0x00),
            (0x253c, 0xe5, 0x00),
            (0x2571, 0xd8, 0x00),
            (0x2572, 0xd9, 0x00),
            (0x25e2, 0xda, 0x00),
            (0x25e3, 0xdb, 0x00),
            (0x266a, 0xd5, 0x00),
        ],
    },
];
