# glibc 2.39's pseudo-random sequences, for posix/src/stdlib.rs: rand, random,
# rand_r, initstate's five state sizes, setstate's switches, random_r and the rand48
# family, its reentrant forms included. Generated by
# posix/tools/oracle/random_harness.py; do not edit.
rand-default = 1804289383 846930886 1681692777 1714636915 1957747793 424238335 719885386 1649760492 596516649 1189641421 1025202362 1350490027 783368690 1102520059 2044897763 1967513926 1365180540 1540383426 304089172 1303455736 35005211 521595368 294702567 1726956429 336465782 861021530 278722862 233665123 2145174067 468703135 1101513929 1801979802 1315634022 635723058 1369133069 1125898167 1059961393 2089018456 628175011 1656478042 1131176229 1653377373 859484421 1914544919 608413784 756898537 1734575198 1973594324 149798315 2038664370 1129566413 184803526 412776091 1424268980 1911759956 749241873 137806862 42999170 982906996 135497281 511702305 2084420925 1937477084 1827336327
drand48-default = 0x1.6p-45 0x1.0250b79ae8p-10 0x1.550a89cb27ap-5 0x1.69c39e26682p-3 0x1.755a4ab38afcp-2 0x1.7617168255ep-4 0x1.7a0d1925d11p-4 0x1.f2e9126b992p-2 / 1131187612 975888346 500746873 1785185521 2000878121 1219898729 1194203485 109160704 / -1000507651 81238462 1083876924 1280747107 -532658120 -2011947947 -342476647 -2081207358
rand 0 = 1804289383 846930886 1681692777 1714636915 1957747793 424238335 719885386 1649760492 596516649 1189641421 1025202362 1350490027 783368690 1102520059 2044897763 1967513926 1365180540 1540383426 304089172 1303455736 35005211 521595368 294702567 1726956429 336465782 861021530 278722862 233665123 2145174067 468703135 1101513929 1801979802 1315634022 635723058 1369133069 1125898167 1059961393 2089018456 628175011 1656478042 1131176229 1653377373 859484421 1914544919 608413784 756898537 1734575198 1973594324 149798315 2038664370 1129566413 184803526 412776091 1424268980 1911759956 749241873 137806862 42999170 982906996 135497281 511702305 2084420925 1937477084 1827336327
random 0 = 1804289383 846930886 1681692777 1714636915 1957747793 424238335 719885386 1649760492 596516649 1189641421 1025202362 1350490027 783368690 1102520059 2044897763 1967513926 1365180540 1540383426 304089172 1303455736 35005211 521595368 294702567 1726956429 336465782 861021530 278722862 233665123 2145174067 468703135 1101513929 1801979802 1315634022 635723058 1369133069 1125898167 1059961393 2089018456 628175011 1656478042 1131176229 1653377373 859484421 1914544919 608413784 756898537 1734575198 1973594324 149798315 2038664370 1129566413 184803526 412776091 1424268980 1911759956 749241873 137806862 42999170 982906996 135497281 511702305 2084420925 1937477084 1827336327
rand_r 0 = 1012484 1716955679 1792309082 229610924 1639479903 1362739833 918811664 2146985903 1443394820 717935133 539012422 1200475962 522944351 720297736 1167803886 596656587 1686525877 751445801 555744774 2070776622 1844769529 324793931 1765843146 547221572 2067007838 2036432563 782349484 2101393025 1994761903 1846515847 1959424260 1853311030 1171305056 2090052596 127392134 168799635 1919652706 1093359117 1286786935 291351146 1939973050 1222863988 1351162014 1328756915 1352917968 2111677371 1334411258 575130578 1606705543 1606250631 2074267704 1932432539 1639773968 1204543352 1030094818 1457250833 957392254 2033342411 824907607 485059313 2101893912 1031562428 541682814 161060849 : 2414954048
rand 1 = 1804289383 846930886 1681692777 1714636915 1957747793 424238335 719885386 1649760492 596516649 1189641421 1025202362 1350490027 783368690 1102520059 2044897763 1967513926 1365180540 1540383426 304089172 1303455736 35005211 521595368 294702567 1726956429 336465782 861021530 278722862 233665123 2145174067 468703135 1101513929 1801979802 1315634022 635723058 1369133069 1125898167 1059961393 2089018456 628175011 1656478042 1131176229 1653377373 859484421 1914544919 608413784 756898537 1734575198 1973594324 149798315 2038664370 1129566413 184803526 412776091 1424268980 1911759956 749241873 137806862 42999170 982906996 135497281 511702305 2084420925 1937477084 1827336327
random 1 = 1804289383 846930886 1681692777 1714636915 1957747793 424238335 719885386 1649760492 596516649 1189641421 1025202362 1350490027 783368690 1102520059 2044897763 1967513926 1365180540 1540383426 304089172 1303455736 35005211 521595368 294702567 1726956429 336465782 861021530 278722862 233665123 2145174067 468703135 1101513929 1801979802 1315634022 635723058 1369133069 1125898167 1059961393 2089018456 628175011 1656478042 1131176229 1653377373 859484421 1914544919 608413784 756898537 1734575198 1973594324 149798315 2038664370 1129566413 184803526 412776091 1424268980 1911759956 749241873 137806862 42999170 982906996 135497281 511702305 2084420925 1937477084 1827336327
rand_r 1 = 476707713 1186278907 505671508 2137716191 936145377 1215825599 589265238 924859463 1182112391 899065992 1942841066 1701072507 489035169 495252308 1431355191 719950939 1034160761 964899043 1907218830 636708761 150240575 1935915075 2005480717 1068432038 1571000710 1223389481 1188903679 1970242928 1644948879 1260217093 1762071561 1573736397 984411720 2039565267 355103750 704096693 1814042643 965027506 1865900 1663705393 701319238 693749302 955604726 596932118 1336812404 257581692 1366913857 196458353 1222655088 631185153 297319475 869942976 567710733 14330931 2027288670 1492973798 109695398 1403176131 1228162728 105585883 1822916704 1309920959 1620836711 2049674277 : 1814397249
rand 2 = 1505335290 1738766719 190686788 260874575 747983061 906156498 1502820864 142559277 1261608745 1380759627 2127304342 635050179 582691149 149585093 2039335037 820715049 693014654 2122498773 1809302367 591232730 1281246002 1194903572 1820868569 396476315 853559767 1910751391 1826393210 682319630 221122296 96423063 1385108013 1726457586 1835189782 1575794802 1987332161 435689196 334467652 1342669377 578248473 1596076397 575945357 558069167 83642928 1158636506 707654260 2122977965 1979351556 1400668914 2097993090 1641170275 1991901644 1231755445 688590199 1665286566 1628231760 1542149966 1428554309 1307141323 76985948 1649676605 1403564386 1462093962 1228650543 1091270521
random 2 = 1505335290 1738766719 190686788 260874575 747983061 906156498 1502820864 142559277 1261608745 1380759627 2127304342 635050179 582691149 149585093 2039335037 820715049 693014654 2122498773 1809302367 591232730 1281246002 1194903572 1820868569 396476315 853559767 1910751391 1826393210 682319630 221122296 96423063 1385108013 1726457586 1835189782 1575794802 1987332161 435689196 334467652 1342669377 578248473 1596076397 575945357 558069167 83642928 1158636506 707654260 2122977965 1979351556 1400668914 2097993090 1641170275 1991901644 1231755445 688590199 1665286566 1628231760 1542149966 1428554309 1307141323 76985948 1649676605 1403564386 1462093962 1228650543 1091270521
rand_r 2 = 952403967 656651735 1367566158 1899386387 230714723 1069960966 258670236 1851267296 919781386 1079148274 1197087886 55233980 456175586 271254433 1695953024 842196716 382844221 1179400860 1111208215 1350123523 603195269 1399553594 96585039 1589641481 1073946031 408250272 1595457875 1838044255 1295135856 673917315 1565767439 1293111140 796470833 1989077939 582816389 1240442326 1709482179 837743447 863379938 889625593 1610150097 163586039 561096015 2012590970 1320705817 550968638 1399415432 1966317328 839653209 1803603324 666806317 1955984614 1644181769 971602157 876999898 1528696763 1408433613 774060475 1633515000 1872548549 1542891944 1589327043 553555537 1791853657 : 1213840450
rand 42 = 71876166 708592740 1483128881 907283241 442951012 537146758 1366999021 1854614940 647800535 53523743 783815874 1643643143 682599717 291474504 229233696 1633529762 175389892 1183169448 1212580698 1596161259 2108313867 469976352 975807809 1113801033 1232315727 1192349579 1564541169 1350496504 1709672141 1253520176 590056433 1781548307 1962112916 2073185314 541347900 257580280 462848424 1908346921 2112195221 1110648960 1961870665 748527447 606808455 496986734 1040001951 836042151 2130516497 1215391843 2019211600 1195613547 664069454 1980041819 1665589900 1639877263 946359204 750421979 684743195 363416725 2100918483 246931688 1616936901 543491269 2028479995 1431566170
random 42 = 71876166 708592740 1483128881 907283241 442951012 537146758 1366999021 1854614940 647800535 53523743 783815874 1643643143 682599717 291474504 229233696 1633529762 175389892 1183169448 1212580698 1596161259 2108313867 469976352 975807809 1113801033 1232315727 1192349579 1564541169 1350496504 1709672141 1253520176 590056433 1781548307 1962112916 2073185314 541347900 257580280 462848424 1908346921 2112195221 1110648960 1961870665 748527447 606808455 496986734 1040001951 836042151 2130516497 1215391843 2019211600 1195613547 664069454 1980041819 1665589900 1639877263 946359204 750421979 684743195 363416725 2100918483 246931688 1616936901 543491269 2028479995 1431566170
rand_r 42 = 681191333 928546885 1457394273 941445650 2129613237 1661015563 2071432601 222443696 1189133431 1855709077 1461119535 777974771 1268271635 2034099086 1519412206 1465356681 90565595 1140196242 1494605423 1982053529 1529980547 1415716077 1069061035 981040233 536917010 42178083 677739091 841943484 195923861 857894196 159187938 829658876 1888676504 2117056155 1084586606 1199514395 1823071317 9887002 977846850 2115587896 1454043817 458092087 1961675564 642201347 662838474 1555362692 539434389 1888493537 527822777 1465137314 407603029 288976591 1735492728 606708226 2097513539 809066758 1847702522 1348795505 627899021 1708189538 1097136350 2018725201 779461325 46949506 : 2961372266
rand 12345 = 383100999 858300821 357768173 455528251 133005921 116285904 591987137 102557902 689413528 585691128 789708827 477528897 471709721 433228053 94737806 738562773 1390825938 320971712 63710857 1886550712 1407500761 1133106595 1086319404 1966433342 403909323 255885579 124761827 1546035286 1369096065 1891602243 884891277 1752197064 602419417 1242659451 60241667 735425338 1358945355 652228804 837983241 2048358883 1237919932 1627692068 378404132 1709629653 2060920121 473141938 300708778 1304262411 794113650 364419635 1043329475 54130763 1497526230 2129648879 2020564105 1901435553 238050811 2145325932 1299987191 1607146876 1889444528 37394821 1211860292 344380297
random 12345 = 383100999 858300821 357768173 455528251 133005921 116285904 591987137 102557902 689413528 585691128 789708827 477528897 471709721 433228053 94737806 738562773 1390825938 320971712 63710857 1886550712 1407500761 1133106595 1086319404 1966433342 403909323 255885579 124761827 1546035286 1369096065 1891602243 884891277 1752197064 602419417 1242659451 60241667 735425338 1358945355 652228804 837983241 2048358883 1237919932 1627692068 378404132 1709629653 2060920121 473141938 300708778 1304262411 794113650 364419635 1043329475 54130763 1497526230 2129648879 2020564105 1901435553 238050811 2145325932 1299987191 1607146876 1889444528 37394821 1211860292 344380297
rand_r 12345 = 1036784229 1520991917 1373464794 2119610907 1642691859 1728702316 1339048959 564051296 567546540 1799910914 1119164536 2000480754 771587758 997990489 756529721 17247816 425645772 681354769 2146966454 1982642911 332129589 802762388 42150409 2009142195 270891926 100323050 1188213716 1121585006 379240160 1046617932 1774457575 488691805 46760905 1320145017 1600526496 1052135206 1850574866 760755403 188603669 1990830906 110028942 1303499016 1684175091 1289932042 261047261 915336440 1711270436 1596934652 1367743995 1975656378 188801842 978480667 870072444 796779478 402622829 1871202193 1117125523 157232914 1818058190 632014804 1634493399 831713796 632420505 1717552802 : 1654823289
rand 2147483647 = 1065668062 2142264300 1066566375 1064012770 2141034222 1065509725 2135810236 2139491828 2138030783 2133535487 1063823214 1062867731 1057142398 1061426218 2134940760 2127804915 2132199267 2132963510 1050498024 2128539129 2130599457 2120124065 2124047555 1054006513 2115383933 1044819428 2124282634 1036193370 2111890717 1046299399 2103680308 1030075131 1041080051 1022763035 2094087902 1034630625 2088272761 2082414490 1026638805 2078819896 2068466329 2090462020 994203979 978125079 1004404590 981661091 958446346 989120209 967140953 2008944371 970175690 950256762 1981584788 946739597 2004263276 1949485073 1991559026 1981062262 838194795 1955966095 879878013 794391455 838557578 1920958065
random 2147483647 = 1065668062 2142264300 1066566375 1064012770 2141034222 1065509725 2135810236 2139491828 2138030783 2133535487 1063823214 1062867731 1057142398 1061426218 2134940760 2127804915 2132199267 2132963510 1050498024 2128539129 2130599457 2120124065 2124047555 1054006513 2115383933 1044819428 2124282634 1036193370 2111890717 1046299399 2103680308 1030075131 1041080051 1022763035 2094087902 1034630625 2088272761 2082414490 1026638805 2078819896 2068466329 2090462020 994203979 978125079 1004404590 981661091 958446346 989120209 967140953 2008944371 970175690 950256762 1981584788 946739597 2004263276 1949485073 1991559026 1981062262 838194795 1955966095 879878013 794391455 838557578 1920958065
rand_r 2147483647 = 1670702726 99100226 931463008 467940729 196379357 1508605490 1249408713 1220578070 1705725826 537853875 1284765602 698829816 555803934 944295612 903205029 474411834 190357745 536942960 1350705789 1356312260 1391814834 861155411 1527255176 24962529 416578869 704088124 375796313 86108050 197091278 284283401 8245759 2132887711 1358197367 2140539924 2047164167 1779936625 2023164594 1221691752 425271873 1065431970 1031143214 1753028275 1745670725 2060581711 1370071083 1817239801 1301908659 952754228 1990757022 433832460 1705829437 845342325 563302932 247272126 33947494 1421528892 1806138711 516022995 419554311 864531718 234435025 752157368 1608966036 418880445 : 868027199
rand 2147483648 = 1336741213 1210407648 1447044896 337392383 82502902 538660432 1313908778 370221063 344413073 1896089129 2044477265 1711647701 128787895 864892100 985836693 2134634618 1642121871 1452847611 539426807 1663660949 765987032 1350845683 1550946986 94407367 1482267241 927920760 405299531 446952434 1723835522 1213320778 1649425186 913093087 276244779 948986434 1250485470 358747681 1487646867 416910600 728968744 1832059940 165516081 625962361 1396223994 294303977 1490854462 234577039 281454947 985492685 1687424650 820881754 501669986 305928034 24243790 2052616972 400335402 1506511031 833054085 805634933 1953463465 409405959 2018955712 1455405003 1322499046 147716843
random 2147483648 = 1336741213 1210407648 1447044896 337392383 82502902 538660432 1313908778 370221063 344413073 1896089129 2044477265 1711647701 128787895 864892100 985836693 2134634618 1642121871 1452847611 539426807 1663660949 765987032 1350845683 1550946986 94407367 1482267241 927920760 405299531 446952434 1723835522 1213320778 1649425186 913093087 276244779 948986434 1250485470 358747681 1487646867 416910600 728968744 1832059940 165516081 625962361 1396223994 294303977 1490854462 234577039 281454947 985492685 1687424650 820881754 501669986 305928034 24243790 2052616972 400335402 1506511031 833054085 805634933 1953463465 409405959 2018955712 1455405003 1322499046 147716843
rand_r 2147483648 = 1012484 1716955679 1792309082 229610924 1639479903 1362739833 918811664 2146985903 1443394820 717935133 539012422 1200475962 522944351 720297736 1167803886 596656587 1686525877 751445801 555744774 2070776622 1844769529 324793931 1765843146 547221572 2067007838 2036432563 782349484 2101393025 1994761903 1846515847 1959424260 1853311030 1171305056 2090052596 127392134 168799635 1919652706 1093359117 1286786935 291351146 1939973050 1222863988 1351162014 1328756915 1352917968 2111677371 1334411258 575130578 1606705543 1606250631 2074267704 1932432539 1639773968 1204543352 1030094818 1457250833 957392254 2033342411 824907607 485059313 2101893912 1031562428 541682814 161060849 : 267470400
rand 4294967295 = 254925627 1205188300 366127624 1401405153 76053476 1604170158 1302235366 362229243 334960208 1882140968 960816832 627031785 1185930294 1926318319 973293805 2114955885 1626837490 1438327473 1589924831 1644716430 749102841 1323486100 1527510893 1148413881 1450167526 1972740189 382098517 1483145805 1688242591 112136530 1605621846 1943168218 1317324830 1971749470 1197089724 1393378306 1428435980 351841442 1755607549 1763396188 86498762 568940733 242944325 1272429056 347775404 1216238130 1239901294 1974612895 507081955 682342477 1471845677 1256184797 2005828578 851872922 257115030 1308512456 677129463 639213547 644174613 217888406 751350077 102312811 13572976 2068674908
random 4294967295 = 254925627 1205188300 366127624 1401405153 76053476 1604170158 1302235366 362229243 334960208 1882140968 960816832 627031785 1185930294 1926318319 973293805 2114955885 1626837490 1438327473 1589924831 1644716430 749102841 1323486100 1527510893 1148413881 1450167526 1972740189 382098517 1483145805 1688242591 112136530 1605621846 1943168218 1317324830 1971749470 1197089724 1393378306 1428435980 351841442 1755607549 1763396188 86498762 568940733 242944325 1272429056 347775404 1216238130 1239901294 1974612895 507081955 682342477 1471845677 1256184797 2005828578 851872922 257115030 1308512456 677129463 639213547 644174613 217888406 751350077 102312811 13572976 2068674908
rand_r 4294967295 = 1670702726 99100226 931463008 467940729 196379357 1508605490 1249408713 1220578070 1705725826 537853875 1284765602 698829816 555803934 944295612 903205029 474411834 190357745 536942960 1350705789 1356312260 1391814834 861155411 1527255176 24962529 416578869 704088124 375796313 86108050 197091278 284283401 8245759 2132887711 1358197367 2140539924 2047164167 1779936625 2023164594 1221691752 425271873 1065431970 1031143214 1753028275 1745670725 2060581711 1370071083 1817239801 1301908659 952754228 1990757022 433832460 1705829437 845342325 563302932 247272126 33947494 1421528892 1806138711 516022995 419554311 864531718 234435025 752157368 1608966036 418880445 : 3015510847
initstate 8 0 = 1103527590 377401575 662824084 1147902781 2035015474 368800899 1508029952 486256185 1062517886 267834847 180171308 836760821 595337866 790425851 2111915288 1149758321 1644289366 1388290519 1647418052 1675546029 1767274722 326272115 1343201072 675780521 744964398 1969681615 1116175964 861472101 1303003706 1686638315 2000430152 1868141281 1860847622 1448521415 1628650740 1249606685 835903122 763719779 429995104 1775811865 893145566 995405759 2102736524 271520213 456633834 2058258651 1583689592 878442065 1675280054 1627576247 2054802212 60335757 684462146 1625503827 521827728 1266032265 93253262 2053047983 685333180 127474245 948921754 1964990155 1228891816 255202753
initstate 8 1 = 1103527590 377401575 662824084 1147902781 2035015474 368800899 1508029952 486256185 1062517886 267834847 180171308 836760821 595337866 790425851 2111915288 1149758321 1644289366 1388290519 1647418052 1675546029 1767274722 326272115 1343201072 675780521 744964398 1969681615 1116175964 861472101 1303003706 1686638315 2000430152 1868141281 1860847622 1448521415 1628650740 1249606685 835903122 763719779 429995104 1775811865 893145566 995405759 2102736524 271520213 456633834 2058258651 1583689592 878442065 1675280054 1627576247 2054802212 60335757 684462146 1625503827 521827728 1266032265 93253262 2053047983 685333180 127474245 948921754 1964990155 1228891816 255202753
initstate 8 2 = 59559187 1495354192 671064393 846338638 1693263727 1775750268 1964509445 1826196826 1330563979 2131965032 1704276097 2048075046 819762535 941305620 694375357 603745714 1167270147 1057368192 150367929 46117630 43829855 115690668 1174814069 1960837386 1533914491 1085310872 1275739121 201663446 1017095767 854754628 1819649581 2055710562 1485721843 1614066096 582187049 1304221614 565381455 673921244 467824101 16957626 247524203 1335953096 2119238497 898379398 75551559 455329652 750351517 451718418 23944419 1752164064 20823449 1415874654 1729029183 1922863372 1008966229 1726794858 2098693467 755479032 575702737 2080589110 171908151 1627518372 126205709 87457474
initstate 8 42 = 1250496027 1116302264 1000676753 1668674806 908095735 71666532 896336333 1736731266 1314989459 1535244752 391441865 1108520142 1206814703 534045436 1974836613 238077914 1413854219 705377000 397905153 1440974758 1972995559 282367380 881784893 1823504434 879663491 70219520 1215814457 1726604670 318196447 1939145516 1030877685 968547210 1513076219 1793402392 1673312369 1341335126 481933015 1376947140 1980983981 529748450 192473459 2072944688 631833769 202943022 2012129743 762679132 1776566885 562641722 542512107 293225800 266051553 1950339334 562037703 932343284 1167153437 829945746 711923043 392328544 485452313 748288734 1303618751 1013548940 1115918037 1967580906
initstate 8 12345 = 1406932606 654583775 1449466924 229283573 1109335178 1051550459 1293799192 794471793 551188310 803550167 1772930244 370913197 639546082 1381971571 1695770928 2121308585 1719212846 996984527 1157490780 1343235941 536853562 1511588075 1538207304 2103497953 706568710 956612807 1521280756 1588911645 371038354 33727075 1680572000 88489753 1282976734 527630783 1194991756 1106424789 853518314 392166107 1387182456 1538766929 654858422 2086234551 1792144676 837716109 1513704002 269544019 1305165712 1179132041 1502988430 1941297327 852280508 1787378757 1328144282 34689227 805269672 235296705 1203133286 794963623 321843028 1725935357 154978290 184094275 422948032 1929199097
initstate 8 2147483647 = 1043980748 288979989 646343466 1751031067 571035320 1849869457 595070966 2101342199 526425700 834541773 1426929026 561616019 146488528 488666313 652027854 94299887 450844156 2050135173 346551002 639435531 919197160 747435009 1679975078 253150439 1314547860 1590939453 797049650 33605763 1874819584 1202922041 214507646 1493002719 463615532 1117432053 1574094474 1140376827 1376946456 943316849 354337110 998553047 36904644 314311085 2069732578 1165285491 1218798384 969149353 1102882094 1731889359 682984028 1378400613 1827792442 1644225259 742811720 1030784737 1695034374 344507079 377340148 353218589 904594066 516211811 355465312 492450073 1286780382 590693311
initstate 8 2147483648 = 12345 1406932606 654583775 1449466924 229283573 1109335178 1051550459 1293799192 794471793 551188310 803550167 1772930244 370913197 639546082 1381971571 1695770928 2121308585 1719212846 996984527 1157490780 1343235941 536853562 1511588075 1538207304 2103497953 706568710 956612807 1521280756 1588911645 371038354 33727075 1680572000 88489753 1282976734 527630783 1194991756 1106424789 853518314 392166107 1387182456 1538766929 654858422 2086234551 1792144676 837716109 1513704002 269544019 1305165712 1179132041 1502988430 1941297327 852280508 1787378757 1328144282 34689227 805269672 235296705 1203133286 794963623 321843028 1725935357 154978290 184094275 422948032
initstate 8 4294967295 = 1043980748 288979989 646343466 1751031067 571035320 1849869457 595070966 2101342199 526425700 834541773 1426929026 561616019 146488528 488666313 652027854 94299887 450844156 2050135173 346551002 639435531 919197160 747435009 1679975078 253150439 1314547860 1590939453 797049650 33605763 1874819584 1202922041 214507646 1493002719 463615532 1117432053 1574094474 1140376827 1376946456 943316849 354337110 998553047 36904644 314311085 2069732578 1165285491 1218798384 969149353 1102882094 1731889359 682984028 1378400613 1827792442 1644225259 742811720 1030784737 1695034374 344507079 377340148 353218589 904594066 516211811 355465312 492450073 1286780382 590693311
initstate 16 0 = 1103527590 377401575 662824084 1147902781 2035015474 368800899 1508029952 486256185 1062517886 267834847 180171308 836760821 595337866 790425851 2111915288 1149758321 1644289366 1388290519 1647418052 1675546029 1767274722 326272115 1343201072 675780521 744964398 1969681615 1116175964 861472101 1303003706 1686638315 2000430152 1868141281 1860847622 1448521415 1628650740 1249606685 835903122 763719779 429995104 1775811865 893145566 995405759 2102736524 271520213 456633834 2058258651 1583689592 878442065 1675280054 1627576247 2054802212 60335757 684462146 1625503827 521827728 1266032265 93253262 2053047983 685333180 127474245 948921754 1964990155 1228891816 255202753
initstate 16 1 = 1103527590 377401575 662824084 1147902781 2035015474 368800899 1508029952 486256185 1062517886 267834847 180171308 836760821 595337866 790425851 2111915288 1149758321 1644289366 1388290519 1647418052 1675546029 1767274722 326272115 1343201072 675780521 744964398 1969681615 1116175964 861472101 1303003706 1686638315 2000430152 1868141281 1860847622 1448521415 1628650740 1249606685 835903122 763719779 429995104 1775811865 893145566 995405759 2102736524 271520213 456633834 2058258651 1583689592 878442065 1675280054 1627576247 2054802212 60335757 684462146 1625503827 521827728 1266032265 93253262 2053047983 685333180 127474245 948921754 1964990155 1228891816 255202753
initstate 16 2 = 59559187 1495354192 671064393 846338638 1693263727 1775750268 1964509445 1826196826 1330563979 2131965032 1704276097 2048075046 819762535 941305620 694375357 603745714 1167270147 1057368192 150367929 46117630 43829855 115690668 1174814069 1960837386 1533914491 1085310872 1275739121 201663446 1017095767 854754628 1819649581 2055710562 1485721843 1614066096 582187049 1304221614 565381455 673921244 467824101 16957626 247524203 1335953096 2119238497 898379398 75551559 455329652 750351517 451718418 23944419 1752164064 20823449 1415874654 1729029183 1922863372 1008966229 1726794858 2098693467 755479032 575702737 2080589110 171908151 1627518372 126205709 87457474
initstate 16 42 = 1250496027 1116302264 1000676753 1668674806 908095735 71666532 896336333 1736731266 1314989459 1535244752 391441865 1108520142 1206814703 534045436 1974836613 238077914 1413854219 705377000 397905153 1440974758 1972995559 282367380 881784893 1823504434 879663491 70219520 1215814457 1726604670 318196447 1939145516 1030877685 968547210 1513076219 1793402392 1673312369 1341335126 481933015 1376947140 1980983981 529748450 192473459 2072944688 631833769 202943022 2012129743 762679132 1776566885 562641722 542512107 293225800 266051553 1950339334 562037703 932343284 1167153437 829945746 711923043 392328544 485452313 748288734 1303618751 1013548940 1115918037 1967580906
initstate 16 12345 = 1406932606 654583775 1449466924 229283573 1109335178 1051550459 1293799192 794471793 551188310 803550167 1772930244 370913197 639546082 1381971571 1695770928 2121308585 1719212846 996984527 1157490780 1343235941 536853562 1511588075 1538207304 2103497953 706568710 956612807 1521280756 1588911645 371038354 33727075 1680572000 88489753 1282976734 527630783 1194991756 1106424789 853518314 392166107 1387182456 1538766929 654858422 2086234551 1792144676 837716109 1513704002 269544019 1305165712 1179132041 1502988430 1941297327 852280508 1787378757 1328144282 34689227 805269672 235296705 1203133286 794963623 321843028 1725935357 154978290 184094275 422948032 1929199097
initstate 16 2147483647 = 1043980748 288979989 646343466 1751031067 571035320 1849869457 595070966 2101342199 526425700 834541773 1426929026 561616019 146488528 488666313 652027854 94299887 450844156 2050135173 346551002 639435531 919197160 747435009 1679975078 253150439 1314547860 1590939453 797049650 33605763 1874819584 1202922041 214507646 1493002719 463615532 1117432053 1574094474 1140376827 1376946456 943316849 354337110 998553047 36904644 314311085 2069732578 1165285491 1218798384 969149353 1102882094 1731889359 682984028 1378400613 1827792442 1644225259 742811720 1030784737 1695034374 344507079 377340148 353218589 904594066 516211811 355465312 492450073 1286780382 590693311
initstate 16 2147483648 = 12345 1406932606 654583775 1449466924 229283573 1109335178 1051550459 1293799192 794471793 551188310 803550167 1772930244 370913197 639546082 1381971571 1695770928 2121308585 1719212846 996984527 1157490780 1343235941 536853562 1511588075 1538207304 2103497953 706568710 956612807 1521280756 1588911645 371038354 33727075 1680572000 88489753 1282976734 527630783 1194991756 1106424789 853518314 392166107 1387182456 1538766929 654858422 2086234551 1792144676 837716109 1513704002 269544019 1305165712 1179132041 1502988430 1941297327 852280508 1787378757 1328144282 34689227 805269672 235296705 1203133286 794963623 321843028 1725935357 154978290 184094275 422948032
initstate 16 4294967295 = 1043980748 288979989 646343466 1751031067 571035320 1849869457 595070966 2101342199 526425700 834541773 1426929026 561616019 146488528 488666313 652027854 94299887 450844156 2050135173 346551002 639435531 919197160 747435009 1679975078 253150439 1314547860 1590939453 797049650 33605763 1874819584 1202922041 214507646 1493002719 463615532 1117432053 1574094474 1140376827 1376946456 943316849 354337110 998553047 36904644 314311085 2069732578 1165285491 1218798384 969149353 1102882094 1731889359 682984028 1378400613 1827792442 1644225259 742811720 1030784737 1695034374 344507079 377340148 353218589 904594066 516211811 355465312 492450073 1286780382 590693311
initstate 31 0 = 1103527590 377401575 662824084 1147902781 2035015474 368800899 1508029952 486256185 1062517886 267834847 180171308 836760821 595337866 790425851 2111915288 1149758321 1644289366 1388290519 1647418052 1675546029 1767274722 326272115 1343201072 675780521 744964398 1969681615 1116175964 861472101 1303003706 1686638315 2000430152 1868141281 1860847622 1448521415 1628650740 1249606685 835903122 763719779 429995104 1775811865 893145566 995405759 2102736524 271520213 456633834 2058258651 1583689592 878442065 1675280054 1627576247 2054802212 60335757 684462146 1625503827 521827728 1266032265 93253262 2053047983 685333180 127474245 948921754 1964990155 1228891816 255202753
initstate 31 1 = 1103527590 377401575 662824084 1147902781 2035015474 368800899 1508029952 486256185 1062517886 267834847 180171308 836760821 595337866 790425851 2111915288 1149758321 1644289366 1388290519 1647418052 1675546029 1767274722 326272115 1343201072 675780521 744964398 1969681615 1116175964 861472101 1303003706 1686638315 2000430152 1868141281 1860847622 1448521415 1628650740 1249606685 835903122 763719779 429995104 1775811865 893145566 995405759 2102736524 271520213 456633834 2058258651 1583689592 878442065 1675280054 1627576247 2054802212 60335757 684462146 1625503827 521827728 1266032265 93253262 2053047983 685333180 127474245 948921754 1964990155 1228891816 255202753
initstate 31 2 = 59559187 1495354192 671064393 846338638 1693263727 1775750268 1964509445 1826196826 1330563979 2131965032 1704276097 2048075046 819762535 941305620 694375357 603745714 1167270147 1057368192 150367929 46117630 43829855 115690668 1174814069 1960837386 1533914491 1085310872 1275739121 201663446 1017095767 854754628 1819649581 2055710562 1485721843 1614066096 582187049 1304221614 565381455 673921244 467824101 16957626 247524203 1335953096 2119238497 898379398 75551559 455329652 750351517 451718418 23944419 1752164064 20823449 1415874654 1729029183 1922863372 1008966229 1726794858 2098693467 755479032 575702737 2080589110 171908151 1627518372 126205709 87457474
initstate 31 42 = 1250496027 1116302264 1000676753 1668674806 908095735 71666532 896336333 1736731266 1314989459 1535244752 391441865 1108520142 1206814703 534045436 1974836613 238077914 1413854219 705377000 397905153 1440974758 1972995559 282367380 881784893 1823504434 879663491 70219520 1215814457 1726604670 318196447 1939145516 1030877685 968547210 1513076219 1793402392 1673312369 1341335126 481933015 1376947140 1980983981 529748450 192473459 2072944688 631833769 202943022 2012129743 762679132 1776566885 562641722 542512107 293225800 266051553 1950339334 562037703 932343284 1167153437 829945746 711923043 392328544 485452313 748288734 1303618751 1013548940 1115918037 1967580906
initstate 31 12345 = 1406932606 654583775 1449466924 229283573 1109335178 1051550459 1293799192 794471793 551188310 803550167 1772930244 370913197 639546082 1381971571 1695770928 2121308585 1719212846 996984527 1157490780 1343235941 536853562 1511588075 1538207304 2103497953 706568710 956612807 1521280756 1588911645 371038354 33727075 1680572000 88489753 1282976734 527630783 1194991756 1106424789 853518314 392166107 1387182456 1538766929 654858422 2086234551 1792144676 837716109 1513704002 269544019 1305165712 1179132041 1502988430 1941297327 852280508 1787378757 1328144282 34689227 805269672 235296705 1203133286 794963623 321843028 1725935357 154978290 184094275 422948032 1929199097
initstate 31 2147483647 = 1043980748 288979989 646343466 1751031067 571035320 1849869457 595070966 2101342199 526425700 834541773 1426929026 561616019 146488528 488666313 652027854 94299887 450844156 2050135173 346551002 639435531 919197160 747435009 1679975078 253150439 1314547860 1590939453 797049650 33605763 1874819584 1202922041 214507646 1493002719 463615532 1117432053 1574094474 1140376827 1376946456 943316849 354337110 998553047 36904644 314311085 2069732578 1165285491 1218798384 969149353 1102882094 1731889359 682984028 1378400613 1827792442 1644225259 742811720 1030784737 1695034374 344507079 377340148 353218589 904594066 516211811 355465312 492450073 1286780382 590693311
initstate 31 2147483648 = 12345 1406932606 654583775 1449466924 229283573 1109335178 1051550459 1293799192 794471793 551188310 803550167 1772930244 370913197 639546082 1381971571 1695770928 2121308585 1719212846 996984527 1157490780 1343235941 536853562 1511588075 1538207304 2103497953 706568710 956612807 1521280756 1588911645 371038354 33727075 1680572000 88489753 1282976734 527630783 1194991756 1106424789 853518314 392166107 1387182456 1538766929 654858422 2086234551 1792144676 837716109 1513704002 269544019 1305165712 1179132041 1502988430 1941297327 852280508 1787378757 1328144282 34689227 805269672 235296705 1203133286 794963623 321843028 1725935357 154978290 184094275 422948032
initstate 31 4294967295 = 1043980748 288979989 646343466 1751031067 571035320 1849869457 595070966 2101342199 526425700 834541773 1426929026 561616019 146488528 488666313 652027854 94299887 450844156 2050135173 346551002 639435531 919197160 747435009 1679975078 253150439 1314547860 1590939453 797049650 33605763 1874819584 1202922041 214507646 1493002719 463615532 1117432053 1574094474 1140376827 1376946456 943316849 354337110 998553047 36904644 314311085 2069732578 1165285491 1218798384 969149353 1102882094 1731889359 682984028 1378400613 1827792442 1644225259 742811720 1030784737 1695034374 344507079 377340148 353218589 904594066 516211811 355465312 492450073 1286780382 590693311
initstate 32 0 = 964237963 406111040 156505215 1274863108 1882652865 1405674096 98519088 699407180 1811785137 255024303 1974270288 1546954354 1660698400 2072789376 98877886 1324999889 180330032 2073148174 724470595 1841028432 1998453902 823348481 1018544673 31300286 749013007 1743015268 1872328718 599983261 418880101 743389743 631283548 1167893108 338921363 356128618 1767876369 757801464 1099518362 251676269 1925694572 1438439725 607804888 1546087294 48757542 1707323250 1797763563 1974452114 998279327 258084803 1373055760 1047036869 1965408053 1023335676 874005336 816203733 1281420479 99577448 1863240602 1099344885 1122913124 589762290 1915548618 256849956 689339739 1631305572
initstate 32 1 = 964237963 406111040 156505215 1274863108 1882652865 1405674096 98519088 699407180 1811785137 255024303 1974270288 1546954354 1660698400 2072789376 98877886 1324999889 180330032 2073148174 724470595 1841028432 1998453902 823348481 1018544673 31300286 749013007 1743015268 1872328718 599983261 418880101 743389743 631283548 1167893108 338921363 356128618 1767876369 757801464 1099518362 251676269 1925694572 1438439725 607804888 1546087294 48757542 1707323250 1797763563 1974452114 998279327 258084803 1373055760 1047036869 1965408053 1023335676 874005336 816203733 1281420479 99577448 1863240602 1099344885 1122913124 589762290 1915548618 256849956 689339739 1631305572
initstate 32 2 = 1928481710 1885970762 313018372 402251583 544090843 1737618752 1270794089 325088905 1476105867 1583812461 727340488 2020196710 1173947566 1998134578 197801968 502569785 1434463391 925142456 375282847 460927309 775793386 573084815 963497094 62773130 1498227272 1338779942 523700439 126537010 1911864757 1487197534 189310140 1262608381 678493828 713010580 1389145392 442874937 52724466 1578455532 1705483319 731218294 143982464 947145063 1174093231 196706930 378116947 732092902 927925224 522099412 1679237965 2102018456 718806342 2057354913 686627710 1646731567 431970677 218382028 1601266375 1150777019 128253293 140410437 650024938 560223970 358792465 103807665
initstate 32 42 = 769798547 2024571666 1204852799 931293870 1762463907 1056786110 917189233 384778806 933874128 2122042033 1316072677 548854387 1031344495 85778262 933633193 1965218623 60336647 102222222 366589362 1091681142 188000485 1300222555 909416117 248337132 1402444778 1276005479 1340018275 1590445263 428744387 101950744 1838782395 1831189165 1377956224 1031317022 1274150780 1806700611 1133267767 965449527 1490406128 363740343 1996766550 617073260 22957306 982550669 1582522787 1513363434 1346291012 1431805689 2130436694 1369248318 266872710 1565475833 735128104 1613163722 849797875 718081150 834928392 1116670585 136073335 1570056496 582350660 985871210 140653998 1417279052
initstate 32 12345 = 91663297 228763407 498755455 469575906 1418804778 465742136 2000994473 1510468075 694505543 352266280 1980043981 2113310321 818008416 1833554806 1476294748 1512513959 38337439 1308855081 1478340632 856345855 994926240 807151732 221376167 1033263679 2116006814 1699716799 1889609534 963449406 359384884 2110985701 1996713085 327908050 1663218853 1738838971 1291357456 2022603737 1702341025 1140586893 203028139 1218076230 731942216 1494385595 1093196319 286799593 487488840 1296224458 1504875823 1219431056 643126405 450588494 1506230650 1130615245 1746812952 863622825 202562653 242455709 1314211320 1708793303 1373070954 913540624 424932481 1575633608 1155996334 1739143801
initstate 32 2147483647 = 1073736651 2147477747 2147476437 1073733636 1073732665 1073730770 2147470776 2147469317 1073724869 2147463565 1073719305 2147457535 1073710687 1073706433 2147443204 2147435557 1073686350 1073678861 2147409444 2147397038 2147385295 2147369000 2147348947 1073587997 1073564213 2147274743 1073501387 1073465860 2147160095 1073366686 2147053858 1073240660 1073157781 1073071597 2146706521 1072834228 2146438284 2146276731 2146074889 1072112417 1071864680 2145297762 2144946646 1070819316 2144090845 2143537887 2142931734 1068471877 2141352001 2140394732 2139291194 2137959198 2136448971 2134739280 1058947427 2130317324 2127650364 1050754973 2120792874 2116615687 1038010605 1032256653 2099449363 1018177321
initstate 32 2147483648 = 1183231473 667614186 1990959771 1946340482 1338546766 1815522114 2048930747 374294591 335652652 1892406870 173151426 1674199418 1560445336 74598525 2048494010 1896097988 1967005396 74161788 1422813759 1379967084 148760313 1323824121 1128581425 2115765709 1397985909 403911536 1348249146 1546746222 1727735657 329346923 1515028284 978237918 733258459 715793782 377500492 313510468 1045140705 1892528776 1291748386 1778399164 460838910 1669248878 2091909632 1505979615 1414294007 1236174370 1136895131 1875132917 757939600 1081321115 1233628885 24749959 170011837 223040368 1899882877 927951438 1304361484 986028114 952701397 1474373321 1209068482 705100626 254841111 365946318
initstate 32 4294967295 = 109484476 667608285 1990952560 872590471 264795784 741769236 2048917875 374280260 1409377521 1892386787 1246870731 1674173305 486672376 1148304959 2048453566 1896049897 893208098 1147840649 1422739555 1379880474 148661960 1323709473 1128446724 1041870059 324066474 403702631 274266885 472728435 1727412104 1402713609 1514598494 2051478578 1806416240 1788865379 376723365 1386344696 1044095341 1891321859 1290339627 703027933 1532703591 1667062992 2089372630 429315284 1410901204 1232228609 1132343217 796121147 751807953 1074232199 1225436431 15225509 158977160 210296000 811346656 910785114 1284528200 2036783087 926010623 1443505360 99595440 1737357280 206806826 1384123640
initstate 63 0 = 964237963 406111040 156505215 1274863108 1882652865 1405674096 98519088 699407180 1811785137 255024303 1974270288 1546954354 1660698400 2072789376 98877886 1324999889 180330032 2073148174 724470595 1841028432 1998453902 823348481 1018544673 31300286 749013007 1743015268 1872328718 599983261 418880101 743389743 631283548 1167893108 338921363 356128618 1767876369 757801464 1099518362 251676269 1925694572 1438439725 607804888 1546087294 48757542 1707323250 1797763563 1974452114 998279327 258084803 1373055760 1047036869 1965408053 1023335676 874005336 816203733 1281420479 99577448 1863240602 1099344885 1122913124 589762290 1915548618 256849956 689339739 1631305572
initstate 63 1 = 964237963 406111040 156505215 1274863108 1882652865 1405674096 98519088 699407180 1811785137 255024303 1974270288 1546954354 1660698400 2072789376 98877886 1324999889 180330032 2073148174 724470595 1841028432 1998453902 823348481 1018544673 31300286 749013007 1743015268 1872328718 599983261 418880101 743389743 631283548 1167893108 338921363 356128618 1767876369 757801464 1099518362 251676269 1925694572 1438439725 607804888 1546087294 48757542 1707323250 1797763563 1974452114 998279327 258084803 1373055760 1047036869 1965408053 1023335676 874005336 816203733 1281420479 99577448 1863240602 1099344885 1122913124 589762290 1915548618 256849956 689339739 1631305572
initstate 63 2 = 1928481710 1885970762 313018372 402251583 544090843 1737618752 1270794089 325088905 1476105867 1583812461 727340488 2020196710 1173947566 1998134578 197801968 502569785 1434463391 925142456 375282847 460927309 775793386 573084815 963497094 62773130 1498227272 1338779942 523700439 126537010 1911864757 1487197534 189310140 1262608381 678493828 713010580 1389145392 442874937 52724466 1578455532 1705483319 731218294 143982464 947145063 1174093231 196706930 378116947 732092902 927925224 522099412 1679237965 2102018456 718806342 2057354913 686627710 1646731567 431970677 218382028 1601266375 1150777019 128253293 140410437 650024938 560223970 358792465 103807665
initstate 63 42 = 769798547 2024571666 1204852799 931293870 1762463907 1056786110 917189233 384778806 933874128 2122042033 1316072677 548854387 1031344495 85778262 933633193 1965218623 60336647 102222222 366589362 1091681142 188000485 1300222555 909416117 248337132 1402444778 1276005479 1340018275 1590445263 428744387 101950744 1838782395 1831189165 1377956224 1031317022 1274150780 1806700611 1133267767 965449527 1490406128 363740343 1996766550 617073260 22957306 982550669 1582522787 1513363434 1346291012 1431805689 2130436694 1369248318 266872710 1565475833 735128104 1613163722 849797875 718081150 834928392 1116670585 136073335 1570056496 582350660 985871210 140653998 1417279052
initstate 63 12345 = 91663297 228763407 498755455 469575906 1418804778 465742136 2000994473 1510468075 694505543 352266280 1980043981 2113310321 818008416 1833554806 1476294748 1512513959 38337439 1308855081 1478340632 856345855 994926240 807151732 221376167 1033263679 2116006814 1699716799 1889609534 963449406 359384884 2110985701 1996713085 327908050 1663218853 1738838971 1291357456 2022603737 1702341025 1140586893 203028139 1218076230 731942216 1494385595 1093196319 286799593 487488840 1296224458 1504875823 1219431056 643126405 450588494 1506230650 1130615245 1746812952 863622825 202562653 242455709 1314211320 1708793303 1373070954 913540624 424932481 1575633608 1155996334 1739143801
initstate 63 2147483647 = 1073736651 2147477747 2147476437 1073733636 1073732665 1073730770 2147470776 2147469317 1073724869 2147463565 1073719305 2147457535 1073710687 1073706433 2147443204 2147435557 1073686350 1073678861 2147409444 2147397038 2147385295 2147369000 2147348947 1073587997 1073564213 2147274743 1073501387 1073465860 2147160095 1073366686 2147053858 1073240660 1073157781 1073071597 2146706521 1072834228 2146438284 2146276731 2146074889 1072112417 1071864680 2145297762 2144946646 1070819316 2144090845 2143537887 2142931734 1068471877 2141352001 2140394732 2139291194 2137959198 2136448971 2134739280 1058947427 2130317324 2127650364 1050754973 2120792874 2116615687 1038010605 1032256653 2099449363 1018177321
initstate 63 2147483648 = 1183231473 667614186 1990959771 1946340482 1338546766 1815522114 2048930747 374294591 335652652 1892406870 173151426 1674199418 1560445336 74598525 2048494010 1896097988 1967005396 74161788 1422813759 1379967084 148760313 1323824121 1128581425 2115765709 1397985909 403911536 1348249146 1546746222 1727735657 329346923 1515028284 978237918 733258459 715793782 377500492 313510468 1045140705 1892528776 1291748386 1778399164 460838910 1669248878 2091909632 1505979615 1414294007 1236174370 1136895131 1875132917 757939600 1081321115 1233628885 24749959 170011837 223040368 1899882877 927951438 1304361484 986028114 952701397 1474373321 1209068482 705100626 254841111 365946318
initstate 63 4294967295 = 109484476 667608285 1990952560 872590471 264795784 741769236 2048917875 374280260 1409377521 1892386787 1246870731 1674173305 486672376 1148304959 2048453566 1896049897 893208098 1147840649 1422739555 1379880474 148661960 1323709473 1128446724 1041870059 324066474 403702631 274266885 472728435 1727412104 1402713609 1514598494 2051478578 1806416240 1788865379 376723365 1386344696 1044095341 1891321859 1290339627 703027933 1532703591 1667062992 2089372630 429315284 1410901204 1232228609 1132343217 796121147 751807953 1074232199 1225436431 15225509 158977160 210296000 811346656 910785114 1284528200 2036783087 926010623 1443505360 99595440 1737357280 206806826 1384123640
initstate 64 0 = 1894937090 1645272306 2143216519 1889283008 669383071 354120040 1086932062 1680261878 965252221 1361091621 1419310265 714709879 1680612746 1449365073 1205756624 953210067 450998725 446731597 188530957 857914028 1212034069 151482483 1831744361 649512934 2010604556 1282431173 1997141053 1530270151 832151576 2037908201 843634620 1294633345 1741364942 1929895899 640326280 1852360349 2003842832 1688103545 190132831 53253739 1335684913 1185342318 568128821 1400280397 1290704950 2134339570 1281489268 875370562 657782814 1298109094 1002985795 859344979 399964876 590097707 643351447 1979036360 1016895030 1585023851 837820600 2128525551 2115381473 1249387093 2124757656 635056822
initstate 64 1 = 1894937090 1645272306 2143216519 1889283008 669383071 354120040 1086932062 1680261878 965252221 1361091621 1419310265 714709879 1680612746 1449365073 1205756624 953210067 450998725 446731597 188530957 857914028 1212034069 151482483 1831744361 649512934 2010604556 1282431173 1997141053 1530270151 832151576 2037908201 843634620 1294633345 1741364942 1929895899 640326280 1852360349 2003842832 1688103545 190132831 53253739 1335684913 1185342318 568128821 1400280397 1290704950 2134339570 1281489268 875370562 657782814 1298109094 1002985795 859344979 399964876 590097707 643351447 1979036360 1016895030 1585023851 837820600 2128525551 2115381473 1249387093 2124757656 635056822
initstate 64 2 = 2059579222 1621521604 540198404 112924446 986778831 1535996019 975702395 154293431 2105383963 2006680086 185915002 1165355528 1226247228 7193888 957483521 869579095 343617051 883815455 996739901 1983518732 1372031103 200249850 354543281 312443597 171640035 357555037 1522910565 601674145 608868033 1566351554 288447001 632064052 1515879507 365135760 201170845 1573201948 1773451799 2127995080 292955029 464595064 822150101 197577018 799251163 1408119197 826987103 1115434105 1747498157 1115894017 1481029777 1682200622 1107918923 733887074 714398506 1007353536 1471948600 146615054 344192072 1143443236 404078785 1231065888 199016345 1946514503 914924872 248471001
initstate 64 42 = 2051258974 339992574 1379825892 1298392284 825292997 1282568341 1254248299 342012568 19463913 1453280 786759542 1847444534 1402733084 542009408 935169760 838945087 1178937661 411279905 1709672190 387481539 1670049880 776814532 1118827100 1138291013 1139744293 1926503835 1626464722 881714158 1423723566 211409679 1050354766 81808779 493088685 55277227 442758766 2112808647 742139531 1860966631 851773996 1991518289 1770538476 1249519550 2131233709 1407473627 1618883306 521754424 603563204 1096651889 1151929116 1594687882 1560012881 154668764 2015635395 719925743 563960384 187015213 1436534763 1420284824 680274804 151674462 673428887 1276992091 226160332 1378089448
initstate 64 12345 = 483233980 1758683219 554544712 380709397 1012654321 564109664 1664135418 2047363894 1155990929 1138615441 466778464 2076465361 1534850740 1786997519 236976673 720210653 331410225 885954937 1266664335 131835008 695944673 212596443 112476689 1268467618 259599412 726377876 655359590 42726682 1829724202 2066700875 639427880 970838105 1856793043 975973730 1107808738 1803753411 2016349855 2128826544 1249810515 1509409927 88304155 743663745 786390428 468630982 387848209 1027276089 1998114195 1707423590 535913672 1643722410 1299992174 1168858381 1150201277 252528144 1761938071 1850242227 446422324 1232812752 1701443734 2089291943 969084385 819714932 379654874 915568546
initstate 64 2147483647 = 1974219535 1948776605 1919598901 812395972 1847763884 730013302 679541472 1695398450 555269318 479130223 1465548585 291656283 176795299 1118805963 967728205 794464092 595757049 367872302 1180268274 880548510 1610561813 142619637 1838018087 245803758 724933981 42998918 334655202 511450501 1630256464 450501021 1244965113 1840722162 61110816 1241379091 2121927601 1585005766 1727625404 1418159843 1663963601 241413935 284412853 619068055 1130518557 613291373 1063792395 161273860 2001996023 2063106839 1157002282 1131446236 568968354 149110110 1567269954 1083749907 1325163842 1609576696 81161103 1211679660 1824971034 741279781 902553641 757066016 672689208 1829691490
initstate 64 2147483648 = 1566802988 1694089519 1055793671 1148764645 1110324731 1213885513 1312030454 1514011803 1909710877 73935337 669493842 892460120 447935505 1119440798 636527078 55846418 1749935938 658245961 1807010606 769851689 1983737202 1148284008 514812164 277039393 350974730 1020468572 1912928692 213380549 1332821347 1969348425 2025194844 1627647134 138409447 1945420054 567788095 404041650 1552325658 2067137822 196693567 547668298 1568136870 1333581915 1546962464 732300164 554164941 431876137 2059523271 50449071 1995869125 416173572 820215222 225057233 144711407 341404975 889073273 309726495 1643308410 1042787227 1775087391 181768684 613644822 525684445 576133516 424518993
initstate 64 4294967295 = 1393538875 1495382476 827908924 1961160617 810604967 1943898815 1991571926 1061926605 317496547 553065561 2135042427 1184116403 624730804 90763113 1604255283 850310510 198209339 1026118263 839795233 1650400200 1446815367 1290903646 205346603 522843151 1075908712 1063467491 100100246 724831051 815594164 272365799 1122676309 1320885648 199520264 1039315497 542232049 1989047416 1132467414 1337814018 1860657169 789082233 1852549724 1952649970 529997373 1345591537 1617957336 593149998 1914035646 2113555910 1005387759 1547619808 1389183577 374167343 1711981361 1425154882 66753467 1919303191 1724469514 106983239 1452574777 923048465 1516198463 1282750462 1248822724 106726836
initstate 100 0 = 1894937090 1645272306 2143216519 1889283008 669383071 354120040 1086932062 1680261878 965252221 1361091621 1419310265 714709879 1680612746 1449365073 1205756624 953210067 450998725 446731597 188530957 857914028 1212034069 151482483 1831744361 649512934 2010604556 1282431173 1997141053 1530270151 832151576 2037908201 843634620 1294633345 1741364942 1929895899 640326280 1852360349 2003842832 1688103545 190132831 53253739 1335684913 1185342318 568128821 1400280397 1290704950 2134339570 1281489268 875370562 657782814 1298109094 1002985795 859344979 399964876 590097707 643351447 1979036360 1016895030 1585023851 837820600 2128525551 2115381473 1249387093 2124757656 635056822
initstate 100 1 = 1894937090 1645272306 2143216519 1889283008 669383071 354120040 1086932062 1680261878 965252221 1361091621 1419310265 714709879 1680612746 1449365073 1205756624 953210067 450998725 446731597 188530957 857914028 1212034069 151482483 1831744361 649512934 2010604556 1282431173 1997141053 1530270151 832151576 2037908201 843634620 1294633345 1741364942 1929895899 640326280 1852360349 2003842832 1688103545 190132831 53253739 1335684913 1185342318 568128821 1400280397 1290704950 2134339570 1281489268 875370562 657782814 1298109094 1002985795 859344979 399964876 590097707 643351447 1979036360 1016895030 1585023851 837820600 2128525551 2115381473 1249387093 2124757656 635056822
initstate 100 2 = 2059579222 1621521604 540198404 112924446 986778831 1535996019 975702395 154293431 2105383963 2006680086 185915002 1165355528 1226247228 7193888 957483521 869579095 343617051 883815455 996739901 1983518732 1372031103 200249850 354543281 312443597 171640035 357555037 1522910565 601674145 608868033 1566351554 288447001 632064052 1515879507 365135760 201170845 1573201948 1773451799 2127995080 292955029 464595064 822150101 197577018 799251163 1408119197 826987103 1115434105 1747498157 1115894017 1481029777 1682200622 1107918923 733887074 714398506 1007353536 1471948600 146615054 344192072 1143443236 404078785 1231065888 199016345 1946514503 914924872 248471001
initstate 100 42 = 2051258974 339992574 1379825892 1298392284 825292997 1282568341 1254248299 342012568 19463913 1453280 786759542 1847444534 1402733084 542009408 935169760 838945087 1178937661 411279905 1709672190 387481539 1670049880 776814532 1118827100 1138291013 1139744293 1926503835 1626464722 881714158 1423723566 211409679 1050354766 81808779 493088685 55277227 442758766 2112808647 742139531 1860966631 851773996 1991518289 1770538476 1249519550 2131233709 1407473627 1618883306 521754424 603563204 1096651889 1151929116 1594687882 1560012881 154668764 2015635395 719925743 563960384 187015213 1436534763 1420284824 680274804 151674462 673428887 1276992091 226160332 1378089448
initstate 100 12345 = 483233980 1758683219 554544712 380709397 1012654321 564109664 1664135418 2047363894 1155990929 1138615441 466778464 2076465361 1534850740 1786997519 236976673 720210653 331410225 885954937 1266664335 131835008 695944673 212596443 112476689 1268467618 259599412 726377876 655359590 42726682 1829724202 2066700875 639427880 970838105 1856793043 975973730 1107808738 1803753411 2016349855 2128826544 1249810515 1509409927 88304155 743663745 786390428 468630982 387848209 1027276089 1998114195 1707423590 535913672 1643722410 1299992174 1168858381 1150201277 252528144 1761938071 1850242227 446422324 1232812752 1701443734 2089291943 969084385 819714932 379654874 915568546
initstate 100 2147483647 = 1974219535 1948776605 1919598901 812395972 1847763884 730013302 679541472 1695398450 555269318 479130223 1465548585 291656283 176795299 1118805963 967728205 794464092 595757049 367872302 1180268274 880548510 1610561813 142619637 1838018087 245803758 724933981 42998918 334655202 511450501 1630256464 450501021 1244965113 1840722162 61110816 1241379091 2121927601 1585005766 1727625404 1418159843 1663963601 241413935 284412853 619068055 1130518557 613291373 1063792395 161273860 2001996023 2063106839 1157002282 1131446236 568968354 149110110 1567269954 1083749907 1325163842 1609576696 81161103 1211679660 1824971034 741279781 902553641 757066016 672689208 1829691490
initstate 100 2147483648 = 1566802988 1694089519 1055793671 1148764645 1110324731 1213885513 1312030454 1514011803 1909710877 73935337 669493842 892460120 447935505 1119440798 636527078 55846418 1749935938 658245961 1807010606 769851689 1983737202 1148284008 514812164 277039393 350974730 1020468572 1912928692 213380549 1332821347 1969348425 2025194844 1627647134 138409447 1945420054 567788095 404041650 1552325658 2067137822 196693567 547668298 1568136870 1333581915 1546962464 732300164 554164941 431876137 2059523271 50449071 1995869125 416173572 820215222 225057233 144711407 341404975 889073273 309726495 1643308410 1042787227 1775087391 181768684 613644822 525684445 576133516 424518993
initstate 100 4294967295 = 1393538875 1495382476 827908924 1961160617 810604967 1943898815 1991571926 1061926605 317496547 553065561 2135042427 1184116403 624730804 90763113 1604255283 850310510 198209339 1026118263 839795233 1650400200 1446815367 1290903646 205346603 522843151 1075908712 1063467491 100100246 724831051 815594164 272365799 1122676309 1320885648 199520264 1039315497 542232049 1989047416 1132467414 1337814018 1860657169 789082233 1852549724 1952649970 529997373 1345591537 1617957336 593149998 1914035646 2113555910 1005387759 1547619808 1389183577 374167343 1711981361 1425154882 66753467 1919303191 1724469514 106983239 1452574777 923048465 1516198463 1282750462 1248822724 106726836
initstate 128 0 = 1804289383 846930886 1681692777 1714636915 1957747793 424238335 719885386 1649760492 596516649 1189641421 1025202362 1350490027 783368690 1102520059 2044897763 1967513926 1365180540 1540383426 304089172 1303455736 35005211 521595368 294702567 1726956429 336465782 861021530 278722862 233665123 2145174067 468703135 1101513929 1801979802 1315634022 635723058 1369133069 1125898167 1059961393 2089018456 628175011 1656478042 1131176229 1653377373 859484421 1914544919 608413784 756898537 1734575198 1973594324 149798315 2038664370 1129566413 184803526 412776091 1424268980 1911759956 749241873 137806862 42999170 982906996 135497281 511702305 2084420925 1937477084 1827336327
initstate 128 1 = 1804289383 846930886 1681692777 1714636915 1957747793 424238335 719885386 1649760492 596516649 1189641421 1025202362 1350490027 783368690 1102520059 2044897763 1967513926 1365180540 1540383426 304089172 1303455736 35005211 521595368 294702567 1726956429 336465782 861021530 278722862 233665123 2145174067 468703135 1101513929 1801979802 1315634022 635723058 1369133069 1125898167 1059961393 2089018456 628175011 1656478042 1131176229 1653377373 859484421 1914544919 608413784 756898537 1734575198 1973594324 149798315 2038664370 1129566413 184803526 412776091 1424268980 1911759956 749241873 137806862 42999170 982906996 135497281 511702305 2084420925 1937477084 1827336327
initstate 128 2 = 1505335290 1738766719 190686788 260874575 747983061 906156498 1502820864 142559277 1261608745 1380759627 2127304342 635050179 582691149 149585093 2039335037 820715049 693014654 2122498773 1809302367 591232730 1281246002 1194903572 1820868569 396476315 853559767 1910751391 1826393210 682319630 221122296 96423063 1385108013 1726457586 1835189782 1575794802 1987332161 435689196 334467652 1342669377 578248473 1596076397 575945357 558069167 83642928 1158636506 707654260 2122977965 1979351556 1400668914 2097993090 1641170275 1991901644 1231755445 688590199 1665286566 1628231760 1542149966 1428554309 1307141323 76985948 1649676605 1403564386 1462093962 1228650543 1091270521
initstate 128 42 = 71876166 708592740 1483128881 907283241 442951012 537146758 1366999021 1854614940 647800535 53523743 783815874 1643643143 682599717 291474504 229233696 1633529762 175389892 1183169448 1212580698 1596161259 2108313867 469976352 975807809 1113801033 1232315727 1192349579 1564541169 1350496504 1709672141 1253520176 590056433 1781548307 1962112916 2073185314 541347900 257580280 462848424 1908346921 2112195221 1110648960 1961870665 748527447 606808455 496986734 1040001951 836042151 2130516497 1215391843 2019211600 1195613547 664069454 1980041819 1665589900 1639877263 946359204 750421979 684743195 363416725 2100918483 246931688 1616936901 543491269 2028479995 1431566170
initstate 128 12345 = 383100999 858300821 357768173 455528251 133005921 116285904 591987137 102557902 689413528 585691128 789708827 477528897 471709721 433228053 94737806 738562773 1390825938 320971712 63710857 1886550712 1407500761 1133106595 1086319404 1966433342 403909323 255885579 124761827 1546035286 1369096065 1891602243 884891277 1752197064 602419417 1242659451 60241667 735425338 1358945355 652228804 837983241 2048358883 1237919932 1627692068 378404132 1709629653 2060920121 473141938 300708778 1304262411 794113650 364419635 1043329475 54130763 1497526230 2129648879 2020564105 1901435553 238050811 2145325932 1299987191 1607146876 1889444528 37394821 1211860292 344380297
initstate 128 2147483647 = 1065668062 2142264300 1066566375 1064012770 2141034222 1065509725 2135810236 2139491828 2138030783 2133535487 1063823214 1062867731 1057142398 1061426218 2134940760 2127804915 2132199267 2132963510 1050498024 2128539129 2130599457 2120124065 2124047555 1054006513 2115383933 1044819428 2124282634 1036193370 2111890717 1046299399 2103680308 1030075131 1041080051 1022763035 2094087902 1034630625 2088272761 2082414490 1026638805 2078819896 2068466329 2090462020 994203979 978125079 1004404590 981661091 958446346 989120209 967140953 2008944371 970175690 950256762 1981584788 946739597 2004263276 1949485073 1991559026 1981062262 838194795 1955966095 879878013 794391455 838557578 1920958065
initstate 128 2147483648 = 1336741213 1210407648 1447044896 337392383 82502902 538660432 1313908778 370221063 344413073 1896089129 2044477265 1711647701 128787895 864892100 985836693 2134634618 1642121871 1452847611 539426807 1663660949 765987032 1350845683 1550946986 94407367 1482267241 927920760 405299531 446952434 1723835522 1213320778 1649425186 913093087 276244779 948986434 1250485470 358747681 1487646867 416910600 728968744 1832059940 165516081 625962361 1396223994 294303977 1490854462 234577039 281454947 985492685 1687424650 820881754 501669986 305928034 24243790 2052616972 400335402 1506511031 833054085 805634933 1953463465 409405959 2018955712 1455405003 1322499046 147716843
initstate 128 4294967295 = 254925627 1205188300 366127624 1401405153 76053476 1604170158 1302235366 362229243 334960208 1882140968 960816832 627031785 1185930294 1926318319 973293805 2114955885 1626837490 1438327473 1589924831 1644716430 749102841 1323486100 1527510893 1148413881 1450167526 1972740189 382098517 1483145805 1688242591 112136530 1605621846 1943168218 1317324830 1971749470 1197089724 1393378306 1428435980 351841442 1755607549 1763396188 86498762 568940733 242944325 1272429056 347775404 1216238130 1239901294 1974612895 507081955 682342477 1471845677 1256184797 2005828578 851872922 257115030 1308512456 677129463 639213547 644174613 217888406 751350077 102312811 13572976 2068674908
initstate 255 0 = 1804289383 846930886 1681692777 1714636915 1957747793 424238335 719885386 1649760492 596516649 1189641421 1025202362 1350490027 783368690 1102520059 2044897763 1967513926 1365180540 1540383426 304089172 1303455736 35005211 521595368 294702567 1726956429 336465782 861021530 278722862 233665123 2145174067 468703135 1101513929 1801979802 1315634022 635723058 1369133069 1125898167 1059961393 2089018456 628175011 1656478042 1131176229 1653377373 859484421 1914544919 608413784 756898537 1734575198 1973594324 149798315 2038664370 1129566413 184803526 412776091 1424268980 1911759956 749241873 137806862 42999170 982906996 135497281 511702305 2084420925 1937477084 1827336327
initstate 255 1 = 1804289383 846930886 1681692777 1714636915 1957747793 424238335 719885386 1649760492 596516649 1189641421 1025202362 1350490027 783368690 1102520059 2044897763 1967513926 1365180540 1540383426 304089172 1303455736 35005211 521595368 294702567 1726956429 336465782 861021530 278722862 233665123 2145174067 468703135 1101513929 1801979802 1315634022 635723058 1369133069 1125898167 1059961393 2089018456 628175011 1656478042 1131176229 1653377373 859484421 1914544919 608413784 756898537 1734575198 1973594324 149798315 2038664370 1129566413 184803526 412776091 1424268980 1911759956 749241873 137806862 42999170 982906996 135497281 511702305 2084420925 1937477084 1827336327
initstate 255 2 = 1505335290 1738766719 190686788 260874575 747983061 906156498 1502820864 142559277 1261608745 1380759627 2127304342 635050179 582691149 149585093 2039335037 820715049 693014654 2122498773 1809302367 591232730 1281246002 1194903572 1820868569 396476315 853559767 1910751391 1826393210 682319630 221122296 96423063 1385108013 1726457586 1835189782 1575794802 1987332161 435689196 334467652 1342669377 578248473 1596076397 575945357 558069167 83642928 1158636506 707654260 2122977965 1979351556 1400668914 2097993090 1641170275 1991901644 1231755445 688590199 1665286566 1628231760 1542149966 1428554309 1307141323 76985948 1649676605 1403564386 1462093962 1228650543 1091270521
initstate 255 42 = 71876166 708592740 1483128881 907283241 442951012 537146758 1366999021 1854614940 647800535 53523743 783815874 1643643143 682599717 291474504 229233696 1633529762 175389892 1183169448 1212580698 1596161259 2108313867 469976352 975807809 1113801033 1232315727 1192349579 1564541169 1350496504 1709672141 1253520176 590056433 1781548307 1962112916 2073185314 541347900 257580280 462848424 1908346921 2112195221 1110648960 1961870665 748527447 606808455 496986734 1040001951 836042151 2130516497 1215391843 2019211600 1195613547 664069454 1980041819 1665589900 1639877263 946359204 750421979 684743195 363416725 2100918483 246931688 1616936901 543491269 2028479995 1431566170
initstate 255 12345 = 383100999 858300821 357768173 455528251 133005921 116285904 591987137 102557902 689413528 585691128 789708827 477528897 471709721 433228053 94737806 738562773 1390825938 320971712 63710857 1886550712 1407500761 1133106595 1086319404 1966433342 403909323 255885579 124761827 1546035286 1369096065 1891602243 884891277 1752197064 602419417 1242659451 60241667 735425338 1358945355 652228804 837983241 2048358883 1237919932 1627692068 378404132 1709629653 2060920121 473141938 300708778 1304262411 794113650 364419635 1043329475 54130763 1497526230 2129648879 2020564105 1901435553 238050811 2145325932 1299987191 1607146876 1889444528 37394821 1211860292 344380297
initstate 255 2147483647 = 1065668062 2142264300 1066566375 1064012770 2141034222 1065509725 2135810236 2139491828 2138030783 2133535487 1063823214 1062867731 1057142398 1061426218 2134940760 2127804915 2132199267 2132963510 1050498024 2128539129 2130599457 2120124065 2124047555 1054006513 2115383933 1044819428 2124282634 1036193370 2111890717 1046299399 2103680308 1030075131 1041080051 1022763035 2094087902 1034630625 2088272761 2082414490 1026638805 2078819896 2068466329 2090462020 994203979 978125079 1004404590 981661091 958446346 989120209 967140953 2008944371 970175690 950256762 1981584788 946739597 2004263276 1949485073 1991559026 1981062262 838194795 1955966095 879878013 794391455 838557578 1920958065
initstate 255 2147483648 = 1336741213 1210407648 1447044896 337392383 82502902 538660432 1313908778 370221063 344413073 1896089129 2044477265 1711647701 128787895 864892100 985836693 2134634618 1642121871 1452847611 539426807 1663660949 765987032 1350845683 1550946986 94407367 1482267241 927920760 405299531 446952434 1723835522 1213320778 1649425186 913093087 276244779 948986434 1250485470 358747681 1487646867 416910600 728968744 1832059940 165516081 625962361 1396223994 294303977 1490854462 234577039 281454947 985492685 1687424650 820881754 501669986 305928034 24243790 2052616972 400335402 1506511031 833054085 805634933 1953463465 409405959 2018955712 1455405003 1322499046 147716843
initstate 255 4294967295 = 254925627 1205188300 366127624 1401405153 76053476 1604170158 1302235366 362229243 334960208 1882140968 960816832 627031785 1185930294 1926318319 973293805 2114955885 1626837490 1438327473 1589924831 1644716430 749102841 1323486100 1527510893 1148413881 1450167526 1972740189 382098517 1483145805 1688242591 112136530 1605621846 1943168218 1317324830 1971749470 1197089724 1393378306 1428435980 351841442 1755607549 1763396188 86498762 568940733 242944325 1272429056 347775404 1216238130 1239901294 1974612895 507081955 682342477 1471845677 1256184797 2005828578 851872922 257115030 1308512456 677129463 639213547 644174613 217888406 751350077 102312811 13572976 2068674908
initstate 256 0 = 510644794 625058908 1816371419 326864818 1257431873 415485223 1740798996 372654318 1041493518 326122507 788034265 1055996047 1954412229 569634876 1918105661 473200074 1356776679 1226378849 713302969 224314908 1080035721 1218470374 1834304601 86201844 231976358 1373092239 28155685 1546584340 218644447 1037116494 546224083 1453196647 1925824974 1631863567 1546815804 1949105538 1994176029 811025088 1932211078 1672631911 696331367 417108211 2137933508 346381380 1520492295 1077003976 2010690659 1538292481 225894562 449263729 1201294926 1514903911 168005506 1096354453 421330820 588863207 1371387935 962519111 85624086 1003414593 166980887 81819927 343692848 854337642
initstate 256 1 = 510644794 625058908 1816371419 326864818 1257431873 415485223 1740798996 372654318 1041493518 326122507 788034265 1055996047 1954412229 569634876 1918105661 473200074 1356776679 1226378849 713302969 224314908 1080035721 1218470374 1834304601 86201844 231976358 1373092239 28155685 1546584340 218644447 1037116494 546224083 1453196647 1925824974 1631863567 1546815804 1949105538 1994176029 811025088 1932211078 1672631911 696331367 417108211 2137933508 346381380 1520492295 1077003976 2010690659 1538292481 225894562 449263729 1201294926 1514903911 168005506 1096354453 421330820 588863207 1371387935 962519111 85624086 1003414593 166980887 81819927 343692848 854337642
initstate 256 2 = 1310390767 1420222756 1873455693 120790236 732232760 1648581564 49536744 1445505104 634578352 2060180397 1917926803 546629001 736437355 166999364 1869943671 1990289423 1043273386 1135084345 787716228 1588940519 820251597 1133113670 1295315852 2023796189 1429409800 1663277292 124872722 1572642528 914351655 2057087290 1103776585 1642631581 1958351029 695879355 799657426 1239081733 1556930163 1947971979 1416162134 338257566 1086840883 1945089997 796041772 1084531622 1156369025 816191412 1803202 1115871567 1566254701 1482165050 1979904700 1335123417 902254397 2051880972 1774944921 636952773 2043062500 554124937 2004597707 1214717045 1747105010 1087884502 1818411825 981318944
initstate 256 42 = 472624893 994493761 100792968 176611971 1804504504 774005879 1909052267 1814828808 1422408049 1993052319 2095605820 271820203 469517445 514570286 472395595 1373410574 209049067 1564644248 1497519265 709859346 1369250024 104172297 1169496596 695680591 836469696 1465680782 1618808432 1816383691 562941350 1864961307 966338265 882318120 1950262904 947126539 184252006 652821190 334287321 1748185402 1724267538 1795517181 415326761 23315339 1436795513 1977419416 2109820750 46066137 148692571 467136162 182627485 445351562 1145612654 2088410996 1677094340 1373936516 1547580266 1178597470 1986356738 1734202882 459732666 1019567528 1437089320 2126140833 655498337 1128123231
initstate 256 12345 = 1533685646 659883909 74987985 1740823935 4262707 478585849 885857313 1913670651 1212147926 1530184248 1115096462 980888830 1597059311 1401951981 546177705 247517750 1245705079 1262437112 1578086608 1591441041 723830813 1424587499 1813840890 1828277732 2047647210 694213653 297262307 1426373372 640513277 1284350930 1019682481 1722877226 1963895323 1263487712 698988690 628922689 1796313594 396385158 242262786 683651972 1620435561 458275727 288007821 380677557 518543397 395370848 1427144344 1598835974 2023568622 821503046 1577440726 681988752 1622998627 2019118278 1960399367 13220574 1202920573 1045186901 1361948203 945353249 691543344 857289374 462905230 1996590876
initstate 256 2147483647 = 858983198 551907977 847691732 382239050 2071650689 1300308782 952471769 674028192 1166597153 965395531 1806997628 38407193 574661988 791619555 1262238810 1460424152 1907266247 948517008 121939876 2008405308 566728558 1533210485 945175911 171659160 1616658230 1201081006 171957604 805434203 1035929157 1970090046 1442000728 453178312 1022517528 814885247 654485716 226927390 1297336595 190898964 674333061 1067388752 681517459 889642329 1900759564 608068909 248039806 731887953 787962182 103867928 1468312913 1101499926 460047396 1935457328 1331015088 1813164747 1018958835 1785428232 1403694712 1273735436 1526296372 1013025487 517317199 1669649372 1567385828 278885378
initstate 256 2147483648 = 1486258285 697494163 1614005767 587142167 954958182 1116272038 1786941074 369477380 1537012097 1673899858 494179438 1275428857 1490393927 868434487 1517828394 1681118460 1364281818 1024477076 1991740580 977221300 718292001 1361105699 1307067457 1252412333 535782486 1842479283 4292705 1685835751 1210736291 1707355273 929549069 1294738418 136609972 1868353468 941601893 2048914525 89953016 488348517 738676946 886477793 1554426026 2098916902 1392983113 1228225170 1382241371 1106073203 792126014 1273191235 2108050761 1939136833 1424026973 767129168 963402086 401768908 183401817 1649373120 1268260015 1193258456 691283398 178847384 872239505 1317536968 782356859 121131497
initstate 256 4294967295 = 197757835 1249402140 314213851 969381218 879125223 269097173 591929195 1043505572 556125602 491811741 153693418 1313836050 2065055915 1660054042 632583556 994058964 1124064417 1972994084 2113680456 838142961 1285020559 746832537 104759721 1424071493 4957068 896076642 176250309 343786307 99181801 1529961671 224066149 1747916730 1159127500 535755067 1596087609 128358268 1387289611 679247481 1413010007 1953866545 88459837 841075583 1146259029 1836294079 1630281177 1837961156 1580088196 1377059163 1428880026 893153111 1884074369 555102848 146933526 67450008 1202360652 1287317704 524471080 319510244 70096122 1191872872 1389556705 839702692 202259039 400016875
initstate 1000 0 = 510644794 625058908 1816371419 326864818 1257431873 415485223 1740798996 372654318 1041493518 326122507 788034265 1055996047 1954412229 569634876 1918105661 473200074 1356776679 1226378849 713302969 224314908 1080035721 1218470374 1834304601 86201844 231976358 1373092239 28155685 1546584340 218644447 1037116494 546224083 1453196647 1925824974 1631863567 1546815804 1949105538 1994176029 811025088 1932211078 1672631911 696331367 417108211 2137933508 346381380 1520492295 1077003976 2010690659 1538292481 225894562 449263729 1201294926 1514903911 168005506 1096354453 421330820 588863207 1371387935 962519111 85624086 1003414593 166980887 81819927 343692848 854337642
initstate 1000 1 = 510644794 625058908 1816371419 326864818 1257431873 415485223 1740798996 372654318 1041493518 326122507 788034265 1055996047 1954412229 569634876 1918105661 473200074 1356776679 1226378849 713302969 224314908 1080035721 1218470374 1834304601 86201844 231976358 1373092239 28155685 1546584340 218644447 1037116494 546224083 1453196647 1925824974 1631863567 1546815804 1949105538 1994176029 811025088 1932211078 1672631911 696331367 417108211 2137933508 346381380 1520492295 1077003976 2010690659 1538292481 225894562 449263729 1201294926 1514903911 168005506 1096354453 421330820 588863207 1371387935 962519111 85624086 1003414593 166980887 81819927 343692848 854337642
initstate 1000 2 = 1310390767 1420222756 1873455693 120790236 732232760 1648581564 49536744 1445505104 634578352 2060180397 1917926803 546629001 736437355 166999364 1869943671 1990289423 1043273386 1135084345 787716228 1588940519 820251597 1133113670 1295315852 2023796189 1429409800 1663277292 124872722 1572642528 914351655 2057087290 1103776585 1642631581 1958351029 695879355 799657426 1239081733 1556930163 1947971979 1416162134 338257566 1086840883 1945089997 796041772 1084531622 1156369025 816191412 1803202 1115871567 1566254701 1482165050 1979904700 1335123417 902254397 2051880972 1774944921 636952773 2043062500 554124937 2004597707 1214717045 1747105010 1087884502 1818411825 981318944
initstate 1000 42 = 472624893 994493761 100792968 176611971 1804504504 774005879 1909052267 1814828808 1422408049 1993052319 2095605820 271820203 469517445 514570286 472395595 1373410574 209049067 1564644248 1497519265 709859346 1369250024 104172297 1169496596 695680591 836469696 1465680782 1618808432 1816383691 562941350 1864961307 966338265 882318120 1950262904 947126539 184252006 652821190 334287321 1748185402 1724267538 1795517181 415326761 23315339 1436795513 1977419416 2109820750 46066137 148692571 467136162 182627485 445351562 1145612654 2088410996 1677094340 1373936516 1547580266 1178597470 1986356738 1734202882 459732666 1019567528 1437089320 2126140833 655498337 1128123231
initstate 1000 12345 = 1533685646 659883909 74987985 1740823935 4262707 478585849 885857313 1913670651 1212147926 1530184248 1115096462 980888830 1597059311 1401951981 546177705 247517750 1245705079 1262437112 1578086608 1591441041 723830813 1424587499 1813840890 1828277732 2047647210 694213653 297262307 1426373372 640513277 1284350930 1019682481 1722877226 1963895323 1263487712 698988690 628922689 1796313594 396385158 242262786 683651972 1620435561 458275727 288007821 380677557 518543397 395370848 1427144344 1598835974 2023568622 821503046 1577440726 681988752 1622998627 2019118278 1960399367 13220574 1202920573 1045186901 1361948203 945353249 691543344 857289374 462905230 1996590876
initstate 1000 2147483647 = 858983198 551907977 847691732 382239050 2071650689 1300308782 952471769 674028192 1166597153 965395531 1806997628 38407193 574661988 791619555 1262238810 1460424152 1907266247 948517008 121939876 2008405308 566728558 1533210485 945175911 171659160 1616658230 1201081006 171957604 805434203 1035929157 1970090046 1442000728 453178312 1022517528 814885247 654485716 226927390 1297336595 190898964 674333061 1067388752 681517459 889642329 1900759564 608068909 248039806 731887953 787962182 103867928 1468312913 1101499926 460047396 1935457328 1331015088 1813164747 1018958835 1785428232 1403694712 1273735436 1526296372 1013025487 517317199 1669649372 1567385828 278885378
initstate 1000 2147483648 = 1486258285 697494163 1614005767 587142167 954958182 1116272038 1786941074 369477380 1537012097 1673899858 494179438 1275428857 1490393927 868434487 1517828394 1681118460 1364281818 1024477076 1991740580 977221300 718292001 1361105699 1307067457 1252412333 535782486 1842479283 4292705 1685835751 1210736291 1707355273 929549069 1294738418 136609972 1868353468 941601893 2048914525 89953016 488348517 738676946 886477793 1554426026 2098916902 1392983113 1228225170 1382241371 1106073203 792126014 1273191235 2108050761 1939136833 1424026973 767129168 963402086 401768908 183401817 1649373120 1268260015 1193258456 691283398 178847384 872239505 1317536968 782356859 121131497
initstate 1000 4294967295 = 197757835 1249402140 314213851 969381218 879125223 269097173 591929195 1043505572 556125602 491811741 153693418 1313836050 2065055915 1660054042 632583556 994058964 1124064417 1972994084 2113680456 838142961 1285020559 746832537 104759721 1424071493 4957068 896076642 176250309 343786307 99181801 1529961671 224066149 1747916730 1159127500 535755067 1596087609 128358268 1387289611 679247481 1413010007 1953866545 88459837 841075583 1146259029 1836294079 1630281177 1837961156 1580088196 1377059163 1428880026 893153111 1884074369 555102848 146933526 67450008 1202360652 1287317704 524471080 319510244 70096122 1191872872 1389556705 839702692 202259039 400016875
initstate-small = 1 1205554746
switch = 92791753 1944034729 1582780461 535653604 | 1 | 1045618677 1863967299 1272579899 461085871 | 1 | 531837024 1246513674 1494488083 435946033
random_r 8 0 = 0 : 1103527590 377401575 662824084 1147902781 2035015474 368800899 1508029952 486256185 1062517886 267834847 180171308 836760821 595337866 790425851 2111915288 1149758321 1644289366 1388290519 1647418052 1675546029 1767274722 326272115 1343201072 675780521 744964398 1969681615 1116175964 861472101 1303003706 1686638315 2000430152 1868141281 1860847622 1448521415 1628650740 1249606685 835903122 763719779 429995104 1775811865 893145566 995405759 2102736524 271520213 456633834 2058258651 1583689592 878442065 1675280054 1627576247 2054802212 60335757 684462146 1625503827 521827728 1266032265 93253262 2053047983 685333180 127474245 948921754 1964990155 1228891816 255202753
random_r 8 1 = 0 : 1103527590 377401575 662824084 1147902781 2035015474 368800899 1508029952 486256185 1062517886 267834847 180171308 836760821 595337866 790425851 2111915288 1149758321 1644289366 1388290519 1647418052 1675546029 1767274722 326272115 1343201072 675780521 744964398 1969681615 1116175964 861472101 1303003706 1686638315 2000430152 1868141281 1860847622 1448521415 1628650740 1249606685 835903122 763719779 429995104 1775811865 893145566 995405759 2102736524 271520213 456633834 2058258651 1583689592 878442065 1675280054 1627576247 2054802212 60335757 684462146 1625503827 521827728 1266032265 93253262 2053047983 685333180 127474245 948921754 1964990155 1228891816 255202753
random_r 8 2 = 0 : 59559187 1495354192 671064393 846338638 1693263727 1775750268 1964509445 1826196826 1330563979 2131965032 1704276097 2048075046 819762535 941305620 694375357 603745714 1167270147 1057368192 150367929 46117630 43829855 115690668 1174814069 1960837386 1533914491 1085310872 1275739121 201663446 1017095767 854754628 1819649581 2055710562 1485721843 1614066096 582187049 1304221614 565381455 673921244 467824101 16957626 247524203 1335953096 2119238497 898379398 75551559 455329652 750351517 451718418 23944419 1752164064 20823449 1415874654 1729029183 1922863372 1008966229 1726794858 2098693467 755479032 575702737 2080589110 171908151 1627518372 126205709 87457474
random_r 8 42 = 0 : 1250496027 1116302264 1000676753 1668674806 908095735 71666532 896336333 1736731266 1314989459 1535244752 391441865 1108520142 1206814703 534045436 1974836613 238077914 1413854219 705377000 397905153 1440974758 1972995559 282367380 881784893 1823504434 879663491 70219520 1215814457 1726604670 318196447 1939145516 1030877685 968547210 1513076219 1793402392 1673312369 1341335126 481933015 1376947140 1980983981 529748450 192473459 2072944688 631833769 202943022 2012129743 762679132 1776566885 562641722 542512107 293225800 266051553 1950339334 562037703 932343284 1167153437 829945746 711923043 392328544 485452313 748288734 1303618751 1013548940 1115918037 1967580906
random_r 8 12345 = 0 : 1406932606 654583775 1449466924 229283573 1109335178 1051550459 1293799192 794471793 551188310 803550167 1772930244 370913197 639546082 1381971571 1695770928 2121308585 1719212846 996984527 1157490780 1343235941 536853562 1511588075 1538207304 2103497953 706568710 956612807 1521280756 1588911645 371038354 33727075 1680572000 88489753 1282976734 527630783 1194991756 1106424789 853518314 392166107 1387182456 1538766929 654858422 2086234551 1792144676 837716109 1513704002 269544019 1305165712 1179132041 1502988430 1941297327 852280508 1787378757 1328144282 34689227 805269672 235296705 1203133286 794963623 321843028 1725935357 154978290 184094275 422948032 1929199097
random_r 8 2147483647 = 0 : 1043980748 288979989 646343466 1751031067 571035320 1849869457 595070966 2101342199 526425700 834541773 1426929026 561616019 146488528 488666313 652027854 94299887 450844156 2050135173 346551002 639435531 919197160 747435009 1679975078 253150439 1314547860 1590939453 797049650 33605763 1874819584 1202922041 214507646 1493002719 463615532 1117432053 1574094474 1140376827 1376946456 943316849 354337110 998553047 36904644 314311085 2069732578 1165285491 1218798384 969149353 1102882094 1731889359 682984028 1378400613 1827792442 1644225259 742811720 1030784737 1695034374 344507079 377340148 353218589 904594066 516211811 355465312 492450073 1286780382 590693311
random_r 8 2147483648 = 0 : 12345 1406932606 654583775 1449466924 229283573 1109335178 1051550459 1293799192 794471793 551188310 803550167 1772930244 370913197 639546082 1381971571 1695770928 2121308585 1719212846 996984527 1157490780 1343235941 536853562 1511588075 1538207304 2103497953 706568710 956612807 1521280756 1588911645 371038354 33727075 1680572000 88489753 1282976734 527630783 1194991756 1106424789 853518314 392166107 1387182456 1538766929 654858422 2086234551 1792144676 837716109 1513704002 269544019 1305165712 1179132041 1502988430 1941297327 852280508 1787378757 1328144282 34689227 805269672 235296705 1203133286 794963623 321843028 1725935357 154978290 184094275 422948032
random_r 8 4294967295 = 0 : 1043980748 288979989 646343466 1751031067 571035320 1849869457 595070966 2101342199 526425700 834541773 1426929026 561616019 146488528 488666313 652027854 94299887 450844156 2050135173 346551002 639435531 919197160 747435009 1679975078 253150439 1314547860 1590939453 797049650 33605763 1874819584 1202922041 214507646 1493002719 463615532 1117432053 1574094474 1140376827 1376946456 943316849 354337110 998553047 36904644 314311085 2069732578 1165285491 1218798384 969149353 1102882094 1731889359 682984028 1378400613 1827792442 1644225259 742811720 1030784737 1695034374 344507079 377340148 353218589 904594066 516211811 355465312 492450073 1286780382 590693311
random_r 16 0 = 0 : 1103527590 377401575 662824084 1147902781 2035015474 368800899 1508029952 486256185 1062517886 267834847 180171308 836760821 595337866 790425851 2111915288 1149758321 1644289366 1388290519 1647418052 1675546029 1767274722 326272115 1343201072 675780521 744964398 1969681615 1116175964 861472101 1303003706 1686638315 2000430152 1868141281 1860847622 1448521415 1628650740 1249606685 835903122 763719779 429995104 1775811865 893145566 995405759 2102736524 271520213 456633834 2058258651 1583689592 878442065 1675280054 1627576247 2054802212 60335757 684462146 1625503827 521827728 1266032265 93253262 2053047983 685333180 127474245 948921754 1964990155 1228891816 255202753
random_r 16 1 = 0 : 1103527590 377401575 662824084 1147902781 2035015474 368800899 1508029952 486256185 1062517886 267834847 180171308 836760821 595337866 790425851 2111915288 1149758321 1644289366 1388290519 1647418052 1675546029 1767274722 326272115 1343201072 675780521 744964398 1969681615 1116175964 861472101 1303003706 1686638315 2000430152 1868141281 1860847622 1448521415 1628650740 1249606685 835903122 763719779 429995104 1775811865 893145566 995405759 2102736524 271520213 456633834 2058258651 1583689592 878442065 1675280054 1627576247 2054802212 60335757 684462146 1625503827 521827728 1266032265 93253262 2053047983 685333180 127474245 948921754 1964990155 1228891816 255202753
random_r 16 2 = 0 : 59559187 1495354192 671064393 846338638 1693263727 1775750268 1964509445 1826196826 1330563979 2131965032 1704276097 2048075046 819762535 941305620 694375357 603745714 1167270147 1057368192 150367929 46117630 43829855 115690668 1174814069 1960837386 1533914491 1085310872 1275739121 201663446 1017095767 854754628 1819649581 2055710562 1485721843 1614066096 582187049 1304221614 565381455 673921244 467824101 16957626 247524203 1335953096 2119238497 898379398 75551559 455329652 750351517 451718418 23944419 1752164064 20823449 1415874654 1729029183 1922863372 1008966229 1726794858 2098693467 755479032 575702737 2080589110 171908151 1627518372 126205709 87457474
random_r 16 42 = 0 : 1250496027 1116302264 1000676753 1668674806 908095735 71666532 896336333 1736731266 1314989459 1535244752 391441865 1108520142 1206814703 534045436 1974836613 238077914 1413854219 705377000 397905153 1440974758 1972995559 282367380 881784893 1823504434 879663491 70219520 1215814457 1726604670 318196447 1939145516 1030877685 968547210 1513076219 1793402392 1673312369 1341335126 481933015 1376947140 1980983981 529748450 192473459 2072944688 631833769 202943022 2012129743 762679132 1776566885 562641722 542512107 293225800 266051553 1950339334 562037703 932343284 1167153437 829945746 711923043 392328544 485452313 748288734 1303618751 1013548940 1115918037 1967580906
random_r 16 12345 = 0 : 1406932606 654583775 1449466924 229283573 1109335178 1051550459 1293799192 794471793 551188310 803550167 1772930244 370913197 639546082 1381971571 1695770928 2121308585 1719212846 996984527 1157490780 1343235941 536853562 1511588075 1538207304 2103497953 706568710 956612807 1521280756 1588911645 371038354 33727075 1680572000 88489753 1282976734 527630783 1194991756 1106424789 853518314 392166107 1387182456 1538766929 654858422 2086234551 1792144676 837716109 1513704002 269544019 1305165712 1179132041 1502988430 1941297327 852280508 1787378757 1328144282 34689227 805269672 235296705 1203133286 794963623 321843028 1725935357 154978290 184094275 422948032 1929199097
random_r 16 2147483647 = 0 : 1043980748 288979989 646343466 1751031067 571035320 1849869457 595070966 2101342199 526425700 834541773 1426929026 561616019 146488528 488666313 652027854 94299887 450844156 2050135173 346551002 639435531 919197160 747435009 1679975078 253150439 1314547860 1590939453 797049650 33605763 1874819584 1202922041 214507646 1493002719 463615532 1117432053 1574094474 1140376827 1376946456 943316849 354337110 998553047 36904644 314311085 2069732578 1165285491 1218798384 969149353 1102882094 1731889359 682984028 1378400613 1827792442 1644225259 742811720 1030784737 1695034374 344507079 377340148 353218589 904594066 516211811 355465312 492450073 1286780382 590693311
random_r 16 2147483648 = 0 : 12345 1406932606 654583775 1449466924 229283573 1109335178 1051550459 1293799192 794471793 551188310 803550167 1772930244 370913197 639546082 1381971571 1695770928 2121308585 1719212846 996984527 1157490780 1343235941 536853562 1511588075 1538207304 2103497953 706568710 956612807 1521280756 1588911645 371038354 33727075 1680572000 88489753 1282976734 527630783 1194991756 1106424789 853518314 392166107 1387182456 1538766929 654858422 2086234551 1792144676 837716109 1513704002 269544019 1305165712 1179132041 1502988430 1941297327 852280508 1787378757 1328144282 34689227 805269672 235296705 1203133286 794963623 321843028 1725935357 154978290 184094275 422948032
random_r 16 4294967295 = 0 : 1043980748 288979989 646343466 1751031067 571035320 1849869457 595070966 2101342199 526425700 834541773 1426929026 561616019 146488528 488666313 652027854 94299887 450844156 2050135173 346551002 639435531 919197160 747435009 1679975078 253150439 1314547860 1590939453 797049650 33605763 1874819584 1202922041 214507646 1493002719 463615532 1117432053 1574094474 1140376827 1376946456 943316849 354337110 998553047 36904644 314311085 2069732578 1165285491 1218798384 969149353 1102882094 1731889359 682984028 1378400613 1827792442 1644225259 742811720 1030784737 1695034374 344507079 377340148 353218589 904594066 516211811 355465312 492450073 1286780382 590693311
random_r 31 0 = 0 : 1103527590 377401575 662824084 1147902781 2035015474 368800899 1508029952 486256185 1062517886 267834847 180171308 836760821 595337866 790425851 2111915288 1149758321 1644289366 1388290519 1647418052 1675546029 1767274722 326272115 1343201072 675780521 744964398 1969681615 1116175964 861472101 1303003706 1686638315 2000430152 1868141281 1860847622 1448521415 1628650740 1249606685 835903122 763719779 429995104 1775811865 893145566 995405759 2102736524 271520213 456633834 2058258651 1583689592 878442065 1675280054 1627576247 2054802212 60335757 684462146 1625503827 521827728 1266032265 93253262 2053047983 685333180 127474245 948921754 1964990155 1228891816 255202753
random_r 31 1 = 0 : 1103527590 377401575 662824084 1147902781 2035015474 368800899 1508029952 486256185 1062517886 267834847 180171308 836760821 595337866 790425851 2111915288 1149758321 1644289366 1388290519 1647418052 1675546029 1767274722 326272115 1343201072 675780521 744964398 1969681615 1116175964 861472101 1303003706 1686638315 2000430152 1868141281 1860847622 1448521415 1628650740 1249606685 835903122 763719779 429995104 1775811865 893145566 995405759 2102736524 271520213 456633834 2058258651 1583689592 878442065 1675280054 1627576247 2054802212 60335757 684462146 1625503827 521827728 1266032265 93253262 2053047983 685333180 127474245 948921754 1964990155 1228891816 255202753
random_r 31 2 = 0 : 59559187 1495354192 671064393 846338638 1693263727 1775750268 1964509445 1826196826 1330563979 2131965032 1704276097 2048075046 819762535 941305620 694375357 603745714 1167270147 1057368192 150367929 46117630 43829855 115690668 1174814069 1960837386 1533914491 1085310872 1275739121 201663446 1017095767 854754628 1819649581 2055710562 1485721843 1614066096 582187049 1304221614 565381455 673921244 467824101 16957626 247524203 1335953096 2119238497 898379398 75551559 455329652 750351517 451718418 23944419 1752164064 20823449 1415874654 1729029183 1922863372 1008966229 1726794858 2098693467 755479032 575702737 2080589110 171908151 1627518372 126205709 87457474
random_r 31 42 = 0 : 1250496027 1116302264 1000676753 1668674806 908095735 71666532 896336333 1736731266 1314989459 1535244752 391441865 1108520142 1206814703 534045436 1974836613 238077914 1413854219 705377000 397905153 1440974758 1972995559 282367380 881784893 1823504434 879663491 70219520 1215814457 1726604670 318196447 1939145516 1030877685 968547210 1513076219 1793402392 1673312369 1341335126 481933015 1376947140 1980983981 529748450 192473459 2072944688 631833769 202943022 2012129743 762679132 1776566885 562641722 542512107 293225800 266051553 1950339334 562037703 932343284 1167153437 829945746 711923043 392328544 485452313 748288734 1303618751 1013548940 1115918037 1967580906
random_r 31 12345 = 0 : 1406932606 654583775 1449466924 229283573 1109335178 1051550459 1293799192 794471793 551188310 803550167 1772930244 370913197 639546082 1381971571 1695770928 2121308585 1719212846 996984527 1157490780 1343235941 536853562 1511588075 1538207304 2103497953 706568710 956612807 1521280756 1588911645 371038354 33727075 1680572000 88489753 1282976734 527630783 1194991756 1106424789 853518314 392166107 1387182456 1538766929 654858422 2086234551 1792144676 837716109 1513704002 269544019 1305165712 1179132041 1502988430 1941297327 852280508 1787378757 1328144282 34689227 805269672 235296705 1203133286 794963623 321843028 1725935357 154978290 184094275 422948032 1929199097
random_r 31 2147483647 = 0 : 1043980748 288979989 646343466 1751031067 571035320 1849869457 595070966 2101342199 526425700 834541773 1426929026 561616019 146488528 488666313 652027854 94299887 450844156 2050135173 346551002 639435531 919197160 747435009 1679975078 253150439 1314547860 1590939453 797049650 33605763 1874819584 1202922041 214507646 1493002719 463615532 1117432053 1574094474 1140376827 1376946456 943316849 354337110 998553047 36904644 314311085 2069732578 1165285491 1218798384 969149353 1102882094 1731889359 682984028 1378400613 1827792442 1644225259 742811720 1030784737 1695034374 344507079 377340148 353218589 904594066 516211811 355465312 492450073 1286780382 590693311
random_r 31 2147483648 = 0 : 12345 1406932606 654583775 1449466924 229283573 1109335178 1051550459 1293799192 794471793 551188310 803550167 1772930244 370913197 639546082 1381971571 1695770928 2121308585 1719212846 996984527 1157490780 1343235941 536853562 1511588075 1538207304 2103497953 706568710 956612807 1521280756 1588911645 371038354 33727075 1680572000 88489753 1282976734 527630783 1194991756 1106424789 853518314 392166107 1387182456 1538766929 654858422 2086234551 1792144676 837716109 1513704002 269544019 1305165712 1179132041 1502988430 1941297327 852280508 1787378757 1328144282 34689227 805269672 235296705 1203133286 794963623 321843028 1725935357 154978290 184094275 422948032
random_r 31 4294967295 = 0 : 1043980748 288979989 646343466 1751031067 571035320 1849869457 595070966 2101342199 526425700 834541773 1426929026 561616019 146488528 488666313 652027854 94299887 450844156 2050135173 346551002 639435531 919197160 747435009 1679975078 253150439 1314547860 1590939453 797049650 33605763 1874819584 1202922041 214507646 1493002719 463615532 1117432053 1574094474 1140376827 1376946456 943316849 354337110 998553047 36904644 314311085 2069732578 1165285491 1218798384 969149353 1102882094 1731889359 682984028 1378400613 1827792442 1644225259 742811720 1030784737 1695034374 344507079 377340148 353218589 904594066 516211811 355465312 492450073 1286780382 590693311
random_r 32 0 = 0 : 964237963 406111040 156505215 1274863108 1882652865 1405674096 98519088 699407180 1811785137 255024303 1974270288 1546954354 1660698400 2072789376 98877886 1324999889 180330032 2073148174 724470595 1841028432 1998453902 823348481 1018544673 31300286 749013007 1743015268 1872328718 599983261 418880101 743389743 631283548 1167893108 338921363 356128618 1767876369 757801464 1099518362 251676269 1925694572 1438439725 607804888 1546087294 48757542 1707323250 1797763563 1974452114 998279327 258084803 1373055760 1047036869 1965408053 1023335676 874005336 816203733 1281420479 99577448 1863240602 1099344885 1122913124 589762290 1915548618 256849956 689339739 1631305572
random_r 32 1 = 0 : 964237963 406111040 156505215 1274863108 1882652865 1405674096 98519088 699407180 1811785137 255024303 1974270288 1546954354 1660698400 2072789376 98877886 1324999889 180330032 2073148174 724470595 1841028432 1998453902 823348481 1018544673 31300286 749013007 1743015268 1872328718 599983261 418880101 743389743 631283548 1167893108 338921363 356128618 1767876369 757801464 1099518362 251676269 1925694572 1438439725 607804888 1546087294 48757542 1707323250 1797763563 1974452114 998279327 258084803 1373055760 1047036869 1965408053 1023335676 874005336 816203733 1281420479 99577448 1863240602 1099344885 1122913124 589762290 1915548618 256849956 689339739 1631305572
random_r 32 2 = 0 : 1928481710 1885970762 313018372 402251583 544090843 1737618752 1270794089 325088905 1476105867 1583812461 727340488 2020196710 1173947566 1998134578 197801968 502569785 1434463391 925142456 375282847 460927309 775793386 573084815 963497094 62773130 1498227272 1338779942 523700439 126537010 1911864757 1487197534 189310140 1262608381 678493828 713010580 1389145392 442874937 52724466 1578455532 1705483319 731218294 143982464 947145063 1174093231 196706930 378116947 732092902 927925224 522099412 1679237965 2102018456 718806342 2057354913 686627710 1646731567 431970677 218382028 1601266375 1150777019 128253293 140410437 650024938 560223970 358792465 103807665
random_r 32 42 = 0 : 769798547 2024571666 1204852799 931293870 1762463907 1056786110 917189233 384778806 933874128 2122042033 1316072677 548854387 1031344495 85778262 933633193 1965218623 60336647 102222222 366589362 1091681142 188000485 1300222555 909416117 248337132 1402444778 1276005479 1340018275 1590445263 428744387 101950744 1838782395 1831189165 1377956224 1031317022 1274150780 1806700611 1133267767 965449527 1490406128 363740343 1996766550 617073260 22957306 982550669 1582522787 1513363434 1346291012 1431805689 2130436694 1369248318 266872710 1565475833 735128104 1613163722 849797875 718081150 834928392 1116670585 136073335 1570056496 582350660 985871210 140653998 1417279052
random_r 32 12345 = 0 : 91663297 228763407 498755455 469575906 1418804778 465742136 2000994473 1510468075 694505543 352266280 1980043981 2113310321 818008416 1833554806 1476294748 1512513959 38337439 1308855081 1478340632 856345855 994926240 807151732 221376167 1033263679 2116006814 1699716799 1889609534 963449406 359384884 2110985701 1996713085 327908050 1663218853 1738838971 1291357456 2022603737 1702341025 1140586893 203028139 1218076230 731942216 1494385595 1093196319 286799593 487488840 1296224458 1504875823 1219431056 643126405 450588494 1506230650 1130615245 1746812952 863622825 202562653 242455709 1314211320 1708793303 1373070954 913540624 424932481 1575633608 1155996334 1739143801
random_r 32 2147483647 = 0 : 1073736651 2147477747 2147476437 1073733636 1073732665 1073730770 2147470776 2147469317 1073724869 2147463565 1073719305 2147457535 1073710687 1073706433 2147443204 2147435557 1073686350 1073678861 2147409444 2147397038 2147385295 2147369000 2147348947 1073587997 1073564213 2147274743 1073501387 1073465860 2147160095 1073366686 2147053858 1073240660 1073157781 1073071597 2146706521 1072834228 2146438284 2146276731 2146074889 1072112417 1071864680 2145297762 2144946646 1070819316 2144090845 2143537887 2142931734 1068471877 2141352001 2140394732 2139291194 2137959198 2136448971 2134739280 1058947427 2130317324 2127650364 1050754973 2120792874 2116615687 1038010605 1032256653 2099449363 1018177321
random_r 32 2147483648 = 0 : 1183231473 667614186 1990959771 1946340482 1338546766 1815522114 2048930747 374294591 335652652 1892406870 173151426 1674199418 1560445336 74598525 2048494010 1896097988 1967005396 74161788 1422813759 1379967084 148760313 1323824121 1128581425 2115765709 1397985909 403911536 1348249146 1546746222 1727735657 329346923 1515028284 978237918 733258459 715793782 377500492 313510468 1045140705 1892528776 1291748386 1778399164 460838910 1669248878 2091909632 1505979615 1414294007 1236174370 1136895131 1875132917 757939600 1081321115 1233628885 24749959 170011837 223040368 1899882877 927951438 1304361484 986028114 952701397 1474373321 1209068482 705100626 254841111 365946318
random_r 32 4294967295 = 0 : 109484476 667608285 1990952560 872590471 264795784 741769236 2048917875 374280260 1409377521 1892386787 1246870731 1674173305 486672376 1148304959 2048453566 1896049897 893208098 1147840649 1422739555 1379880474 148661960 1323709473 1128446724 1041870059 324066474 403702631 274266885 472728435 1727412104 1402713609 1514598494 2051478578 1806416240 1788865379 376723365 1386344696 1044095341 1891321859 1290339627 703027933 1532703591 1667062992 2089372630 429315284 1410901204 1232228609 1132343217 796121147 751807953 1074232199 1225436431 15225509 158977160 210296000 811346656 910785114 1284528200 2036783087 926010623 1443505360 99595440 1737357280 206806826 1384123640
random_r 63 0 = 0 : 964237963 406111040 156505215 1274863108 1882652865 1405674096 98519088 699407180 1811785137 255024303 1974270288 1546954354 1660698400 2072789376 98877886 1324999889 180330032 2073148174 724470595 1841028432 1998453902 823348481 1018544673 31300286 749013007 1743015268 1872328718 599983261 418880101 743389743 631283548 1167893108 338921363 356128618 1767876369 757801464 1099518362 251676269 1925694572 1438439725 607804888 1546087294 48757542 1707323250 1797763563 1974452114 998279327 258084803 1373055760 1047036869 1965408053 1023335676 874005336 816203733 1281420479 99577448 1863240602 1099344885 1122913124 589762290 1915548618 256849956 689339739 1631305572
random_r 63 1 = 0 : 964237963 406111040 156505215 1274863108 1882652865 1405674096 98519088 699407180 1811785137 255024303 1974270288 1546954354 1660698400 2072789376 98877886 1324999889 180330032 2073148174 724470595 1841028432 1998453902 823348481 1018544673 31300286 749013007 1743015268 1872328718 599983261 418880101 743389743 631283548 1167893108 338921363 356128618 1767876369 757801464 1099518362 251676269 1925694572 1438439725 607804888 1546087294 48757542 1707323250 1797763563 1974452114 998279327 258084803 1373055760 1047036869 1965408053 1023335676 874005336 816203733 1281420479 99577448 1863240602 1099344885 1122913124 589762290 1915548618 256849956 689339739 1631305572
random_r 63 2 = 0 : 1928481710 1885970762 313018372 402251583 544090843 1737618752 1270794089 325088905 1476105867 1583812461 727340488 2020196710 1173947566 1998134578 197801968 502569785 1434463391 925142456 375282847 460927309 775793386 573084815 963497094 62773130 1498227272 1338779942 523700439 126537010 1911864757 1487197534 189310140 1262608381 678493828 713010580 1389145392 442874937 52724466 1578455532 1705483319 731218294 143982464 947145063 1174093231 196706930 378116947 732092902 927925224 522099412 1679237965 2102018456 718806342 2057354913 686627710 1646731567 431970677 218382028 1601266375 1150777019 128253293 140410437 650024938 560223970 358792465 103807665
random_r 63 42 = 0 : 769798547 2024571666 1204852799 931293870 1762463907 1056786110 917189233 384778806 933874128 2122042033 1316072677 548854387 1031344495 85778262 933633193 1965218623 60336647 102222222 366589362 1091681142 188000485 1300222555 909416117 248337132 1402444778 1276005479 1340018275 1590445263 428744387 101950744 1838782395 1831189165 1377956224 1031317022 1274150780 1806700611 1133267767 965449527 1490406128 363740343 1996766550 617073260 22957306 982550669 1582522787 1513363434 1346291012 1431805689 2130436694 1369248318 266872710 1565475833 735128104 1613163722 849797875 718081150 834928392 1116670585 136073335 1570056496 582350660 985871210 140653998 1417279052
random_r 63 12345 = 0 : 91663297 228763407 498755455 469575906 1418804778 465742136 2000994473 1510468075 694505543 352266280 1980043981 2113310321 818008416 1833554806 1476294748 1512513959 38337439 1308855081 1478340632 856345855 994926240 807151732 221376167 1033263679 2116006814 1699716799 1889609534 963449406 359384884 2110985701 1996713085 327908050 1663218853 1738838971 1291357456 2022603737 1702341025 1140586893 203028139 1218076230 731942216 1494385595 1093196319 286799593 487488840 1296224458 1504875823 1219431056 643126405 450588494 1506230650 1130615245 1746812952 863622825 202562653 242455709 1314211320 1708793303 1373070954 913540624 424932481 1575633608 1155996334 1739143801
random_r 63 2147483647 = 0 : 1073736651 2147477747 2147476437 1073733636 1073732665 1073730770 2147470776 2147469317 1073724869 2147463565 1073719305 2147457535 1073710687 1073706433 2147443204 2147435557 1073686350 1073678861 2147409444 2147397038 2147385295 2147369000 2147348947 1073587997 1073564213 2147274743 1073501387 1073465860 2147160095 1073366686 2147053858 1073240660 1073157781 1073071597 2146706521 1072834228 2146438284 2146276731 2146074889 1072112417 1071864680 2145297762 2144946646 1070819316 2144090845 2143537887 2142931734 1068471877 2141352001 2140394732 2139291194 2137959198 2136448971 2134739280 1058947427 2130317324 2127650364 1050754973 2120792874 2116615687 1038010605 1032256653 2099449363 1018177321
random_r 63 2147483648 = 0 : 1183231473 667614186 1990959771 1946340482 1338546766 1815522114 2048930747 374294591 335652652 1892406870 173151426 1674199418 1560445336 74598525 2048494010 1896097988 1967005396 74161788 1422813759 1379967084 148760313 1323824121 1128581425 2115765709 1397985909 403911536 1348249146 1546746222 1727735657 329346923 1515028284 978237918 733258459 715793782 377500492 313510468 1045140705 1892528776 1291748386 1778399164 460838910 1669248878 2091909632 1505979615 1414294007 1236174370 1136895131 1875132917 757939600 1081321115 1233628885 24749959 170011837 223040368 1899882877 927951438 1304361484 986028114 952701397 1474373321 1209068482 705100626 254841111 365946318
random_r 63 4294967295 = 0 : 109484476 667608285 1990952560 872590471 264795784 741769236 2048917875 374280260 1409377521 1892386787 1246870731 1674173305 486672376 1148304959 2048453566 1896049897 893208098 1147840649 1422739555 1379880474 148661960 1323709473 1128446724 1041870059 324066474 403702631 274266885 472728435 1727412104 1402713609 1514598494 2051478578 1806416240 1788865379 376723365 1386344696 1044095341 1891321859 1290339627 703027933 1532703591 1667062992 2089372630 429315284 1410901204 1232228609 1132343217 796121147 751807953 1074232199 1225436431 15225509 158977160 210296000 811346656 910785114 1284528200 2036783087 926010623 1443505360 99595440 1737357280 206806826 1384123640
random_r 64 0 = 0 : 1894937090 1645272306 2143216519 1889283008 669383071 354120040 1086932062 1680261878 965252221 1361091621 1419310265 714709879 1680612746 1449365073 1205756624 953210067 450998725 446731597 188530957 857914028 1212034069 151482483 1831744361 649512934 2010604556 1282431173 1997141053 1530270151 832151576 2037908201 843634620 1294633345 1741364942 1929895899 640326280 1852360349 2003842832 1688103545 190132831 53253739 1335684913 1185342318 568128821 1400280397 1290704950 2134339570 1281489268 875370562 657782814 1298109094 1002985795 859344979 399964876 590097707 643351447 1979036360 1016895030 1585023851 837820600 2128525551 2115381473 1249387093 2124757656 635056822
random_r 64 1 = 0 : 1894937090 1645272306 2143216519 1889283008 669383071 354120040 1086932062 1680261878 965252221 1361091621 1419310265 714709879 1680612746 1449365073 1205756624 953210067 450998725 446731597 188530957 857914028 1212034069 151482483 1831744361 649512934 2010604556 1282431173 1997141053 1530270151 832151576 2037908201 843634620 1294633345 1741364942 1929895899 640326280 1852360349 2003842832 1688103545 190132831 53253739 1335684913 1185342318 568128821 1400280397 1290704950 2134339570 1281489268 875370562 657782814 1298109094 1002985795 859344979 399964876 590097707 643351447 1979036360 1016895030 1585023851 837820600 2128525551 2115381473 1249387093 2124757656 635056822
random_r 64 2 = 0 : 2059579222 1621521604 540198404 112924446 986778831 1535996019 975702395 154293431 2105383963 2006680086 185915002 1165355528 1226247228 7193888 957483521 869579095 343617051 883815455 996739901 1983518732 1372031103 200249850 354543281 312443597 171640035 357555037 1522910565 601674145 608868033 1566351554 288447001 632064052 1515879507 365135760 201170845 1573201948 1773451799 2127995080 292955029 464595064 822150101 197577018 799251163 1408119197 826987103 1115434105 1747498157 1115894017 1481029777 1682200622 1107918923 733887074 714398506 1007353536 1471948600 146615054 344192072 1143443236 404078785 1231065888 199016345 1946514503 914924872 248471001
random_r 64 42 = 0 : 2051258974 339992574 1379825892 1298392284 825292997 1282568341 1254248299 342012568 19463913 1453280 786759542 1847444534 1402733084 542009408 935169760 838945087 1178937661 411279905 1709672190 387481539 1670049880 776814532 1118827100 1138291013 1139744293 1926503835 1626464722 881714158 1423723566 211409679 1050354766 81808779 493088685 55277227 442758766 2112808647 742139531 1860966631 851773996 1991518289 1770538476 1249519550 2131233709 1407473627 1618883306 521754424 603563204 1096651889 1151929116 1594687882 1560012881 154668764 2015635395 719925743 563960384 187015213 1436534763 1420284824 680274804 151674462 673428887 1276992091 226160332 1378089448
random_r 64 12345 = 0 : 483233980 1758683219 554544712 380709397 1012654321 564109664 1664135418 2047363894 1155990929 1138615441 466778464 2076465361 1534850740 1786997519 236976673 720210653 331410225 885954937 1266664335 131835008 695944673 212596443 112476689 1268467618 259599412 726377876 655359590 42726682 1829724202 2066700875 639427880 970838105 1856793043 975973730 1107808738 1803753411 2016349855 2128826544 1249810515 1509409927 88304155 743663745 786390428 468630982 387848209 1027276089 1998114195 1707423590 535913672 1643722410 1299992174 1168858381 1150201277 252528144 1761938071 1850242227 446422324 1232812752 1701443734 2089291943 969084385 819714932 379654874 915568546
random_r 64 2147483647 = 0 : 1974219535 1948776605 1919598901 812395972 1847763884 730013302 679541472 1695398450 555269318 479130223 1465548585 291656283 176795299 1118805963 967728205 794464092 595757049 367872302 1180268274 880548510 1610561813 142619637 1838018087 245803758 724933981 42998918 334655202 511450501 1630256464 450501021 1244965113 1840722162 61110816 1241379091 2121927601 1585005766 1727625404 1418159843 1663963601 241413935 284412853 619068055 1130518557 613291373 1063792395 161273860 2001996023 2063106839 1157002282 1131446236 568968354 149110110 1567269954 1083749907 1325163842 1609576696 81161103 1211679660 1824971034 741279781 902553641 757066016 672689208 1829691490
random_r 64 2147483648 = 0 : 1566802988 1694089519 1055793671 1148764645 1110324731 1213885513 1312030454 1514011803 1909710877 73935337 669493842 892460120 447935505 1119440798 636527078 55846418 1749935938 658245961 1807010606 769851689 1983737202 1148284008 514812164 277039393 350974730 1020468572 1912928692 213380549 1332821347 1969348425 2025194844 1627647134 138409447 1945420054 567788095 404041650 1552325658 2067137822 196693567 547668298 1568136870 1333581915 1546962464 732300164 554164941 431876137 2059523271 50449071 1995869125 416173572 820215222 225057233 144711407 341404975 889073273 309726495 1643308410 1042787227 1775087391 181768684 613644822 525684445 576133516 424518993
random_r 64 4294967295 = 0 : 1393538875 1495382476 827908924 1961160617 810604967 1943898815 1991571926 1061926605 317496547 553065561 2135042427 1184116403 624730804 90763113 1604255283 850310510 198209339 1026118263 839795233 1650400200 1446815367 1290903646 205346603 522843151 1075908712 1063467491 100100246 724831051 815594164 272365799 1122676309 1320885648 199520264 1039315497 542232049 1989047416 1132467414 1337814018 1860657169 789082233 1852549724 1952649970 529997373 1345591537 1617957336 593149998 1914035646 2113555910 1005387759 1547619808 1389183577 374167343 1711981361 1425154882 66753467 1919303191 1724469514 106983239 1452574777 923048465 1516198463 1282750462 1248822724 106726836
random_r 100 0 = 0 : 1894937090 1645272306 2143216519 1889283008 669383071 354120040 1086932062 1680261878 965252221 1361091621 1419310265 714709879 1680612746 1449365073 1205756624 953210067 450998725 446731597 188530957 857914028 1212034069 151482483 1831744361 649512934 2010604556 1282431173 1997141053 1530270151 832151576 2037908201 843634620 1294633345 1741364942 1929895899 640326280 1852360349 2003842832 1688103545 190132831 53253739 1335684913 1185342318 568128821 1400280397 1290704950 2134339570 1281489268 875370562 657782814 1298109094 1002985795 859344979 399964876 590097707 643351447 1979036360 1016895030 1585023851 837820600 2128525551 2115381473 1249387093 2124757656 635056822
random_r 100 1 = 0 : 1894937090 1645272306 2143216519 1889283008 669383071 354120040 1086932062 1680261878 965252221 1361091621 1419310265 714709879 1680612746 1449365073 1205756624 953210067 450998725 446731597 188530957 857914028 1212034069 151482483 1831744361 649512934 2010604556 1282431173 1997141053 1530270151 832151576 2037908201 843634620 1294633345 1741364942 1929895899 640326280 1852360349 2003842832 1688103545 190132831 53253739 1335684913 1185342318 568128821 1400280397 1290704950 2134339570 1281489268 875370562 657782814 1298109094 1002985795 859344979 399964876 590097707 643351447 1979036360 1016895030 1585023851 837820600 2128525551 2115381473 1249387093 2124757656 635056822
random_r 100 2 = 0 : 2059579222 1621521604 540198404 112924446 986778831 1535996019 975702395 154293431 2105383963 2006680086 185915002 1165355528 1226247228 7193888 957483521 869579095 343617051 883815455 996739901 1983518732 1372031103 200249850 354543281 312443597 171640035 357555037 1522910565 601674145 608868033 1566351554 288447001 632064052 1515879507 365135760 201170845 1573201948 1773451799 2127995080 292955029 464595064 822150101 197577018 799251163 1408119197 826987103 1115434105 1747498157 1115894017 1481029777 1682200622 1107918923 733887074 714398506 1007353536 1471948600 146615054 344192072 1143443236 404078785 1231065888 199016345 1946514503 914924872 248471001
random_r 100 42 = 0 : 2051258974 339992574 1379825892 1298392284 825292997 1282568341 1254248299 342012568 19463913 1453280 786759542 1847444534 1402733084 542009408 935169760 838945087 1178937661 411279905 1709672190 387481539 1670049880 776814532 1118827100 1138291013 1139744293 1926503835 1626464722 881714158 1423723566 211409679 1050354766 81808779 493088685 55277227 442758766 2112808647 742139531 1860966631 851773996 1991518289 1770538476 1249519550 2131233709 1407473627 1618883306 521754424 603563204 1096651889 1151929116 1594687882 1560012881 154668764 2015635395 719925743 563960384 187015213 1436534763 1420284824 680274804 151674462 673428887 1276992091 226160332 1378089448
random_r 100 12345 = 0 : 483233980 1758683219 554544712 380709397 1012654321 564109664 1664135418 2047363894 1155990929 1138615441 466778464 2076465361 1534850740 1786997519 236976673 720210653 331410225 885954937 1266664335 131835008 695944673 212596443 112476689 1268467618 259599412 726377876 655359590 42726682 1829724202 2066700875 639427880 970838105 1856793043 975973730 1107808738 1803753411 2016349855 2128826544 1249810515 1509409927 88304155 743663745 786390428 468630982 387848209 1027276089 1998114195 1707423590 535913672 1643722410 1299992174 1168858381 1150201277 252528144 1761938071 1850242227 446422324 1232812752 1701443734 2089291943 969084385 819714932 379654874 915568546
random_r 100 2147483647 = 0 : 1974219535 1948776605 1919598901 812395972 1847763884 730013302 679541472 1695398450 555269318 479130223 1465548585 291656283 176795299 1118805963 967728205 794464092 595757049 367872302 1180268274 880548510 1610561813 142619637 1838018087 245803758 724933981 42998918 334655202 511450501 1630256464 450501021 1244965113 1840722162 61110816 1241379091 2121927601 1585005766 1727625404 1418159843 1663963601 241413935 284412853 619068055 1130518557 613291373 1063792395 161273860 2001996023 2063106839 1157002282 1131446236 568968354 149110110 1567269954 1083749907 1325163842 1609576696 81161103 1211679660 1824971034 741279781 902553641 757066016 672689208 1829691490
random_r 100 2147483648 = 0 : 1566802988 1694089519 1055793671 1148764645 1110324731 1213885513 1312030454 1514011803 1909710877 73935337 669493842 892460120 447935505 1119440798 636527078 55846418 1749935938 658245961 1807010606 769851689 1983737202 1148284008 514812164 277039393 350974730 1020468572 1912928692 213380549 1332821347 1969348425 2025194844 1627647134 138409447 1945420054 567788095 404041650 1552325658 2067137822 196693567 547668298 1568136870 1333581915 1546962464 732300164 554164941 431876137 2059523271 50449071 1995869125 416173572 820215222 225057233 144711407 341404975 889073273 309726495 1643308410 1042787227 1775087391 181768684 613644822 525684445 576133516 424518993
random_r 100 4294967295 = 0 : 1393538875 1495382476 827908924 1961160617 810604967 1943898815 1991571926 1061926605 317496547 553065561 2135042427 1184116403 624730804 90763113 1604255283 850310510 198209339 1026118263 839795233 1650400200 1446815367 1290903646 205346603 522843151 1075908712 1063467491 100100246 724831051 815594164 272365799 1122676309 1320885648 199520264 1039315497 542232049 1989047416 1132467414 1337814018 1860657169 789082233 1852549724 1952649970 529997373 1345591537 1617957336 593149998 1914035646 2113555910 1005387759 1547619808 1389183577 374167343 1711981361 1425154882 66753467 1919303191 1724469514 106983239 1452574777 923048465 1516198463 1282750462 1248822724 106726836
random_r 128 0 = 0 : 1804289383 846930886 1681692777 1714636915 1957747793 424238335 719885386 1649760492 596516649 1189641421 1025202362 1350490027 783368690 1102520059 2044897763 1967513926 1365180540 1540383426 304089172 1303455736 35005211 521595368 294702567 1726956429 336465782 861021530 278722862 233665123 2145174067 468703135 1101513929 1801979802 1315634022 635723058 1369133069 1125898167 1059961393 2089018456 628175011 1656478042 1131176229 1653377373 859484421 1914544919 608413784 756898537 1734575198 1973594324 149798315 2038664370 1129566413 184803526 412776091 1424268980 1911759956 749241873 137806862 42999170 982906996 135497281 511702305 2084420925 1937477084 1827336327
random_r 128 1 = 0 : 1804289383 846930886 1681692777 1714636915 1957747793 424238335 719885386 1649760492 596516649 1189641421 1025202362 1350490027 783368690 1102520059 2044897763 1967513926 1365180540 1540383426 304089172 1303455736 35005211 521595368 294702567 1726956429 336465782 861021530 278722862 233665123 2145174067 468703135 1101513929 1801979802 1315634022 635723058 1369133069 1125898167 1059961393 2089018456 628175011 1656478042 1131176229 1653377373 859484421 1914544919 608413784 756898537 1734575198 1973594324 149798315 2038664370 1129566413 184803526 412776091 1424268980 1911759956 749241873 137806862 42999170 982906996 135497281 511702305 2084420925 1937477084 1827336327
random_r 128 2 = 0 : 1505335290 1738766719 190686788 260874575 747983061 906156498 1502820864 142559277 1261608745 1380759627 2127304342 635050179 582691149 149585093 2039335037 820715049 693014654 2122498773 1809302367 591232730 1281246002 1194903572 1820868569 396476315 853559767 1910751391 1826393210 682319630 221122296 96423063 1385108013 1726457586 1835189782 1575794802 1987332161 435689196 334467652 1342669377 578248473 1596076397 575945357 558069167 83642928 1158636506 707654260 2122977965 1979351556 1400668914 2097993090 1641170275 1991901644 1231755445 688590199 1665286566 1628231760 1542149966 1428554309 1307141323 76985948 1649676605 1403564386 1462093962 1228650543 1091270521
random_r 128 42 = 0 : 71876166 708592740 1483128881 907283241 442951012 537146758 1366999021 1854614940 647800535 53523743 783815874 1643643143 682599717 291474504 229233696 1633529762 175389892 1183169448 1212580698 1596161259 2108313867 469976352 975807809 1113801033 1232315727 1192349579 1564541169 1350496504 1709672141 1253520176 590056433 1781548307 1962112916 2073185314 541347900 257580280 462848424 1908346921 2112195221 1110648960 1961870665 748527447 606808455 496986734 1040001951 836042151 2130516497 1215391843 2019211600 1195613547 664069454 1980041819 1665589900 1639877263 946359204 750421979 684743195 363416725 2100918483 246931688 1616936901 543491269 2028479995 1431566170
random_r 128 12345 = 0 : 383100999 858300821 357768173 455528251 133005921 116285904 591987137 102557902 689413528 585691128 789708827 477528897 471709721 433228053 94737806 738562773 1390825938 320971712 63710857 1886550712 1407500761 1133106595 1086319404 1966433342 403909323 255885579 124761827 1546035286 1369096065 1891602243 884891277 1752197064 602419417 1242659451 60241667 735425338 1358945355 652228804 837983241 2048358883 1237919932 1627692068 378404132 1709629653 2060920121 473141938 300708778 1304262411 794113650 364419635 1043329475 54130763 1497526230 2129648879 2020564105 1901435553 238050811 2145325932 1299987191 1607146876 1889444528 37394821 1211860292 344380297
random_r 128 2147483647 = 0 : 1065668062 2142264300 1066566375 1064012770 2141034222 1065509725 2135810236 2139491828 2138030783 2133535487 1063823214 1062867731 1057142398 1061426218 2134940760 2127804915 2132199267 2132963510 1050498024 2128539129 2130599457 2120124065 2124047555 1054006513 2115383933 1044819428 2124282634 1036193370 2111890717 1046299399 2103680308 1030075131 1041080051 1022763035 2094087902 1034630625 2088272761 2082414490 1026638805 2078819896 2068466329 2090462020 994203979 978125079 1004404590 981661091 958446346 989120209 967140953 2008944371 970175690 950256762 1981584788 946739597 2004263276 1949485073 1991559026 1981062262 838194795 1955966095 879878013 794391455 838557578 1920958065
random_r 128 2147483648 = 0 : 1336741213 1210407648 1447044896 337392383 82502902 538660432 1313908778 370221063 344413073 1896089129 2044477265 1711647701 128787895 864892100 985836693 2134634618 1642121871 1452847611 539426807 1663660949 765987032 1350845683 1550946986 94407367 1482267241 927920760 405299531 446952434 1723835522 1213320778 1649425186 913093087 276244779 948986434 1250485470 358747681 1487646867 416910600 728968744 1832059940 165516081 625962361 1396223994 294303977 1490854462 234577039 281454947 985492685 1687424650 820881754 501669986 305928034 24243790 2052616972 400335402 1506511031 833054085 805634933 1953463465 409405959 2018955712 1455405003 1322499046 147716843
random_r 128 4294967295 = 0 : 254925627 1205188300 366127624 1401405153 76053476 1604170158 1302235366 362229243 334960208 1882140968 960816832 627031785 1185930294 1926318319 973293805 2114955885 1626837490 1438327473 1589924831 1644716430 749102841 1323486100 1527510893 1148413881 1450167526 1972740189 382098517 1483145805 1688242591 112136530 1605621846 1943168218 1317324830 1971749470 1197089724 1393378306 1428435980 351841442 1755607549 1763396188 86498762 568940733 242944325 1272429056 347775404 1216238130 1239901294 1974612895 507081955 682342477 1471845677 1256184797 2005828578 851872922 257115030 1308512456 677129463 639213547 644174613 217888406 751350077 102312811 13572976 2068674908
random_r 255 0 = 0 : 1804289383 846930886 1681692777 1714636915 1957747793 424238335 719885386 1649760492 596516649 1189641421 1025202362 1350490027 783368690 1102520059 2044897763 1967513926 1365180540 1540383426 304089172 1303455736 35005211 521595368 294702567 1726956429 336465782 861021530 278722862 233665123 2145174067 468703135 1101513929 1801979802 1315634022 635723058 1369133069 1125898167 1059961393 2089018456 628175011 1656478042 1131176229 1653377373 859484421 1914544919 608413784 756898537 1734575198 1973594324 149798315 2038664370 1129566413 184803526 412776091 1424268980 1911759956 749241873 137806862 42999170 982906996 135497281 511702305 2084420925 1937477084 1827336327
random_r 255 1 = 0 : 1804289383 846930886 1681692777 1714636915 1957747793 424238335 719885386 1649760492 596516649 1189641421 1025202362 1350490027 783368690 1102520059 2044897763 1967513926 1365180540 1540383426 304089172 1303455736 35005211 521595368 294702567 1726956429 336465782 861021530 278722862 233665123 2145174067 468703135 1101513929 1801979802 1315634022 635723058 1369133069 1125898167 1059961393 2089018456 628175011 1656478042 1131176229 1653377373 859484421 1914544919 608413784 756898537 1734575198 1973594324 149798315 2038664370 1129566413 184803526 412776091 1424268980 1911759956 749241873 137806862 42999170 982906996 135497281 511702305 2084420925 1937477084 1827336327
random_r 255 2 = 0 : 1505335290 1738766719 190686788 260874575 747983061 906156498 1502820864 142559277 1261608745 1380759627 2127304342 635050179 582691149 149585093 2039335037 820715049 693014654 2122498773 1809302367 591232730 1281246002 1194903572 1820868569 396476315 853559767 1910751391 1826393210 682319630 221122296 96423063 1385108013 1726457586 1835189782 1575794802 1987332161 435689196 334467652 1342669377 578248473 1596076397 575945357 558069167 83642928 1158636506 707654260 2122977965 1979351556 1400668914 2097993090 1641170275 1991901644 1231755445 688590199 1665286566 1628231760 1542149966 1428554309 1307141323 76985948 1649676605 1403564386 1462093962 1228650543 1091270521
random_r 255 42 = 0 : 71876166 708592740 1483128881 907283241 442951012 537146758 1366999021 1854614940 647800535 53523743 783815874 1643643143 682599717 291474504 229233696 1633529762 175389892 1183169448 1212580698 1596161259 2108313867 469976352 975807809 1113801033 1232315727 1192349579 1564541169 1350496504 1709672141 1253520176 590056433 1781548307 1962112916 2073185314 541347900 257580280 462848424 1908346921 2112195221 1110648960 1961870665 748527447 606808455 496986734 1040001951 836042151 2130516497 1215391843 2019211600 1195613547 664069454 1980041819 1665589900 1639877263 946359204 750421979 684743195 363416725 2100918483 246931688 1616936901 543491269 2028479995 1431566170
random_r 255 12345 = 0 : 383100999 858300821 357768173 455528251 133005921 116285904 591987137 102557902 689413528 585691128 789708827 477528897 471709721 433228053 94737806 738562773 1390825938 320971712 63710857 1886550712 1407500761 1133106595 1086319404 1966433342 403909323 255885579 124761827 1546035286 1369096065 1891602243 884891277 1752197064 602419417 1242659451 60241667 735425338 1358945355 652228804 837983241 2048358883 1237919932 1627692068 378404132 1709629653 2060920121 473141938 300708778 1304262411 794113650 364419635 1043329475 54130763 1497526230 2129648879 2020564105 1901435553 238050811 2145325932 1299987191 1607146876 1889444528 37394821 1211860292 344380297
random_r 255 2147483647 = 0 : 1065668062 2142264300 1066566375 1064012770 2141034222 1065509725 2135810236 2139491828 2138030783 2133535487 1063823214 1062867731 1057142398 1061426218 2134940760 2127804915 2132199267 2132963510 1050498024 2128539129 2130599457 2120124065 2124047555 1054006513 2115383933 1044819428 2124282634 1036193370 2111890717 1046299399 2103680308 1030075131 1041080051 1022763035 2094087902 1034630625 2088272761 2082414490 1026638805 2078819896 2068466329 2090462020 994203979 978125079 1004404590 981661091 958446346 989120209 967140953 2008944371 970175690 950256762 1981584788 946739597 2004263276 1949485073 1991559026 1981062262 838194795 1955966095 879878013 794391455 838557578 1920958065
random_r 255 2147483648 = 0 : 1336741213 1210407648 1447044896 337392383 82502902 538660432 1313908778 370221063 344413073 1896089129 2044477265 1711647701 128787895 864892100 985836693 2134634618 1642121871 1452847611 539426807 1663660949 765987032 1350845683 1550946986 94407367 1482267241 927920760 405299531 446952434 1723835522 1213320778 1649425186 913093087 276244779 948986434 1250485470 358747681 1487646867 416910600 728968744 1832059940 165516081 625962361 1396223994 294303977 1490854462 234577039 281454947 985492685 1687424650 820881754 501669986 305928034 24243790 2052616972 400335402 1506511031 833054085 805634933 1953463465 409405959 2018955712 1455405003 1322499046 147716843
random_r 255 4294967295 = 0 : 254925627 1205188300 366127624 1401405153 76053476 1604170158 1302235366 362229243 334960208 1882140968 960816832 627031785 1185930294 1926318319 973293805 2114955885 1626837490 1438327473 1589924831 1644716430 749102841 1323486100 1527510893 1148413881 1450167526 1972740189 382098517 1483145805 1688242591 112136530 1605621846 1943168218 1317324830 1971749470 1197089724 1393378306 1428435980 351841442 1755607549 1763396188 86498762 568940733 242944325 1272429056 347775404 1216238130 1239901294 1974612895 507081955 682342477 1471845677 1256184797 2005828578 851872922 257115030 1308512456 677129463 639213547 644174613 217888406 751350077 102312811 13572976 2068674908
random_r 256 0 = 0 : 510644794 625058908 1816371419 326864818 1257431873 415485223 1740798996 372654318 1041493518 326122507 788034265 1055996047 1954412229 569634876 1918105661 473200074 1356776679 1226378849 713302969 224314908 1080035721 1218470374 1834304601 86201844 231976358 1373092239 28155685 1546584340 218644447 1037116494 546224083 1453196647 1925824974 1631863567 1546815804 1949105538 1994176029 811025088 1932211078 1672631911 696331367 417108211 2137933508 346381380 1520492295 1077003976 2010690659 1538292481 225894562 449263729 1201294926 1514903911 168005506 1096354453 421330820 588863207 1371387935 962519111 85624086 1003414593 166980887 81819927 343692848 854337642
random_r 256 1 = 0 : 510644794 625058908 1816371419 326864818 1257431873 415485223 1740798996 372654318 1041493518 326122507 788034265 1055996047 1954412229 569634876 1918105661 473200074 1356776679 1226378849 713302969 224314908 1080035721 1218470374 1834304601 86201844 231976358 1373092239 28155685 1546584340 218644447 1037116494 546224083 1453196647 1925824974 1631863567 1546815804 1949105538 1994176029 811025088 1932211078 1672631911 696331367 417108211 2137933508 346381380 1520492295 1077003976 2010690659 1538292481 225894562 449263729 1201294926 1514903911 168005506 1096354453 421330820 588863207 1371387935 962519111 85624086 1003414593 166980887 81819927 343692848 854337642
random_r 256 2 = 0 : 1310390767 1420222756 1873455693 120790236 732232760 1648581564 49536744 1445505104 634578352 2060180397 1917926803 546629001 736437355 166999364 1869943671 1990289423 1043273386 1135084345 787716228 1588940519 820251597 1133113670 1295315852 2023796189 1429409800 1663277292 124872722 1572642528 914351655 2057087290 1103776585 1642631581 1958351029 695879355 799657426 1239081733 1556930163 1947971979 1416162134 338257566 1086840883 1945089997 796041772 1084531622 1156369025 816191412 1803202 1115871567 1566254701 1482165050 1979904700 1335123417 902254397 2051880972 1774944921 636952773 2043062500 554124937 2004597707 1214717045 1747105010 1087884502 1818411825 981318944
random_r 256 42 = 0 : 472624893 994493761 100792968 176611971 1804504504 774005879 1909052267 1814828808 1422408049 1993052319 2095605820 271820203 469517445 514570286 472395595 1373410574 209049067 1564644248 1497519265 709859346 1369250024 104172297 1169496596 695680591 836469696 1465680782 1618808432 1816383691 562941350 1864961307 966338265 882318120 1950262904 947126539 184252006 652821190 334287321 1748185402 1724267538 1795517181 415326761 23315339 1436795513 1977419416 2109820750 46066137 148692571 467136162 182627485 445351562 1145612654 2088410996 1677094340 1373936516 1547580266 1178597470 1986356738 1734202882 459732666 1019567528 1437089320 2126140833 655498337 1128123231
random_r 256 12345 = 0 : 1533685646 659883909 74987985 1740823935 4262707 478585849 885857313 1913670651 1212147926 1530184248 1115096462 980888830 1597059311 1401951981 546177705 247517750 1245705079 1262437112 1578086608 1591441041 723830813 1424587499 1813840890 1828277732 2047647210 694213653 297262307 1426373372 640513277 1284350930 1019682481 1722877226 1963895323 1263487712 698988690 628922689 1796313594 396385158 242262786 683651972 1620435561 458275727 288007821 380677557 518543397 395370848 1427144344 1598835974 2023568622 821503046 1577440726 681988752 1622998627 2019118278 1960399367 13220574 1202920573 1045186901 1361948203 945353249 691543344 857289374 462905230 1996590876
random_r 256 2147483647 = 0 : 858983198 551907977 847691732 382239050 2071650689 1300308782 952471769 674028192 1166597153 965395531 1806997628 38407193 574661988 791619555 1262238810 1460424152 1907266247 948517008 121939876 2008405308 566728558 1533210485 945175911 171659160 1616658230 1201081006 171957604 805434203 1035929157 1970090046 1442000728 453178312 1022517528 814885247 654485716 226927390 1297336595 190898964 674333061 1067388752 681517459 889642329 1900759564 608068909 248039806 731887953 787962182 103867928 1468312913 1101499926 460047396 1935457328 1331015088 1813164747 1018958835 1785428232 1403694712 1273735436 1526296372 1013025487 517317199 1669649372 1567385828 278885378
random_r 256 2147483648 = 0 : 1486258285 697494163 1614005767 587142167 954958182 1116272038 1786941074 369477380 1537012097 1673899858 494179438 1275428857 1490393927 868434487 1517828394 1681118460 1364281818 1024477076 1991740580 977221300 718292001 1361105699 1307067457 1252412333 535782486 1842479283 4292705 1685835751 1210736291 1707355273 929549069 1294738418 136609972 1868353468 941601893 2048914525 89953016 488348517 738676946 886477793 1554426026 2098916902 1392983113 1228225170 1382241371 1106073203 792126014 1273191235 2108050761 1939136833 1424026973 767129168 963402086 401768908 183401817 1649373120 1268260015 1193258456 691283398 178847384 872239505 1317536968 782356859 121131497
random_r 256 4294967295 = 0 : 197757835 1249402140 314213851 969381218 879125223 269097173 591929195 1043505572 556125602 491811741 153693418 1313836050 2065055915 1660054042 632583556 994058964 1124064417 1972994084 2113680456 838142961 1285020559 746832537 104759721 1424071493 4957068 896076642 176250309 343786307 99181801 1529961671 224066149 1747916730 1159127500 535755067 1596087609 128358268 1387289611 679247481 1413010007 1953866545 88459837 841075583 1146259029 1836294079 1630281177 1837961156 1580088196 1377059163 1428880026 893153111 1884074369 555102848 146933526 67450008 1202360652 1287317704 524471080 319510244 70096122 1191872872 1389556705 839702692 202259039 400016875
random_r 1000 0 = 0 : 510644794 625058908 1816371419 326864818 1257431873 415485223 1740798996 372654318 1041493518 326122507 788034265 1055996047 1954412229 569634876 1918105661 473200074 1356776679 1226378849 713302969 224314908 1080035721 1218470374 1834304601 86201844 231976358 1373092239 28155685 1546584340 218644447 1037116494 546224083 1453196647 1925824974 1631863567 1546815804 1949105538 1994176029 811025088 1932211078 1672631911 696331367 417108211 2137933508 346381380 1520492295 1077003976 2010690659 1538292481 225894562 449263729 1201294926 1514903911 168005506 1096354453 421330820 588863207 1371387935 962519111 85624086 1003414593 166980887 81819927 343692848 854337642
random_r 1000 1 = 0 : 510644794 625058908 1816371419 326864818 1257431873 415485223 1740798996 372654318 1041493518 326122507 788034265 1055996047 1954412229 569634876 1918105661 473200074 1356776679 1226378849 713302969 224314908 1080035721 1218470374 1834304601 86201844 231976358 1373092239 28155685 1546584340 218644447 1037116494 546224083 1453196647 1925824974 1631863567 1546815804 1949105538 1994176029 811025088 1932211078 1672631911 696331367 417108211 2137933508 346381380 1520492295 1077003976 2010690659 1538292481 225894562 449263729 1201294926 1514903911 168005506 1096354453 421330820 588863207 1371387935 962519111 85624086 1003414593 166980887 81819927 343692848 854337642
random_r 1000 2 = 0 : 1310390767 1420222756 1873455693 120790236 732232760 1648581564 49536744 1445505104 634578352 2060180397 1917926803 546629001 736437355 166999364 1869943671 1990289423 1043273386 1135084345 787716228 1588940519 820251597 1133113670 1295315852 2023796189 1429409800 1663277292 124872722 1572642528 914351655 2057087290 1103776585 1642631581 1958351029 695879355 799657426 1239081733 1556930163 1947971979 1416162134 338257566 1086840883 1945089997 796041772 1084531622 1156369025 816191412 1803202 1115871567 1566254701 1482165050 1979904700 1335123417 902254397 2051880972 1774944921 636952773 2043062500 554124937 2004597707 1214717045 1747105010 1087884502 1818411825 981318944
random_r 1000 42 = 0 : 472624893 994493761 100792968 176611971 1804504504 774005879 1909052267 1814828808 1422408049 1993052319 2095605820 271820203 469517445 514570286 472395595 1373410574 209049067 1564644248 1497519265 709859346 1369250024 104172297 1169496596 695680591 836469696 1465680782 1618808432 1816383691 562941350 1864961307 966338265 882318120 1950262904 947126539 184252006 652821190 334287321 1748185402 1724267538 1795517181 415326761 23315339 1436795513 1977419416 2109820750 46066137 148692571 467136162 182627485 445351562 1145612654 2088410996 1677094340 1373936516 1547580266 1178597470 1986356738 1734202882 459732666 1019567528 1437089320 2126140833 655498337 1128123231
random_r 1000 12345 = 0 : 1533685646 659883909 74987985 1740823935 4262707 478585849 885857313 1913670651 1212147926 1530184248 1115096462 980888830 1597059311 1401951981 546177705 247517750 1245705079 1262437112 1578086608 1591441041 723830813 1424587499 1813840890 1828277732 2047647210 694213653 297262307 1426373372 640513277 1284350930 1019682481 1722877226 1963895323 1263487712 698988690 628922689 1796313594 396385158 242262786 683651972 1620435561 458275727 288007821 380677557 518543397 395370848 1427144344 1598835974 2023568622 821503046 1577440726 681988752 1622998627 2019118278 1960399367 13220574 1202920573 1045186901 1361948203 945353249 691543344 857289374 462905230 1996590876
random_r 1000 2147483647 = 0 : 858983198 551907977 847691732 382239050 2071650689 1300308782 952471769 674028192 1166597153 965395531 1806997628 38407193 574661988 791619555 1262238810 1460424152 1907266247 948517008 121939876 2008405308 566728558 1533210485 945175911 171659160 1616658230 1201081006 171957604 805434203 1035929157 1970090046 1442000728 453178312 1022517528 814885247 654485716 226927390 1297336595 190898964 674333061 1067388752 681517459 889642329 1900759564 608068909 248039806 731887953 787962182 103867928 1468312913 1101499926 460047396 1935457328 1331015088 1813164747 1018958835 1785428232 1403694712 1273735436 1526296372 1013025487 517317199 1669649372 1567385828 278885378
random_r 1000 2147483648 = 0 : 1486258285 697494163 1614005767 587142167 954958182 1116272038 1786941074 369477380 1537012097 1673899858 494179438 1275428857 1490393927 868434487 1517828394 1681118460 1364281818 1024477076 1991740580 977221300 718292001 1361105699 1307067457 1252412333 535782486 1842479283 4292705 1685835751 1210736291 1707355273 929549069 1294738418 136609972 1868353468 941601893 2048914525 89953016 488348517 738676946 886477793 1554426026 2098916902 1392983113 1228225170 1382241371 1106073203 792126014 1273191235 2108050761 1939136833 1424026973 767129168 963402086 401768908 183401817 1649373120 1268260015 1193258456 691283398 178847384 872239505 1317536968 782356859 121131497
random_r 1000 4294967295 = 0 : 197757835 1249402140 314213851 969381218 879125223 269097173 591929195 1043505572 556125602 491811741 153693418 1313836050 2065055915 1660054042 632583556 994058964 1124064417 1972994084 2113680456 838142961 1285020559 746832537 104759721 1424071493 4957068 896076642 176250309 343786307 99181801 1529961671 224066149 1747916730 1159127500 535755067 1596087609 128358268 1387289611 679247481 1413010007 1953866545 88459837 841075583 1146259029 1836294079 1630281177 1837961156 1580088196 1377059163 1428880026 893153111 1884074369 555102848 146933526 67450008 1202360652 1287317704 524471080 319510244 70096122 1191872872 1389556705 839702692 202259039 400016875
random_r-small = -1 1
drand48_r 0 = 0x1.5ddb16e28808p-3 0x1.7ff32702c6fp-1 0x1.8abd0152a23p-4 0x1.bdad9e44c5e4p-1 0x1.279453431a2ap-1 0x1.925447cbdff8p-1 0x1.626745a72caep-1 0x1.799ddd74b458p-2 0x1.bf705aebecd2p-1 0x1.7d7d1ad0818p-1 0x1.c8c04240472cp-2 0x1.6a37b9dfd5e8p-2 0x1.770cd02e41fap-1 0x1.0a77a2e1671p-2 0x1.93c1bf5141fcp-2 0x1.8db76998c03cp-1 / 1814699139 1236495745 1536607432 178250261 978877010 236108985 1170868265 838993021 1221027898 2059579517 1863412570 350446804 591650915 559121193 1984478347 936136734 / -904258697 548110913 353070733 -254940599 109843471 662330906 1641461017 664589064 -2021497577 -528931704 1849462044 1133468611 1346878117 -987448691 461240330 -983366027
drand48_r 1 = 0x1.5509292a202p-5 0x1.d16677a98dep-2 0x1.ab6d29945446p-1 0x1.580cb8cd8bc8p-2 0x1.2187d3bd1a2ap-1 0x1.cf2f7bbffp-10 0x1.802eeec4b2b8p-3 0x1.fb1a2cfc5a2cp-1 0x1.80412905ecd2p-1 0x1.77106fc503p-2 0x1.67a35b94472cp-2 0x1.258d7d51eaf4p-1 0x1.0f7897a107e8p-3 0x1.06d36d159c4p-4 0x1.e6d64cf2a0fep-1 0x1.3a7db86b00fp-3 / 1255524954 465119445 1731949251 301663421 1335861008 452888790 14125900 1231149358 2002881121 730845666 1913581093 1275331597 843738737 1931282006 1492488573 490920543 / -161235868 51770666 476557762 -497801766 501462732 -1069779309 1275319966 -1517447511 1832146596 -2143442031 1351098865 1875974260 -1460135934 -1277556442 -967187153 -802013898
drand48_r 2 = 0x1.d32a5f6ca202p-1 0x1.45cd429b1bcp-3 0x1.2582b2fe5446p-1 0x1.9a5f1a88c5e4p-1 0x1.1b7b54371a2ap-1 0x1.bdeb9ebf7fep-3 0x1.5db031bb2caep-1 0x1.39656b3e5a2cp-1 0x1.4111f71fecd2p-1 0x1.f99354f4818p-1 0x1.068674e8472cp-2 0x1.95ff1db3eaf4p-1 0x1.10af7ba241fap-1 0x1.bc7909d4b388p-1 0x1.03cbba3ca0fep-1 0x1.0f87729cc03cp-1 / 696350768 1841226794 1927291069 425076582 1692845007 669668594 1004867182 1623305694 637250695 1549595462 1963749615 52732741 1095826560 1155959170 1000498800 45704351 / 581786961 -444569581 600044791 -740662933 893081993 1493077772 909178915 595483210 1390823473 537014938 852735686 -1676487387 27817311 -1567664193 1899352660 -620661769
drand48_r 42 = 0x1.7d32617ca202p-1 0x1.5eed22ed8dep-2 0x1.c7015c72a23p-4 0x1.b0799fb18bc8p-2 0x1.4c3b3a38d15p-4 0x1.b67f657fdff8p-1 0x1.fec54696595cp-2 0x1.ea4e4b1cb458p-2 0x1.61b22b2fecd2p-1 0x1.ab4fdfc4818p-1 0x1.da026a08472cp-2 0x1.27c02d03eaf4p-1 0x1.1164e0b241fap-1 0x1.a82e349671p-6 0x1.8a24cdcca0fep-1 0x1.33c826ecc03cp-1 / 1951703476 1050945886 1151029217 1066635706 939819411 750926182 1979812818 129689970 1846608523 2087332602 1823006867 540902425 441921220 207816822 648260692 1564409523 / 237929049 1176657019 1244558655 -1865175021 -622016751 928145908 -851561237 -786633870 917767737 381111298 -1901922290 -2041032499 -583595033 -287072345 596828188 -1956511201
drand48_r 12345 = 0x1.cd79090a8808p-3 0x1.d69f29c4c6fp-1 0x1.a79c63115118p-3 0x1.731653d6c5e4p-1 0x1.76e2ce6d1a2ap-1 0x1.d01e74addff8p-1 0x1.644edbc2595cp-2 0x1.b73c2b6c5a2cp-1 0x1.a9263d6bd9a4p-2 0x1.8da7cf4a06p-3 0x1.5f0852fa2396p-1 0x1.0c7af2c1eaf4p-1 0x1.46ef1a6107e8p-3 0x1.e8d5f892b388p-1 0x1.0410548a83f8p-3 0x1.1c6545601ep-8 / 821823814 538573649 1407220111 1147810201 1309892796 618170130 1952625368 1580824522 260061901 1320286174 571048561 2030137449 912013725 533336082 1454481033 152907899 / 1957388348 2146093090 87053658 -488874606 -1483554780 -1891073781 -64218186 1457951201 158047612 1284302217 -50814839 1905495852 554562650 -364909922 1659680071 130705262
drand48_r 2147483647 = 0x1.999cf8dea202p-1 0x1.17331230c6fp-1 0x1.b74216c05446p-1 0x1.cf54e022c5e4p-1 0x1.6d069648d15p-4 0x1.1e07beceffcp-4 0x1.64c2cf9d2caep-1 0x1.fa0ec1e168bp-3 0x1.fd3f19a3d9a4p-2 0x1.3f71fdbe818p-1 0x1.4ee94762396p-5 0x1.44aa3c8deaf4p-1 0x1.aa3b7a7441fap-1 0x1.e99d353eb388p-1 0x1.59d6e4bd41fcp-2 0x1.cccf6516c03cp-1 / 1300131501 934130220 267523790 1128578924 1695634835 1093071005 1253868807 1520578509 1512916500 167087897 739502224 499303836 1413304916 260702205 1402726296 307611102 / 500202122 -1103032488 -1917899944 2135404216 1865707858 246957473 -139881580 699141991 567309194 -1061905025 200341575 -1756520686 2006408520 1450142708 -257815835 982765492
drand48_r 2147483648 = 0x1.5776c5b8a202p-1 0x1.ffcc9c0b1bcp-3 0x1.3157a02a5446p-1 0x1.7b5b3c898bc8p-2 0x1.3ca29a18d15p-4 0x1.24a88f97bffp-2 0x1.899d169cb2b8p-3 0x1.bcceeeba5a2cp-1 0x1.7ee0b5d7d9a4p-2 0x1.f5f46b4206p-3 0x1.e46021202396p-1 0x1.b51bdcefeaf4p-1 0x1.dc3340b907e8p-3 0x1.853bd170b388p-1 0x1.c9e0dfa8a0fep-1 0x1.1b6ed3318078p-2 / 740957315 162753921 462865608 1251992085 2052618834 1309850809 97126441 1912734845 147286074 985837693 789670746 1424188628 1665392739 1632863017 910736523 2009878558 / 1243224951 -1599372735 -1794412915 1892543049 -2037640177 -1485152742 -506022631 -1482894584 125986071 1618551944 -298021604 -1014015037 -800605531 1160034957 -1686243318 1164117621
drand48_r 4294967295 = 0x1.3339f1bd4404p-2 0x1.7331230c6fp-5 0x1.6e842d80a88cp-2 0x1.9ea9c0458bc8p-2 0x1.2da0d2c91a2ap-1 0x1.23c0f7d9dff8p-1 0x1.930b3e74b2b8p-3 0x1.7e83b0785a2cp-1 0x1.fe9f8cd1ecd2p-1 0x1.fb8fedf40cp-4 0x1.14ee94762396p-1 0x1.12a8f237abdp-3 0x1.5476f4e883f4p-2 0x1.d33a6a7d671p-2 0x1.aceb725ea0fep-1 0x1.999eca2d8078p-2 / 226389677 2007872044 1341265614 54837100 621893011 19329181 180126983 446836685 439174676 1240829721 1813244048 1573045660 339563092 1334444029 328984472 1381352926 / -1647281526 1044451160 229583704 -12079432 -281775790 -1900526175 2007602068 -1448341657 -1580174454 1085578623 -1947142073 390962962 -141075128 -697340940 1889667813 -1164718156
drand48_r-zeroed = 0 2116118 89401895 379337186 782977366 196130996 198207689 1046291021
seed48 = 13070 77 0 / 615467189 2006585297 1149452181 1901266615 283316162 459677298 191912546 788493683
lcong48 = 1345533597 697480457 873088798 1502499927 1649538440 2086588300 129004017 666242587 / 1005481710 1767733630 1254351145 1517101789 / 1127084414 585950151 1693504463 425350459
lcong48_r = 1143574621 1204777270 1816092524 1455733889 1074883703 1606440401 1515708818 835484476 / 0x1.92e1616070cp-4 0x1.6944a46a2622p-1 0x1.3d6f9ed4482cp-1 0x1.af2d6dd1d0d8p-3 1290176789 1872696159 614370623 1132695734 -149457778 -282308118 155974787 1976155231
seed48_r = 13070 1000 0 / 386486647 2049879217 706208537 1265096744 1586830881 1884641178 1566935266 1256810805
layout struct_random_data 48 fptr=0,rptr=8,state=16,rand_type=24,rand_deg=28,rand_sep=32,end_ptr=40
layout struct_drand48_data 24 __x=0,__old_x=6,__c=12,__init=14,__a=16
