# Every case of regex_oracle.txt where glibc 2.39's answer is not the standard's, as
# posix/tools/oracle/regex_model.py computes it and posix/src/regex.rs answers:
# <oracle line> <subject> <glibc's answer> <the model's>. Generated by
# posix/tools/oracle/regex_harness.py; do not edit.
40 4 021201 0212__
40 8 032312 0323__
40 10 032301 0323__
40 12 032312 0323__
40 16 043423 0434__
40 18 043412 0434__
40 20 043423 0434__
40 22 043401 0434__
40 24 043423 0434__
40 26 043412 0434__
40 28 043423 0434__
41 5 021201 0212__
41 9 032312 0323__
41 11 032301 0323__
41 13 032312 0323__
41 17 043423 0434__
41 19 043412 0434__
41 21 043423 0434__
41 23 043401 0434__
41 25 043423 0434__
41 27 043412 0434__
41 29 043423 0434__
43 9 032312 0323__
43 17 043423 0434__
43 19 043412 0434__
43 25 143423 1434__
50 1 0101 0111
50 4 0101 0111
50 9 0101 0111
50 10 0101 0111
50 19 0101 0111
50 20 0101 0111
50 21 0101 0111
50 22 0101 0111
94 8 032312 0323__
94 16 043423 0434__
94 18 043412 0434__
94 20 043423 0434__
94 24 143423 1434__
95 9 032312 0323__
95 17 043423 0434__
95 19 043412 0434__
95 21 043423 0434__
95 25 143423 1434__
97 17 043423 0434__
104 3 0212 0222
104 8 0212 0222
104 11 1323 1333
104 17 0212 0222
104 18 0212 0222
104 24 1323 1333
104 27 2434 2444
148 12 032312 0323__
148 20 143423 1434__
148 24 043423 0434__
148 26 043412 0434__
148 28 043423 0434__
149 13 032312 0323__
149 21 143423 1434__
149 25 043423 0434__
149 27 043412 0434__
149 29 043423 0434__
151 25 043423 0434__
158 5 0212 0222
158 9 1323 1333
158 12 0212 0222
158 17 2434 2444
158 20 1323 1333
158 25 0212 0222
158 26 0212 0222
202 8 032312 0323__
202 12 032312 0323__
202 16 043423 0434__
202 18 043412 0434__
202 20 043423 0434__
202 24 043423 0434__
202 26 043412 0434__
202 28 043423 0434__
203 9 032312 0323__
203 13 032312 0323__
203 17 043423 0434__
203 19 043412 0434__
203 21 043423 0434__
203 25 043423 0434__
203 27 043412 0434__
203 29 043423 0434__
205 17 043423 0434__
205 25 043423 0434__
212 3 0212 0222
212 5 0212 0222
212 8 0212 0222
212 12 0212 0222
212 17 0212 0222
212 18 0212 0222
212 25 0212 0222
212 26 0212 0222
256 12 032312 0323__
256 20 043423 0434__
256 24 043423 0434__
256 26 043412 0434__
256 28 043423 0434__
257 5 021201 0212__
257 9 032312 0323__
257 11 032301 0323__
257 13 032312 0323__
257 17 043423 0434__
257 19 043412 0434__
257 21 043423 0434__
257 23 043401 0434__
257 25 043423 0434__
257 27 043412 0434__
257 29 043423 0434__
259 9 032312 0323__
259 17 043423 0434__
259 19 043412 0434__
259 25 143423 1434__
273 5 22 11
310 20 043423 0434__
311 9 032312 0323__
311 17 043423 0434__
311 19 043412 0434__
311 21 043423 0434__
311 25 143423 1434__
313 17 043423 0434__
364 8 032312 0323__
364 12 032312 0323__
364 16 043423 0434__
364 18 043412 0434__
364 20 043423 0434__
364 24 043423 0434__
364 26 043412 0434__
364 28 043423 0434__
365 5 021201 0212__
365 9 032312 0323__
365 11 032301 0323__
365 13 032312 0323__
365 17 043423 0434__
365 19 043412 0434__
365 21 043423 0434__
365 23 043401 0434__
365 25 043423 0434__
365 27 043412 0434__
365 29 043423 0434__
367 9 032312 0323__
367 17 043423 0434__
367 19 043412 0434__
367 25 143423 1434__
374 3 0212 0222
374 8 0212 0222
374 17 0212 0222
374 18 0212 0222
418 4 021201 0212__
418 8 032312 0323__
418 10 032301 0323__
418 12 032312 0323__
418 16 043423 0434__
418 18 043412 0434__
418 20 043423 0434__
418 22 043401 0434__
418 24 043423 0434__
418 26 043412 0434__
418 28 043423 0434__
419 9 032312 0323__
419 17 043423 0434__
419 19 043412 0434__
419 21 043423 0434__
419 25 043423 0434__
421 9 032312 0323__
421 17 043423 0434__
421 19 043412 0434__
421 25 043423 0434__
428 1 0101 0111
428 4 0101 0111
428 5 0212 0222
428 9 0101 0111
428 10 0101 0111
428 12 0212 0222
428 13 0323 0333
428 19 0101 0111
428 20 0101 0111
428 21 0101 0111
428 22 0101 0111
428 25 0212 0222
428 26 0212 0222
428 28 0323 0333
428 29 0434 0444
435 4 22 11
526 8 03012312 030123__
526 16 04013423 040134__
526 18 04013412 040134__
526 20 04013423 040134__
526 24 14123423 141234__
527 9 03012312 030123__
527 17 04013423 040134__
527 19 04013412 040134__
527 21 04013423 040134__
527 25 14123423 141234__
529 17 04013423 040134__
536 3 020112 020122
536 8 020112 020122
536 11 131223 131233
536 17 020112 020122
536 18 020112 020122
536 24 131223 131233
536 27 242334 242344
580 12 03012312 030123__
580 20 14123423 141234__
580 24 04013423 040134__
580 26 04013412 040134__
580 28 04013423 040134__
581 13 03012312 030123__
581 21 14123423 141234__
581 25 04013423 040134__
581 27 04013412 040134__
581 29 04013423 040134__
583 25 04013423 040134__
590 5 020112 020122
590 9 131223 131233
590 12 020112 020122
590 17 242334 242344
590 20 131223 131233
590 25 020112 020122
590 26 020112 020122
634 12 03002312 030023__
634 20 04013423 040134__
634 24 04003423 040034__
634 26 04003412 040034__
634 28 04003423 040034__
635 5 02001201 020012__
635 9 03012312 030123__
635 11 03002301 030023__
635 13 03002312 030023__
635 17 04023423 040234__
635 19 04013412 040134__
635 21 04013423 040134__
635 23 04003401 040034__
635 25 04003423 040034__
635 27 04003412 040034__
635 29 04003423 040034__
637 9 03002312 030023__
637 17 04013423 040134__
637 19 04003412 040034__
637 25 14113423 141134__
688 20 04013423 040134__
689 9 03012312 030123__
689 17 04023423 040234__
689 19 04013412 040134__
689 21 04013423 040134__
689 25 14123423 141234__
691 17 04013423 040134__
742 8 03012312 030123__
742 12 03002312 030023__
742 16 04013423 040134__
742 18 04013412 040134__
742 20 04013423 040134__
742 24 04003423 040034__
742 26 04003412 040034__
742 28 04003423 040034__
743 5 02001201 020012__
743 9 03012312 030123__
743 11 03002301 030023__
743 13 03002312 030023__
743 17 04013423 040134__
743 19 04013412 040134__
743 21 04013423 040134__
743 23 04003401 040034__
743 25 04003423 040034__
743 27 04003412 040034__
743 29 04003423 040034__
745 9 03002312 030023__
745 17 04013423 040134__
745 19 04003412 040034__
745 25 14113423 141134__
752 3 020112 020122
752 8 020112 020122
752 17 020112 020122
752 18 020112 020122
796 8 03012312 030123__
796 12 03012312 030123__
796 16 04013423 040134__
796 18 04013412 040134__
796 20 04013423 040134__
796 24 04013423 040134__
796 26 04013412 040134__
796 28 04013423 040134__
797 9 03012312 030123__
797 13 03012312 030123__
797 17 04013423 040134__
797 19 04013412 040134__
797 21 04013423 040134__
797 25 04013423 040134__
797 27 04013412 040134__
797 29 04013423 040134__
799 17 04013423 040134__
799 25 04013423 040134__
806 3 020112 020122
806 5 020112 020122
806 8 020112 020122
806 12 020112 020122
806 17 020112 020122
806 18 020112 020122
806 25 020112 020122
806 26 020112 020122
904 8 03012312 030123__
904 12 03012312 030123__
904 16 04013423 040134__
904 18 04013412 040134__
904 20 04013423 040134__
904 24 04013423 040134__
904 26 04013412 040134__
904 28 04013423 040134__
905 9 03012312 030123__
905 13 03012312 030123__
905 17 04013423 040134__
905 19 04013412 040134__
905 21 04013423 040134__
905 25 04013423 040134__
905 27 04013412 040134__
905 29 04013423 040134__
907 17 04013423 040134__
907 25 04013423 040134__
914 3 020112 020122
914 5 020112 020122
914 8 020112 020122
914 12 020112 020122
914 17 020112 020122
914 18 020112 020122
914 25 020112 020122
914 26 020112 020122
931 4 0201 0202
931 9 0201 0202
931 10 0301 0302
931 12 1312 1313
931 19 0201 0202
931 20 0201 0202
931 21 0301 0302
931 22 0401 0402
931 25 1312 1313
931 26 1412 1413
931 28 2423 2424
932 4 0201 0202
932 9 0301 0302
932 10 0301 0302
932 12 1312 1313
932 19 0401 0402
932 20 0401 0402
932 21 0401 0402
932 22 0401 0402
932 25 1412 1413
932 26 1412 1413
932 28 2423 2424
939 4 020112 020222
939 9 030113 030223
939 10 030113 030223
939 12 131223 131333
939 19 040114 040224
939 20 040114 040224
939 21 040114 040224
939 22 040114 040224
939 25 141224 141334
939 26 141224 141334
939 28 242334 242444
943 4 020112 020222
943 12 131223 131333
943 28 242334 242444
944 4 020112 020222
944 10 030113 030223
944 12 131223 131333
944 21 030113 030223
944 22 040114 040224
944 26 141224 141334
944 28 242334 242444
951 4 020112 0202__
951 9 030123 030223
951 10 030123 030223
951 12 131223 1313__
951 19 040134 040234
951 20 040134 040234
951 21 040134 040234
951 22 040134 040234
951 25 141234 141334
951 26 141234 141334
951 28 242334 2424__
955 9 030123 030223
955 10 030123 030223
955 19 040134 040234
955 20 040134 040234
955 21 040134 040234
955 22 040134 040234
955 25 141234 141334
955 26 141234 141334
956 4 020112 020222
956 9 030123 030223
956 10 030123 030223
956 12 131223 131333
956 19 040124 040224
956 20 040134 040234
956 21 040134 040234
956 22 040134 040234
956 25 141234 141334
956 26 141234 141334
956 28 242334 242444
958 4 020112__ 0202____
958 8 03012312 030123__
958 9 03012323 03022323
958 10 030123__ 030223__
958 12 131223__ 1313____
958 16 04013423 040134__
958 18 04013412 040134__
958 19 04013434 04023434
958 20 04013423 040234__
958 21 04013434 04023434
958 22 040134__ 040234__
958 24 14123423 141234__
958 25 14123434 14133434
958 26 141234__ 141334__
958 28 242334__ 2424____
959 4 02011212 0202____
959 9 03012312 030223__
959 10 03012323 03022323
959 12 13122323 1313____
959 17 04013423 040134__
959 19 04013412 040234__
959 20 04013434 04023434
959 21 04013423 040234__
959 22 04013434 04023434
959 25 14123423 141334__
959 26 14123434 14133434
959 28 24233434 2424____
960 4 02011211 0202____
960 9 02011211 0202____
960 10 03012322 03022322
960 12 13122322 1313____
960 19 02011211 0202____
960 20 04012423 04022423
960 21 03012322 03022322
960 22 04013433 04023433
960 25 13122322 1313____
960 26 14123433 14133433
960 28 24233433 2424____
961 17 04013423 040134__
967 9 030123 030223
967 10 030123 030223
967 25 141234 141334
967 26 141234 141334
968 3 020112 020122
968 8 020112 020122
968 9 030223 030233
968 11 131223 131233
968 17 020112 020122
968 18 020112 020122
968 20 030223 030233
968 24 131223 131233
968 25 141334 141344
968 27 242334 242344
1012 8 03012312 030123__
1012 16 04013423 040134__
1012 18 04013412 040134__
1012 20 04023423 040234__
1012 24 14123423 141234__
1013 17 04013423 040134__
1013 21 04023423 040234__
1015 17 04013423 040134__
1022 3 020112 020122
1022 8 020112 020122
1022 9 030223 030233
1022 11 131223 131233
1022 17 020112 020122
1022 18 020112 020122
1022 20 030223 030233
1022 24 131223 131233
1022 25 141334 141344
1022 27 242334 242344
1039 2 0100 0101
1039 5 0100 0101
1039 6 0200 0201
1039 11 0100 0101
1039 12 0100 0101
1039 13 0200 0201
1039 14 0300 0301
1039 23 0100 0101
1039 24 0100 0101
1039 25 0100 0101
1039 26 0100 0101
1039 27 0200 0201
1039 28 0200 0201
1039 29 0300 0301
1039 30 0400 0401
1040 2 0100 0101
1040 5 0200 0201
1040 6 0200 0201
1040 11 0300 0301
1040 12 0300 0301
1040 13 0300 0301
1040 14 0300 0301
1040 23 0400 0401
1040 24 0400 0401
1040 25 0400 0401
1040 26 0400 0401
1040 27 0400 0401
1040 28 0400 0401
1040 29 0400 0401
1040 30 0400 0401
1047 2 010001 010111
1047 5 020002 020112
1047 6 020002 020112
1047 11 030003 030113
1047 12 030003 030113
1047 13 030003 030113
1047 14 030003 030113
1047 23 040004 040114
1047 24 040004 040114
1047 25 040004 040114
1047 26 040004 040114
1047 27 040004 040114
1047 28 040004 040114
1047 29 040004 040114
1047 30 040004 040114
1051 2 010001 010111
1052 2 010001 010111
1052 6 020002 020112
1052 13 020002 020112
1052 14 030003 030113
1052 27 020002 020112
1052 28 020002 020112
1052 29 030003 030113
1052 30 040004 040114
1059 2 010001 0101__
1059 5 020012 020112
1059 6 020012 020112
1059 11 030023 030123
1059 12 030023 030123
1059 13 030023 030123
1059 14 030023 030123
1059 23 040034 040134
1059 24 040034 040134
1059 25 040034 040134
1059 26 040034 040134
1059 27 040034 040134
1059 28 040034 040134
1059 29 040034 040134
1059 30 040034 040134
1063 5 020012 020112
1063 6 020012 020112
1063 11 030023 030123
1063 12 030023 030123
1063 13 030023 030123
1063 14 030023 030123
1063 23 040034 040134
1063 24 040034 040134
1063 25 040034 040134
1063 26 040034 040134
1063 27 040034 040134
1063 28 040034 040134
1063 29 040034 040134
1063 30 040034 040134
1064 2 010001 010111
1064 5 020012 020112
1064 6 020012 020112
1064 11 030013 030113
1064 12 030023 030123
1064 13 030023 030123
1064 14 030023 030123
1064 23 040014 040114
1064 24 040034 040134
1064 25 040034 040134
1064 26 040034 040134
1064 27 040024 040124
1064 28 040034 040134
1064 29 040034 040134
1064 30 040034 040134
1066 2 010001__ 0101____
1066 5 02001212 02011212
1066 6 020012__ 020112__
1066 11 03002323 03012323
1066 12 03002312 030123__
1066 13 03002323 03012323
1066 14 030023__ 030123__
1066 20 04013423 040134__
1066 23 04003434 04013434
1066 24 04003423 040134__
1066 25 04003434 04013434
1066 26 04003412 040134__
1066 27 04003434 04013434
1066 28 04003423 040134__
1066 29 04003434 04013434
1066 30 040034__ 040134__
1067 2 01000101 0101____
1067 5 02001201 020112__
1067 6 02001212 02011212
1067 9 03012312 030123__
1067 11 03002301 030123__
1067 12 03002323 03012323
1067 13 03002312 030123__
1067 14 03002323 03012323
1067 17 04023423 040234__
1067 19 04013412 040134__
1067 21 04013423 040134__
1067 23 04003401 040134__
1067 24 04003434 04013434
1067 25 04003423 040134__
1067 26 04003434 04013434
1067 27 04003412 040134__
1067 28 04003434 04013434
1067 29 04003423 040134__
1067 30 04003434 04013434
1068 2 01000100 0101____
1068 5 01000100 0101____
1068 6 02001211 02011211
1068 11 01000100 0101____
1068 12 03001312 03011312
1068 13 02001211 02011211
1068 14 03002322 03012322
1068 23 01000100 0101____
1068 24 04001413 04011413
1068 25 03001312 03011312
1068 26 04003433 04013433
1068 27 02001211 02011211
1068 28 04002423 04012423
1068 29 03002322 03012322
1068 30 04003433 04013433
1069 9 03002312 030023__
1069 17 04013423 040134__
1069 19 04003412 040034__
1069 25 04013423 040134__
1075 5 020012 020112
1075 6 020012 020112
1076 5 020112 020122
1076 12 020112 020122
1076 25 020112 020122
1076 26 020112 020122
1120 8 03012312 030123__
1120 12 03012312 030123__
1120 16 04013423 040134__
1120 18 04013412 040134__
1120 20 04013423 040134__
1120 24 04013423 040134__
1120 26 04013412 040134__
1120 28 04023423 040234__
1121 9 03012312 030123__
1121 17 04013423 040134__
1121 19 04013412 040134__
1121 21 04013423 040134__
1121 25 04013423 040134__
1123 9 03002312 030023__
1123 17 04013423 040134__
1123 19 04003412 040034__
1123 25 04013423 040134__
1130 3 020112 020122
1130 5 020112 020122
1130 8 020112 020122
1130 12 020112 020122
1130 13 030223 030233
1130 17 020112 020122
1130 18 020112 020122
1130 25 020112 020122
1130 26 020112 020122
1130 28 030223 030233
1130 29 040334 040344
1174 8 03012312 030123__
1174 12 03002312 030023__
1174 16 04013423 040134__
1174 18 04013412 040134__
1174 20 04013423 040134__
1174 24 04003423 040034__
1174 26 04003412 040034__
1174 28 04003423 040034__
1175 5 02001201 020012__
1175 9 03012312 030123__
1175 11 03002301 030023__
1175 13 03002312 030023__
1175 17 04013423 040134__
1175 19 04013412 040134__
1175 21 04013423 040134__
1175 23 04003401 040034__
1175 25 04003423 040034__
1175 27 04003412 040034__
1175 29 04003423 040034__
1177 9 03002312 030023__
1177 17 04013423 040134__
1177 19 04003412 040034__
1177 25 14113423 141134__
1184 3 020112 020122
1184 8 020112 020122
1184 17 020112 020122
1184 18 020112 020122
1228 8 03012312 030123__
1228 12 03002312 030023__
1228 16 04013423 040134__
1228 18 04013412 040134__
1228 20 04013423 040134__
1228 24 04003423 040034__
1228 26 04003412 040034__
1228 28 04003423 040034__
1229 5 02001201 020012__
1229 9 03012312 030123__
1229 11 03002301 030023__
1229 13 03002312 030023__
1229 17 04013423 040134__
1229 19 04013412 040134__
1229 21 04013423 040134__
1229 23 04003401 040034__
1229 25 04003423 040034__
1229 27 04003412 040034__
1229 29 04003423 040034__
1231 9 03002312 030023__
1231 17 04013423 040134__
1231 19 04003412 040034__
1231 25 14113423 141134__
1238 3 020112 020122
1238 8 020112 020122
1238 17 020112 020122
1238 18 020112 020122
1282 4 02001201 020012__
1282 8 03002312 030023__
1282 10 03002301 030023__
1282 12 03002312 030023__
1282 16 04003423 040034__
1282 18 04003412 040034__
1282 20 04003423 040034__
1282 22 04003401 040034__
1282 24 04003423 040034__
1282 26 04003412 040034__
1282 28 04003423 040034__
1283 5 02001201 020012__
1283 9 03002312 030023__
1283 11 03002301 030023__
1283 13 03002312 030023__
1283 17 04003423 040034__
1283 19 04003412 040034__
1283 21 04003423 040034__
1283 23 04003401 040034__
1283 25 04003423 040034__
1283 27 04003412 040034__
1283 29 04003423 040034__
1285 9 03002312 030023__
1285 17 04003423 040034__
1285 19 04003412 040034__
1285 25 14113423 141134__
1292 1 010001 010011
1292 4 010001 010011
1292 9 010001 010011
1292 10 010001 010011
1292 19 010001 010011
1292 20 010001 010011
1292 21 010001 010011
1292 22 010001 010011
1336 12 03__2312 03__23__
1336 20 04013423 040134__
1336 24 04__3423 04__34__
1336 26 04__3412 04__34__
1336 28 04__3423 04__34__
1337 5 02__1201 02__12__
1337 9 03012312 030123__
1337 11 03__2301 03__23__
1337 13 03__2312 03__23__
1337 17 04123423 041234__
1337 19 04013412 040134__
1337 21 04013423 040134__
1337 23 04__3401 04__34__
1337 25 04__3423 04__34__
1337 27 04__3412 04__34__
1337 29 04__3423 04__34__
1339 9 03__2312 03__23__
1339 17 04013423 040134__
1339 19 04__3412 04__34__
1339 25 14__3423 14__34__
1390 12 03002312 030023__
1390 20 04013423 040134__
1390 24 04003423 040034__
1390 26 04003412 040034__
1390 28 04003423 040034__
1391 5 02001201 020012__
1391 9 03012312 030123__
1391 11 03002301 030023__
1391 13 03002312 030023__
1391 17 04023423 040234__
1391 19 04013412 040134__
1391 21 04013423 040134__
1391 23 04003401 040034__
1391 25 04003423 040034__
1391 27 04003412 040034__
1391 29 04003423 040034__
1393 9 03002312 030023__
1393 17 04013423 040134__
1393 19 04003412 040034__
1393 25 14113423 141134__
1405 1 0100 0000
1405 4 0100 0000
1405 7 030-1 0312
1405 9 0100 0000
1405 10 0100 0000
1405 15 0402 0423
1405 16 030-1 0312
1405 19 0100 0000
1405 20 0100 0000
1405 21 0100 0000
1405 22 0100 0000
1407 5 2222 1111
1444 12 03__2312 03__23__
1444 20 04013423 040134__
1444 24 04__3423 04__34__
1444 26 04__3412 04__34__
1444 28 04__3423 04__34__
1445 5 02__1201 02__12__
1445 9 03012312 030123__
1445 11 03__2301 03__23__
1445 13 03__2312 03__23__
1445 17 04023423 040234__
1445 19 04013412 040134__
1445 21 04013423 040134__
1445 23 04__3401 04__34__
1445 25 04__3423 04__34__
1445 27 04__3412 04__34__
1445 29 04__3423 04__34__
1447 9 03__2312 03__23__
1447 17 04013423 040134__
1447 19 04__3412 04__34__
1447 25 14__3423 14__34__
1525 4 0201 0202
1525 8 0312 0313
1525 10 0301 0302
1525 16 0423 0424
1525 18 0412 0413
1525 20 0423 0424
1525 21 0301 0302
1525 22 0401 0402
1526 4 0201 0202
1526 8 0312 0313
1526 9 0301 0323
1526 10 0301 0302
1526 16 0423 0424
1526 17 0412 0434
1526 18 0412 0413
1526 19 0401 0434
1526 20 0401 0424
1526 21 0401 0402
1526 22 0401 0402
1533 4 020112 020222
1533 8 031223 031333
1533 9 030113 032333
1533 10 030113 030223
1533 16 042334 042444
1533 17 041224 043444
1533 18 041224 041334
1533 19 040114 043444
1533 20 040114 042444
1533 21 040114 040224
1533 22 040114 040224
1537 4 020112 020222
1537 8 031223 031333
1537 16 042334 042444
1537 20 042334 042444
1538 4 020112 020222
1538 8 031223 031333
1538 10 030113 030223
1538 16 042334 042444
1538 18 041224 041334
1538 20 042334 042444
1538 21 030113 030223
1538 22 040114 040224
1545 4 020112 0202__
1545 8 031223 0313__
1545 9 030123 0323__
1545 10 030123 030223
1545 16 042334 0424__
1545 17 041234 0434__
1545 18 041234 041334
1545 19 040134 0434__
1545 20 040134 0424__
1545 21 040134 040234
1545 22 040134 040234
1549 9 030123 030223
1549 10 030123 030223
1549 17 041234 041334
1549 18 041234 041334
1549 19 040134 042334
1549 20 040134 042334
1549 21 040134 040234
1549 22 040134 040234
1550 4 020112 020222
1550 8 031223 031333
1550 9 030123 032333
1550 10 030123 030223
1550 16 042334 042444
1550 17 041234 043444
1550 18 041234 041334
1550 19 040124 043444
1550 20 040134 042444
1550 21 040134 040234
1550 22 040134 040234
1552 4 020112__ 0202____
1552 8 031223__ 0313____
1552 9 03012323 0323____
1552 10 030123__ 030223__
1552 12 03__2312 03__23__
1552 16 042334__ 0424____
1552 17 04123434 0434____
1552 18 041234__ 041334__
1552 19 04013434 0434____
1552 20 04013423 0424____
1552 21 04013434 04023434
1552 22 040134__ 040234__
1552 24 04__3423 04__34__
1552 26 04__3412 04__34__
1552 28 04__3423 04__34__
1553 4 02011212 0202____
1553 5 02__1201 02__12__
1553 8 03122323 0313____
1553 9 03012312 0323____
1553 10 03012323 03022323
1553 11 03__2301 03__23__
1553 13 03__2312 03__23__
1553 16 04233434 0424____
1553 17 04123423 0434____
1553 18 04123434 04133434
1553 19 04013412 0434____
1553 20 04013434 0424____
1553 21 04013423 040234__
1553 22 04013434 04023434
1553 23 04__3401 04__34__
1553 25 04__3423 04__34__
1553 27 04__3412 04__34__
1553 29 04__3423 04__34__
1554 4 02011211 0202____
1554 8 03122322 0313____
1554 10 03012322 03022322
1554 16 04233433 0424____
1554 18 04123433 04133433
1554 20 04012423 0424____
1554 21 03012322 03022322
1554 22 04013433 04023433
1561 9 030123 030223
1561 10 030123 030223
1561 17 041234 041334
1561 18 041234 041334
1606 12 03__2312 03__23__
1606 24 04__3423 04__34__
1606 26 04__3412 04__34__
1606 28 04__3423 04__34__
1607 5 02__1201 02__12__
1607 11 03__2301 03__23__
1607 13 03__2312 03__23__
1607 21 04023423 040234__
1607 23 04__3401 04__34__
1607 25 04__3423 04__34__
1607 27 04__3412 04__34__
1607 29 04__3423 04__34__
1660 12 03002312 030023__
1660 20 04013423 040134__
1660 24 04003423 040034__
1660 26 04003412 040034__
1660 28 04003423 040034__
1661 5 02001201 020012__
1661 9 03012312 030123__
1661 11 03002301 030023__
1661 13 03002312 030023__
1661 17 04023423 040234__
1661 19 04013412 040134__
1661 21 04013423 040134__
1661 23 04003401 040034__
1661 25 04003423 040034__
1661 27 04003412 040034__
1661 29 04003423 040034__
1663 9 03002312 030023__
1663 17 04013423 040134__
1663 19 04003412 040034__
1663 25 14113423 141134__
1675 7 0201 0312
1675 15 0402 0423
1675 16 0201 0312
1741 2 0100 0101
1741 6 0200 0212
1741 10 0312 0323
1741 14 0300 0323
1741 18 0423 0434
1741 22 0412 0434
1741 26 0423 0434
1741 30 0400 0434
1742 2 0100 0101
1742 5 0200 0212
1742 6 0200 0212
1742 10 0312 0323
1742 11 0300 0313
1742 12 0300 0323
1742 13 0300 0323
1742 14 0300 0323
1742 18 0423 0434
1742 21 0412 0434
1742 22 0412 0434
1742 23 0400 0414
1742 24 0400 0434
1742 25 0400 0434
1742 26 0400 0434
1742 27 0400 0424
1742 28 0400 0434
1742 29 0400 0434
1742 30 0400 0434
1749 2 010001 010111
1749 5 020002 021222
1749 6 020002 021222
1749 10 031223 032333
1749 11 030003 031333
1749 12 030003 032333
1749 13 030003 032333
1749 14 030003 032333
1749 18 042334 043444
1749 21 041224 043444
1749 22 041224 043444
1749 23 040004 041444
1749 24 040004 043444
1749 25 040004 043444
1749 26 040004 043444
1749 27 040004 042444
1749 28 040004 043444
1749 29 040004 043444
1749 30 040004 043444
1753 2 010001 010111
1753 6 020112 021222
1753 10 031223 032333
1753 14 031223 032333
1753 18 042334 043444
1753 22 042334 043444
1753 26 042334 043444
1753 30 042334 043444
1754 2 010001 010111
1754 6 020002 021222
1754 10 031223 032333
1754 14 030003 032333
1754 18 042334 043444
1754 22 041224 043444
1754 26 042334 043444
1754 30 040004 043444
1761 2 010001 0101__
1761 5 020012 0212__
1761 6 020012 0212__
1761 10 031223 0323__
1761 11 030023 0313__
1761 12 030023 0323__
1761 13 030023 0323__
1761 14 030023 0323__
1761 18 042334 0434__
1761 21 041234 0434__
1761 22 041234 0434__
1761 23 040034 0414__
1761 24 040034 0434__
1761 25 040034 0434__
1761 26 040034 0434__
1761 27 040034 0424__
1761 28 040034 0434__
1761 29 040034 0434__
1761 30 040034 0434__
1765 5 020012 020112
1765 6 020012 020112
1765 11 030023 031223
1765 12 030023 031223
1765 13 030023 031223
1765 14 030023 031223
1765 21 041234 042334
1765 22 041234 042334
1765 23 040034 041334
1765 24 040034 041334
1765 25 040034 042334
1765 26 040034 042334
1765 27 040034 042334
1765 28 040034 042334
1765 29 040034 042334
1765 30 040034 042334
1766 2 010001 010111
1766 5 020012 021222
1766 6 020012 021222
1766 10 031223 032333
1766 11 030013 031333
1766 12 030023 032333
1766 13 030023 032333
1766 14 030023 032333
1766 18 042334 043444
1766 21 041234 043444
1766 22 041234 043444
1766 23 040014 041444
1766 24 040034 043444
1766 25 040034 043444
1766 26 040034 043444
1766 27 040024 042444
1766 28 040034 043444
1766 29 040034 043444
1766 30 040034 043444
1768 2 010001__ 0101____
1768 5 02001212 0212____
1768 6 020012__ 0212____
1768 10 031223__ 0323____
1768 11 03002323 0313____
1768 12 03002312 0323____
1768 13 03002323 0323____
1768 14 030023__ 0323____
1768 18 042334__ 0434____
1768 21 04123434 0434____
1768 22 041234__ 0434____
1768 23 04003434 0414____
1768 24 04003423 0434____
1768 25 04003434 0434____
1768 26 04003412 0434____
1768 27 04003434 0424____
1768 28 04003423 0434____
1768 29 04003434 0434____
1768 30 040034__ 0434____
1769 2 01000101 0101____
1769 5 02001201 0212____
1769 6 02001212 0212____
1769 10 03122323 0323____
1769 11 03002301 0313____
1769 12 03002323 0323____
1769 13 03002312 0323____
1769 14 03002323 0323____
1769 18 04233434 0434____
1769 21 04123423 0434____
1769 22 04123434 0434____
1769 23 04003401 0414____
1769 24 04003434 0434____
1769 25 04003423 0434____
1769 26 04003434 0434____
1769 27 04003412 0424____
1769 28 04003434 0434____
1769 29 04003423 0434____
1769 30 04003434 0434____
1770 2 01000100 0101____
1770 6 02001211 0212____
1770 10 03122322 0323____
1770 12 03001312 0323____
1770 14 03002322 0323____
1770 18 04233433 0434____
1770 22 04123433 0434____
1770 24 04001413 0434____
1770 26 04003433 0434____
1770 28 04002423 0434____
1770 30 04003433 0434____
1777 5 020012 020112
1777 6 020012 020112
1777 13 030123 031223
1777 14 030123 031223
1777 21 041234 042334
1777 22 041234 042334
1777 29 041234 042334
1777 30 041234 042334
1783 1 0100 0000
1783 2 0100 0000
1783 4 0212 0000
1783 5 0200 0000
1783 6 0200 0201
1783 7 030-1 0312
1783 8 0323 0201
1783 9 0312 0000
1783 11 0300 0312
1783 12 0300 0000
1783 13 0300 0201
1783 14 0300 0312
1783 15 0402 0423
1783 16 0434 0312
1783 17 0423 0201
1783 20 0434 0000
1783 21 0412 0312
1783 22 0412 0423
1783 23 0400 0423
1783 24 0400 0312
1783 25 0400 0000
1783 26 0400 0423
1783 27 0400 0423
1783 28 0400 0201
1783 29 0400 0312
1783 30 0400 0423
1822 8 0301012312 03010123__
1822 12 0301__2312 0301__23__
1822 16 0401013423 04010134__
1822 18 0401013412 04010134__
1822 20 0401013423 04010134__
1822 24 0401__3423 0401__34__
1822 26 0401__3412 0401__34__
1822 28 0401__3423 0401__34__
1823 9 0301012312 03010123__
1823 13 0301__2312 0301__23__
1823 17 0401013423 04010134__
1823 19 0401013412 04010134__
1823 21 0401013423 04010134__
1823 25 0401__3423 0401__34__
1823 27 0401__3412 0401__34__
1823 29 0401__3423 0401__34__
1825 17 0401013423 04010134__
1825 25 0401__3423 0401__34__
1832 3 02010112 02010122
1832 5 0201__12 0201__22
1832 8 02010112 02010122
1832 12 0201__12 0201__22
1832 17 02010112 02010122
1832 18 02010112 02010122
1832 25 0201__12 0201__22
1832 26 0201__12 0201__22
1843 9 031201 0312__
1843 17 042312 0423__
1843 20 031201 0312__
1843 21 042301 0423__
1843 25 042312 0423__
1844 10 031201 0312__
1844 18 042312 0423__
1844 21 031201 0312__
1844 22 042301 0423__
1844 26 042312 0423__
1845 9 031201 0312__
1845 10 031201 0312__
1845 17 042312 0423__
1845 18 042312 0423__
1845 21 042301 0423__
1845 22 042301 0423__
1845 25 042312 0423__
1845 26 042312 0423__
1846 4 021201 0212__
1846 8 032312 0323__
1846 10 032301 0323__
1846 12 032312 0323__
1846 16 043423 0434__
1846 18 043412 0434__
1846 20 043423 0434__
1846 22 043401 0434__
1846 24 043423 0434__
1846 26 043412 0434__
1846 28 043423 0434__
1847 9 031201 0312__
1847 17 042312 0423__
1847 20 031201 0312__
1847 21 042301 0423__
1847 25 042312 0423__
1848 4 021201 0212__
1848 8 032312 0323__
1848 10 032301 0323__
1848 12 032312 0323__
1848 16 043423 0434__
1848 18 043412 0434__
1848 20 043423 0434__
1848 22 043401 0434__
1848 24 043423 0434__
1848 26 043412 0434__
1848 28 043423 0434__
1849 4 021201 0212__
1849 8 032312 0323__
1849 10 032301 0323__
1849 12 032312 0323__
1849 16 043423 0434__
1849 18 043412 0434__
1849 20 043423 0434__
1849 22 043401 0434__
1849 24 043423 0434__
1849 26 043412 0434__
1849 28 043423 0434__
1850 4 021201 0212__
1850 8 032312 0323__
1850 10 032301 0323__
1850 12 032312 0323__
1850 16 043423 0434__
1850 18 043412 0434__
1850 20 043423 0434__
1850 22 043401 0434__
1850 24 043423 0434__
1850 26 043412 0434__
1850 28 043423 0434__
1851 9 03120123 0312__23
1851 17 04231234 0423__34
1851 20 03120123 0312__23
1851 21 04230134 0423__34
1851 25 04231234 0423__34
1852 10 03120123 0312__23
1852 18 04231234 0423__34
1852 21 03120123 0312__23
1852 22 04230134 0423__34
1852 26 04231234 0423__34
1853 4 02120122 0212__22
1853 8 03231233 0323__33
1853 10 03230133 0323__33
1853 12 03231233 0323__33
1853 16 04342344 0434__44
1853 18 04341244 0434__44
1853 20 04342344 0434__44
1853 22 04340144 0434__44
1853 24 04342344 0434__44
1853 26 04341244 0434__44
1853 28 04342344 0434__44
1854 9 03120123 0312__23
1854 17 04231234 0423__34
1854 20 03120123 0312__23
1854 21 04230134 0423__34
1854 25 04231234 0423__34
1855 4 02120122 0212__22
1855 8 03231233 0323__33
1855 10 03230133 0323__33
1855 12 03231233 0323__33
1855 16 04342344 0434__44
1855 18 04341244 0434__44
1855 20 04342344 0434__44
1855 22 04340144 0434__44
1855 24 04342344 0434__44
1855 26 04341244 0434__44
1855 28 04342344 0434__44
1856 9 03120123 0312__23
1856 10 03120123 0312__23
1856 17 04231234 0423__34
1856 18 04231234 0423__34
1856 21 04230134 0423__34
1856 22 04230134 0423__34
1856 25 04231234 0423__34
1856 26 04231234 0423__34
1857 4 02120122 0212__22
1857 8 03231233 0323__33
1857 10 03230133 0323__33
1857 12 03231233 0323__33
1857 16 04342344 0434__44
1857 18 04341244 0434__44
1857 20 04342344 0434__44
1857 22 04340144 0434__44
1857 24 04342344 0434__44
1857 26 04341244 0434__44
1857 28 04342344 0434__44
1858 9 03120123 0312__23
1858 10 03120123 0312__23
1858 17 04231234 0423__34
1858 18 04231234 0423__34
1858 21 04230134 0423__34
1858 22 04230134 0423__34
1858 25 04231234 0423__34
1858 26 04231234 0423__34
1859 9 03120123 0312__23
1859 17 04231234 0423__34
1859 20 04120124 0412__24
1859 21 04230134 0423__34
1859 25 04231234 0423__34
1860 9 03120123 0312__23
1860 17 04231234 0423__34
1860 20 04120124 0412__24
1860 21 04230134 0423__34
1860 25 04231234 0423__34
1861 4 02120122 0212__22
1861 8 03231233 0323__33
1861 10 03230133 0323__33
1861 12 03231233 0323__33
1861 16 04342344 0434__44
1861 18 04341244 0434__44
1861 20 04342344 0434__44
1861 22 04340144 0434__44
1861 24 04342344 0434__44
1861 26 04341244 0434__44
1861 28 04342344 0434__44
1862 4 02120122 0212__22
1862 8 03231233 0323__33
1862 10 03230133 0323__33
1862 12 03231233 0323__33
1862 16 04342344 0434__44
1862 18 04341244 0434__44
1862 20 04342344 0434__44
1862 22 04340144 0434__44
1862 24 04342344 0434__44
1862 26 04341244 0434__44
1862 28 04342344 0434__44
1863 4 02120122 0212__22
1863 8 03231233 0323__33
1863 10 03230133 0323__33
1863 12 03231233 0323__33
1863 16 04342344 0434__44
1863 18 04341244 0434__44
1863 20 04342344 0434__44
1863 22 04340144 0434__44
1863 24 04342344 0434__44
1863 26 04341244 0434__44
1863 28 04342344 0434__44
1864 4 02120122 0212__22
1864 8 03231233 0323__33
1864 10 03230133 0323__33
1864 12 03231233 0323__33
1864 16 04342344 0434__44
1864 18 04341244 0434__44
1864 20 04342344 0434__44
1864 22 04340144 0434__44
1864 24 04342344 0434__44
1864 26 04341244 0434__44
1864 28 04342344 0434__44
1865 4 02120122 0212__22
1865 8 03231233 0323__33
1865 10 03230133 0323__33
1865 12 03231233 0323__33
1865 16 04342344 0434__44
1865 18 04341244 0434__44
1865 20 04342344 0434__44
1865 22 04340144 0434__44
1865 24 04342344 0434__44
1865 26 04341244 0434__44
1865 28 04342344 0434__44
1866 4 021201__ 0212____
1866 8 032312__ 0323____
1866 10 032301__ 0323____
1866 12 032312__ 0323____
1866 16 043423__ 0434____
1866 18 043412__ 0434____
1866 20 043423__ 0434____
1866 22 043401__ 0434____
1866 24 043423__ 0434____
1866 26 043412__ 0434____
1866 28 043423__ 0434____
1867 4 02120122 0212__22
1867 8 03231233 0323__33
1867 10 03230133 0323__33
1867 12 03231233 0323__33
1867 16 04342344 0434__44
1867 18 04341244 0434__44
1867 20 04342344 0434__44
1867 22 04340144 0434__44
1867 24 04342344 0434__44
1867 26 04341244 0434__44
1867 28 04342344 0434__44
1868 4 021201__ 0212____
1868 8 032312__ 0323____
1868 10 032301__ 0323____
1868 12 032312__ 0323____
1868 16 043423__ 0434____
1868 18 043412__ 0434____
1868 20 043423__ 0434____
1868 22 043401__ 0434____
1868 24 043423__ 0434____
1868 26 043412__ 0434____
1868 28 043423__ 0434____
1869 4 021201__ 0212____
1869 8 032312__ 0323____
1869 10 032301__ 0323____
1869 12 032312__ 0323____
1869 16 043423__ 0434____
1869 18 043412__ 0434____
1869 20 043423__ 0434____
1869 22 043401__ 0434____
1869 24 043423__ 0434____
1869 26 043412__ 0434____
1869 28 043423__ 0434____
1870 4 021201__ 0212____
1870 8 032312__ 0323____
1870 10 032301__ 0323____
1870 12 032312__ 0323____
1870 16 043423__ 0434____
1870 18 043412__ 0434____
1870 20 043423__ 0434____
1870 22 043401__ 0434____
1870 24 043423__ 0434____
1870 26 043412__ 0434____
1870 28 043423__ 0434____
1871 4 021201__ 0212____
1871 8 032312__ 0323____
1871 10 032301__ 0323____
1871 12 032312__ 0323____
1871 16 043423__ 0434____
1871 18 043412__ 0434____
1871 20 043423__ 0434____
1871 22 043401__ 0434____
1871 24 043423__ 0434____
1871 26 043412__ 0434____
1871 28 043423__ 0434____
1872 4 02120122 0212__22
1872 8 03231233 0323__33
1872 10 03230133 0323__33
1872 12 03231233 0323__33
1872 16 04342344 0434__44
1872 18 04341244 0434__44
1872 20 04342344 0434__44
1872 22 04340144 0434__44
1872 24 04342344 0434__44
1872 26 04341244 0434__44
1872 28 04342344 0434__44
1873 9 03120123 0312__23
1873 10 03120123 0312__23
1873 17 04231234 0423__34
1873 18 04231234 0423__34
1873 21 04230134 0423__34
1873 22 04230134 0423__34
1873 25 04231234 0423__34
1873 26 04231234 0423__34
1874 4 02120122 0212__22
1874 8 03231233 0323__33
1874 10 03230133 0323__33
1874 12 03231233 0323__33
1874 16 04342344 0434__44
1874 18 04341244 0434__44
1874 20 04342344 0434__44
1874 22 04340144 0434__44
1874 24 04342344 0434__44
1874 26 04341244 0434__44
1874 28 04342344 0434__44
1875 9 0312012323 0312__2323
1875 10 03120123__ 0312__23__
1875 17 0423123434 0423__3434
1875 18 04231234__ 0423__34__
1875 21 0423013434 0423__3434
1875 22 04230134__ 0423__34__
1875 25 0423123434 0423__3434
1875 26 04231234__ 0423__34__
1876 4 021201____ 0212______
1876 8 032312____ 0323______
1876 10 032301____ 0323______
1876 12 032312____ 0323______
1876 16 043423____ 0434______
1876 18 043412____ 0434______
1876 20 043423____ 0434______
1876 22 043401____ 0434______
1876 24 043423____ 0434______
1876 26 043412____ 0434______
1876 28 043423____ 0434______
1877 4 021201____ 0212______
1877 8 032312____ 0323______
1877 10 032301____ 0323______
1877 12 032312____ 0323______
1877 16 043423____ 0434______
1877 18 043412____ 0434______
1877 20 043423____ 0434______
1877 22 043401____ 0434______
1877 24 043423____ 0434______
1877 26 043412____ 0434______
1877 28 043423____ 0434______
1878 4 021201____ 0212______
1878 8 032312____ 0323______
1878 10 032301____ 0323______
1878 12 032312____ 0323______
1878 16 043423____ 0434______
1878 18 043412____ 0434______
1878 20 043423____ 0434______
1878 22 043401____ 0434______
1878 24 043423____ 0434______
1878 26 043412____ 0434______
1878 28 043423____ 0434______
1879 9 03120123__ 0312__23__
1879 17 04231234__ 0423__34__
1879 20 0412012434 0412__2434
1879 21 04230134__ 0423__34__
1879 25 04231234__ 0423__34__
1880 19 041201 0412__
1881 9 031201 0312__
1881 17 042312 0423__
1881 20 031201 0312__
1881 21 042301 0423__
1881 25 042312 0423__
1882 19 04120134 0412__34
1883 4 021201__ 0212____
1883 8 032312__ 0323____
1883 10 032301__ 0323____
1883 12 032312__ 0323____
1883 16 043423__ 0434____
1883 18 043412__ 0434____
1883 20 043423__ 0434____
1883 22 043401__ 0434____
1883 24 043423__ 0434____
1883 26 043412__ 0434____
1883 28 043423__ 0434____
1884 4 02120122 0212__22
1884 8 03231233 0323__33
1884 10 03230133 0323__33
1884 12 03231233 0323__33
1884 16 04342344 0434__44
1884 18 04341244 0434__44
1884 20 04342344 0434__44
1884 22 04340144 0434__44
1884 24 04342344 0434__44
1884 26 04341244 0434__44
1884 28 04342344 0434__44
1885 9 03120123 0312__23
1885 10 03120123 0312__23
1885 17 04231234 0423__34
1885 18 04231234 0423__34
1885 21 04230134 0423__34
1885 22 04230134 0423__34
1885 25 04231234 0423__34
1885 26 04231234 0423__34
1886 4 02120122 0212__22
1886 8 03231233 0323__33
1886 10 03230133 0323__33
1886 12 03231233 0323__33
1886 16 04342344 0434__44
1886 18 04341244 0434__44
1886 20 04342344 0434__44
1886 22 04340144 0434__44
1886 24 04342344 0434__44
1886 26 04341244 0434__44
1886 28 04342344 0434__44
1887 9 031201 0312__
1887 10 031201 0312__
1887 17 042312 0423__
1887 18 042312 0423__
1887 21 042301 0423__
1887 22 042301 0423__
1887 25 042312 0423__
1887 26 042312 0423__
1888 10 031201 0312__
1888 18 042312 0423__
1888 21 031201 0312__
1888 22 042301 0423__
1888 26 042312 0423__
1890 4 021201 0212__
1890 8 032312 0323__
1890 10 032301 0323__
1890 12 032312 0323__
1890 16 043423 0434__
1890 18 043412 0434__
1890 20 043423 0434__
1890 22 043401 0434__
1890 24 043423 0434__
1890 26 043412 0434__
1890 28 043423 0434__
1891 10 031201 0312__
1891 18 042312 0423__
1891 21 031201 0312__
1891 22 042301 0423__
1891 26 042312 0423__
1892 4 021201 0212__
1892 8 032312 0323__
1892 10 032301 0323__
1892 12 032312 0323__
1892 16 043423 0434__
1892 18 043412 0434__
1892 20 043423 0434__
1892 22 043401 0434__
1892 24 043423 0434__
1892 26 043412 0434__
1892 28 043423 0434__
1893 9 021201 0212__
1893 10 021201 0212__
1893 17 032312 0323__
1893 18 032312 0323__
1893 21 032301 0323__
1893 22 032301 0323__
1893 25 032312 0323__
1893 26 032312 0323__
1895 4 021201 0212__
1895 8 032312 0323__
1895 10 032301 0323__
1895 12 032312 0323__
1895 16 043423 0434__
1895 18 043412 0434__
1895 20 043423 0434__
1895 22 043401 0434__
1895 24 043423 0434__
1895 26 043412 0434__
1895 28 043423 0434__
1896 9 031201 0312__
1896 10 031201 0312__
1896 17 042312 0423__
1896 18 042312 0423__
1896 21 042301 0423__
1896 22 042301 0423__
1896 25 042312 0423__
1896 26 042312 0423__
1897 11 031201 0312__
1897 19 042312 0423__
1897 23 042301 0423__
1897 24 031201 0312__
1897 27 042312 0423__
1898 12 031201 0312__
1898 20 042312 0423__
1898 24 042301 0423__
1898 25 031201 0312__
1898 28 042312 0423__
1899 11 031201 0312__
1899 12 031201 0312__
1899 19 042312 0423__
1899 20 042312 0423__
1899 23 042301 0423__
1899 24 042301 0423__
1899 27 042312 0423__
1899 28 042312 0423__
1900 5 021201 0212__
1900 9 032312 0323__
1900 11 032301 0323__
1900 13 032312 0323__
1900 17 043423 0434__
1900 19 043412 0434__
1900 21 043423 0434__
1900 23 043401 0434__
1900 25 043423 0434__
1900 27 043412 0434__
1900 29 043423 0434__
1901 11 031201 0312__
1901 19 042312 0423__
1901 23 042301 0423__
1901 24 031201 0312__
1901 27 042312 0423__
1902 5 021201 0212__
1902 9 032312 0323__
1902 11 032301 0323__
1902 13 032312 0323__
1902 17 043423 0434__
1902 19 043412 0434__
1902 21 043423 0434__
1902 23 043401 0434__
1902 25 043423 0434__
1902 27 043412 0434__
1902 29 043423 0434__
1903 5 021201 0212__
1903 9 032312 0323__
1903 11 032301 0323__
1903 13 032312 0323__
1903 17 043423 0434__
1903 19 043412 0434__
1903 21 043423 0434__
1903 23 043401 0434__
1903 25 043423 0434__
1903 27 043412 0434__
1903 29 043423 0434__
1904 5 021201 0212__
1904 9 032312 0323__
1904 11 032301 0323__
1904 13 032312 0323__
1904 17 043423 0434__
1904 19 043412 0434__
1904 21 043423 0434__
1904 23 043401 0434__
1904 25 043423 0434__
1904 27 043412 0434__
1904 29 043423 0434__
1905 11 03120123 0312__23
1905 19 04231234 0423__34
1905 23 04230134 0423__34
1905 24 03120123 0312__23
1905 27 04231234 0423__34
1906 12 03120123 0312__23
1906 20 04231234 0423__34
1906 24 04230134 0423__34
1906 25 03120123 0312__23
1906 28 04231234 0423__34
1907 5 02120122 0212__22
1907 9 03231233 0323__33
1907 11 03230133 0323__33
1907 13 03231233 0323__33
1907 17 04342344 0434__44
1907 19 04341244 0434__44
1907 21 04342344 0434__44
1907 23 04340144 0434__44
1907 25 04342344 0434__44
1907 27 04341244 0434__44
1907 29 04342344 0434__44
1908 11 03120123 0312__23
1908 19 04231234 0423__34
1908 23 04230134 0423__34
1908 24 03120123 0312__23
1908 27 04231234 0423__34
1909 5 02120122 0212__22
1909 9 03231233 0323__33
1909 11 03230133 0323__33
1909 13 03231233 0323__33
1909 17 04342344 0434__44
1909 19 04341244 0434__44
1909 21 04342344 0434__44
1909 23 04340144 0434__44
1909 25 04342344 0434__44
1909 27 04341244 0434__44
1909 29 04342344 0434__44
1910 11 03120123 0312__23
1910 12 03120123 0312__23
1910 19 04231234 0423__34
1910 20 04231234 0423__34
1910 23 04230134 0423__34
1910 24 04230134 0423__34
1910 27 04231234 0423__34
1910 28 04231234 0423__34
1911 5 02120122 0212__22
1911 9 03231233 0323__33
1911 11 03230133 0323__33
1911 13 03231233 0323__33
1911 17 04342344 0434__44
1911 19 04341244 0434__44
1911 21 04342344 0434__44
1911 23 04340144 0434__44
1911 25 04342344 0434__44
1911 27 04341244 0434__44
1911 29 04342344 0434__44
1912 11 03120123 0312__23
1912 12 03120123 0312__23
1912 19 04231234 0423__34
1912 20 04231234 0423__34
1912 23 04230134 0423__34
1912 24 04230134 0423__34
1912 27 04231234 0423__34
1912 28 04231234 0423__34
1913 11 03120123 0312__23
1913 19 04231234 0423__34
1913 23 04230134 0423__34
1913 24 04120124 0412__24
1913 27 04231234 0423__34
1914 11 03120123 0312__23
1914 19 04231234 0423__34
1914 23 04230134 0423__34
1914 24 04120124 0412__24
1914 27 04231234 0423__34
1915 5 02120122 0212__22
1915 9 03231233 0323__33
1915 11 03230133 0323__33
1915 13 03231233 0323__33
1915 17 04342344 0434__44
1915 19 04341244 0434__44
1915 21 04342344 0434__44
1915 23 04340144 0434__44
1915 25 04342344 0434__44
1915 27 04341244 0434__44
1915 29 04342344 0434__44
1916 5 02120122 0212__22
1916 9 03231233 0323__33
1916 11 03230133 0323__33
1916 13 03231233 0323__33
1916 17 04342344 0434__44
1916 19 04341244 0434__44
1916 21 04342344 0434__44
1916 23 04340144 0434__44
1916 25 04342344 0434__44
1916 27 04341244 0434__44
1916 29 04342344 0434__44
1917 5 02120122 0212__22
1917 9 03231233 0323__33
1917 11 03230133 0323__33
1917 13 03231233 0323__33
1917 17 04342344 0434__44
1917 19 04341244 0434__44
1917 21 04342344 0434__44
1917 23 04340144 0434__44
1917 25 04342344 0434__44
1917 27 04341244 0434__44
1917 29 04342344 0434__44
1918 5 02120122 0212__22
1918 9 03231233 0323__33
1918 11 03230133 0323__33
1918 13 03231233 0323__33
1918 17 04342344 0434__44
1918 19 04341244 0434__44
1918 21 04342344 0434__44
1918 23 04340144 0434__44
1918 25 04342344 0434__44
1918 27 04341244 0434__44
1918 29 04342344 0434__44
1919 5 02120122 0212__22
1919 9 03231233 0323__33
1919 11 03230133 0323__33
1919 13 03231233 0323__33
1919 17 04342344 0434__44
1919 19 04341244 0434__44
1919 21 04342344 0434__44
1919 23 04340144 0434__44
1919 25 04342344 0434__44
1919 27 04341244 0434__44
1919 29 04342344 0434__44
1920 5 021201__ 0212____
1920 9 032312__ 0323____
1920 11 032301__ 0323____
1920 13 032312__ 0323____
1920 17 043423__ 0434____
1920 19 043412__ 0434____
1920 21 043423__ 0434____
1920 23 043401__ 0434____
1920 25 043423__ 0434____
1920 27 043412__ 0434____
1920 29 043423__ 0434____
1921 5 02120122 0212__22
1921 9 03231233 0323__33
1921 11 03230133 0323__33
1921 13 03231233 0323__33
1921 17 04342344 0434__44
1921 19 04341244 0434__44
1921 21 04342344 0434__44
1921 23 04340144 0434__44
1921 25 04342344 0434__44
1921 27 04341244 0434__44
1921 29 04342344 0434__44
1922 5 021201__ 0212____
1922 9 032312__ 0323____
1922 11 032301__ 0323____
1922 13 032312__ 0323____
1922 17 043423__ 0434____
1922 19 043412__ 0434____
1922 21 043423__ 0434____
1922 23 043401__ 0434____
1922 25 043423__ 0434____
1922 27 043412__ 0434____
1922 29 043423__ 0434____
1923 5 021201__ 0212____
1923 9 032312__ 0323____
1923 11 032301__ 0323____
1923 13 032312__ 0323____
1923 17 043423__ 0434____
1923 19 043412__ 0434____
1923 21 043423__ 0434____
1923 23 043401__ 0434____
1923 25 043423__ 0434____
1923 27 043412__ 0434____
1923 29 043423__ 0434____
1924 5 021201__ 0212____
1924 9 032312__ 0323____
1924 11 032301__ 0323____
1924 13 032312__ 0323____
1924 17 043423__ 0434____
1924 19 043412__ 0434____
1924 21 043423__ 0434____
1924 23 043401__ 0434____
1924 25 043423__ 0434____
1924 27 043412__ 0434____
1924 29 043423__ 0434____
1925 5 021201__ 0212____
1925 9 032312__ 0323____
1925 11 032301__ 0323____
1925 13 032312__ 0323____
1925 17 043423__ 0434____
1925 19 043412__ 0434____
1925 21 043423__ 0434____
1925 23 043401__ 0434____
1925 25 043423__ 0434____
1925 27 043412__ 0434____
1925 29 043423__ 0434____
1926 5 02120122 0212__22
1926 9 03231233 0323__33
1926 11 03230133 0323__33
1926 13 03231233 0323__33
1926 17 04342344 0434__44
1926 19 04341244 0434__44
1926 21 04342344 0434__44
1926 23 04340144 0434__44
1926 25 04342344 0434__44
1926 27 04341244 0434__44
1926 29 04342344 0434__44
1927 11 03120123 0312__23
1927 12 03120123 0312__23
1927 19 04231234 0423__34
1927 20 04231234 0423__34
1927 23 04230134 0423__34
1927 24 04230134 0423__34
1927 27 04231234 0423__34
1927 28 04231234 0423__34
1928 5 02120122 0212__22
1928 9 03231233 0323__33
1928 11 03230133 0323__33
1928 13 03231233 0323__33
1928 17 04342344 0434__44
1928 19 04341244 0434__44
1928 21 04342344 0434__44
1928 23 04340144 0434__44
1928 25 04342344 0434__44
1928 27 04341244 0434__44
1928 29 04342344 0434__44
1929 11 0312012323 0312__2323
1929 12 03120123__ 0312__23__
1929 19 0423123434 0423__3434
1929 20 04231234__ 0423__34__
1929 23 0423013434 0423__3434
1929 24 04230134__ 0423__34__
1929 27 0423123434 0423__3434
1929 28 04231234__ 0423__34__
1930 5 021201____ 0212______
1930 9 032312____ 0323______
1930 11 032301____ 0323______
1930 13 032312____ 0323______
1930 17 043423____ 0434______
1930 19 043412____ 0434______
1930 21 043423____ 0434______
1930 23 043401____ 0434______
1930 25 043423____ 0434______
1930 27 043412____ 0434______
1930 29 043423____ 0434______
1931 5 021201____ 0212______
1931 9 032312____ 0323______
1931 11 032301____ 0323______
1931 13 032312____ 0323______
1931 17 043423____ 0434______
1931 19 043412____ 0434______
1931 21 043423____ 0434______
1931 23 043401____ 0434______
1931 25 043423____ 0434______
1931 27 043412____ 0434______
1931 29 043423____ 0434______
1932 5 021201____ 0212______
1932 9 032312____ 0323______
1932 11 032301____ 0323______
1932 13 032312____ 0323______
1932 17 043423____ 0434______
1932 19 043412____ 0434______
1932 21 043423____ 0434______
1932 23 043401____ 0434______
1932 25 043423____ 0434______
1932 27 043412____ 0434______
1932 29 043423____ 0434______
1933 11 03120123__ 0312__23__
1933 19 04231234__ 0423__34__
1933 23 04230134__ 0423__34__
1933 24 0412012434 0412__2434
1933 27 04231234__ 0423__34__
1934 23 041201 0412__
1935 11 031201 0312__
1935 19 042312 0423__
1935 23 042301 0423__
1935 24 031201 0312__
1935 27 042312 0423__
1936 23 04120134 0412__34
1937 5 021201__ 0212____
1937 9 032312__ 0323____
1937 11 032301__ 0323____
1937 13 032312__ 0323____
1937 17 043423__ 0434____
1937 19 043412__ 0434____
1937 21 043423__ 0434____
1937 23 043401__ 0434____
1937 25 043423__ 0434____
1937 27 043412__ 0434____
1937 29 043423__ 0434____
1938 5 02120122 0212__22
1938 9 03231233 0323__33
1938 11 03230133 0323__33
1938 13 03231233 0323__33
1938 17 04342344 0434__44
1938 19 04341244 0434__44
1938 21 04342344 0434__44
1938 23 04340144 0434__44
1938 25 04342344 0434__44
1938 27 04341244 0434__44
1938 29 04342344 0434__44
1939 11 03120123 0312__23
1939 12 03120123 0312__23
1939 19 04231234 0423__34
1939 20 04231234 0423__34
1939 23 04230134 0423__34
1939 24 04230134 0423__34
1939 27 04231234 0423__34
1939 28 04231234 0423__34
1940 5 02120122 0212__22
1940 9 03231233 0323__33
1940 11 03230133 0323__33
1940 13 03231233 0323__33
1940 17 04342344 0434__44
1940 19 04341244 0434__44
1940 21 04342344 0434__44
1940 23 04340144 0434__44
1940 25 04342344 0434__44
1940 27 04341244 0434__44
1940 29 04342344 0434__44
1941 11 031201 0312__
1941 12 031201 0312__
1941 19 042312 0423__
1941 20 042312 0423__
1941 23 042301 0423__
1941 24 042301 0423__
1941 27 042312 0423__
1941 28 042312 0423__
1942 12 031201 0312__
1942 20 042312 0423__
1942 24 042301 0423__
1942 25 031201 0312__
1942 28 042312 0423__
1944 5 021201 0212__
1944 9 032312 0323__
1944 11 032301 0323__
1944 13 032312 0323__
1944 17 043423 0434__
1944 19 043412 0434__
1944 21 043423 0434__
1944 23 043401 0434__
1944 25 043423 0434__
1944 27 043412 0434__
1944 29 043423 0434__
1945 11 031201 0312__
1945 19 042312 0423__
1945 23 042301 0423__
1945 24 031201 0312__
1945 27 042312 0423__
1946 5 021201 0212__
1946 9 032312 0323__
1946 11 032301 0323__
1946 13 032312 0323__
1946 17 043423 0434__
1946 19 043412 0434__
1946 21 043423 0434__
1946 23 043401 0434__
1946 25 043423 0434__
1946 27 043412 0434__
1946 29 043423 0434__
1947 11 021201 0212__
1947 12 021201 0212__
1947 19 032312 0323__
1947 20 032312 0323__
1947 23 032301 0323__
1947 24 032301 0323__
1947 27 032312 0323__
1947 28 032312 0323__
1949 5 021201 0212__
1949 9 032312 0323__
1949 11 032301 0323__
1949 13 032312 0323__
1949 17 043423 0434__
1949 19 043412 0434__
1949 21 043423 0434__
1949 23 043401 0434__
1949 25 043423 0434__
1949 27 043412 0434__
1949 29 043423 0434__
1950 11 031201 0312__
1950 12 031201 0312__
1950 19 042312 0423__
1950 20 042312 0423__
1950 23 042301 0423__
1950 24 042301 0423__
1950 27 042312 0423__
1950 28 042312 0423__
1994 1 01____01 01____11
1994 5 02010012 02010022
1994 9 03020123 03020133
1994 13 03121123 03121133
1994 17 04030234 04030244
1994 21 04232234 04232244
1994 25 04131234 04131244
1994 29 04232234 04232244
2005 19 042312 0423__
2006 20 042312 0423__
2007 19 042312 0423__
2007 20 042312 0423__
2008 9 032312 0323__
2008 17 043423 0434__
2008 19 043412 0434__
2008 25 143423 1434__
2009 19 042312 0423__
2010 9 032312 0323__
2010 17 043423 0434__
2010 19 043412 0434__
2010 25 143423 1434__
2011 9 032312 0323__
2011 17 043423 0434__
2011 19 043412 0434__
2011 25 143423 1434__
2012 9 032312 0323__
2012 17 043423 0434__
2012 19 043412 0434__
2012 25 143423 1434__
2013 19 04231234 0423__34
2014 20 04231234 0423__34
2015 9 03231233 0323__33
2015 17 04342344 0434__44
2015 19 04341244 0434__44
2015 25 14342344 1434__44
2016 19 04231234 0423__34
2017 9 03231233 0323__33
2017 17 04342344 0434__44
2017 19 04341244 0434__44
2017 25 14342344 1434__44
2018 19 04231234 0423__34
2018 20 04231234 0423__34
2019 9 03231233 0323__33
2019 17 04342344 0434__44
2019 19 04341244 0434__44
2019 25 14342344 1434__44
2020 19 04231234 0423__34
2020 20 04231234 0423__34
2021 19 04231234 0423__34
2022 19 04231234 0423__34
2023 9 03231233 0323__33
2023 17 04342344 0434__44
2023 19 04341244 0434__44
2023 25 14342344 1434__44
2024 9 03231233 0323__33
2024 17 04342344 0434__44
2024 19 04341244 0434__44
2024 25 14342344 1434__44
2025 9 03231233 0323__33
2025 17 04342344 0434__44
2025 19 04341244 0434__44
2025 25 14342344 1434__44
2026 9 03231233 0323__33
2026 17 04342344 0434__44
2026 19 04341244 0434__44
2026 25 14342344 1434__44
2027 9 03231233 0323__33
2027 17 04342344 0434__44
2027 19 04341244 0434__44
2027 25 14342344 1434__44
2028 9 032312__ 0323____
2028 17 043423__ 0434____
2028 19 043412__ 0434____
2028 25 143423__ 1434____
2029 9 03231233 0323__33
2029 17 04342344 0434__44
2029 19 04341244 0434__44
2029 25 14342344 1434__44
2030 9 032312__ 0323____
2030 17 043423__ 0434____
2030 19 043412__ 0434____
2030 25 143423__ 1434____
2031 9 032312__ 0323____
2031 17 043423__ 0434____
2031 19 043412__ 0434____
2031 25 143423__ 1434____
2032 9 032312__ 0323____
2032 17 043423__ 0434____
2032 19 043412__ 0434____
2032 25 143423__ 1434____
2033 9 032312__ 0323____
2033 17 043423__ 0434____
2033 19 043412__ 0434____
2033 25 143423__ 1434____
2034 9 03231233 0323__33
2034 17 04342344 0434__44
2034 19 04341244 0434__44
2034 25 14342344 1434__44
2035 19 04231234 0423__34
2035 20 04231234 0423__34
2036 9 03231233 0323__33
2036 17 04342344 0434__44
2036 19 04341244 0434__44
2036 25 14342344 1434__44
2037 19 0423123434 0423__3434
2037 20 04231234__ 0423__34__
2038 9 032312____ 0323______
2038 17 043423____ 0434______
2038 19 043412____ 0434______
2038 25 143423____ 1434______
2039 9 032312____ 0323______
2039 17 043423____ 0434______
2039 19 043412____ 0434______
2039 21 0402123423 04021234__
2039 25 143423____ 1434______
2040 9 032312____ 0323______
2040 17 043423____ 0434______
2040 19 043412____ 0434______
2040 25 143423____ 1434______
2041 19 04231234__ 0423__34__
2043 19 042312 0423__
2045 9 032312__ 0323____
2045 17 043423__ 0434____
2045 19 043412__ 0434____
2045 25 143423__ 1434____
2046 9 03231233 0323__33
2046 17 04342344 0434__44
2046 19 04341244 0434__44
2046 25 14342344 1434__44
2047 19 04231234 0423__34
2047 20 04231234 0423__34
2048 9 03231233 0323__33
2048 17 04342344 0434__44
2048 19 04341244 0434__44
2048 25 14342344 1434__44
2049 19 042312 0423__
2049 20 042312 0423__
2050 20 042312 0423__
2052 9 032312 0323__
2052 17 043423 0434__
2052 19 043412 0434__
2052 25 143423 1434__
2053 19 042312 0423__
2054 9 032312 0323__
2054 17 043423 0434__
2054 19 043412 0434__
2054 25 143423 1434__
2055 19 032312 0323__
2055 20 032312 0323__
2057 9 032312 0323__
2057 17 043423 0434__
2057 19 043412 0434__
2057 25 143423 1434__
2058 19 042312 0423__
2058 20 042312 0423__
2092 16 043423 0434__
2093 17 043423 0434__
2102 7 0323 0333
2102 16 0323 0333
2102 23 1434 1444
2146 16 043423 0434__
2146 20 043423 0434__
2147 9 032312 0323__
2147 17 043423 0434__
2147 19 043412 0434__
2147 21 043423 0434__
2147 25 143423 1434__
2149 17 043423 0434__
2156 7 0323 0333
2156 16 0323 0333
2156 23 1434 1444
2200 16 04123423 041234__
2201 17 04123423 041234__
2210 7 031223 031233
2210 16 031223 031233
2210 23 142334 142344
2254 12 03__2312 03__23__
2254 16 04123423 041234__
2254 20 04013423 040134__
2254 24 04__3423 04__34__
2254 26 04__3412 04__34__
2254 28 04__3423 04__34__
2255 5 02__1201 02__12__
2255 9 03012312 030123__
2255 11 03__2301 03__23__
2255 13 03__2312 03__23__
2255 17 04123423 041234__
2255 19 04013412 040134__
2255 21 04013423 040134__
2255 23 04__3401 04__34__
2255 25 04__3423 04__34__
2255 27 04__3412 04__34__
2255 29 04__3423 04__34__
2257 9 03__2312 03__23__
2257 17 04013423 040134__
2257 19 04__3412 04__34__
2257 25 14__3423 14__34__
2264 7 031223 031233
2264 16 031223 031233
2269 3 ! 0201
2269 8 ! 0201
2269 11 ! 1312
2269 17 ! 0201
2269 18 ! 0201
2269 19 ! 2423
2269 24 ! 1312
2269 27 ! 2423
2308 12 03002312 030023__
2308 20 04113423 041134__
2308 24 04003423 040034__
2308 26 04003412 040034__
2308 28 04003423 040034__
2309 5 02001201 020012__
2309 9 03112312 031123__
2309 11 03002301 030023__
2309 13 03002312 030023__
2309 17 04223423 042234__
2309 19 04113412 041134__
2309 21 04113423 041134__
2309 23 04003401 040034__
2309 25 04003423 040034__
2309 27 04003412 040034__
2309 29 04003423 040034__
2311 9 03002312 030023__
2311 17 04113423 041134__
2311 19 04003412 040034__
2311 25 14113423 141134__
2323 0 ! 0000
2323 1 ! 0111
2323 2 ! 0000
2323 3 ! 0222
2323 4 ! 0111
2323 5 ! 0000
2323 6 ! 0000
2323 7 ! 0333
2323 8 ! 0222
2323 9 ! 0111
2323 10 ! 0111
2323 11 ! 0000
2323 12 ! 0000
2323 13 ! 0000
2323 14 ! 0000
2323 15 ! 0444
2323 16 ! 0333
2323 17 ! 0222
2323 18 ! 0222
2323 19 ! 0111
2323 20 ! 0111
2323 21 ! 0111
2323 22 ! 0111
2323 23 ! 0000
2323 24 ! 0000
2323 25 ! 0000
2323 26 ! 0000
2323 27 ! 0000
2323 28 ! 0000
2323 29 ! 0000
2323 30 ! 0000
2362 16 04123423 041234__
2362 20 04123423 041234__
2362 24 04123423 041234__
2362 28 04123423 041234__
2363 17 04123423 041234__
2363 21 04123423 041234__
2363 25 04123423 041234__
2363 29 04123423 041234__
2365 17 04013423 040134__
2365 25 04013423 040134__
2372 7 031223 031233
2372 9 031223 031233
2372 11 031223 031233
2372 13 031223 031233
2372 16 031223 031233
2372 20 031223 031233
2372 24 031223 031233
2372 28 031223 031233
2383 3 0201 0211
2383 8 0201 0211
2383 11 1312 1322
2383 17 0201 0211
2383 18 0201 0211
2383 24 1312 1322
2383 27 2423 2433
2384 4 0201 0211
2384 9 0201 0211
2384 10 0201 0211
2384 19 0201 0211
2384 20 0201 0211
2384 21 0201 0211
2384 22 0201 0211
2385 3 0201 0211
2385 4 0201 0211
2385 9 0201 0211
2385 10 0201 0211
2385 19 0201 0211
2385 20 0201 0211
2385 21 0201 0211
2385 22 0201 0211
2386 1 0101 0111
2386 4 0101 0111
2386 9 0101 0111
2386 10 0101 0111
2386 19 0101 0111
2386 20 0101 0111
2386 21 0101 0111
2386 22 0101 0111
2387 3 0201 0211
2387 8 0201 0211
2387 11 1312 1322
2387 17 0201 0211
2387 18 0201 0211
2387 24 1312 1322
2387 27 2423 2433
2388 1 0101 0111
2388 4 0101 0111
2388 9 0101 0111
2388 10 0101 0111
2388 19 0101 0111
2388 20 0101 0111
2388 21 0101 0111
2388 22 0101 0111
2389 1 0101 0111
2389 4 0201 0211
2389 9 0201 0211
2389 10 0301 0311
2389 19 0201 0211
2389 20 0201 0211
2389 21 0301 0311
2389 22 0401 0411
2390 1 0101 0111
2390 4 0201 0211
2390 9 0301 0311
2390 10 0301 0311
2390 19 0401 0411
2390 20 0401 0411
2390 21 0401 0411
2390 22 0401 0411
2391 3 020112 021112
2391 8 020112 021112
2391 11 131223 132223
2391 17 020112 021112
2391 18 020112 021112
2391 24 131223 132223
2391 27 242334 243334
2392 4 020112 021112
2392 9 020112 021112
2392 10 020112 021112
2392 19 020112 021112
2392 20 020112 021112
2392 21 020112 021112
2392 22 020112 021112
2393 1 010111 011111
2393 4 010111 011111
2393 9 010111 011111
2393 10 010111 011111
2393 19 010111 011111
2393 20 010111 011111
2393 21 010111 011111
2393 22 010111 011111
2394 3 020112 021112
2394 8 020112 021112
2394 11 131223 132223
2394 17 020112 021112
2394 18 020112 021112
2394 24 131223 132223
2394 27 242334 243334
2395 1 010111 011111
2395 4 010111 011111
2395 9 010111 011111
2395 10 010111 011111
2395 19 010111 011111
2395 20 010111 011111
2395 21 010111 011111
2395 22 010111 011111
2396 3 020112 021112
2396 4 020112 021112
2396 9 020112 021112
2396 10 020112 021112
2396 19 020112 021112
2396 20 020112 021112
2396 21 020112 021112
2396 22 020112 021112
2397 1 010111 011111
2397 4 020112 021112
2397 9 030113 031113
2397 10 030113 031113
2397 19 040114 041114
2397 20 040114 041114
2397 21 040114 041114
2397 22 040114 041114
2398 3 020112 021112
2398 4 020112 021112
2398 9 020112 021112
2398 10 020112 021112
2398 19 020112 021112
2398 20 020112 021112
2398 21 020112 021112
2398 22 020112 021112
2399 3 020112 021112
2399 8 030113 031113
2399 11 131223 132223
2399 17 030113 031113
2399 18 030113 031113
2399 24 141224 142224
2399 27 242334 243334
2400 3 020112 021112
2400 8 030113 031113
2400 11 131223 132223
2400 17 030113 031113
2400 18 030113 031113
2400 24 141224 142224
2400 27 242334 243334
2401 1 010111 011111
2401 4 020112 021112
2401 9 020112 021112
2401 10 020112 021112
2401 19 020112 021112
2401 20 020112 021112
2401 21 020112 021112
2401 22 020112 021112
2402 1 010111 011111
2402 4 020112 021112
2402 9 020112 021112
2402 10 030113 031113
2402 19 020112 021112
2402 20 020112 021112
2402 21 030113 031113
2402 22 040114 041114
2403 1 010111 011111
2403 4 010111 011111
2403 9 010111 011111
2403 10 010111 011111
2403 19 010111 011111
2403 20 010111 011111
2403 21 010111 011111
2403 22 010111 011111
2404 1 010111 011111
2404 4 010111 011111
2404 9 010111 011111
2404 10 010111 011111
2404 19 010111 011111
2404 20 010111 011111
2404 21 010111 011111
2404 22 010111 011111
2405 1 010111 011111
2405 4 010111 011111
2405 9 010111 011111
2405 10 010111 011111
2405 19 010111 011111
2405 20 010111 011111
2405 21 010111 011111
2405 22 010111 011111
2406 1 0101__ 0111__
2406 4 0101__ 0111__
2406 9 0101__ 0111__
2406 10 0101__ 0111__
2406 19 0101__ 0111__
2406 20 0101__ 0111__
2406 21 0101__ 0111__
2406 22 0101__ 0111__
2407 1 010111 011111
2407 4 010111 011111
2407 9 010111 011111
2407 10 010111 011111
2407 19 010111 011111
2407 20 010111 011111
2407 21 010111 011111
2407 22 010111 011111
2408 1 0101__ 0111__
2408 4 0101__ 0111__
2408 9 0101__ 0111__
2408 10 0101__ 0111__
2408 19 0101__ 0111__
2408 20 0101__ 0111__
2408 21 0101__ 0111__
2408 22 0101__ 0111__
2409 1 0101__ 0111__
2409 4 020112 021112
2409 9 030123 031123
2409 10 030123 031123
2409 19 040134 041134
2409 20 040134 041134
2409 21 040134 041134
2409 22 040134 041134
2410 1 0101__ 0111__
2410 8 030113 031113
2410 17 040134 041134
2410 18 030113 031113
2411 1 0101__ 0111__
2411 8 030113 031113
2411 17 040134 041134
2411 18 030113 031113
2412 1 010111 011111
2412 4 010111 011111
2412 9 010111 011111
2412 10 010111 011111
2412 19 010111 011111
2412 20 010111 011111
2412 21 010111 011111
2412 22 010111 011111
2413 3 020112 021112
2413 4 020112 021112
2413 9 030123 031123
2413 10 030123 031123
2413 19 040134 041134
2413 20 040134 041134
2413 21 040134 041134
2413 22 040134 041134
2414 1 010111 011111
2414 4 020112 021112
2414 9 030123 031123
2414 10 030123 031123
2414 19 040124 041124
2414 20 040134 041134
2414 21 040134 041134
2414 22 040134 041134
2415 3 02011212 02111212
2415 4 020112__ 021112__
2415 9 020112__ 021112__
2415 10 020112__ 021112__
2415 19 020112__ 021112__
2415 20 020112__ 021112__
2415 21 020112__ 021112__
2415 22 020112__ 021112__
2416 1 0101____ 0111____
2416 4 020112__ 021112__
2416 9 03012323 03112323
2416 10 030123__ 031123__
2416 12 03002312 030023__
2416 19 04013434 04113434
2416 20 04013423 041134__
2416 21 04013434 04113434
2416 22 040134__ 041134__
2416 24 04003423 040034__
2416 26 04003412 040034__
2416 28 04003423 040034__
2417 1 0101____ 0111____
2417 4 02011212 02111212
2417 5 02001201 020012__
2417 9 03012312 031123__
2417 10 03012323 03112323
2417 11 03002301 030023__
2417 13 03002312 030023__
2417 17 04123423 041234__
2417 19 04013412 041134__
2417 20 04013434 04113434
2417 21 04013423 041134__
2417 22 04013434 04113434
2417 23 04003401 040034__
2417 25 04003423 040034__
2417 27 04003412 040034__
2417 29 04003423 040034__
2418 1 0101____ 0111____
2418 4 02011211 02111211
2418 9 02011211 02111211
2418 10 03012322 03112322
2418 19 02011211 02111211
2418 20 04012423 04112423
2418 21 03012322 03112322
2418 22 04013433 04113433
2419 3 020112__ 021112__
2419 8 03011323 03111323
2419 9 03002312 030023__
2419 11 131223__ 132223__
2419 17 04013423 041134__
2419 18 03011323 03111323
2419 19 04003412 040034__
2419 24 14122434 14222434
2419 25 14113423 141134__
2419 27 242334__ 243334__
2420 7 0301 0311
2420 16 0301 0311
2420 23 1412 1422
2421 3 0201 0211
2421 8 0201 0211
2421 11 1312 1322
2421 17 0201 0211
2421 18 0201 0211
2421 24 1312 1322
2421 27 2423 2433
2422 7 030123 031123
2422 16 030123 031123
2422 23 141234 142234
2423 1 0101__ 0111__
2423 4 0101__ 0111__
2423 9 0101__ 0111__
2423 10 0101__ 0111__
2423 19 0101__ 0111__
2423 20 0101__ 0111__
2423 21 0101__ 0111__
2423 22 0101__ 0111__
2424 1 010111 011111
2424 4 010111 011111
2424 9 010111 011111
2424 10 010111 011111
2424 19 010111 011111
2424 20 010111 011111
2424 21 010111 011111
2424 22 010111 011111
2425 3 020112 021112
2425 4 020112 021112
2425 9 030123 031123
2425 10 030123 031123
2425 19 030123 031123
2425 20 030123 031123
2425 21 030123 031123
2425 22 030123 031123
2426 1 010111 011111
2426 4 010111 011111
2426 9 010111 011111
2426 10 010111 011111
2426 15 042334 042344
2426 19 010111 011111
2426 20 010111 011111
2426 21 010111 011111
2426 22 010111 011111
2427 3 0201 0211
2427 4 0201 0211
2427 9 0201 0211
2427 10 0201 0211
2427 19 0201 0211
2427 20 0201 0211
2427 21 0201 0211
2427 22 0201 0211
2428 4 0201 0211
2428 9 0201 0211
2428 10 0201 0211
2428 19 0201 0211
2428 20 0201 0211
2428 21 0201 0211
2428 22 0201 0211
2430 1 0101 0111
2430 5 1212 1222
2430 9 2323 2333
2430 13 2323 2333
2430 17 3434 3444
2430 21 3434 3444
2430 25 3434 3444
2430 29 3434 3444
2431 0 ! 0000
2431 1 ! 0111
2431 2 ! 0000
2431 3 ! 0201
2431 4 ! 0111
2431 5 ! 0000
2431 6 ! 0000
2431 8 ! 0201
2431 9 ! 0111
2431 10 ! 0111
2431 11 ! 0000
2431 12 ! 0000
2431 13 ! 0000
2431 14 ! 0000
2431 17 ! 0201
2431 18 ! 0201
2431 19 ! 0111
2431 20 ! 0111
2431 21 ! 0111
2431 22 ! 0111
2431 23 ! 0000
2431 24 ! 0000
2431 25 ! 0000
2431 26 ! 0000
2431 27 ! 0000
2431 28 ! 0000
2431 29 ! 0000
2431 30 ! 0000
2432 1 0101 0111
2433 3 0101 0111
2433 4 0101 0111
2433 9 0101 0111
2433 10 0101 0111
2433 11 1212 1222
2433 12 1212 1222
2433 19 0101 0111
2433 20 0101 0111
2433 21 0101 0111
2433 22 0101 0111
2433 25 1212 1222
2433 26 1212 1222
2435 1 0101 0111
2435 5 1212 1222
2435 9 2323 2333
2435 13 2323 2333
2435 17 3434 3444
2435 21 3434 3444
2435 25 3434 3444
2435 29 3434 3444
2436 3 0201 0211
2436 4 0201 0211
2436 9 0201 0211
2436 10 0201 0211
2436 19 0201 0211
2436 20 0201 0211
2436 21 0201 0211
2436 22 0201 0211
2470 8 032312 0323__
2470 12 032312 0323__
2470 16 043423 0434__
2470 18 043412 0434__
2470 20 043423 0434__
2470 24 043423 0434__
2470 26 043412 0434__
2470 28 043423 0434__
2471 9 032312 0323__
2471 13 032312 0323__
2471 17 043423 0434__
2471 19 043412 0434__
2471 21 043423 0434__
2471 25 043423 0434__
2471 27 043412 0434__
2471 29 043423 0434__
2473 17 043423 0434__
2473 25 043423 0434__
2480 3 0212 0222
2480 5 0212 0222
2480 8 0212 0222
2480 12 0212 0222
2480 17 0212 0222
2480 18 0212 0222
2480 25 0212 0222
2480 26 0212 0222
2524 12 032312 0323__
2524 20 143423 1434__
2524 24 043423 0434__
2524 26 043412 0434__
2524 28 043423 0434__
2525 13 032312 0323__
2525 21 143423 1434__
2525 25 043423 0434__
2525 27 043412 0434__
2525 29 043423 0434__
2527 25 043423 0434__
2534 5 0212 0222
2534 9 1323 1333
2534 12 0212 0222
2534 17 2434 2444
2534 20 1323 1333
2534 25 0212 0222
2534 26 0212 0222
2578 4 021201 0212__
2578 8 032312 0323__
2578 10 032301 0323__
2578 12 032312 0323__
2578 16 043423 0434__
2578 18 043412 0434__
2578 20 043423 0434__
2578 22 043401 0434__
2578 24 043423 0434__
2578 26 043412 0434__
2578 28 043423 0434__
2579 5 021201 0212__
2579 9 032312 0323__
2579 11 032301 0323__
2579 13 032312 0323__
2579 17 043423 0434__
2579 19 043412 0434__
2579 21 043423 0434__
2579 23 043401 0434__
2579 25 043423 0434__
2579 27 043412 0434__
2579 29 043423 0434__
2581 9 032312 0323__
2581 17 043423 0434__
2581 19 043412 0434__
2588 1 0101 0111
2588 4 0101 0111
2588 9 0101 0111
2588 10 0101 0111
2588 19 0101 0111
2588 20 0101 0111
2588 21 0101 0111
2588 22 0101 0111
2740 4 021201 0212__
2740 8 032312 0323__
2740 10 032301 0323__
2740 12 032312 0323__
2740 16 043423 0434__
2740 18 043412 0434__
2740 20 043423 0434__
2740 22 043401 0434__
2740 24 043423 0434__
2740 26 043412 0434__
2740 28 043423 0434__
2741 5 021201 0212__
2741 9 032312 0323__
2741 11 032301 0323__
2741 13 032312 0323__
2741 17 043423 0434__
2741 19 043412 0434__
2741 21 043423 0434__
2741 23 043401 0434__
2741 25 043423 0434__
2741 27 043412 0434__
2741 29 043423 0434__
2743 9 032312 0323__
2743 17 043423 0434__
2743 19 043412 0434__
2750 1 0101 0111
2750 4 0101 0111
2750 9 0101 0111
2750 10 0101 0111
2750 19 0101 0111
2750 20 0101 0111
2750 21 0101 0111
2750 22 0101 0111
2794 8 132312 1323__
2794 12 132312 1323__
2794 16 143423 1434__
2794 18 143412 1434__
2794 20 143423 1434__
2794 24 143423 1434__
2794 26 143412 1434__
2794 28 143423 1434__
2795 9 132312 1323__
2795 13 132312 1323__
2795 17 143423 1434__
2795 19 143412 1434__
2795 21 143423 1434__
2795 25 143423 1434__
2795 27 143412 1434__
2795 29 143423 1434__
2797 17 143423 1434__
2797 25 143423 1434__
2804 3 1212 1222
2804 5 1212 1222
2804 8 1212 1222
2804 12 1212 1222
2804 17 1212 1222
2804 18 1212 1222
2804 25 1212 1222
2804 26 1212 1222
2848 4 021201 0212__
2848 8 032312 0323__
2848 10 032301 0323__
2848 12 032312 0323__
2848 16 043423 0434__
2848 18 043412 0434__
2848 20 043423 0434__
2848 22 043401 0434__
2848 24 043423 0434__
2848 26 043412 0434__
2848 28 043423 0434__
2849 5 021201 0212__
2849 9 032312 0323__
2849 11 032301 0323__
2849 13 032312 0323__
2849 17 043423 0434__
2849 19 043412 0434__
2849 21 043423 0434__
2849 23 043401 0434__
2849 25 043423 0434__
2849 27 043412 0434__
2849 29 043423 0434__
2851 9 032312 0323__
2851 17 043423 0434__
2851 19 043412 0434__
2858 1 0101 0111
2858 4 0101 0111
2858 9 0101 0111
2858 10 0101 0111
2858 19 0101 0111
2858 20 0101 0111
2858 21 0101 0111
2858 22 0101 0111
2956 8 032312 0323__
2956 12 032312 0323__
2956 16 043423 0434__
2956 18 043412 0434__
2956 20 043423 0434__
2956 24 043423 0434__
2956 26 043412 0434__
2956 28 043423 0434__
2957 9 032312 0323__
2957 13 032312 0323__
2957 17 043423 0434__
2957 19 043412 0434__
2957 21 043423 0434__
2957 25 043423 0434__
2957 27 043412 0434__
2957 29 043423 0434__
2959 17 043423 0434__
2959 25 043423 0434__
2966 3 0212 0222
2966 5 0212 0222
2966 8 0212 0222
2966 12 0212 0222
2966 17 0212 0222
2966 18 0212 0222
2966 25 0212 0222
2966 26 0212 0222
3010 4 021201 0212__
3010 8 032312 0323__
3010 10 032301 0323__
3010 12 032312 0323__
3010 16 043423 0434__
3010 18 043412 0434__
3010 20 043423 0434__
3010 22 043401 0434__
3010 24 043423 0434__
3010 26 043412 0434__
3010 28 043423 0434__
3011 5 021201 0212__
3011 9 032312 0323__
3011 11 032301 0323__
3011 13 032312 0323__
3011 17 043423 0434__
3011 19 043412 0434__
3011 21 043423 0434__
3011 23 043401 0434__
3011 25 043423 0434__
3011 27 043412 0434__
3011 29 043423 0434__
3013 9 032312 0323__
3013 17 043423 0434__
3013 19 043412 0434__
3013 25 143423 1434__
3020 1 0101 0111
3020 4 0101 0111
3020 9 0101 0111
3020 10 0101 0111
3020 19 0101 0111
3020 20 0101 0111
3020 21 0101 0111
3020 22 0101 0111
3064 8 032312 0323__
3064 16 043423 0434__
3064 18 043412 0434__
3064 20 043423 0434__
3064 24 143423 1434__
3065 9 032312 0323__
3065 17 043423 0434__
3065 19 043412 0434__
3065 21 043423 0434__
3065 25 143423 1434__
3067 17 043423 0434__
3074 3 0212 0222
3074 8 0212 0222
3074 11 1323 1333
3074 17 0212 0222
3074 18 0212 0222
3074 24 1323 1333
3074 27 2434 2444
3118 12 032312 0323__
3118 20 143423 1434__
3118 24 043423 0434__
3118 26 043412 0434__
3118 28 043423 0434__
3119 13 032312 0323__
3119 21 143423 1434__
3119 25 043423 0434__
3119 27 043412 0434__
3119 29 043423 0434__
3121 25 043423 0434__
3128 5 0212 0222
3128 9 1323 1333
3128 12 0212 0222
3128 17 2434 2444
3128 20 1323 1333
3128 25 0212 0222
3128 26 0212 0222
3172 8 032312 0323__
3172 12 032312 0323__
3172 16 043423 0434__
3172 18 043412 0434__
3172 20 043423 0434__
3172 24 043423 0434__
3172 26 043412 0434__
3172 28 043423 0434__
3173 9 032312 0323__
3173 13 032312 0323__
3173 17 043423 0434__
3173 19 043412 0434__
3173 21 043423 0434__
3173 25 043423 0434__
3173 27 043412 0434__
3173 29 043423 0434__
3175 17 043423 0434__
3175 25 043423 0434__
3182 3 0212 0222
3182 5 0212 0222
3182 8 0212 0222
3182 12 0212 0222
3182 17 0212 0222
3182 18 0212 0222
3182 25 0212 0222
3182 26 0212 0222
3226 12 032312 0323__
3226 20 043423 0434__
3226 24 043423 0434__
3226 26 043412 0434__
3226 28 043423 0434__
3227 5 021201 0212__
3227 9 032312 0323__
3227 11 032301 0323__
3227 13 032312 0323__
3227 17 043423 0434__
3227 19 043412 0434__
3227 21 043423 0434__
3227 23 043401 0434__
3227 25 043423 0434__
3227 27 043412 0434__
3227 29 043423 0434__
3229 9 032312 0323__
3229 17 043423 0434__
3229 19 043412 0434__
3229 25 143423 1434__
3243 5 22 11
3280 20 043423 0434__
3281 9 032312 0323__
3281 17 043423 0434__
3281 19 043412 0434__
3281 21 043423 0434__
3281 25 143423 1434__
3283 17 043423 0434__
3334 8 032312 0323__
3334 12 032312 0323__
3334 16 043423 0434__
3334 18 043412 0434__
3334 20 043423 0434__
3334 24 043423 0434__
3334 26 043412 0434__
3334 28 043423 0434__
3335 5 021201 0212__
3335 9 032312 0323__
3335 11 032301 0323__
3335 13 032312 0323__
3335 17 043423 0434__
3335 19 043412 0434__
3335 21 043423 0434__
3335 23 043401 0434__
3335 25 043423 0434__
3335 27 043412 0434__
3335 29 043423 0434__
3337 9 032312 0323__
3337 17 043423 0434__
3337 19 043412 0434__
3337 25 143423 1434__
3344 3 0212 0222
3344 8 0212 0222
3344 17 0212 0222
3344 18 0212 0222
3388 4 021201 0212__
3388 8 032312 0323__
3388 10 032301 0323__
3388 12 032312 0323__
3388 16 043423 0434__
3388 18 043412 0434__
3388 20 043423 0434__
3388 22 043401 0434__
3388 24 043423 0434__
3388 26 043412 0434__
3388 28 043423 0434__
3389 9 032312 0323__
3389 17 043423 0434__
3389 19 043412 0434__
3389 21 043423 0434__
3389 25 043423 0434__
3391 9 032312 0323__
3391 17 043423 0434__
3391 19 043412 0434__
3391 25 043423 0434__
3398 1 0101 0111
3398 4 0101 0111
3398 5 0212 0222
3398 9 0101 0111
3398 10 0101 0111
3398 12 0212 0222
3398 13 0323 0333
3398 19 0101 0111
3398 20 0101 0111
3398 21 0101 0111
3398 22 0101 0111
3398 25 0212 0222
3398 26 0212 0222
3398 28 0323 0333
3398 29 0434 0444
3405 4 22 11
3496 8 03012312 030123__
3496 16 04013423 040134__
3496 18 04013412 040134__
3496 20 04013423 040134__
3496 24 14123423 141234__
3497 9 03012312 030123__
3497 17 04013423 040134__
3497 19 04013412 040134__
3497 21 04013423 040134__
3497 25 14123423 141234__
3499 17 04013423 040134__
3506 3 020112 020122
3506 8 020112 020122
3506 11 131223 131233
3506 17 020112 020122
3506 18 020112 020122
3506 24 131223 131233
3506 27 242334 242344
3550 12 03012312 030123__
3550 20 14123423 141234__
3550 24 04013423 040134__
3550 26 04013412 040134__
3550 28 04013423 040134__
3551 13 03012312 030123__
3551 21 14123423 141234__
3551 25 04013423 040134__
3551 27 04013412 040134__
3551 29 04013423 040134__
3553 25 04013423 040134__
3560 5 020112 020122
3560 9 131223 131233
3560 12 020112 020122
3560 17 242334 242344
3560 20 131223 131233
3560 25 020112 020122
3560 26 020112 020122
3604 12 03002312 030023__
3604 20 04013423 040134__
3604 24 04003423 040034__
3604 26 04003412 040034__
3604 28 04003423 040034__
3605 5 02001201 020012__
3605 9 03012312 030123__
3605 11 03002301 030023__
3605 13 03002312 030023__
3605 17 04023423 040234__
3605 19 04013412 040134__
3605 21 04013423 040134__
3605 23 04003401 040034__
3605 25 04003423 040034__
3605 27 04003412 040034__
3605 29 04003423 040034__
3607 9 03002312 030023__
3607 17 04013423 040134__
3607 19 04003412 040034__
3607 25 14113423 141134__
3658 20 04013423 040134__
3659 9 03012312 030123__
3659 17 04023423 040234__
3659 19 04013412 040134__
3659 21 04013423 040134__
3659 25 14123423 141234__
3661 17 04013423 040134__
3712 8 03012312 030123__
3712 12 03002312 030023__
3712 16 04013423 040134__
3712 18 04013412 040134__
3712 20 04013423 040134__
3712 24 04003423 040034__
3712 26 04003412 040034__
3712 28 04003423 040034__
3713 5 02001201 020012__
3713 9 03012312 030123__
3713 11 03002301 030023__
3713 13 03002312 030023__
3713 17 04013423 040134__
3713 19 04013412 040134__
3713 21 04013423 040134__
3713 23 04003401 040034__
3713 25 04003423 040034__
3713 27 04003412 040034__
3713 29 04003423 040034__
3715 9 03002312 030023__
3715 17 04013423 040134__
3715 19 04003412 040034__
3715 25 14113423 141134__
3722 3 020112 020122
3722 8 020112 020122
3722 17 020112 020122
3722 18 020112 020122
3766 8 03012312 030123__
3766 12 03012312 030123__
3766 16 04013423 040134__
3766 18 04013412 040134__
3766 20 04013423 040134__
3766 24 04013423 040134__
3766 26 04013412 040134__
3766 28 04013423 040134__
3767 9 03012312 030123__
3767 13 03012312 030123__
3767 17 04013423 040134__
3767 19 04013412 040134__
3767 21 04013423 040134__
3767 25 04013423 040134__
3767 27 04013412 040134__
3767 29 04013423 040134__
3769 17 04013423 040134__
3769 25 04013423 040134__
3776 3 020112 020122
3776 5 020112 020122
3776 8 020112 020122
3776 12 020112 020122
3776 17 020112 020122
3776 18 020112 020122
3776 25 020112 020122
3776 26 020112 020122
3874 8 03012312 030123__
3874 12 03012312 030123__
3874 16 04013423 040134__
3874 18 04013412 040134__
3874 20 04013423 040134__
3874 24 04013423 040134__
3874 26 04013412 040134__
3874 28 04013423 040134__
3875 9 03012312 030123__
3875 13 03012312 030123__
3875 17 04013423 040134__
3875 19 04013412 040134__
3875 21 04013423 040134__
3875 25 04013423 040134__
3875 27 04013412 040134__
3875 29 04013423 040134__
3877 17 04013423 040134__
3877 25 04013423 040134__
3884 3 020112 020122
3884 5 020112 020122
3884 8 020112 020122
3884 12 020112 020122
3884 17 020112 020122
3884 18 020112 020122
3884 25 020112 020122
3884 26 020112 020122
3901 4 0201 0202
3901 9 0201 0202
3901 10 0301 0302
3901 12 1312 1313
3901 19 0201 0202
3901 20 0201 0202
3901 21 0301 0302
3901 22 0401 0402
3901 25 1312 1313
3901 26 1412 1413
3901 28 2423 2424
3902 4 0201 0202
3902 9 0301 0302
3902 10 0301 0302
3902 12 1312 1313
3902 19 0401 0402
3902 20 0401 0402
3902 21 0401 0402
3902 22 0401 0402
3902 25 1412 1413
3902 26 1412 1413
3902 28 2423 2424
3909 4 020112 020222
3909 9 030113 030223
3909 10 030113 030223
3909 12 131223 131333
3909 19 040114 040224
3909 20 040114 040224
3909 21 040114 040224
3909 22 040114 040224
3909 25 141224 141334
3909 26 141224 141334
3909 28 242334 242444
3913 4 020112 020222
3913 12 131223 131333
3913 28 242334 242444
3914 4 020112 020222
3914 10 030113 030223
3914 12 131223 131333
3914 21 030113 030223
3914 22 040114 040224
3914 26 141224 141334
3914 28 242334 242444
3921 4 020112 0202__
3921 9 030123 030223
3921 10 030123 030223
3921 12 131223 1313__
3921 19 040134 040234
3921 20 040134 040234
3921 21 040134 040234
3921 22 040134 040234
3921 25 141234 141334
3921 26 141234 141334
3921 28 242334 2424__
3925 9 030123 030223
3925 10 030123 030223
3925 19 040134 040234
3925 20 040134 040234
3925 21 040134 040234
3925 22 040134 040234
3925 25 141234 141334
3925 26 141234 141334
3926 4 020112 020222
3926 9 030123 030223
3926 10 030123 030223
3926 12 131223 131333
3926 19 040124 040224
3926 20 040134 040234
3926 21 040134 040234
3926 22 040134 040234
3926 25 141234 141334
3926 26 141234 141334
3926 28 242334 242444
3928 4 020112__ 0202____
3928 8 03012312 030123__
3928 9 03012323 03022323
3928 10 030123__ 030223__
3928 12 131223__ 1313____
3928 16 04013423 040134__
3928 18 04013412 040134__
3928 19 04013434 04023434
3928 20 04013423 040234__
3928 21 04013434 04023434
3928 22 040134__ 040234__
3928 24 14123423 141234__
3928 25 14123434 14133434
3928 26 141234__ 141334__
3928 28 242334__ 2424____
3929 4 02011212 0202____
3929 9 03012312 030223__
3929 10 03012323 03022323
3929 12 13122323 1313____
3929 17 04013423 040134__
3929 19 04013412 040234__
3929 20 04013434 04023434
3929 21 04013423 040234__
3929 22 04013434 04023434
3929 25 14123423 141334__
3929 26 14123434 14133434
3929 28 24233434 2424____
3930 4 02011211 0202____
3930 9 02011211 0202____
3930 10 03012322 03022322
3930 12 13122322 1313____
3930 19 02011211 0202____
3930 20 04012423 04022423
3930 21 03012322 03022322
3930 22 04013433 04023433
3930 25 13122322 1313____
3930 26 14123433 14133433
3930 28 24233433 2424____
3931 17 04013423 040134__
3937 9 030123 030223
3937 10 030123 030223
3937 25 141234 141334
3937 26 141234 141334
3938 3 020112 020122
3938 8 020112 020122
3938 9 030223 030233
3938 11 131223 131233
3938 17 020112 020122
3938 18 020112 020122
3938 20 030223 030233
3938 24 131223 131233
3938 25 141334 141344
3938 27 242334 242344
3982 8 03012312 030123__
3982 16 04013423 040134__
3982 18 04013412 040134__
3982 20 04023423 040234__
3982 24 14123423 141234__
3983 17 04013423 040134__
3983 21 04023423 040234__
3985 17 04013423 040134__
3992 3 020112 020122
3992 8 020112 020122
3992 9 030223 030233
3992 11 131223 131233
3992 17 020112 020122
3992 18 020112 020122
3992 20 030223 030233
3992 24 131223 131233
3992 25 141334 141344
3992 27 242334 242344
4009 2 0100 0101
4009 5 0100 0101
4009 6 0200 0201
4009 11 0100 0101
4009 12 0100 0101
4009 13 0200 0201
4009 14 0300 0301
4009 23 0100 0101
4009 24 0100 0101
4009 25 0100 0101
4009 26 0100 0101
4009 27 0200 0201
4009 28 0200 0201
4009 29 0300 0301
4009 30 0400 0401
4010 2 0100 0101
4010 5 0200 0201
4010 6 0200 0201
4010 11 0300 0301
4010 12 0300 0301
4010 13 0300 0301
4010 14 0300 0301
4010 23 0400 0401
4010 24 0400 0401
4010 25 0400 0401
4010 26 0400 0401
4010 27 0400 0401
4010 28 0400 0401
4010 29 0400 0401
4010 30 0400 0401
4017 2 010001 010111
4017 5 020002 020112
4017 6 020002 020112
4017 11 030003 030113
4017 12 030003 030113
4017 13 030003 030113
4017 14 030003 030113
4017 23 040004 040114
4017 24 040004 040114
4017 25 040004 040114
4017 26 040004 040114
4017 27 040004 040114
4017 28 040004 040114
4017 29 040004 040114
4017 30 040004 040114
4021 2 010001 010111
4022 2 010001 010111
4022 6 020002 020112
4022 13 020002 020112
4022 14 030003 030113
4022 27 020002 020112
4022 28 020002 020112
4022 29 030003 030113
4022 30 040004 040114
4029 2 010001 0101__
4029 5 020012 020112
4029 6 020012 020112
4029 11 030023 030123
4029 12 030023 030123
4029 13 030023 030123
4029 14 030023 030123
4029 23 040034 040134
4029 24 040034 040134
4029 25 040034 040134
4029 26 040034 040134
4029 27 040034 040134
4029 28 040034 040134
4029 29 040034 040134
4029 30 040034 040134
4033 5 020012 020112
4033 6 020012 020112
4033 11 030023 030123
4033 12 030023 030123
4033 13 030023 030123
4033 14 030023 030123
4033 23 040034 040134
4033 24 040034 040134
4033 25 040034 040134
4033 26 040034 040134
4033 27 040034 040134
4033 28 040034 040134
4033 29 040034 040134
4033 30 040034 040134
4034 2 010001 010111
4034 5 020012 020112
4034 6 020012 020112
4034 11 030013 030113
4034 12 030023 030123
4034 13 030023 030123
4034 14 030023 030123
4034 23 040014 040114
4034 24 040034 040134
4034 25 040034 040134
4034 26 040034 040134
4034 27 040024 040124
4034 28 040034 040134
4034 29 040034 040134
4034 30 040034 040134
4036 2 010001__ 0101____
4036 5 02001212 02011212
4036 6 020012__ 020112__
4036 11 03002323 03012323
4036 12 03002312 030123__
4036 13 03002323 03012323
4036 14 030023__ 030123__
4036 20 04013423 040134__
4036 23 04003434 04013434
4036 24 04003423 040134__
4036 25 04003434 04013434
4036 26 04003412 040134__
4036 27 04003434 04013434
4036 28 04003423 040134__
4036 29 04003434 04013434
4036 30 040034__ 040134__
4037 2 01000101 0101____
4037 5 02001201 020112__
4037 6 02001212 02011212
4037 9 03012312 030123__
4037 11 03002301 030123__
4037 12 03002323 03012323
4037 13 03002312 030123__
4037 14 03002323 03012323
4037 17 04023423 040234__
4037 19 04013412 040134__
4037 21 04013423 040134__
4037 23 04003401 040134__
4037 24 04003434 04013434
4037 25 04003423 040134__
4037 26 04003434 04013434
4037 27 04003412 040134__
4037 28 04003434 04013434
4037 29 04003423 040134__
4037 30 04003434 04013434
4038 2 01000100 0101____
4038 5 01000100 0101____
4038 6 02001211 02011211
4038 11 01000100 0101____
4038 12 03001312 03011312
4038 13 02001211 02011211
4038 14 03002322 03012322
4038 23 01000100 0101____
4038 24 04001413 04011413
4038 25 03001312 03011312
4038 26 04003433 04013433
4038 27 02001211 02011211
4038 28 04002423 04012423
4038 29 03002322 03012322
4038 30 04003433 04013433
4039 9 03002312 030023__
4039 17 04013423 040134__
4039 19 04003412 040034__
4039 25 04013423 040134__
4045 5 020012 020112
4045 6 020012 020112
4046 5 020112 020122
4046 12 020112 020122
4046 25 020112 020122
4046 26 020112 020122
4090 8 03012312 030123__
4090 12 03012312 030123__
4090 16 04013423 040134__
4090 18 04013412 040134__
4090 20 04013423 040134__
4090 24 04013423 040134__
4090 26 04013412 040134__
4090 28 04023423 040234__
4091 9 03012312 030123__
4091 17 04013423 040134__
4091 19 04013412 040134__
4091 21 04013423 040134__
4091 25 04013423 040134__
4093 9 03002312 030023__
4093 17 04013423 040134__
4093 19 04003412 040034__
4093 25 04013423 040134__
4100 3 020112 020122
4100 5 020112 020122
4100 8 020112 020122
4100 12 020112 020122
4100 13 030223 030233
4100 17 020112 020122
4100 18 020112 020122
4100 25 020112 020122
4100 26 020112 020122
4100 28 030223 030233
4100 29 040334 040344
4144 8 03012312 030123__
4144 12 03002312 030023__
4144 16 04013423 040134__
4144 18 04013412 040134__
4144 20 04013423 040134__
4144 24 04003423 040034__
4144 26 04003412 040034__
4144 28 04003423 040034__
4145 5 02001201 020012__
4145 9 03012312 030123__
4145 11 03002301 030023__
4145 13 03002312 030023__
4145 17 04013423 040134__
4145 19 04013412 040134__
4145 21 04013423 040134__
4145 23 04003401 040034__
4145 25 04003423 040034__
4145 27 04003412 040034__
4145 29 04003423 040034__
4147 9 03002312 030023__
4147 17 04013423 040134__
4147 19 04003412 040034__
4147 25 14113423 141134__
4154 3 020112 020122
4154 8 020112 020122
4154 17 020112 020122
4154 18 020112 020122
4198 8 03012312 030123__
4198 12 03002312 030023__
4198 16 04013423 040134__
4198 18 04013412 040134__
4198 20 04013423 040134__
4198 24 04003423 040034__
4198 26 04003412 040034__
4198 28 04003423 040034__
4199 5 02001201 020012__
4199 9 03012312 030123__
4199 11 03002301 030023__
4199 13 03002312 030023__
4199 17 04013423 040134__
4199 19 04013412 040134__
4199 21 04013423 040134__
4199 23 04003401 040034__
4199 25 04003423 040034__
4199 27 04003412 040034__
4199 29 04003423 040034__
4201 9 03002312 030023__
4201 17 04013423 040134__
4201 19 04003412 040034__
4201 25 14113423 141134__
4208 3 020112 020122
4208 8 020112 020122
4208 17 020112 020122
4208 18 020112 020122
4252 4 02001201 020012__
4252 8 03002312 030023__
4252 10 03002301 030023__
4252 12 03002312 030023__
4252 16 04003423 040034__
4252 18 04003412 040034__
4252 20 04003423 040034__
4252 22 04003401 040034__
4252 24 04003423 040034__
4252 26 04003412 040034__
4252 28 04003423 040034__
4253 5 02001201 020012__
4253 9 03002312 030023__
4253 11 03002301 030023__
4253 13 03002312 030023__
4253 17 04003423 040034__
4253 19 04003412 040034__
4253 21 04003423 040034__
4253 23 04003401 040034__
4253 25 04003423 040034__
4253 27 04003412 040034__
4253 29 04003423 040034__
4255 9 03002312 030023__
4255 17 04003423 040034__
4255 19 04003412 040034__
4255 25 14113423 141134__
4262 1 010001 010011
4262 4 010001 010011
4262 9 010001 010011
4262 10 010001 010011
4262 19 010001 010011
4262 20 010001 010011
4262 21 010001 010011
4262 22 010001 010011
4306 12 03__2312 03__23__
4306 20 04013423 040134__
4306 24 04__3423 04__34__
4306 26 04__3412 04__34__
4306 28 04__3423 04__34__
4307 5 02__1201 02__12__
4307 9 03012312 030123__
4307 11 03__2301 03__23__
4307 13 03__2312 03__23__
4307 17 04123423 041234__
4307 19 04013412 040134__
4307 21 04013423 040134__
4307 23 04__3401 04__34__
4307 25 04__3423 04__34__
4307 27 04__3412 04__34__
4307 29 04__3423 04__34__
4309 9 03__2312 03__23__
4309 17 04013423 040134__
4309 19 04__3412 04__34__
4309 25 14__3423 14__34__
4360 12 03002312 030023__
4360 20 04013423 040134__
4360 24 04003423 040034__
4360 26 04003412 040034__
4360 28 04003423 040034__
4361 5 02001201 020012__
4361 9 03012312 030123__
4361 11 03002301 030023__
4361 13 03002312 030023__
4361 17 04023423 040234__
4361 19 04013412 040134__
4361 21 04013423 040134__
4361 23 04003401 040034__
4361 25 04003423 040034__
4361 27 04003412 040034__
4361 29 04003423 040034__
4363 9 03002312 030023__
4363 17 04013423 040134__
4363 19 04003412 040034__
4363 25 14113423 141134__
4375 1 0100 0000
4375 4 0100 0000
4375 7 030-1 0312
4375 9 0100 0000
4375 10 0100 0000
4375 15 0402 0423
4375 16 030-1 0312
4375 19 0100 0000
4375 20 0100 0000
4375 21 0100 0000
4375 22 0100 0000
4377 5 2222 1111
4414 12 03__2312 03__23__
4414 20 04013423 040134__
4414 24 04__3423 04__34__
4414 26 04__3412 04__34__
4414 28 04__3423 04__34__
4415 5 02__1201 02__12__
4415 9 03012312 030123__
4415 11 03__2301 03__23__
4415 13 03__2312 03__23__
4415 17 04023423 040234__
4415 19 04013412 040134__
4415 21 04013423 040134__
4415 23 04__3401 04__34__
4415 25 04__3423 04__34__
4415 27 04__3412 04__34__
4415 29 04__3423 04__34__
4417 9 03__2312 03__23__
4417 17 04013423 040134__
4417 19 04__3412 04__34__
4417 25 14__3423 14__34__
4495 4 0201 0202
4495 8 0312 0313
4495 10 0301 0302
4495 16 0423 0424
4495 18 0412 0413
4495 20 0423 0424
4495 21 0301 0302
4495 22 0401 0402
4496 4 0201 0202
4496 8 0312 0313
4496 9 0301 0323
4496 10 0301 0302
4496 16 0423 0424
4496 17 0412 0434
4496 18 0412 0413
4496 19 0401 0434
4496 20 0401 0424
4496 21 0401 0402
4496 22 0401 0402
4503 4 020112 020222
4503 8 031223 031333
4503 9 030113 032333
4503 10 030113 030223
4503 16 042334 042444
4503 17 041224 043444
4503 18 041224 041334
4503 19 040114 043444
4503 20 040114 042444
4503 21 040114 040224
4503 22 040114 040224
4507 4 020112 020222
4507 8 031223 031333
4507 16 042334 042444
4507 20 042334 042444
4508 4 020112 020222
4508 8 031223 031333
4508 10 030113 030223
4508 16 042334 042444
4508 18 041224 041334
4508 20 042334 042444
4508 21 030113 030223
4508 22 040114 040224
4515 4 020112 0202__
4515 8 031223 0313__
4515 9 030123 0323__
4515 10 030123 030223
4515 16 042334 0424__
4515 17 041234 0434__
4515 18 041234 041334
4515 19 040134 0434__
4515 20 040134 0424__
4515 21 040134 040234
4515 22 040134 040234
4519 9 030123 030223
4519 10 030123 030223
4519 17 041234 041334
4519 18 041234 041334
4519 19 040134 042334
4519 20 040134 042334
4519 21 040134 040234
4519 22 040134 040234
4520 4 020112 020222
4520 8 031223 031333
4520 9 030123 032333
4520 10 030123 030223
4520 16 042334 042444
4520 17 041234 043444
4520 18 041234 041334
4520 19 040124 043444
4520 20 040134 042444
4520 21 040134 040234
4520 22 040134 040234
4522 4 020112__ 0202____
4522 8 031223__ 0313____
4522 9 03012323 0323____
4522 10 030123__ 030223__
4522 12 03__2312 03__23__
4522 16 042334__ 0424____
4522 17 04123434 0434____
4522 18 041234__ 041334__
4522 19 04013434 0434____
4522 20 04013423 0424____
4522 21 04013434 04023434
4522 22 040134__ 040234__
4522 24 04__3423 04__34__
4522 26 04__3412 04__34__
4522 28 04__3423 04__34__
4523 4 02011212 0202____
4523 5 02__1201 02__12__
4523 8 03122323 0313____
4523 9 03012312 0323____
4523 10 03012323 03022323
4523 11 03__2301 03__23__
4523 13 03__2312 03__23__
4523 16 04233434 0424____
4523 17 04123423 0434____
4523 18 04123434 04133434
4523 19 04013412 0434____
4523 20 04013434 0424____
4523 21 04013423 040234__
4523 22 04013434 04023434
4523 23 04__3401 04__34__
4523 25 04__3423 04__34__
4523 27 04__3412 04__34__
4523 29 04__3423 04__34__
4524 4 02011211 0202____
4524 8 03122322 0313____
4524 10 03012322 03022322
4524 16 04233433 0424____
4524 18 04123433 04133433
4524 20 04012423 0424____
4524 21 03012322 03022322
4524 22 04013433 04023433
4531 9 030123 030223
4531 10 030123 030223
4531 17 041234 041334
4531 18 041234 041334
4576 12 03__2312 03__23__
4576 24 04__3423 04__34__
4576 26 04__3412 04__34__
4576 28 04__3423 04__34__
4577 5 02__1201 02__12__
4577 11 03__2301 03__23__
4577 13 03__2312 03__23__
4577 21 04023423 040234__
4577 23 04__3401 04__34__
4577 25 04__3423 04__34__
4577 27 04__3412 04__34__
4577 29 04__3423 04__34__
4630 12 03002312 030023__
4630 20 04013423 040134__
4630 24 04003423 040034__
4630 26 04003412 040034__
4630 28 04003423 040034__
4631 5 02001201 020012__
4631 9 03012312 030123__
4631 11 03002301 030023__
4631 13 03002312 030023__
4631 17 04023423 040234__
4631 19 04013412 040134__
4631 21 04013423 040134__
4631 23 04003401 040034__
4631 25 04003423 040034__
4631 27 04003412 040034__
4631 29 04003423 040034__
4633 9 03002312 030023__
4633 17 04013423 040134__
4633 19 04003412 040034__
4633 25 14113423 141134__
4645 7 0201 0312
4645 15 0402 0423
4645 16 0201 0312
4711 2 0100 0101
4711 6 0200 0212
4711 10 0312 0323
4711 14 0300 0323
4711 18 0423 0434
4711 22 0412 0434
4711 26 0423 0434
4711 30 0400 0434
4712 2 0100 0101
4712 5 0200 0212
4712 6 0200 0212
4712 10 0312 0323
4712 11 0300 0313
4712 12 0300 0323
4712 13 0300 0323
4712 14 0300 0323
4712 18 0423 0434
4712 21 0412 0434
4712 22 0412 0434
4712 23 0400 0414
4712 24 0400 0434
4712 25 0400 0434
4712 26 0400 0434
4712 27 0400 0424
4712 28 0400 0434
4712 29 0400 0434
4712 30 0400 0434
4719 2 010001 010111
4719 5 020002 021222
4719 6 020002 021222
4719 10 031223 032333
4719 11 030003 031333
4719 12 030003 032333
4719 13 030003 032333
4719 14 030003 032333
4719 18 042334 043444
4719 21 041224 043444
4719 22 041224 043444
4719 23 040004 041444
4719 24 040004 043444
4719 25 040004 043444
4719 26 040004 043444
4719 27 040004 042444
4719 28 040004 043444
4719 29 040004 043444
4719 30 040004 043444
4723 2 010001 010111
4723 6 020112 021222
4723 10 031223 032333
4723 14 031223 032333
4723 18 042334 043444
4723 22 042334 043444
4723 26 042334 043444
4723 30 042334 043444
4724 2 010001 010111
4724 6 020002 021222
4724 10 031223 032333
4724 14 030003 032333
4724 18 042334 043444
4724 22 041224 043444
4724 26 042334 043444
4724 30 040004 043444
4731 2 010001 0101__
4731 5 020012 0212__
4731 6 020012 0212__
4731 10 031223 0323__
4731 11 030023 0313__
4731 12 030023 0323__
4731 13 030023 0323__
4731 14 030023 0323__
4731 18 042334 0434__
4731 21 041234 0434__
4731 22 041234 0434__
4731 23 040034 0414__
4731 24 040034 0434__
4731 25 040034 0434__
4731 26 040034 0434__
4731 27 040034 0424__
4731 28 040034 0434__
4731 29 040034 0434__
4731 30 040034 0434__
4735 5 020012 020112
4735 6 020012 020112
4735 11 030023 031223
4735 12 030023 031223
4735 13 030023 031223
4735 14 030023 031223
4735 21 041234 042334
4735 22 041234 042334
4735 23 040034 041334
4735 24 040034 041334
4735 25 040034 042334
4735 26 040034 042334
4735 27 040034 042334
4735 28 040034 042334
4735 29 040034 042334
4735 30 040034 042334
4736 2 010001 010111
4736 5 020012 021222
4736 6 020012 021222
4736 10 031223 032333
4736 11 030013 031333
4736 12 030023 032333
4736 13 030023 032333
4736 14 030023 032333
4736 18 042334 043444
4736 21 041234 043444
4736 22 041234 043444
4736 23 040014 041444
4736 24 040034 043444
4736 25 040034 043444
4736 26 040034 043444
4736 27 040024 042444
4736 28 040034 043444
4736 29 040034 043444
4736 30 040034 043444
4738 2 010001__ 0101____
4738 5 02001212 0212____
4738 6 020012__ 0212____
4738 10 031223__ 0323____
4738 11 03002323 0313____
4738 12 03002312 0323____
4738 13 03002323 0323____
4738 14 030023__ 0323____
4738 18 042334__ 0434____
4738 21 04123434 0434____
4738 22 041234__ 0434____
4738 23 04003434 0414____
4738 24 04003423 0434____
4738 25 04003434 0434____
4738 26 04003412 0434____
4738 27 04003434 0424____
4738 28 04003423 0434____
4738 29 04003434 0434____
4738 30 040034__ 0434____
4739 2 01000101 0101____
4739 5 02001201 0212____
4739 6 02001212 0212____
4739 10 03122323 0323____
4739 11 03002301 0313____
4739 12 03002323 0323____
4739 13 03002312 0323____
4739 14 03002323 0323____
4739 18 04233434 0434____
4739 21 04123423 0434____
4739 22 04123434 0434____
4739 23 04003401 0414____
4739 24 04003434 0434____
4739 25 04003423 0434____
4739 26 04003434 0434____
4739 27 04003412 0424____
4739 28 04003434 0434____
4739 29 04003423 0434____
4739 30 04003434 0434____
4740 2 01000100 0101____
4740 6 02001211 0212____
4740 10 03122322 0323____
4740 12 03001312 0323____
4740 14 03002322 0323____
4740 18 04233433 0434____
4740 22 04123433 0434____
4740 24 04001413 0434____
4740 26 04003433 0434____
4740 28 04002423 0434____
4740 30 04003433 0434____
4747 5 020012 020112
4747 6 020012 020112
4747 13 030123 031223
4747 14 030123 031223
4747 21 041234 042334
4747 22 041234 042334
4747 29 041234 042334
4747 30 041234 042334
4753 1 0100 0000
4753 2 0100 0000
4753 4 0212 0000
4753 5 0200 0000
4753 6 0200 0201
4753 7 030-1 0312
4753 8 0323 0201
4753 9 0312 0000
4753 11 0300 0312
4753 12 0300 0000
4753 13 0300 0201
4753 14 0300 0312
4753 15 0402 0423
4753 16 0434 0312
4753 17 0423 0201
4753 20 0434 0000
4753 21 0412 0312
4753 22 0412 0423
4753 23 0400 0423
4753 24 0400 0312
4753 25 0400 0000
4753 26 0400 0423
4753 27 0400 0423
4753 28 0400 0201
4753 29 0400 0312
4753 30 0400 0423
4792 8 0301012312 03010123__
4792 12 0301__2312 0301__23__
4792 16 0401013423 04010134__
4792 18 0401013412 04010134__
4792 20 0401013423 04010134__
4792 24 0401__3423 0401__34__
4792 26 0401__3412 0401__34__
4792 28 0401__3423 0401__34__
4793 9 0301012312 03010123__
4793 13 0301__2312 0301__23__
4793 17 0401013423 04010134__
4793 19 0401013412 04010134__
4793 21 0401013423 04010134__
4793 25 0401__3423 0401__34__
4793 27 0401__3412 0401__34__
4793 29 0401__3423 0401__34__
4795 17 0401013423 04010134__
4795 25 0401__3423 0401__34__
4802 3 02010112 02010122
4802 5 0201__12 0201__22
4802 8 02010112 02010122
4802 12 0201__12 0201__22
4802 17 02010112 02010122
4802 18 02010112 02010122
4802 25 0201__12 0201__22
4802 26 0201__12 0201__22
4813 9 031201 0312__
4813 17 042312 0423__
4813 20 031201 0312__
4813 21 042301 0423__
4813 25 042312 0423__
4814 10 031201 0312__
4814 18 042312 0423__
4814 21 031201 0312__
4814 22 042301 0423__
4814 26 042312 0423__
4815 9 031201 0312__
4815 10 031201 0312__
4815 17 042312 0423__
4815 18 042312 0423__
4815 21 042301 0423__
4815 22 042301 0423__
4815 25 042312 0423__
4815 26 042312 0423__
4816 4 021201 0212__
4816 8 032312 0323__
4816 10 032301 0323__
4816 12 032312 0323__
4816 16 043423 0434__
4816 18 043412 0434__
4816 20 043423 0434__
4816 22 043401 0434__
4816 24 043423 0434__
4816 26 043412 0434__
4816 28 043423 0434__
4817 9 031201 0312__
4817 17 042312 0423__
4817 20 031201 0312__
4817 21 042301 0423__
4817 25 042312 0423__
4818 4 021201 0212__
4818 8 032312 0323__
4818 10 032301 0323__
4818 12 032312 0323__
4818 16 043423 0434__
4818 18 043412 0434__
4818 20 043423 0434__
4818 22 043401 0434__
4818 24 043423 0434__
4818 26 043412 0434__
4818 28 043423 0434__
4819 4 021201 0212__
4819 8 032312 0323__
4819 10 032301 0323__
4819 12 032312 0323__
4819 16 043423 0434__
4819 18 043412 0434__
4819 20 043423 0434__
4819 22 043401 0434__
4819 24 043423 0434__
4819 26 043412 0434__
4819 28 043423 0434__
4820 4 021201 0212__
4820 8 032312 0323__
4820 10 032301 0323__
4820 12 032312 0323__
4820 16 043423 0434__
4820 18 043412 0434__
4820 20 043423 0434__
4820 22 043401 0434__
4820 24 043423 0434__
4820 26 043412 0434__
4820 28 043423 0434__
4821 9 03120123 0312__23
4821 17 04231234 0423__34
4821 20 03120123 0312__23
4821 21 04230134 0423__34
4821 25 04231234 0423__34
4822 10 03120123 0312__23
4822 18 04231234 0423__34
4822 21 03120123 0312__23
4822 22 04230134 0423__34
4822 26 04231234 0423__34
4823 4 02120122 0212__22
4823 8 03231233 0323__33
4823 10 03230133 0323__33
4823 12 03231233 0323__33
4823 16 04342344 0434__44
4823 18 04341244 0434__44
4823 20 04342344 0434__44
4823 22 04340144 0434__44
4823 24 04342344 0434__44
4823 26 04341244 0434__44
4823 28 04342344 0434__44
4824 9 03120123 0312__23
4824 17 04231234 0423__34
4824 20 03120123 0312__23
4824 21 04230134 0423__34
4824 25 04231234 0423__34
4825 4 02120122 0212__22
4825 8 03231233 0323__33
4825 10 03230133 0323__33
4825 12 03231233 0323__33
4825 16 04342344 0434__44
4825 18 04341244 0434__44
4825 20 04342344 0434__44
4825 22 04340144 0434__44
4825 24 04342344 0434__44
4825 26 04341244 0434__44
4825 28 04342344 0434__44
4826 9 03120123 0312__23
4826 10 03120123 0312__23
4826 17 04231234 0423__34
4826 18 04231234 0423__34
4826 21 04230134 0423__34
4826 22 04230134 0423__34
4826 25 04231234 0423__34
4826 26 04231234 0423__34
4827 4 02120122 0212__22
4827 8 03231233 0323__33
4827 10 03230133 0323__33
4827 12 03231233 0323__33
4827 16 04342344 0434__44
4827 18 04341244 0434__44
4827 20 04342344 0434__44
4827 22 04340144 0434__44
4827 24 04342344 0434__44
4827 26 04341244 0434__44
4827 28 04342344 0434__44
4828 9 03120123 0312__23
4828 10 03120123 0312__23
4828 17 04231234 0423__34
4828 18 04231234 0423__34
4828 21 04230134 0423__34
4828 22 04230134 0423__34
4828 25 04231234 0423__34
4828 26 04231234 0423__34
4829 9 03120123 0312__23
4829 17 04231234 0423__34
4829 20 04120124 0412__24
4829 21 04230134 0423__34
4829 25 04231234 0423__34
4830 9 03120123 0312__23
4830 17 04231234 0423__34
4830 20 04120124 0412__24
4830 21 04230134 0423__34
4830 25 04231234 0423__34
4831 4 02120122 0212__22
4831 8 03231233 0323__33
4831 10 03230133 0323__33
4831 12 03231233 0323__33
4831 16 04342344 0434__44
4831 18 04341244 0434__44
4831 20 04342344 0434__44
4831 22 04340144 0434__44
4831 24 04342344 0434__44
4831 26 04341244 0434__44
4831 28 04342344 0434__44
4832 4 02120122 0212__22
4832 8 03231233 0323__33
4832 10 03230133 0323__33
4832 12 03231233 0323__33
4832 16 04342344 0434__44
4832 18 04341244 0434__44
4832 20 04342344 0434__44
4832 22 04340144 0434__44
4832 24 04342344 0434__44
4832 26 04341244 0434__44
4832 28 04342344 0434__44
4833 4 02120122 0212__22
4833 8 03231233 0323__33
4833 10 03230133 0323__33
4833 12 03231233 0323__33
4833 16 04342344 0434__44
4833 18 04341244 0434__44
4833 20 04342344 0434__44
4833 22 04340144 0434__44
4833 24 04342344 0434__44
4833 26 04341244 0434__44
4833 28 04342344 0434__44
4834 4 02120122 0212__22
4834 8 03231233 0323__33
4834 10 03230133 0323__33
4834 12 03231233 0323__33
4834 16 04342344 0434__44
4834 18 04341244 0434__44
4834 20 04342344 0434__44
4834 22 04340144 0434__44
4834 24 04342344 0434__44
4834 26 04341244 0434__44
4834 28 04342344 0434__44
4835 4 02120122 0212__22
4835 8 03231233 0323__33
4835 10 03230133 0323__33
4835 12 03231233 0323__33
4835 16 04342344 0434__44
4835 18 04341244 0434__44
4835 20 04342344 0434__44
4835 22 04340144 0434__44
4835 24 04342344 0434__44
4835 26 04341244 0434__44
4835 28 04342344 0434__44
4836 4 021201__ 0212____
4836 8 032312__ 0323____
4836 10 032301__ 0323____
4836 12 032312__ 0323____
4836 16 043423__ 0434____
4836 18 043412__ 0434____
4836 20 043423__ 0434____
4836 22 043401__ 0434____
4836 24 043423__ 0434____
4836 26 043412__ 0434____
4836 28 043423__ 0434____
4837 4 02120122 0212__22
4837 8 03231233 0323__33
4837 10 03230133 0323__33
4837 12 03231233 0323__33
4837 16 04342344 0434__44
4837 18 04341244 0434__44
4837 20 04342344 0434__44
4837 22 04340144 0434__44
4837 24 04342344 0434__44
4837 26 04341244 0434__44
4837 28 04342344 0434__44
4838 4 021201__ 0212____
4838 8 032312__ 0323____
4838 10 032301__ 0323____
4838 12 032312__ 0323____
4838 16 043423__ 0434____
4838 18 043412__ 0434____
4838 20 043423__ 0434____
4838 22 043401__ 0434____
4838 24 043423__ 0434____
4838 26 043412__ 0434____
4838 28 043423__ 0434____
4839 4 021201__ 0212____
4839 8 032312__ 0323____
4839 10 032301__ 0323____
4839 12 032312__ 0323____
4839 16 043423__ 0434____
4839 18 043412__ 0434____
4839 20 043423__ 0434____
4839 22 043401__ 0434____
4839 24 043423__ 0434____
4839 26 043412__ 0434____
4839 28 043423__ 0434____
4840 4 021201__ 0212____
4840 8 032312__ 0323____
4840 10 032301__ 0323____
4840 12 032312__ 0323____
4840 16 043423__ 0434____
4840 18 043412__ 0434____
4840 20 043423__ 0434____
4840 22 043401__ 0434____
4840 24 043423__ 0434____
4840 26 043412__ 0434____
4840 28 043423__ 0434____
4841 4 021201__ 0212____
4841 8 032312__ 0323____
4841 10 032301__ 0323____
4841 12 032312__ 0323____
4841 16 043423__ 0434____
4841 18 043412__ 0434____
4841 20 043423__ 0434____
4841 22 043401__ 0434____
4841 24 043423__ 0434____
4841 26 043412__ 0434____
4841 28 043423__ 0434____
4842 4 02120122 0212__22
4842 8 03231233 0323__33
4842 10 03230133 0323__33
4842 12 03231233 0323__33
4842 16 04342344 0434__44
4842 18 04341244 0434__44
4842 20 04342344 0434__44
4842 22 04340144 0434__44
4842 24 04342344 0434__44
4842 26 04341244 0434__44
4842 28 04342344 0434__44
4843 9 03120123 0312__23
4843 10 03120123 0312__23
4843 17 04231234 0423__34
4843 18 04231234 0423__34
4843 21 04230134 0423__34
4843 22 04230134 0423__34
4843 25 04231234 0423__34
4843 26 04231234 0423__34
4844 4 02120122 0212__22
4844 8 03231233 0323__33
4844 10 03230133 0323__33
4844 12 03231233 0323__33
4844 16 04342344 0434__44
4844 18 04341244 0434__44
4844 20 04342344 0434__44
4844 22 04340144 0434__44
4844 24 04342344 0434__44
4844 26 04341244 0434__44
4844 28 04342344 0434__44
4845 9 0312012323 0312__2323
4845 10 03120123__ 0312__23__
4845 17 0423123434 0423__3434
4845 18 04231234__ 0423__34__
4845 21 0423013434 0423__3434
4845 22 04230134__ 0423__34__
4845 25 0423123434 0423__3434
4845 26 04231234__ 0423__34__
4846 4 021201____ 0212______
4846 8 032312____ 0323______
4846 10 032301____ 0323______
4846 12 032312____ 0323______
4846 16 043423____ 0434______
4846 18 043412____ 0434______
4846 20 043423____ 0434______
4846 22 043401____ 0434______
4846 24 043423____ 0434______
4846 26 043412____ 0434______
4846 28 043423____ 0434______
4847 4 021201____ 0212______
4847 8 032312____ 0323______
4847 10 032301____ 0323______
4847 12 032312____ 0323______
4847 16 043423____ 0434______
4847 18 043412____ 0434______
4847 20 043423____ 0434______
4847 22 043401____ 0434______
4847 24 043423____ 0434______
4847 26 043412____ 0434______
4847 28 043423____ 0434______
4848 4 021201____ 0212______
4848 8 032312____ 0323______
4848 10 032301____ 0323______
4848 12 032312____ 0323______
4848 16 043423____ 0434______
4848 18 043412____ 0434______
4848 20 043423____ 0434______
4848 22 043401____ 0434______
4848 24 043423____ 0434______
4848 26 043412____ 0434______
4848 28 043423____ 0434______
4849 9 03120123__ 0312__23__
4849 17 04231234__ 0423__34__
4849 20 0412012434 0412__2434
4849 21 04230134__ 0423__34__
4849 25 04231234__ 0423__34__
4850 19 041201 0412__
4851 9 031201 0312__
4851 17 042312 0423__
4851 20 031201 0312__
4851 21 042301 0423__
4851 25 042312 0423__
4852 19 04120134 0412__34
4853 4 021201__ 0212____
4853 8 032312__ 0323____
4853 10 032301__ 0323____
4853 12 032312__ 0323____
4853 16 043423__ 0434____
4853 18 043412__ 0434____
4853 20 043423__ 0434____
4853 22 043401__ 0434____
4853 24 043423__ 0434____
4853 26 043412__ 0434____
4853 28 043423__ 0434____
4854 4 02120122 0212__22
4854 8 03231233 0323__33
4854 10 03230133 0323__33
4854 12 03231233 0323__33
4854 16 04342344 0434__44
4854 18 04341244 0434__44
4854 20 04342344 0434__44
4854 22 04340144 0434__44
4854 24 04342344 0434__44
4854 26 04341244 0434__44
4854 28 04342344 0434__44
4855 9 03120123 0312__23
4855 10 03120123 0312__23
4855 17 04231234 0423__34
4855 18 04231234 0423__34
4855 21 04230134 0423__34
4855 22 04230134 0423__34
4855 25 04231234 0423__34
4855 26 04231234 0423__34
4856 4 02120122 0212__22
4856 8 03231233 0323__33
4856 10 03230133 0323__33
4856 12 03231233 0323__33
4856 16 04342344 0434__44
4856 18 04341244 0434__44
4856 20 04342344 0434__44
4856 22 04340144 0434__44
4856 24 04342344 0434__44
4856 26 04341244 0434__44
4856 28 04342344 0434__44
4857 9 031201 0312__
4857 10 031201 0312__
4857 17 042312 0423__
4857 18 042312 0423__
4857 21 042301 0423__
4857 22 042301 0423__
4857 25 042312 0423__
4857 26 042312 0423__
4858 10 031201 0312__
4858 18 042312 0423__
4858 21 031201 0312__
4858 22 042301 0423__
4858 26 042312 0423__
4860 4 021201 0212__
4860 8 032312 0323__
4860 10 032301 0323__
4860 12 032312 0323__
4860 16 043423 0434__
4860 18 043412 0434__
4860 20 043423 0434__
4860 22 043401 0434__
4860 24 043423 0434__
4860 26 043412 0434__
4860 28 043423 0434__
4861 10 031201 0312__
4861 18 042312 0423__
4861 21 031201 0312__
4861 22 042301 0423__
4861 26 042312 0423__
4862 4 021201 0212__
4862 8 032312 0323__
4862 10 032301 0323__
4862 12 032312 0323__
4862 16 043423 0434__
4862 18 043412 0434__
4862 20 043423 0434__
4862 22 043401 0434__
4862 24 043423 0434__
4862 26 043412 0434__
4862 28 043423 0434__
4863 9 021201 0212__
4863 10 021201 0212__
4863 17 032312 0323__
4863 18 032312 0323__
4863 21 032301 0323__
4863 22 032301 0323__
4863 25 032312 0323__
4863 26 032312 0323__
4865 4 021201 0212__
4865 8 032312 0323__
4865 10 032301 0323__
4865 12 032312 0323__
4865 16 043423 0434__
4865 18 043412 0434__
4865 20 043423 0434__
4865 22 043401 0434__
4865 24 043423 0434__
4865 26 043412 0434__
4865 28 043423 0434__
4866 9 031201 0312__
4866 10 031201 0312__
4866 17 042312 0423__
4866 18 042312 0423__
4866 21 042301 0423__
4866 22 042301 0423__
4866 25 042312 0423__
4866 26 042312 0423__
4867 11 031201 0312__
4867 19 042312 0423__
4867 23 042301 0423__
4867 24 031201 0312__
4867 27 042312 0423__
4868 12 031201 0312__
4868 20 042312 0423__
4868 24 042301 0423__
4868 25 031201 0312__
4868 28 042312 0423__
4869 11 031201 0312__
4869 12 031201 0312__
4869 19 042312 0423__
4869 20 042312 0423__
4869 23 042301 0423__
4869 24 042301 0423__
4869 27 042312 0423__
4869 28 042312 0423__
4870 5 021201 0212__
4870 9 032312 0323__
4870 11 032301 0323__
4870 13 032312 0323__
4870 17 043423 0434__
4870 19 043412 0434__
4870 21 043423 0434__
4870 23 043401 0434__
4870 25 043423 0434__
4870 27 043412 0434__
4870 29 043423 0434__
4871 11 031201 0312__
4871 19 042312 0423__
4871 23 042301 0423__
4871 24 031201 0312__
4871 27 042312 0423__
4872 5 021201 0212__
4872 9 032312 0323__
4872 11 032301 0323__
4872 13 032312 0323__
4872 17 043423 0434__
4872 19 043412 0434__
4872 21 043423 0434__
4872 23 043401 0434__
4872 25 043423 0434__
4872 27 043412 0434__
4872 29 043423 0434__
4873 5 021201 0212__
4873 9 032312 0323__
4873 11 032301 0323__
4873 13 032312 0323__
4873 17 043423 0434__
4873 19 043412 0434__
4873 21 043423 0434__
4873 23 043401 0434__
4873 25 043423 0434__
4873 27 043412 0434__
4873 29 043423 0434__
4874 5 021201 0212__
4874 9 032312 0323__
4874 11 032301 0323__
4874 13 032312 0323__
4874 17 043423 0434__
4874 19 043412 0434__
4874 21 043423 0434__
4874 23 043401 0434__
4874 25 043423 0434__
4874 27 043412 0434__
4874 29 043423 0434__
4875 11 03120123 0312__23
4875 19 04231234 0423__34
4875 23 04230134 0423__34
4875 24 03120123 0312__23
4875 27 04231234 0423__34
4876 12 03120123 0312__23
4876 20 04231234 0423__34
4876 24 04230134 0423__34
4876 25 03120123 0312__23
4876 28 04231234 0423__34
4877 5 02120122 0212__22
4877 9 03231233 0323__33
4877 11 03230133 0323__33
4877 13 03231233 0323__33
4877 17 04342344 0434__44
4877 19 04341244 0434__44
4877 21 04342344 0434__44
4877 23 04340144 0434__44
4877 25 04342344 0434__44
4877 27 04341244 0434__44
4877 29 04342344 0434__44
4878 11 03120123 0312__23
4878 19 04231234 0423__34
4878 23 04230134 0423__34
4878 24 03120123 0312__23
4878 27 04231234 0423__34
4879 5 02120122 0212__22
4879 9 03231233 0323__33
4879 11 03230133 0323__33
4879 13 03231233 0323__33
4879 17 04342344 0434__44
4879 19 04341244 0434__44
4879 21 04342344 0434__44
4879 23 04340144 0434__44
4879 25 04342344 0434__44
4879 27 04341244 0434__44
4879 29 04342344 0434__44
4880 11 03120123 0312__23
4880 12 03120123 0312__23
4880 19 04231234 0423__34
4880 20 04231234 0423__34
4880 23 04230134 0423__34
4880 24 04230134 0423__34
4880 27 04231234 0423__34
4880 28 04231234 0423__34
4881 5 02120122 0212__22
4881 9 03231233 0323__33
4881 11 03230133 0323__33
4881 13 03231233 0323__33
4881 17 04342344 0434__44
4881 19 04341244 0434__44
4881 21 04342344 0434__44
4881 23 04340144 0434__44
4881 25 04342344 0434__44
4881 27 04341244 0434__44
4881 29 04342344 0434__44
4882 11 03120123 0312__23
4882 12 03120123 0312__23
4882 19 04231234 0423__34
4882 20 04231234 0423__34
4882 23 04230134 0423__34
4882 24 04230134 0423__34
4882 27 04231234 0423__34
4882 28 04231234 0423__34
4883 11 03120123 0312__23
4883 19 04231234 0423__34
4883 23 04230134 0423__34
4883 24 04120124 0412__24
4883 27 04231234 0423__34
4884 11 03120123 0312__23
4884 19 04231234 0423__34
4884 23 04230134 0423__34
4884 24 04120124 0412__24
4884 27 04231234 0423__34
4885 5 02120122 0212__22
4885 9 03231233 0323__33
4885 11 03230133 0323__33
4885 13 03231233 0323__33
4885 17 04342344 0434__44
4885 19 04341244 0434__44
4885 21 04342344 0434__44
4885 23 04340144 0434__44
4885 25 04342344 0434__44
4885 27 04341244 0434__44
4885 29 04342344 0434__44
4886 5 02120122 0212__22
4886 9 03231233 0323__33
4886 11 03230133 0323__33
4886 13 03231233 0323__33
4886 17 04342344 0434__44
4886 19 04341244 0434__44
4886 21 04342344 0434__44
4886 23 04340144 0434__44
4886 25 04342344 0434__44
4886 27 04341244 0434__44
4886 29 04342344 0434__44
4887 5 02120122 0212__22
4887 9 03231233 0323__33
4887 11 03230133 0323__33
4887 13 03231233 0323__33
4887 17 04342344 0434__44
4887 19 04341244 0434__44
4887 21 04342344 0434__44
4887 23 04340144 0434__44
4887 25 04342344 0434__44
4887 27 04341244 0434__44
4887 29 04342344 0434__44
4888 5 02120122 0212__22
4888 9 03231233 0323__33
4888 11 03230133 0323__33
4888 13 03231233 0323__33
4888 17 04342344 0434__44
4888 19 04341244 0434__44
4888 21 04342344 0434__44
4888 23 04340144 0434__44
4888 25 04342344 0434__44
4888 27 04341244 0434__44
4888 29 04342344 0434__44
4889 5 02120122 0212__22
4889 9 03231233 0323__33
4889 11 03230133 0323__33
4889 13 03231233 0323__33
4889 17 04342344 0434__44
4889 19 04341244 0434__44
4889 21 04342344 0434__44
4889 23 04340144 0434__44
4889 25 04342344 0434__44
4889 27 04341244 0434__44
4889 29 04342344 0434__44
4890 5 021201__ 0212____
4890 9 032312__ 0323____
4890 11 032301__ 0323____
4890 13 032312__ 0323____
4890 17 043423__ 0434____
4890 19 043412__ 0434____
4890 21 043423__ 0434____
4890 23 043401__ 0434____
4890 25 043423__ 0434____
4890 27 043412__ 0434____
4890 29 043423__ 0434____
4891 5 02120122 0212__22
4891 9 03231233 0323__33
4891 11 03230133 0323__33
4891 13 03231233 0323__33
4891 17 04342344 0434__44
4891 19 04341244 0434__44
4891 21 04342344 0434__44
4891 23 04340144 0434__44
4891 25 04342344 0434__44
4891 27 04341244 0434__44
4891 29 04342344 0434__44
4892 5 021201__ 0212____
4892 9 032312__ 0323____
4892 11 032301__ 0323____
4892 13 032312__ 0323____
4892 17 043423__ 0434____
4892 19 043412__ 0434____
4892 21 043423__ 0434____
4892 23 043401__ 0434____
4892 25 043423__ 0434____
4892 27 043412__ 0434____
4892 29 043423__ 0434____
4893 5 021201__ 0212____
4893 9 032312__ 0323____
4893 11 032301__ 0323____
4893 13 032312__ 0323____
4893 17 043423__ 0434____
4893 19 043412__ 0434____
4893 21 043423__ 0434____
4893 23 043401__ 0434____
4893 25 043423__ 0434____
4893 27 043412__ 0434____
4893 29 043423__ 0434____
4894 5 021201__ 0212____
4894 9 032312__ 0323____
4894 11 032301__ 0323____
4894 13 032312__ 0323____
4894 17 043423__ 0434____
4894 19 043412__ 0434____
4894 21 043423__ 0434____
4894 23 043401__ 0434____
4894 25 043423__ 0434____
4894 27 043412__ 0434____
4894 29 043423__ 0434____
4895 5 021201__ 0212____
4895 9 032312__ 0323____
4895 11 032301__ 0323____
4895 13 032312__ 0323____
4895 17 043423__ 0434____
4895 19 043412__ 0434____
4895 21 043423__ 0434____
4895 23 043401__ 0434____
4895 25 043423__ 0434____
4895 27 043412__ 0434____
4895 29 043423__ 0434____
4896 5 02120122 0212__22
4896 9 03231233 0323__33
4896 11 03230133 0323__33
4896 13 03231233 0323__33
4896 17 04342344 0434__44
4896 19 04341244 0434__44
4896 21 04342344 0434__44
4896 23 04340144 0434__44
4896 25 04342344 0434__44
4896 27 04341244 0434__44
4896 29 04342344 0434__44
4897 11 03120123 0312__23
4897 12 03120123 0312__23
4897 19 04231234 0423__34
4897 20 04231234 0423__34
4897 23 04230134 0423__34
4897 24 04230134 0423__34
4897 27 04231234 0423__34
4897 28 04231234 0423__34
4898 5 02120122 0212__22
4898 9 03231233 0323__33
4898 11 03230133 0323__33
4898 13 03231233 0323__33
4898 17 04342344 0434__44
4898 19 04341244 0434__44
4898 21 04342344 0434__44
4898 23 04340144 0434__44
4898 25 04342344 0434__44
4898 27 04341244 0434__44
4898 29 04342344 0434__44
4899 11 0312012323 0312__2323
4899 12 03120123__ 0312__23__
4899 19 0423123434 0423__3434
4899 20 04231234__ 0423__34__
4899 23 0423013434 0423__3434
4899 24 04230134__ 0423__34__
4899 27 0423123434 0423__3434
4899 28 04231234__ 0423__34__
4900 5 021201____ 0212______
4900 9 032312____ 0323______
4900 11 032301____ 0323______
4900 13 032312____ 0323______
4900 17 043423____ 0434______
4900 19 043412____ 0434______
4900 21 043423____ 0434______
4900 23 043401____ 0434______
4900 25 043423____ 0434______
4900 27 043412____ 0434______
4900 29 043423____ 0434______
4901 5 021201____ 0212______
4901 9 032312____ 0323______
4901 11 032301____ 0323______
4901 13 032312____ 0323______
4901 17 043423____ 0434______
4901 19 043412____ 0434______
4901 21 043423____ 0434______
4901 23 043401____ 0434______
4901 25 043423____ 0434______
4901 27 043412____ 0434______
4901 29 043423____ 0434______
4902 5 021201____ 0212______
4902 9 032312____ 0323______
4902 11 032301____ 0323______
4902 13 032312____ 0323______
4902 17 043423____ 0434______
4902 19 043412____ 0434______
4902 21 043423____ 0434______
4902 23 043401____ 0434______
4902 25 043423____ 0434______
4902 27 043412____ 0434______
4902 29 043423____ 0434______
4903 11 03120123__ 0312__23__
4903 19 04231234__ 0423__34__
4903 23 04230134__ 0423__34__
4903 24 0412012434 0412__2434
4903 27 04231234__ 0423__34__
4904 23 041201 0412__
4905 11 031201 0312__
4905 19 042312 0423__
4905 23 042301 0423__
4905 24 031201 0312__
4905 27 042312 0423__
4906 23 04120134 0412__34
4907 5 021201__ 0212____
4907 9 032312__ 0323____
4907 11 032301__ 0323____
4907 13 032312__ 0323____
4907 17 043423__ 0434____
4907 19 043412__ 0434____
4907 21 043423__ 0434____
4907 23 043401__ 0434____
4907 25 043423__ 0434____
4907 27 043412__ 0434____
4907 29 043423__ 0434____
4908 5 02120122 0212__22
4908 9 03231233 0323__33
4908 11 03230133 0323__33
4908 13 03231233 0323__33
4908 17 04342344 0434__44
4908 19 04341244 0434__44
4908 21 04342344 0434__44
4908 23 04340144 0434__44
4908 25 04342344 0434__44
4908 27 04341244 0434__44
4908 29 04342344 0434__44
4909 11 03120123 0312__23
4909 12 03120123 0312__23
4909 19 04231234 0423__34
4909 20 04231234 0423__34
4909 23 04230134 0423__34
4909 24 04230134 0423__34
4909 27 04231234 0423__34
4909 28 04231234 0423__34
4910 5 02120122 0212__22
4910 9 03231233 0323__33
4910 11 03230133 0323__33
4910 13 03231233 0323__33
4910 17 04342344 0434__44
4910 19 04341244 0434__44
4910 21 04342344 0434__44
4910 23 04340144 0434__44
4910 25 04342344 0434__44
4910 27 04341244 0434__44
4910 29 04342344 0434__44
4911 11 031201 0312__
4911 12 031201 0312__
4911 19 042312 0423__
4911 20 042312 0423__
4911 23 042301 0423__
4911 24 042301 0423__
4911 27 042312 0423__
4911 28 042312 0423__
4912 12 031201 0312__
4912 20 042312 0423__
4912 24 042301 0423__
4912 25 031201 0312__
4912 28 042312 0423__
4914 5 021201 0212__
4914 9 032312 0323__
4914 11 032301 0323__
4914 13 032312 0323__
4914 17 043423 0434__
4914 19 043412 0434__
4914 21 043423 0434__
4914 23 043401 0434__
4914 25 043423 0434__
4914 27 043412 0434__
4914 29 043423 0434__
4915 11 031201 0312__
4915 19 042312 0423__
4915 23 042301 0423__
4915 24 031201 0312__
4915 27 042312 0423__
4916 5 021201 0212__
4916 9 032312 0323__
4916 11 032301 0323__
4916 13 032312 0323__
4916 17 043423 0434__
4916 19 043412 0434__
4916 21 043423 0434__
4916 23 043401 0434__
4916 25 043423 0434__
4916 27 043412 0434__
4916 29 043423 0434__
4917 11 021201 0212__
4917 12 021201 0212__
4917 19 032312 0323__
4917 20 032312 0323__
4917 23 032301 0323__
4917 24 032301 0323__
4917 27 032312 0323__
4917 28 032312 0323__
4919 5 021201 0212__
4919 9 032312 0323__
4919 11 032301 0323__
4919 13 032312 0323__
4919 17 043423 0434__
4919 19 043412 0434__
4919 21 043423 0434__
4919 23 043401 0434__
4919 25 043423 0434__
4919 27 043412 0434__
4919 29 043423 0434__
4920 11 031201 0312__
4920 12 031201 0312__
4920 19 042312 0423__
4920 20 042312 0423__
4920 23 042301 0423__
4920 24 042301 0423__
4920 27 042312 0423__
4920 28 042312 0423__
4964 1 01____01 01____11
4964 5 02010012 02010022
4964 9 03020123 03020133
4964 13 03121123 03121133
4964 17 04030234 04030244
4964 21 04232234 04232244
4964 25 04131234 04131244
4964 29 04232234 04232244
4975 19 042312 0423__
4976 20 042312 0423__
4977 19 042312 0423__
4977 20 042312 0423__
4978 9 032312 0323__
4978 17 043423 0434__
4978 19 043412 0434__
4978 25 143423 1434__
4979 19 042312 0423__
4980 9 032312 0323__
4980 17 043423 0434__
4980 19 043412 0434__
4980 25 143423 1434__
4981 9 032312 0323__
4981 17 043423 0434__
4981 19 043412 0434__
4981 25 143423 1434__
4982 9 032312 0323__
4982 17 043423 0434__
4982 19 043412 0434__
4982 25 143423 1434__
4983 19 04231234 0423__34
4984 20 04231234 0423__34
4985 9 03231233 0323__33
4985 17 04342344 0434__44
4985 19 04341244 0434__44
4985 25 14342344 1434__44
4986 19 04231234 0423__34
4987 9 03231233 0323__33
4987 17 04342344 0434__44
4987 19 04341244 0434__44
4987 25 14342344 1434__44
4988 19 04231234 0423__34
4988 20 04231234 0423__34
4989 9 03231233 0323__33
4989 17 04342344 0434__44
4989 19 04341244 0434__44
4989 25 14342344 1434__44
4990 19 04231234 0423__34
4990 20 04231234 0423__34
4991 19 04231234 0423__34
4992 19 04231234 0423__34
4993 9 03231233 0323__33
4993 17 04342344 0434__44
4993 19 04341244 0434__44
4993 25 14342344 1434__44
4994 9 03231233 0323__33
4994 17 04342344 0434__44
4994 19 04341244 0434__44
4994 25 14342344 1434__44
4995 9 03231233 0323__33
4995 17 04342344 0434__44
4995 19 04341244 0434__44
4995 25 14342344 1434__44
4996 9 03231233 0323__33
4996 17 04342344 0434__44
4996 19 04341244 0434__44
4996 25 14342344 1434__44
4997 9 03231233 0323__33
4997 17 04342344 0434__44
4997 19 04341244 0434__44
4997 25 14342344 1434__44
4998 9 032312__ 0323____
4998 17 043423__ 0434____
4998 19 043412__ 0434____
4998 25 143423__ 1434____
4999 9 03231233 0323__33
4999 17 04342344 0434__44
4999 19 04341244 0434__44
4999 25 14342344 1434__44
5000 9 032312__ 0323____
5000 17 043423__ 0434____
5000 19 043412__ 0434____
5000 25 143423__ 1434____
5001 9 032312__ 0323____
5001 17 043423__ 0434____
5001 19 043412__ 0434____
5001 25 143423__ 1434____
5002 9 032312__ 0323____
5002 17 043423__ 0434____
5002 19 043412__ 0434____
5002 25 143423__ 1434____
5003 9 032312__ 0323____
5003 17 043423__ 0434____
5003 19 043412__ 0434____
5003 25 143423__ 1434____
5004 9 03231233 0323__33
5004 17 04342344 0434__44
5004 19 04341244 0434__44
5004 25 14342344 1434__44
5005 19 04231234 0423__34
5005 20 04231234 0423__34
5006 9 03231233 0323__33
5006 17 04342344 0434__44
5006 19 04341244 0434__44
5006 25 14342344 1434__44
5007 19 0423123434 0423__3434
5007 20 04231234__ 0423__34__
5008 9 032312____ 0323______
5008 17 043423____ 0434______
5008 19 043412____ 0434______
5008 25 143423____ 1434______
5009 9 032312____ 0323______
5009 17 043423____ 0434______
5009 19 043412____ 0434______
5009 21 0402123423 04021234__
5009 25 143423____ 1434______
5010 9 032312____ 0323______
5010 17 043423____ 0434______
5010 19 043412____ 0434______
5010 25 143423____ 1434______
5011 19 04231234__ 0423__34__
5013 19 042312 0423__
5015 9 032312__ 0323____
5015 17 043423__ 0434____
5015 19 043412__ 0434____
5015 25 143423__ 1434____
5016 9 03231233 0323__33
5016 17 04342344 0434__44
5016 19 04341244 0434__44
5016 25 14342344 1434__44
5017 19 04231234 0423__34
5017 20 04231234 0423__34
5018 9 03231233 0323__33
5018 17 04342344 0434__44
5018 19 04341244 0434__44
5018 25 14342344 1434__44
5019 19 042312 0423__
5019 20 042312 0423__
5020 20 042312 0423__
5022 9 032312 0323__
5022 17 043423 0434__
5022 19 043412 0434__
5022 25 143423 1434__
5023 19 042312 0423__
5024 9 032312 0323__
5024 17 043423 0434__
5024 19 043412 0434__
5024 25 143423 1434__
5025 19 032312 0323__
5025 20 032312 0323__
5027 9 032312 0323__
5027 17 043423 0434__
5027 19 043412 0434__
5027 25 143423 1434__
5028 19 042312 0423__
5028 20 042312 0423__
5062 16 043423 0434__
5063 17 043423 0434__
5072 7 0323 0333
5072 16 0323 0333
5072 23 1434 1444
5116 16 043423 0434__
5116 20 043423 0434__
5117 9 032312 0323__
5117 17 043423 0434__
5117 19 043412 0434__
5117 21 043423 0434__
5117 25 143423 1434__
5119 17 043423 0434__
5126 7 0323 0333
5126 16 0323 0333
5126 23 1434 1444
5170 16 04123423 041234__
5171 17 04123423 041234__
5180 7 031223 031233
5180 16 031223 031233
5180 23 142334 142344
5224 12 03__2312 03__23__
5224 16 04123423 041234__
5224 20 04013423 040134__
5224 24 04__3423 04__34__
5224 26 04__3412 04__34__
5224 28 04__3423 04__34__
5225 5 02__1201 02__12__
5225 9 03012312 030123__
5225 11 03__2301 03__23__
5225 13 03__2312 03__23__
5225 17 04123423 041234__
5225 19 04013412 040134__
5225 21 04013423 040134__
5225 23 04__3401 04__34__
5225 25 04__3423 04__34__
5225 27 04__3412 04__34__
5225 29 04__3423 04__34__
5227 9 03__2312 03__23__
5227 17 04013423 040134__
5227 19 04__3412 04__34__
5227 25 14__3423 14__34__
5234 7 031223 031233
5234 16 031223 031233
5239 3 ! 0201
5239 8 ! 0201
5239 11 ! 1312
5239 17 ! 0201
5239 18 ! 0201
5239 19 ! 2423
5239 24 ! 1312
5239 27 ! 2423
5278 12 03002312 030023__
5278 20 04113423 041134__
5278 24 04003423 040034__
5278 26 04003412 040034__
5278 28 04003423 040034__
5279 5 02001201 020012__
5279 9 03112312 031123__
5279 11 03002301 030023__
5279 13 03002312 030023__
5279 17 04223423 042234__
5279 19 04113412 041134__
5279 21 04113423 041134__
5279 23 04003401 040034__
5279 25 04003423 040034__
5279 27 04003412 040034__
5279 29 04003423 040034__
5281 9 03002312 030023__
5281 17 04113423 041134__
5281 19 04003412 040034__
5281 25 14113423 141134__
5293 0 ! 0000
5293 1 ! 0111
5293 2 ! 0000
5293 3 ! 0222
5293 4 ! 0111
5293 5 ! 0000
5293 6 ! 0000
5293 7 ! 0333
5293 8 ! 0222
5293 9 ! 0111
5293 10 ! 0111
5293 11 ! 0000
5293 12 ! 0000
5293 13 ! 0000
5293 14 ! 0000
5293 15 ! 0444
5293 16 ! 0333
5293 17 ! 0222
5293 18 ! 0222
5293 19 ! 0111
5293 20 ! 0111
5293 21 ! 0111
5293 22 ! 0111
5293 23 ! 0000
5293 24 ! 0000
5293 25 ! 0000
5293 26 ! 0000
5293 27 ! 0000
5293 28 ! 0000
5293 29 ! 0000
5293 30 ! 0000
5332 16 04123423 041234__
5332 20 04123423 041234__
5332 24 04123423 041234__
5332 28 04123423 041234__
5333 17 04123423 041234__
5333 21 04123423 041234__
5333 25 04123423 041234__
5333 29 04123423 041234__
5335 17 04013423 040134__
5335 25 04013423 040134__
5342 7 031223 031233
5342 9 031223 031233
5342 11 031223 031233
5342 13 031223 031233
5342 16 031223 031233
5342 20 031223 031233
5342 24 031223 031233
5342 28 031223 031233
5353 3 0201 0211
5353 8 0201 0211
5353 11 1312 1322
5353 17 0201 0211
5353 18 0201 0211
5353 24 1312 1322
5353 27 2423 2433
5354 4 0201 0211
5354 9 0201 0211
5354 10 0201 0211
5354 19 0201 0211
5354 20 0201 0211
5354 21 0201 0211
5354 22 0201 0211
5355 3 0201 0211
5355 4 0201 0211
5355 9 0201 0211
5355 10 0201 0211
5355 19 0201 0211
5355 20 0201 0211
5355 21 0201 0211
5355 22 0201 0211
5356 1 0101 0111
5356 4 0101 0111
5356 9 0101 0111
5356 10 0101 0111
5356 19 0101 0111
5356 20 0101 0111
5356 21 0101 0111
5356 22 0101 0111
5357 3 0201 0211
5357 8 0201 0211
5357 11 1312 1322
5357 17 0201 0211
5357 18 0201 0211
5357 24 1312 1322
5357 27 2423 2433
5358 1 0101 0111
5358 4 0101 0111
5358 9 0101 0111
5358 10 0101 0111
5358 19 0101 0111
5358 20 0101 0111
5358 21 0101 0111
5358 22 0101 0111
5359 1 0101 0111
5359 4 0201 0211
5359 9 0201 0211
5359 10 0301 0311
5359 19 0201 0211
5359 20 0201 0211
5359 21 0301 0311
5359 22 0401 0411
5360 1 0101 0111
5360 4 0201 0211
5360 9 0301 0311
5360 10 0301 0311
5360 19 0401 0411
5360 20 0401 0411
5360 21 0401 0411
5360 22 0401 0411
5361 3 020112 021112
5361 8 020112 021112
5361 11 131223 132223
5361 17 020112 021112
5361 18 020112 021112
5361 24 131223 132223
5361 27 242334 243334
5362 4 020112 021112
5362 9 020112 021112
5362 10 020112 021112
5362 19 020112 021112
5362 20 020112 021112
5362 21 020112 021112
5362 22 020112 021112
5363 1 010111 011111
5363 4 010111 011111
5363 9 010111 011111
5363 10 010111 011111
5363 19 010111 011111
5363 20 010111 011111
5363 21 010111 011111
5363 22 010111 011111
5364 3 020112 021112
5364 8 020112 021112
5364 11 131223 132223
5364 17 020112 021112
5364 18 020112 021112
5364 24 131223 132223
5364 27 242334 243334
5365 1 010111 011111
5365 4 010111 011111
5365 9 010111 011111
5365 10 010111 011111
5365 19 010111 011111
5365 20 010111 011111
5365 21 010111 011111
5365 22 010111 011111
5366 3 020112 021112
5366 4 020112 021112
5366 9 020112 021112
5366 10 020112 021112
5366 19 020112 021112
5366 20 020112 021112
5366 21 020112 021112
5366 22 020112 021112
5367 1 010111 011111
5367 4 020112 021112
5367 9 030113 031113
5367 10 030113 031113
5367 19 040114 041114
5367 20 040114 041114
5367 21 040114 041114
5367 22 040114 041114
5368 3 020112 021112
5368 4 020112 021112
5368 9 020112 021112
5368 10 020112 021112
5368 19 020112 021112
5368 20 020112 021112
5368 21 020112 021112
5368 22 020112 021112
5369 3 020112 021112
5369 8 030113 031113
5369 11 131223 132223
5369 17 030113 031113
5369 18 030113 031113
5369 24 141224 142224
5369 27 242334 243334
5370 3 020112 021112
5370 8 030113 031113
5370 11 131223 132223
5370 17 030113 031113
5370 18 030113 031113
5370 24 141224 142224
5370 27 242334 243334
5371 1 010111 011111
5371 4 020112 021112
5371 9 020112 021112
5371 10 020112 021112
5371 19 020112 021112
5371 20 020112 021112
5371 21 020112 021112
5371 22 020112 021112
5372 1 010111 011111
5372 4 020112 021112
5372 9 020112 021112
5372 10 030113 031113
5372 19 020112 021112
5372 20 020112 021112
5372 21 030113 031113
5372 22 040114 041114
5373 1 010111 011111
5373 4 010111 011111
5373 9 010111 011111
5373 10 010111 011111
5373 19 010111 011111
5373 20 010111 011111
5373 21 010111 011111
5373 22 010111 011111
5374 1 010111 011111
5374 4 010111 011111
5374 9 010111 011111
5374 10 010111 011111
5374 19 010111 011111
5374 20 010111 011111
5374 21 010111 011111
5374 22 010111 011111
5375 1 010111 011111
5375 4 010111 011111
5375 9 010111 011111
5375 10 010111 011111
5375 19 010111 011111
5375 20 010111 011111
5375 21 010111 011111
5375 22 010111 011111
5376 1 0101__ 0111__
5376 4 0101__ 0111__
5376 9 0101__ 0111__
5376 10 0101__ 0111__
5376 19 0101__ 0111__
5376 20 0101__ 0111__
5376 21 0101__ 0111__
5376 22 0101__ 0111__
5377 1 010111 011111
5377 4 010111 011111
5377 9 010111 011111
5377 10 010111 011111
5377 19 010111 011111
5377 20 010111 011111
5377 21 010111 011111
5377 22 010111 011111
5378 1 0101__ 0111__
5378 4 0101__ 0111__
5378 9 0101__ 0111__
5378 10 0101__ 0111__
5378 19 0101__ 0111__
5378 20 0101__ 0111__
5378 21 0101__ 0111__
5378 22 0101__ 0111__
5379 1 0101__ 0111__
5379 4 020112 021112
5379 9 030123 031123
5379 10 030123 031123
5379 19 040134 041134
5379 20 040134 041134
5379 21 040134 041134
5379 22 040134 041134
5380 1 0101__ 0111__
5380 8 030113 031113
5380 17 040134 041134
5380 18 030113 031113
5381 1 0101__ 0111__
5381 8 030113 031113
5381 17 040134 041134
5381 18 030113 031113
5382 1 010111 011111
5382 4 010111 011111
5382 9 010111 011111
5382 10 010111 011111
5382 19 010111 011111
5382 20 010111 011111
5382 21 010111 011111
5382 22 010111 011111
5383 3 020112 021112
5383 4 020112 021112
5383 9 030123 031123
5383 10 030123 031123
5383 19 040134 041134
5383 20 040134 041134
5383 21 040134 041134
5383 22 040134 041134
5384 1 010111 011111
5384 4 020112 021112
5384 9 030123 031123
5384 10 030123 031123
5384 19 040124 041124
5384 20 040134 041134
5384 21 040134 041134
5384 22 040134 041134
5385 3 02011212 02111212
5385 4 020112__ 021112__
5385 9 020112__ 021112__
5385 10 020112__ 021112__
5385 19 020112__ 021112__
5385 20 020112__ 021112__
5385 21 020112__ 021112__
5385 22 020112__ 021112__
5386 1 0101____ 0111____
5386 4 020112__ 021112__
5386 9 03012323 03112323
5386 10 030123__ 031123__
5386 12 03002312 030023__
5386 19 04013434 04113434
5386 20 04013423 041134__
5386 21 04013434 04113434
5386 22 040134__ 041134__
5386 24 04003423 040034__
5386 26 04003412 040034__
5386 28 04003423 040034__
5387 1 0101____ 0111____
5387 4 02011212 02111212
5387 5 02001201 020012__
5387 9 03012312 031123__
5387 10 03012323 03112323
5387 11 03002301 030023__
5387 13 03002312 030023__
5387 17 04123423 041234__
5387 19 04013412 041134__
5387 20 04013434 04113434
5387 21 04013423 041134__
5387 22 04013434 04113434
5387 23 04003401 040034__
5387 25 04003423 040034__
5387 27 04003412 040034__
5387 29 04003423 040034__
5388 1 0101____ 0111____
5388 4 02011211 02111211
5388 9 02011211 02111211
5388 10 03012322 03112322
5388 19 02011211 02111211
5388 20 04012423 04112423
5388 21 03012322 03112322
5388 22 04013433 04113433
5389 3 020112__ 021112__
5389 8 03011323 03111323
5389 9 03002312 030023__
5389 11 131223__ 132223__
5389 17 04013423 041134__
5389 18 03011323 03111323
5389 19 04003412 040034__
5389 24 14122434 14222434
5389 25 14113423 141134__
5389 27 242334__ 243334__
5390 7 0301 0311
5390 16 0301 0311
5390 23 1412 1422
5391 3 0201 0211
5391 8 0201 0211
5391 11 1312 1322
5391 17 0201 0211
5391 18 0201 0211
5391 24 1312 1322
5391 27 2423 2433
5392 7 030123 031123
5392 16 030123 031123
5392 23 141234 142234
5393 1 0101__ 0111__
5393 4 0101__ 0111__
5393 9 0101__ 0111__
5393 10 0101__ 0111__
5393 19 0101__ 0111__
5393 20 0101__ 0111__
5393 21 0101__ 0111__
5393 22 0101__ 0111__
5394 1 010111 011111
5394 4 010111 011111
5394 9 010111 011111
5394 10 010111 011111
5394 19 010111 011111
5394 20 010111 011111
5394 21 010111 011111
5394 22 010111 011111
5395 3 020112 021112
5395 4 020112 021112
5395 9 030123 031123
5395 10 030123 031123
5395 19 030123 031123
5395 20 030123 031123
5395 21 030123 031123
5395 22 030123 031123
5396 1 010111 011111
5396 4 010111 011111
5396 9 010111 011111
5396 10 010111 011111
5396 15 042334 042344
5396 19 010111 011111
5396 20 010111 011111
5396 21 010111 011111
5396 22 010111 011111
5397 3 0201 0211
5397 4 0201 0211
5397 9 0201 0211
5397 10 0201 0211
5397 19 0201 0211
5397 20 0201 0211
5397 21 0201 0211
5397 22 0201 0211
5398 4 0201 0211
5398 9 0201 0211
5398 10 0201 0211
5398 19 0201 0211
5398 20 0201 0211
5398 21 0201 0211
5398 22 0201 0211
5400 1 0101 0111
5400 5 1212 1222
5400 9 2323 2333
5400 13 2323 2333
5400 17 3434 3444
5400 21 3434 3444
5400 25 3434 3444
5400 29 3434 3444
5401 0 ! 0000
5401 1 ! 0111
5401 2 ! 0000
5401 3 ! 0201
5401 4 ! 0111
5401 5 ! 0000
5401 6 ! 0000
5401 8 ! 0201
5401 9 ! 0111
5401 10 ! 0111
5401 11 ! 0000
5401 12 ! 0000
5401 13 ! 0000
5401 14 ! 0000
5401 17 ! 0201
5401 18 ! 0201
5401 19 ! 0111
5401 20 ! 0111
5401 21 ! 0111
5401 22 ! 0111
5401 23 ! 0000
5401 24 ! 0000
5401 25 ! 0000
5401 26 ! 0000
5401 27 ! 0000
5401 28 ! 0000
5401 29 ! 0000
5401 30 ! 0000
5402 1 0101 0111
5403 3 0101 0111
5403 4 0101 0111
5403 9 0101 0111
5403 10 0101 0111
5403 11 1212 1222
5403 12 1212 1222
5403 19 0101 0111
5403 20 0101 0111
5403 21 0101 0111
5403 22 0101 0111
5403 25 1212 1222
5403 26 1212 1222
5405 1 0101 0111
5405 5 1212 1222
5405 9 2323 2333
5405 13 2323 2333
5405 17 3434 3444
5405 21 3434 3444
5405 25 3434 3444
5405 29 3434 3444
5406 3 0201 0211
5406 4 0201 0211
5406 9 0201 0211
5406 10 0201 0211
5406 19 0201 0211
5406 20 0201 0211
5406 21 0201 0211
5406 22 0201 0211
5440 8 032312 0323__
5440 12 032312 0323__
5440 16 043423 0434__
5440 18 043412 0434__
5440 20 043423 0434__
5440 24 043423 0434__
5440 26 043412 0434__
5440 28 043423 0434__
5441 9 032312 0323__
5441 13 032312 0323__
5441 17 043423 0434__
5441 19 043412 0434__
5441 21 043423 0434__
5441 25 043423 0434__
5441 27 043412 0434__
5441 29 043423 0434__
5443 17 043423 0434__
5443 25 043423 0434__
5450 3 0212 0222
5450 5 0212 0222
5450 8 0212 0222
5450 12 0212 0222
5450 17 0212 0222
5450 18 0212 0222
5450 25 0212 0222
5450 26 0212 0222
5494 12 032312 0323__
5494 20 143423 1434__
5494 24 043423 0434__
5494 26 043412 0434__
5494 28 043423 0434__
5495 13 032312 0323__
5495 21 143423 1434__
5495 25 043423 0434__
5495 27 043412 0434__
5495 29 043423 0434__
5497 25 043423 0434__
5504 5 0212 0222
5504 9 1323 1333
5504 12 0212 0222
5504 17 2434 2444
5504 20 1323 1333
5504 25 0212 0222
5504 26 0212 0222
5548 4 021201 0212__
5548 8 032312 0323__
5548 10 032301 0323__
5548 12 032312 0323__
5548 16 043423 0434__
5548 18 043412 0434__
5548 20 043423 0434__
5548 22 043401 0434__
5548 24 043423 0434__
5548 26 043412 0434__
5548 28 043423 0434__
5549 5 021201 0212__
5549 9 032312 0323__
5549 11 032301 0323__
5549 13 032312 0323__
5549 17 043423 0434__
5549 19 043412 0434__
5549 21 043423 0434__
5549 23 043401 0434__
5549 25 043423 0434__
5549 27 043412 0434__
5549 29 043423 0434__
5551 9 032312 0323__
5551 17 043423 0434__
5551 19 043412 0434__
5558 1 0101 0111
5558 4 0101 0111
5558 9 0101 0111
5558 10 0101 0111
5558 19 0101 0111
5558 20 0101 0111
5558 21 0101 0111
5558 22 0101 0111
5710 4 021201 0212__
5710 8 032312 0323__
5710 10 032301 0323__
5710 12 032312 0323__
5710 16 043423 0434__
5710 18 043412 0434__
5710 20 043423 0434__
5710 22 043401 0434__
5710 24 043423 0434__
5710 26 043412 0434__
5710 28 043423 0434__
5711 5 021201 0212__
5711 9 032312 0323__
5711 11 032301 0323__
5711 13 032312 0323__
5711 17 043423 0434__
5711 19 043412 0434__
5711 21 043423 0434__
5711 23 043401 0434__
5711 25 043423 0434__
5711 27 043412 0434__
5711 29 043423 0434__
5713 9 032312 0323__
5713 17 043423 0434__
5713 19 043412 0434__
5720 1 0101 0111
5720 4 0101 0111
5720 9 0101 0111
5720 10 0101 0111
5720 19 0101 0111
5720 20 0101 0111
5720 21 0101 0111
5720 22 0101 0111
5764 8 132312 1323__
5764 12 132312 1323__
5764 16 143423 1434__
5764 18 143412 1434__
5764 20 143423 1434__
5764 24 143423 1434__
5764 26 143412 1434__
5764 28 143423 1434__
5765 9 132312 1323__
5765 13 132312 1323__
5765 17 143423 1434__
5765 19 143412 1434__
5765 21 143423 1434__
5765 25 143423 1434__
5765 27 143412 1434__
5765 29 143423 1434__
5767 17 143423 1434__
5767 25 143423 1434__
5774 3 1212 1222
5774 5 1212 1222
5774 8 1212 1222
5774 12 1212 1222
5774 17 1212 1222
5774 18 1212 1222
5774 25 1212 1222
5774 26 1212 1222
5818 4 021201 0212__
5818 8 032312 0323__
5818 10 032301 0323__
5818 12 032312 0323__
5818 16 043423 0434__
5818 18 043412 0434__
5818 20 043423 0434__
5818 22 043401 0434__
5818 24 043423 0434__
5818 26 043412 0434__
5818 28 043423 0434__
5819 5 021201 0212__
5819 9 032312 0323__
5819 11 032301 0323__
5819 13 032312 0323__
5819 17 043423 0434__
5819 19 043412 0434__
5819 21 043423 0434__
5819 23 043401 0434__
5819 25 043423 0434__
5819 27 043412 0434__
5819 29 043423 0434__
5821 9 032312 0323__
5821 17 043423 0434__
5821 19 043412 0434__
5828 1 0101 0111
5828 4 0101 0111
5828 9 0101 0111
5828 10 0101 0111
5828 19 0101 0111
5828 20 0101 0111
5828 21 0101 0111
5828 22 0101 0111
5926 8 032312 0323__
5926 12 032312 0323__
5926 16 043423 0434__
5926 18 043412 0434__
5926 20 043423 0434__
5926 24 043423 0434__
5926 26 043412 0434__
5926 28 043423 0434__
5927 9 032312 0323__
5927 13 032312 0323__
5927 17 043423 0434__
5927 19 043412 0434__
5927 21 043423 0434__
5927 25 043423 0434__
5927 27 043412 0434__
5927 29 043423 0434__
5929 17 043423 0434__
5929 25 043423 0434__
5936 3 0212 0222
5936 5 0212 0222
5936 8 0212 0222
5936 12 0212 0222
5936 17 0212 0222
5936 18 0212 0222
5936 25 0212 0222
5936 26 0212 0222
5957 1 ! 01
5957 2 ! 01
5957 12 ! 01
5957 13 ! 01
5957 14 ! 01
5957 15 ! 01
5957 16 ! 01
5957 17 ! 01
5957 18 ! 01
5961 c e11 n0
5961 0 - !
5961 1 - 01
5961 2 - 01
5961 3 - !
5961 4 - !
5961 5 - 01
5961 6 - 01
5961 7 - 01
5961 8 - 01
5961 9 - 01
5961 10 - !
5961 11 - !
5961 12 - 01
5961 13 - 01
5961 14 - 01
5961 15 - 01
5961 16 - 01
5961 17 - 01
5961 18 - 01
5961 19 - 01
5962 c n0 e11
5962 0 ! -
5962 1 01 -
5962 2 01 -
5962 3 01 -
5962 4 01 -
5962 5 01 -
5962 6 01 -
5962 7 ! -
5962 8 ! -
5962 9 ! -
5962 10 ! -
5962 11 ! -
5962 12 01 -
5962 13 01 -
5962 14 01 -
5962 15 01 -
5962 16 01 -
5962 17 01 -
5962 18 01 -
5962 19 01 -
5963 c e11 n0
5963 0 - !
5963 1 - 01
5963 2 - 01
5963 3 - !
5963 4 - !
5963 5 - !
5963 6 - !
5963 7 - 01
5963 8 - 01
5963 9 - !
5963 10 - !
5963 11 - !
5963 12 - 01
5963 13 - 01
5963 14 - 01
5963 15 - 01
5963 16 - 01
5963 17 - 01
5963 18 - 01
5963 19 - !
5964 1 ! 01
5964 2 ! 01
5964 3 ! 01
5964 4 ! 01
5964 5 ! 01
5964 6 ! 01
5964 12 ! 01
5964 13 ! 01
5964 14 ! 01
5964 15 ! 01
5964 16 ! 01
5964 17 ! 01
5964 18 ! 01
5964 19 ! 01
5982 12 ! 02
5982 13 ! 02
5982 14 ! 02
5982 15 ! 02
5986 c e11 n0
5986 0 - !
5986 1 - !
5986 2 - !
5986 3 - !
5986 4 - !
5986 5 - !
5986 6 - !
5986 7 - !
5986 8 - !
5986 9 - !
5986 10 - !
5986 11 - !
5986 12 - 02
5986 13 - 02
5986 14 - 02
5986 15 - 02
5986 16 - !
5986 17 - !
5986 18 - !
5986 19 - !
5987 c n0 e11
5987 0 ! -
5987 1 ! -
5987 2 ! -
5987 3 ! -
5987 4 ! -
5987 5 ! -
5987 6 ! -
5987 7 ! -
5987 8 ! -
5987 9 ! -
5987 10 ! -
5987 11 ! -
5987 12 02 -
5987 13 02 -
5987 14 02 -
5987 15 02 -
5987 16 02 -
5987 17 02 -
5987 18 02 -
5987 19 ! -
5988 c e11 n0
5988 0 - !
5988 1 - !
5988 2 - !
5988 3 - !
5988 4 - !
5988 5 - !
5988 6 - !
5988 7 - !
5988 8 - !
5988 9 - !
5988 10 - !
5988 11 - !
5988 12 - 02
5988 13 - 02
5988 14 - 02
5988 15 - 02
5988 16 - !
5988 17 - !
5988 18 - !
5988 19 - !
5989 12 ! 02
5989 13 ! 02
5989 14 ! 02
5989 15 ! 02
5989 16 ! 02
5989 17 ! 02
5989 18 ! 02
6007 12 ! 02
6007 13 ! 02
6007 14 ! 02
6007 15 ! 02
6011 c e11 n0
6011 0 - !
6011 1 - !
6011 2 - !
6011 3 - !
6011 4 - !
6011 5 - !
6011 6 - !
6011 7 - !
6011 8 - !
6011 9 - !
6011 10 - !
6011 11 - !
6011 12 - 02
6011 13 - 02
6011 14 - 02
6011 15 - 02
6011 16 - !
6011 17 - !
6011 18 - !
6011 19 - !
6012 c n0 e11
6012 0 ! -
6012 1 ! -
6012 2 ! -
6012 3 ! -
6012 4 ! -
6012 5 ! -
6012 6 ! -
6012 7 ! -
6012 8 ! -
6012 9 ! -
6012 10 ! -
6012 11 ! -
6012 12 02 -
6012 13 02 -
6012 14 02 -
6012 15 02 -
6012 16 02 -
6012 17 02 -
6012 18 02 -
6012 19 ! -
6013 c e11 n0
6013 0 - !
6013 1 - !
6013 2 - !
6013 3 - !
6013 4 - !
6013 5 - !
6013 6 - !
6013 7 - !
6013 8 - !
6013 9 - !
6013 10 - !
6013 11 - !
6013 12 - 02
6013 13 - 02
6013 14 - 02
6013 15 - 02
6013 16 - !
6013 17 - !
6013 18 - !
6013 19 - !
6014 12 ! 02
6014 13 ! 02
6014 14 ! 02
6014 15 ! 02
6014 16 ! 02
6014 17 ! 02
6014 18 ! 02
6032 12 ! 02
6032 13 ! 02
6032 14 ! 02
6032 15 ! 02
6036 c e11 n0
6036 0 - !
6036 1 - !
6036 2 - !
6036 3 - !
6036 4 - !
6036 5 - !
6036 6 - !
6036 7 - !
6036 8 - !
6036 9 - !
6036 10 - !
6036 11 - !
6036 12 - 02
6036 13 - 02
6036 14 - 02
6036 15 - 02
6036 16 - !
6036 17 - !
6036 18 - !
6036 19 - !
6037 c n0 e11
6037 0 ! -
6037 1 ! -
6037 2 ! -
6037 3 ! -
6037 4 ! -
6037 5 ! -
6037 6 ! -
6037 7 ! -
6037 8 ! -
6037 9 ! -
6037 10 ! -
6037 11 ! -
6037 12 02 -
6037 13 02 -
6037 14 02 -
6037 15 02 -
6037 16 02 -
6037 17 02 -
6037 18 02 -
6037 19 ! -
6038 c e11 n0
6038 0 - !
6038 1 - !
6038 2 - !
6038 3 - !
6038 4 - !
6038 5 - !
6038 6 - !
6038 7 - !
6038 8 - !
6038 9 - !
6038 10 - !
6038 11 - !
6038 12 - 02
6038 13 - 02
6038 14 - 02
6038 15 - 02
6038 16 - !
6038 17 - !
6038 18 - !
6038 19 - !
6039 12 ! 02
6039 13 ! 02
6039 14 ! 02
6039 15 ! 02
6039 16 ! 02
6039 17 ! 02
6039 18 ! 02
6057 12 ! 02
6057 13 ! 02
6057 14 ! 02
6057 15 ! 02
6061 c e11 n0
6061 0 - !
6061 1 - !
6061 2 - !
6061 3 - !
6061 4 - !
6061 5 - !
6061 6 - !
6061 7 - !
6061 8 - !
6061 9 - !
6061 10 - !
6061 11 - !
6061 12 - 02
6061 13 - 02
6061 14 - 02
6061 15 - 02
6061 16 - !
6061 17 - !
6061 18 - !
6061 19 - !
6062 c n0 e11
6062 0 ! -
6062 1 ! -
6062 2 ! -
6062 3 ! -
6062 4 ! -
6062 5 ! -
6062 6 ! -
6062 7 ! -
6062 8 ! -
6062 9 ! -
6062 10 ! -
6062 11 ! -
6062 12 02 -
6062 13 02 -
6062 14 02 -
6062 15 02 -
6062 16 02 -
6062 17 02 -
6062 18 02 -
6062 19 ! -
6063 c e11 n0
6063 0 - !
6063 1 - !
6063 2 - !
6063 3 - !
6063 4 - !
6063 5 - !
6063 6 - !
6063 7 - !
6063 8 - !
6063 9 - !
6063 10 - !
6063 11 - !
6063 12 - 02
6063 13 - 02
6063 14 - 02
6063 15 - 02
6063 16 - !
6063 17 - !
6063 18 - !
6063 19 - !
6064 12 ! 02
6064 13 ! 02
6064 14 ! 02
6064 15 ! 02
6064 16 ! 02
6064 17 ! 02
6064 18 ! 02
6082 12 ! 02
6082 13 ! 02
6082 14 ! 02
6082 15 ! 02
6086 c e11 n0
6086 0 - !
6086 1 - !
6086 2 - !
6086 3 - !
6086 4 - !
6086 5 - !
6086 6 - !
6086 7 - !
6086 8 - !
6086 9 - !
6086 10 - !
6086 11 - !
6086 12 - 02
6086 13 - 02
6086 14 - 02
6086 15 - 02
6086 16 - !
6086 17 - !
6086 18 - !
6086 19 - !
6087 c n0 e11
6087 0 ! -
6087 1 ! -
6087 2 ! -
6087 3 ! -
6087 4 ! -
6087 5 ! -
6087 6 ! -
6087 7 ! -
6087 8 ! -
6087 9 ! -
6087 10 ! -
6087 11 ! -
6087 12 02 -
6087 13 02 -
6087 14 02 -
6087 15 02 -
6087 16 02 -
6087 17 02 -
6087 18 02 -
6087 19 ! -
6088 c e11 n0
6088 0 - !
6088 1 - !
6088 2 - !
6088 3 - !
6088 4 - !
6088 5 - !
6088 6 - !
6088 7 - !
6088 8 - !
6088 9 - !
6088 10 - !
6088 11 - !
6088 12 - 02
6088 13 - 02
6088 14 - 02
6088 15 - 02
6088 16 - !
6088 17 - !
6088 18 - !
6088 19 - !
6089 12 ! 02
6089 13 ! 02
6089 14 ! 02
6089 15 ! 02
6089 16 ! 02
6089 17 ! 02
6089 18 ! 02
6107 12 ! 02
6107 13 ! 02
6107 14 ! 02
6107 15 ! 02
6111 c e11 n0
6111 0 - !
6111 1 - !
6111 2 - !
6111 3 - !
6111 4 - !
6111 5 - !
6111 6 - !
6111 7 - !
6111 8 - !
6111 9 - !
6111 10 - !
6111 11 - !
6111 12 - 02
6111 13 - 02
6111 14 - 02
6111 15 - 02
6111 16 - !
6111 17 - !
6111 18 - !
6111 19 - !
6112 c n0 e11
6112 0 ! -
6112 1 ! -
6112 2 ! -
6112 3 ! -
6112 4 ! -
6112 5 ! -
6112 6 ! -
6112 7 ! -
6112 8 ! -
6112 9 ! -
6112 10 ! -
6112 11 ! -
6112 12 02 -
6112 13 02 -
6112 14 02 -
6112 15 02 -
6112 16 02 -
6112 17 02 -
6112 18 02 -
6112 19 ! -
6113 c e11 n0
6113 0 - !
6113 1 - !
6113 2 - !
6113 3 - !
6113 4 - !
6113 5 - !
6113 6 - !
6113 7 - !
6113 8 - !
6113 9 - !
6113 10 - !
6113 11 - !
6113 12 - 02
6113 13 - 02
6113 14 - 02
6113 15 - 02
6113 16 - !
6113 17 - !
6113 18 - !
6113 19 - !
6114 12 ! 02
6114 13 ! 02
6114 14 ! 02
6114 15 ! 02
6114 16 ! 02
6114 17 ! 02
6114 18 ! 02
6136 c e11 n0
6136 0 - !
6136 1 - !
6136 2 - !
6136 3 - !
6136 4 - !
6136 5 - !
6136 6 - !
6136 7 - !
6136 8 - !
6136 9 - !
6136 10 - !
6136 11 - !
6136 12 - !
6136 13 - !
6136 14 - !
6136 15 - !
6136 16 - !
6136 17 - !
6136 18 - !
6136 19 - 02
6137 c n0 e11
6137 0 ! -
6137 1 ! -
6137 2 ! -
6137 3 ! -
6137 4 ! -
6137 5 ! -
6137 6 ! -
6137 7 ! -
6137 8 ! -
6137 9 ! -
6137 10 ! -
6137 11 ! -
6137 12 ! -
6137 13 ! -
6137 14 ! -
6137 15 ! -
6137 16 ! -
6137 17 ! -
6137 18 ! -
6137 19 02 -
6138 c e11 n0
6138 0 - !
6138 1 - !
6138 2 - !
6138 3 - !
6138 4 - !
6138 5 - !
6138 6 - !
6138 7 - !
6138 8 - !
6138 9 - !
6138 10 - !
6138 11 - !
6138 12 - !
6138 13 - !
6138 14 - !
6138 15 - !
6138 16 - !
6138 17 - !
6138 18 - !
6138 19 - !
6139 19 ! 02
6161 c e11 n0
6161 0 - !
6161 1 - !
6161 2 - !
6161 3 - !
6161 4 - !
6161 5 - !
6161 6 - !
6161 7 - !
6161 8 - !
6161 9 - !
6161 10 - !
6161 11 - !
6161 12 - !
6161 13 - !
6161 14 - !
6161 15 - !
6161 16 - !
6161 17 - !
6161 18 - !
6161 19 - 02
6162 c n0 e11
6162 0 ! -
6162 1 ! -
6162 2 ! -
6162 3 ! -
6162 4 ! -
6162 5 ! -
6162 6 ! -
6162 7 ! -
6162 8 ! -
6162 9 ! -
6162 10 ! -
6162 11 ! -
6162 12 ! -
6162 13 ! -
6162 14 ! -
6162 15 ! -
6162 16 ! -
6162 17 ! -
6162 18 ! -
6162 19 02 -
6163 c e11 n0
6163 0 - !
6163 1 - !
6163 2 - !
6163 3 - !
6163 4 - !
6163 5 - !
6163 6 - !
6163 7 - !
6163 8 - !
6163 9 - !
6163 10 - !
6163 11 - !
6163 12 - !
6163 13 - !
6163 14 - !
6163 15 - !
6163 16 - !
6163 17 - !
6163 18 - !
6163 19 - !
6164 19 ! 02
6182 12 ! 02
6182 13 ! 02
6182 14 ! 02
6182 15 ! 02
6186 c e11 n0
6186 0 - !
6186 1 - !
6186 2 - !
6186 3 - !
6186 4 - !
6186 5 - !
6186 6 - !
6186 7 - !
6186 8 - !
6186 9 - !
6186 10 - !
6186 11 - !
6186 12 - 02
6186 13 - 02
6186 14 - 02
6186 15 - 02
6186 16 - !
6186 17 - !
6186 18 - !
6186 19 - 02
6187 c n0 e11
6187 0 ! -
6187 1 ! -
6187 2 ! -
6187 3 ! -
6187 4 ! -
6187 5 ! -
6187 6 ! -
6187 7 ! -
6187 8 ! -
6187 9 ! -
6187 10 ! -
6187 11 ! -
6187 12 02 -
6187 13 02 -
6187 14 02 -
6187 15 02 -
6187 16 02 -
6187 17 02 -
6187 18 02 -
6187 19 02 -
6188 c e11 n0
6188 0 - !
6188 1 - !
6188 2 - !
6188 3 - !
6188 4 - !
6188 5 - !
6188 6 - !
6188 7 - !
6188 8 - !
6188 9 - !
6188 10 - !
6188 11 - !
6188 12 - 02
6188 13 - 02
6188 14 - 02
6188 15 - 02
6188 16 - !
6188 17 - !
6188 18 - !
6188 19 - !
6189 12 ! 02
6189 13 ! 02
6189 14 ! 02
6189 15 ! 02
6189 16 ! 02
6189 17 ! 02
6189 18 ! 02
6189 19 ! 02
6207 12 ! 02
6207 13 ! 02
6207 14 ! 02
6207 15 ! 02
6211 c e11 n0
6211 0 - !
6211 1 - !
6211 2 - !
6211 3 - !
6211 4 - !
6211 5 - !
6211 6 - !
6211 7 - !
6211 8 - !
6211 9 - !
6211 10 - !
6211 11 - !
6211 12 - 02
6211 13 - 02
6211 14 - 02
6211 15 - 02
6211 16 - !
6211 17 - !
6211 18 - !
6211 19 - 02
6212 c n0 e11
6212 0 ! -
6212 1 ! -
6212 2 ! -
6212 3 ! -
6212 4 ! -
6212 5 ! -
6212 6 ! -
6212 7 ! -
6212 8 ! -
6212 9 ! -
6212 10 ! -
6212 11 ! -
6212 12 02 -
6212 13 02 -
6212 14 02 -
6212 15 02 -
6212 16 02 -
6212 17 02 -
6212 18 02 -
6212 19 02 -
6213 c e11 n0
6213 0 - !
6213 1 - !
6213 2 - !
6213 3 - !
6213 4 - !
6213 5 - !
6213 6 - !
6213 7 - !
6213 8 - !
6213 9 - !
6213 10 - !
6213 11 - !
6213 12 - 02
6213 13 - 02
6213 14 - 02
6213 15 - 02
6213 16 - !
6213 17 - !
6213 18 - !
6213 19 - !
6214 12 ! 02
6214 13 ! 02
6214 14 ! 02
6214 15 ! 02
6214 16 ! 02
6214 17 ! 02
6214 18 ! 02
6214 19 ! 02
6222 12 ! 02
6222 13 ! 02
6222 14 ! 02
6222 15 ! 02
6223 12 ! 02
6223 13 ! 02
6223 14 ! 02
6223 15 ! 02
6224 12 ! 02
6224 13 ! 02
6224 14 ! 02
6224 15 ! 02
6225 12 ! 02
6225 13 ! 02
6225 14 ! 02
6225 15 ! 02
6226 12 ! 02
6226 13 ! 02
6226 14 ! 02
6226 15 ! 02
6226 16 ! 02
6226 17 ! 02
6226 18 ! 02
6227 12 ! 02
6227 13 ! 02
6227 14 ! 02
6227 15 ! 02
6227 16 ! 02
6227 17 ! 02
6227 18 ! 02
6228 16 ! 02
6228 17 ! 02
6228 18 ! 02
6229 16 ! 02
6229 17 ! 02
6229 18 ! 02
6230 12 ! 02
6230 13 ! 02
6230 14 ! 02
6230 15 ! 02
6230 16 ! 02
6230 17 ! 02
6230 18 ! 02
6231 12 ! 02
6231 13 ! 02
6231 14 ! 02
6231 15 ! 02
6231 16 ! 02
6231 17 ! 02
6231 18 ! 02
6232 12 ! 02
6232 13 ! 02
6232 14 ! 02
6232 15 ! 02
6233 12 ! 02
6233 13 ! 02
6233 14 ! 02
6233 15 ! 02
6234 12 ! 02
6234 13 ! 02
6234 14 ! 02
6234 15 ! 02
6234 16 ! 02
6234 17 ! 02
6234 18 ! 02
6235 1 ! 01
6235 2 ! 01
6235 12 ! 02
6235 13 ! 02
6235 14 ! 02
6235 15 ! 02
6235 16 ! 01
6235 17 ! 01
6235 18 ! 01
6236 c e11 n0
6236 0 - !
6236 1 - !
6236 2 - !
6236 3 - !
6236 4 - !
6236 5 - !
6236 6 - !
6236 7 - !
6236 8 - !
6236 9 - !
6236 10 - !
6236 11 - !
6236 12 - 02
6236 13 - 02
6236 14 - 02
6236 15 - 02
6236 16 - !
6236 17 - !
6236 18 - !
6236 19 - !
6237 c n0 e11
6237 0 ! -
6237 1 ! -
6237 2 ! -
6237 3 ! -
6237 4 ! -
6237 5 ! -
6237 6 ! -
6237 7 ! -
6237 8 ! -
6237 9 ! -
6237 10 ! -
6237 11 ! -
6237 12 ! -
6237 13 ! -
6237 14 ! -
6237 15 ! -
6237 16 ! -
6237 17 ! -
6237 18 ! -
6237 19 ! -
6238 c e11 n0
6238 0 - !
6238 1 - !
6238 2 - !
6238 3 - !
6238 4 - !
6238 5 - !
6238 6 - !
6238 7 - !
6238 8 - !
6238 9 - !
6238 10 - !
6238 11 - !
6238 12 - 02
6238 13 - 02
6238 14 - 02
6238 15 - 02
6238 16 - !
6238 17 - !
6238 18 - !
6238 19 - !
6239 12 ! 02
6239 13 ! 02
6239 14 ! 02
6239 15 ! 02
6239 16 ! 02
6239 17 ! 02
6239 18 ! 02
6240 12 ! 02
6240 13 ! 02
6240 14 ! 02
6240 15 ! 02
6240 16 ! 02
6240 17 ! 02
6240 18 ! 02
6241 12 ! 02
6241 13 ! 02
6241 14 ! 02
6241 15 ! 02
6242 12 ! 02
6242 13 ! 02
6242 14 ! 02
6242 15 ! 02
6243 12 ! 02
6243 13 ! 02
6243 14 ! 02
6243 15 ! 02
6243 16 ! 02
6243 17 ! 02
6243 18 ! 02
6257 12 ! 02
6257 13 ! 02
6257 14 ! 02
6257 15 ! 02
6261 c e11 n0
6261 0 - !
6261 1 - !
6261 2 - !
6261 3 - !
6261 4 - !
6261 5 - !
6261 6 - !
6261 7 - !
6261 8 - !
6261 9 - !
6261 10 - !
6261 11 - !
6261 12 - 02
6261 13 - 02
6261 14 - 02
6261 15 - 02
6261 16 - !
6261 17 - !
6261 18 - !
6261 19 - !
6262 c n0 e11
6262 0 ! -
6262 1 ! -
6262 2 ! -
6262 3 ! -
6262 4 ! -
6262 5 ! -
6262 6 ! -
6262 7 ! -
6262 8 ! -
6262 9 ! -
6262 10 ! -
6262 11 ! -
6262 12 02 -
6262 13 02 -
6262 14 02 -
6262 15 02 -
6262 16 02 -
6262 17 02 -
6262 18 02 -
6262 19 ! -
6263 c e11 n0
6263 0 - !
6263 1 - !
6263 2 - !
6263 3 - !
6263 4 - !
6263 5 - !
6263 6 - !
6263 7 - !
6263 8 - !
6263 9 - !
6263 10 - !
6263 11 - !
6263 12 - 02
6263 13 - 02
6263 14 - 02
6263 15 - 02
6263 16 - !
6263 17 - !
6263 18 - !
6263 19 - !
6264 12 ! 02
6264 13 ! 02
6264 14 ! 02
6264 15 ! 02
6264 16 ! 02
6264 17 ! 02
6264 18 ! 02
6282 12 ! 02
6282 13 ! 02
6282 14 ! 02
6282 15 ! 02
6286 c e11 n0
6286 0 - !
6286 1 - !
6286 2 - !
6286 3 - !
6286 4 - !
6286 5 - !
6286 6 - !
6286 7 - !
6286 8 - !
6286 9 - !
6286 10 - !
6286 11 - !
6286 12 - 02
6286 13 - 02
6286 14 - 02
6286 15 - 02
6286 16 - !
6286 17 - !
6286 18 - !
6286 19 - 02
6287 c n0 e11
6287 0 ! -
6287 1 ! -
6287 2 ! -
6287 3 ! -
6287 4 ! -
6287 5 ! -
6287 6 ! -
6287 7 ! -
6287 8 ! -
6287 9 ! -
6287 10 ! -
6287 11 ! -
6287 12 02 -
6287 13 02 -
6287 14 02 -
6287 15 02 -
6287 16 02 -
6287 17 02 -
6287 18 02 -
6287 19 02 -
6288 c e11 n0
6288 0 - !
6288 1 - !
6288 2 - !
6288 3 - !
6288 4 - !
6288 5 - !
6288 6 - !
6288 7 - !
6288 8 - !
6288 9 - !
6288 10 - !
6288 11 - !
6288 12 - 02
6288 13 - 02
6288 14 - 02
6288 15 - 02
6288 16 - !
6288 17 - !
6288 18 - !
6288 19 - !
6289 12 ! 02
6289 13 ! 02
6289 14 ! 02
6289 15 ! 02
6289 16 ! 02
6289 17 ! 02
6289 18 ! 02
6289 19 ! 02
6307 1 ! 01
6307 2 ! 01
6307 12 ! 02
6307 13 ! 02
6307 14 ! 02
6307 15 ! 02
6307 16 ! 01
6307 17 ! 01
6307 18 ! 01
6311 c e11 n0
6311 0 - !
6311 1 - 01
6311 2 - 01
6311 3 - !
6311 4 - !
6311 5 - 01
6311 6 - 01
6311 7 - 01
6311 8 - 01
6311 9 - 01
6311 10 - !
6311 11 - !
6311 12 - 02
6311 13 - 02
6311 14 - 02
6311 15 - 02
6311 16 - 01
6311 17 - 01
6311 18 - 01
6311 19 - 01
6312 c n0 e11
6312 0 ! -
6312 1 01 -
6312 2 01 -
6312 3 01 -
6312 4 01 -
6312 5 01 -
6312 6 01 -
6312 7 ! -
6312 8 ! -
6312 9 ! -
6312 10 ! -
6312 11 ! -
6312 12 02 -
6312 13 02 -
6312 14 02 -
6312 15 02 -
6312 16 02 -
6312 17 02 -
6312 18 02 -
6312 19 01 -
6313 c e11 n0
6313 0 - !
6313 1 - 01
6313 2 - 01
6313 3 - !
6313 4 - !
6313 5 - !
6313 6 - !
6313 7 - 01
6313 8 - 01
6313 9 - !
6313 10 - !
6313 11 - !
6313 12 - 02
6313 13 - 02
6313 14 - 02
6313 15 - 02
6313 16 - 01
6313 17 - 01
6313 18 - 01
6313 19 - !
6314 1 ! 01
6314 2 ! 01
6314 3 ! 01
6314 4 ! 01
6314 5 ! 01
6314 6 ! 01
6314 12 ! 02
6314 13 ! 02
6314 14 ! 02
6314 15 ! 02
6314 16 ! 02
6314 17 ! 02
6314 18 ! 02
6314 19 ! 01
6322 c e11 n0
6322 0 - !
6322 1 - !
6322 2 - !
6322 3 - !
6322 4 - !
6322 5 - !
6322 6 - !
6322 7 - !
6322 8 - !
6322 9 - !
6322 10 - !
6322 11 - !
6322 12 - 02
6322 13 - 02
6322 14 - 02
6322 15 - 02
6322 16 - !
6322 17 - !
6322 18 - !
6322 19 - !
6323 c e11 n0
6323 0 - !
6323 1 - !
6323 2 - !
6323 3 - !
6323 4 - !
6323 5 - !
6323 6 - !
6323 7 - !
6323 8 - !
6323 9 - !
6323 10 - !
6323 11 - !
6323 12 - 02
6323 13 - 02
6323 14 - 02
6323 15 - 02
6323 16 - !
6323 17 - !
6323 18 - !
6323 19 - !
6324 c e11 n0
6324 0 - !
6324 1 - !
6324 2 - !
6324 3 - !
6324 4 - !
6324 5 - !
6324 6 - !
6324 7 - !
6324 8 - !
6324 9 - !
6324 10 - !
6324 11 - !
6324 12 - 02
6324 13 - 02
6324 14 - 02
6324 15 - 02
6324 16 - !
6324 17 - !
6324 18 - !
6324 19 - !
6325 c e11 n0
6325 0 - !
6325 1 - !
6325 2 - !
6325 3 - !
6325 4 - !
6325 5 - !
6325 6 - !
6325 7 - !
6325 8 - !
6325 9 - !
6325 10 - !
6325 11 - !
6325 12 - 02
6325 13 - 02
6325 14 - 02
6325 15 - 02
6325 16 - !
6325 17 - !
6325 18 - !
6325 19 - !
6326 c e11 n0
6326 0 - !
6326 1 - !
6326 2 - !
6326 3 - !
6326 4 - !
6326 5 - !
6326 6 - !
6326 7 - !
6326 8 - !
6326 9 - !
6326 10 - !
6326 11 - !
6326 12 - 02
6326 13 - 02
6326 14 - 02
6326 15 - 02
6326 16 - 02
6326 17 - 02
6326 18 - 02
6326 19 - !
6327 c e11 n0
6327 0 - !
6327 1 - !
6327 2 - !
6327 3 - !
6327 4 - !
6327 5 - !
6327 6 - !
6327 7 - !
6327 8 - !
6327 9 - !
6327 10 - !
6327 11 - !
6327 12 - 02
6327 13 - 02
6327 14 - 02
6327 15 - 02
6327 16 - 02
6327 17 - 02
6327 18 - 02
6327 19 - !
6328 c e11 n0
6328 0 - !
6328 1 - !
6328 2 - !
6328 3 - !
6328 4 - !
6328 5 - !
6328 6 - !
6328 7 - !
6328 8 - !
6328 9 - !
6328 10 - !
6328 11 - !
6328 12 - !
6328 13 - !
6328 14 - !
6328 15 - !
6328 16 - 02
6328 17 - 02
6328 18 - 02
6328 19 - 02
6329 c e11 n0
6329 0 - !
6329 1 - !
6329 2 - !
6329 3 - !
6329 4 - !
6329 5 - !
6329 6 - !
6329 7 - !
6329 8 - !
6329 9 - !
6329 10 - !
6329 11 - !
6329 12 - !
6329 13 - !
6329 14 - !
6329 15 - !
6329 16 - 02
6329 17 - 02
6329 18 - 02
6329 19 - 02
6330 c e11 n0
6330 0 - !
6330 1 - !
6330 2 - !
6330 3 - !
6330 4 - !
6330 5 - !
6330 6 - !
6330 7 - !
6330 8 - !
6330 9 - !
6330 10 - !
6330 11 - !
6330 12 - 02
6330 13 - 02
6330 14 - 02
6330 15 - 02
6330 16 - 02
6330 17 - 02
6330 18 - 02
6330 19 - 02
6331 c e11 n0
6331 0 - !
6331 1 - !
6331 2 - !
6331 3 - !
6331 4 - !
6331 5 - !
6331 6 - !
6331 7 - !
6331 8 - !
6331 9 - !
6331 10 - !
6331 11 - !
6331 12 - 02
6331 13 - 02
6331 14 - 02
6331 15 - 02
6331 16 - 02
6331 17 - 02
6331 18 - 02
6331 19 - 02
6332 c e11 n0
6332 0 - !
6332 1 - !
6332 2 - !
6332 3 - !
6332 4 - !
6332 5 - !
6332 6 - !
6332 7 - !
6332 8 - !
6332 9 - !
6332 10 - !
6332 11 - !
6332 12 - 02
6332 13 - 02
6332 14 - 02
6332 15 - 02
6332 16 - !
6332 17 - !
6332 18 - !
6332 19 - !
6333 c e11 n0
6333 0 - !
6333 1 - !
6333 2 - !
6333 3 - !
6333 4 - !
6333 5 - !
6333 6 - !
6333 7 - !
6333 8 - !
6333 9 - !
6333 10 - !
6333 11 - !
6333 12 - 02
6333 13 - 02
6333 14 - 02
6333 15 - 02
6333 16 - !
6333 17 - !
6333 18 - !
6333 19 - !
6334 c e11 n0
6334 0 - !
6334 1 - !
6334 2 - !
6334 3 - !
6334 4 - !
6334 5 - !
6334 6 - !
6334 7 - !
6334 8 - !
6334 9 - !
6334 10 - !
6334 11 - !
6334 12 - 02
6334 13 - 02
6334 14 - 02
6334 15 - 02
6334 16 - 02
6334 17 - 02
6334 18 - 02
6334 19 - 02
6335 c e11 n0
6335 0 - !
6335 1 - 01
6335 2 - 01
6335 3 - !
6335 4 - !
6335 5 - 01
6335 6 - 01
6335 7 - 01
6335 8 - 01
6335 9 - 01
6335 10 - !
6335 11 - !
6335 12 - 02
6335 13 - 02
6335 14 - 02
6335 15 - 02
6335 16 - 01
6335 17 - 01
6335 18 - 01
6335 19 - 01
6336 c e11 n0
6336 0 - !
6336 1 - !
6336 2 - !
6336 3 - !
6336 4 - !
6336 5 - !
6336 6 - !
6336 7 - !
6336 8 - !
6336 9 - !
6336 10 - !
6336 11 - !
6336 12 - 02
6336 13 - 02
6336 14 - 02
6336 15 - 02
6336 16 - !
6336 17 - !
6336 18 - !
6336 19 - 02
6338 c e11 n0
6338 0 - !
6338 1 - !
6338 2 - !
6338 3 - !
6338 4 - !
6338 5 - !
6338 6 - !
6338 7 - !
6338 8 - !
6338 9 - !
6338 10 - !
6338 11 - !
6338 12 - 02
6338 13 - 02
6338 14 - 02
6338 15 - 02
6338 16 - !
6338 17 - !
6338 18 - !
6338 19 - !
6339 c e11 n0
6339 0 - !
6339 1 - !
6339 2 - !
6339 3 - !
6339 4 - !
6339 5 - !
6339 6 - !
6339 7 - !
6339 8 - !
6339 9 - !
6339 10 - !
6339 11 - !
6339 12 - 02
6339 13 - 02
6339 14 - 02
6339 15 - 02
6339 16 - 02
6339 17 - 02
6339 18 - 02
6339 19 - 02
6340 c e11 n0
6340 0 - !
6340 1 - !
6340 2 - !
6340 3 - !
6340 4 - !
6340 5 - !
6340 6 - !
6340 7 - !
6340 8 - !
6340 9 - !
6340 10 - !
6340 11 - !
6340 12 - 02
6340 13 - 02
6340 14 - 02
6340 15 - 02
6340 16 - 02
6340 17 - 02
6340 18 - 02
6340 19 - 02
6341 c e11 n0
6341 0 - !
6341 1 - !
6341 2 - !
6341 3 - !
6341 4 - !
6341 5 - !
6341 6 - !
6341 7 - !
6341 8 - !
6341 9 - !
6341 10 - !
6341 11 - !
6341 12 - 02
6341 13 - 02
6341 14 - 02
6341 15 - 02
6341 16 - !
6341 17 - !
6341 18 - !
6341 19 - !
6342 c e11 n0
6342 0 - !
6342 1 - !
6342 2 - !
6342 3 - !
6342 4 - !
6342 5 - !
6342 6 - !
6342 7 - !
6342 8 - !
6342 9 - !
6342 10 - !
6342 11 - !
6342 12 - 02
6342 13 - 02
6342 14 - 02
6342 15 - 02
6342 16 - !
6342 17 - !
6342 18 - !
6342 19 - !
6343 c e11 n0
6343 0 - !
6343 1 - !
6343 2 - !
6343 3 - !
6343 4 - !
6343 5 - !
6343 6 - !
6343 7 - !
6343 8 - !
6343 9 - !
6343 10 - !
6343 11 - !
6343 12 - 02
6343 13 - 02
6343 14 - 02
6343 15 - 02
6343 16 - 02
6343 17 - 02
6343 18 - 02
6343 19 - 02
6344 c e11 n1
6344 0 - !
6344 1 - !
6344 2 - !
6344 3 - !
6344 4 - !
6344 5 - !
6344 6 - !
6344 7 - !
6344 8 - !
6344 9 - !
6344 10 - !
6344 11 - !
6344 12 - !
6344 13 - !
6344 14 - !
6344 15 - !
6344 16 - !
6344 17 - !
6344 18 - !
6344 19 - !
6345 c e11 n1
6345 0 - !
6345 1 - !
6345 2 - !
6345 3 - !
6345 4 - !
6345 5 - !
6345 6 - !
6345 7 - !
6345 8 - !
6345 9 - !
6345 10 - !
6345 11 - !
6345 12 - !
6345 13 - !
6345 14 - !
6345 15 - !
6345 16 - !
6345 17 - !
6345 18 - !
6345 19 - !
6346 c e11 n0
6346 0 - !
6346 1 - !
6346 2 - !
6346 3 - !
6346 4 - !
6346 5 - !
6346 6 - !
6346 7 - !
6346 8 - !
6346 9 - !
6346 10 - !
6346 11 - !
6346 12 - !
6346 13 - !
6346 14 - !
6346 15 - !
6346 16 - !
6346 17 - !
6346 18 - !
6346 19 - !
6347 c n0 e11
6347 0 ! -
6347 1 ! -
6347 2 ! -
6347 3 ! -
6347 4 ! -
6347 5 ! -
6347 6 ! -
6347 7 ! -
6347 8 ! -
6347 9 ! -
6347 10 ! -
6347 11 ! -
6347 12 02 -
6347 13 02 -
6347 14 02 -
6347 15 02 -
6347 16 ! -
6347 17 ! -
6347 18 ! -
6347 19 ! -
6348 c n0 e11
6348 0 ! -
6348 1 ! -
6348 2 ! -
6348 3 ! -
6348 4 ! -
6348 5 ! -
6348 6 ! -
6348 7 ! -
6348 8 ! -
6348 9 ! -
6348 10 ! -
6348 11 ! -
6348 12 02 -
6348 13 02 -
6348 14 02 -
6348 15 02 -
6348 16 ! -
6348 17 ! -
6348 18 ! -
6348 19 ! -
6349 c n0 e11
6349 0 ! -
6349 1 ! -
6349 2 ! -
6349 3 ! -
6349 4 ! -
6349 5 ! -
6349 6 ! -
6349 7 ! -
6349 8 ! -
6349 9 ! -
6349 10 ! -
6349 11 ! -
6349 12 02 -
6349 13 02 -
6349 14 02 -
6349 15 02 -
6349 16 ! -
6349 17 ! -
6349 18 ! -
6349 19 ! -
6350 c n0 e11
6350 0 ! -
6350 1 ! -
6350 2 ! -
6350 3 ! -
6350 4 ! -
6350 5 ! -
6350 6 ! -
6350 7 ! -
6350 8 ! -
6350 9 ! -
6350 10 ! -
6350 11 ! -
6350 12 02 -
6350 13 02 -
6350 14 02 -
6350 15 02 -
6350 16 ! -
6350 17 ! -
6350 18 ! -
6350 19 ! -
6351 c n0 e11
6351 0 ! -
6351 1 ! -
6351 2 ! -
6351 3 ! -
6351 4 ! -
6351 5 ! -
6351 6 ! -
6351 7 ! -
6351 8 ! -
6351 9 ! -
6351 10 ! -
6351 11 ! -
6351 12 02 -
6351 13 02 -
6351 14 02 -
6351 15 02 -
6351 16 02 -
6351 17 02 -
6351 18 02 -
6351 19 ! -
6352 c n0 e11
6352 0 ! -
6352 1 ! -
6352 2 ! -
6352 3 ! -
6352 4 ! -
6352 5 ! -
6352 6 ! -
6352 7 ! -
6352 8 ! -
6352 9 ! -
6352 10 ! -
6352 11 ! -
6352 12 02 -
6352 13 02 -
6352 14 02 -
6352 15 02 -
6352 16 02 -
6352 17 02 -
6352 18 02 -
6352 19 ! -
6353 c n0 e11
6353 0 ! -
6353 1 ! -
6353 2 ! -
6353 3 ! -
6353 4 ! -
6353 5 ! -
6353 6 ! -
6353 7 ! -
6353 8 ! -
6353 9 ! -
6353 10 ! -
6353 11 ! -
6353 12 ! -
6353 13 ! -
6353 14 ! -
6353 15 ! -
6353 16 02 -
6353 17 02 -
6353 18 02 -
6353 19 02 -
6354 c n0 e11
6354 0 ! -
6354 1 ! -
6354 2 ! -
6354 3 ! -
6354 4 ! -
6354 5 ! -
6354 6 ! -
6354 7 ! -
6354 8 ! -
6354 9 ! -
6354 10 ! -
6354 11 ! -
6354 12 ! -
6354 13 ! -
6354 14 ! -
6354 15 ! -
6354 16 02 -
6354 17 02 -
6354 18 02 -
6354 19 02 -
6355 c n0 e11
6355 0 ! -
6355 1 ! -
6355 2 ! -
6355 3 ! -
6355 4 ! -
6355 5 ! -
6355 6 ! -
6355 7 ! -
6355 8 ! -
6355 9 ! -
6355 10 ! -
6355 11 ! -
6355 12 02 -
6355 13 02 -
6355 14 02 -
6355 15 02 -
6355 16 02 -
6355 17 02 -
6355 18 02 -
6355 19 02 -
6356 c n0 e11
6356 0 ! -
6356 1 ! -
6356 2 ! -
6356 3 ! -
6356 4 ! -
6356 5 ! -
6356 6 ! -
6356 7 ! -
6356 8 ! -
6356 9 ! -
6356 10 ! -
6356 11 ! -
6356 12 02 -
6356 13 02 -
6356 14 02 -
6356 15 02 -
6356 16 02 -
6356 17 02 -
6356 18 02 -
6356 19 02 -
6357 c n0 e11
6357 0 ! -
6357 1 ! -
6357 2 ! -
6357 3 ! -
6357 4 ! -
6357 5 ! -
6357 6 ! -
6357 7 ! -
6357 8 ! -
6357 9 ! -
6357 10 ! -
6357 11 ! -
6357 12 ! -
6357 13 ! -
6357 14 ! -
6357 15 ! -
6357 16 ! -
6357 17 ! -
6357 18 ! -
6357 19 ! -
6358 c n0 e11
6358 0 ! -
6358 1 ! -
6358 2 ! -
6358 3 ! -
6358 4 ! -
6358 5 ! -
6358 6 ! -
6358 7 ! -
6358 8 ! -
6358 9 ! -
6358 10 ! -
6358 11 ! -
6358 12 02 -
6358 13 02 -
6358 14 02 -
6358 15 02 -
6358 16 ! -
6358 17 ! -
6358 18 ! -
6358 19 ! -
6359 c n0 e11
6359 0 ! -
6359 1 ! -
6359 2 ! -
6359 3 ! -
6359 4 ! -
6359 5 ! -
6359 6 ! -
6359 7 ! -
6359 8 ! -
6359 9 ! -
6359 10 ! -
6359 11 ! -
6359 12 02 -
6359 13 02 -
6359 14 02 -
6359 15 02 -
6359 16 02 -
6359 17 02 -
6359 18 02 -
6359 19 02 -
6360 c n0 e11
6360 0 ! -
6360 1 01 -
6360 2 01 -
6360 3 01 -
6360 4 01 -
6360 5 01 -
6360 6 01 -
6360 7 ! -
6360 8 ! -
6360 9 ! -
6360 10 ! -
6360 11 ! -
6360 12 02 -
6360 13 02 -
6360 14 02 -
6360 15 02 -
6360 16 01 -
6360 17 01 -
6360 18 01 -
6360 19 01 -
6362 c n0 e11
6362 0 ! -
6362 1 ! -
6362 2 ! -
6362 3 ! -
6362 4 ! -
6362 5 ! -
6362 6 ! -
6362 7 ! -
6362 8 ! -
6362 9 ! -
6362 10 ! -
6362 11 ! -
6362 12 02 -
6362 13 02 -
6362 14 02 -
6362 15 02 -
6362 16 02 -
6362 17 02 -
6362 18 02 -
6362 19 02 -
6364 c n0 e11
6364 0 ! -
6364 1 ! -
6364 2 ! -
6364 3 ! -
6364 4 ! -
6364 5 ! -
6364 6 ! -
6364 7 ! -
6364 8 ! -
6364 9 ! -
6364 10 ! -
6364 11 ! -
6364 12 ! -
6364 13 ! -
6364 14 ! -
6364 15 ! -
6364 16 ! -
6364 17 ! -
6364 18 ! -
6364 19 ! -
6365 c n0 e11
6365 0 ! -
6365 1 ! -
6365 2 ! -
6365 3 ! -
6365 4 ! -
6365 5 ! -
6365 6 ! -
6365 7 ! -
6365 8 ! -
6365 9 ! -
6365 10 ! -
6365 11 ! -
6365 12 02 -
6365 13 02 -
6365 14 02 -
6365 15 02 -
6365 16 02 -
6365 17 02 -
6365 18 02 -
6365 19 02 -
6366 c n0 e11
6366 0 ! -
6366 1 ! -
6366 2 ! -
6366 3 ! -
6366 4 ! -
6366 5 ! -
6366 6 ! -
6366 7 ! -
6366 8 ! -
6366 9 ! -
6366 10 ! -
6366 11 ! -
6366 12 02 -
6366 13 02 -
6366 14 02 -
6366 15 02 -
6366 16 ! -
6366 17 ! -
6366 18 ! -
6366 19 ! -
6367 c n0 e11
6367 0 ! -
6367 1 ! -
6367 2 ! -
6367 3 ! -
6367 4 ! -
6367 5 ! -
6367 6 ! -
6367 7 ! -
6367 8 ! -
6367 9 ! -
6367 10 ! -
6367 11 ! -
6367 12 02 -
6367 13 02 -
6367 14 02 -
6367 15 02 -
6367 16 ! -
6367 17 ! -
6367 18 ! -
6367 19 ! -
6368 c n0 e11
6368 0 ! -
6368 1 ! -
6368 2 ! -
6368 3 ! -
6368 4 ! -
6368 5 ! -
6368 6 ! -
6368 7 ! -
6368 8 ! -
6368 9 ! -
6368 10 ! -
6368 11 ! -
6368 12 02 -
6368 13 02 -
6368 14 02 -
6368 15 02 -
6368 16 02 -
6368 17 02 -
6368 18 02 -
6368 19 02 -
6369 c n1 e11
6369 0 ! -
6369 1 ! -
6369 2 ! -
6369 3 ! -
6369 4 ! -
6369 5 ! -
6369 6 ! -
6369 7 ! -
6369 8 ! -
6369 9 ! -
6369 10 ! -
6369 11 ! -
6369 12 ! -
6369 13 ! -
6369 14 ! -
6369 15 ! -
6369 16 ! -
6369 17 ! -
6369 18 ! -
6369 19 ! -
6370 c n1 e11
6370 0 ! -
6370 1 ! -
6370 2 ! -
6370 3 ! -
6370 4 ! -
6370 5 ! -
6370 6 ! -
6370 7 ! -
6370 8 ! -
6370 9 ! -
6370 10 ! -
6370 11 ! -
6370 12 ! -
6370 13 ! -
6370 14 ! -
6370 15 ! -
6370 16 ! -
6370 17 ! -
6370 18 ! -
6370 19 ! -
6371 c n0 e11
6371 0 ! -
6371 1 ! -
6371 2 ! -
6371 3 ! -
6371 4 ! -
6371 5 ! -
6371 6 ! -
6371 7 ! -
6371 8 ! -
6371 9 ! -
6371 10 ! -
6371 11 ! -
6371 12 ! -
6371 13 ! -
6371 14 ! -
6371 15 ! -
6371 16 ! -
6371 17 ! -
6371 18 ! -
6371 19 ! -
6372 c e11 n0
6372 0 - !
6372 1 - !
6372 2 - !
6372 3 - !
6372 4 - !
6372 5 - !
6372 6 - !
6372 7 - !
6372 8 - !
6372 9 - !
6372 10 - !
6372 11 - !
6372 12 - 02
6372 13 - 02
6372 14 - 02
6372 15 - 02
6372 16 - !
6372 17 - !
6372 18 - !
6372 19 - !
6373 c e11 n0
6373 0 - !
6373 1 - !
6373 2 - !
6373 3 - !
6373 4 - !
6373 5 - !
6373 6 - !
6373 7 - !
6373 8 - !
6373 9 - !
6373 10 - !
6373 11 - !
6373 12 - 02
6373 13 - 02
6373 14 - 02
6373 15 - 02
6373 16 - !
6373 17 - !
6373 18 - !
6373 19 - !
6374 c e11 n0
6374 0 - !
6374 1 - !
6374 2 - !
6374 3 - !
6374 4 - !
6374 5 - !
6374 6 - !
6374 7 - !
6374 8 - !
6374 9 - !
6374 10 - !
6374 11 - !
6374 12 - 02
6374 13 - 02
6374 14 - 02
6374 15 - 02
6374 16 - !
6374 17 - !
6374 18 - !
6374 19 - !
6375 c e11 n0
6375 0 - !
6375 1 - !
6375 2 - !
6375 3 - !
6375 4 - !
6375 5 - !
6375 6 - !
6375 7 - !
6375 8 - !
6375 9 - !
6375 10 - !
6375 11 - !
6375 12 - 02
6375 13 - 02
6375 14 - 02
6375 15 - 02
6375 16 - !
6375 17 - !
6375 18 - !
6375 19 - !
6376 c e11 n0
6376 0 - !
6376 1 - !
6376 2 - !
6376 3 - !
6376 4 - !
6376 5 - !
6376 6 - !
6376 7 - !
6376 8 - !
6376 9 - !
6376 10 - !
6376 11 - !
6376 12 - 02
6376 13 - 02
6376 14 - 02
6376 15 - 02
6376 16 - 02
6376 17 - 02
6376 18 - 02
6376 19 - !
6377 c e11 n0
6377 0 - !
6377 1 - !
6377 2 - !
6377 3 - !
6377 4 - !
6377 5 - !
6377 6 - !
6377 7 - !
6377 8 - !
6377 9 - !
6377 10 - !
6377 11 - !
6377 12 - 02
6377 13 - 02
6377 14 - 02
6377 15 - 02
6377 16 - 02
6377 17 - 02
6377 18 - 02
6377 19 - !
6378 c e11 n0
6378 0 - !
6378 1 - !
6378 2 - !
6378 3 - !
6378 4 - !
6378 5 - !
6378 6 - !
6378 7 - !
6378 8 - !
6378 9 - !
6378 10 - !
6378 11 - !
6378 12 - !
6378 13 - !
6378 14 - !
6378 15 - !
6378 16 - 02
6378 17 - 02
6378 18 - 02
6378 19 - !
6379 c e11 n0
6379 0 - !
6379 1 - !
6379 2 - !
6379 3 - !
6379 4 - !
6379 5 - !
6379 6 - !
6379 7 - !
6379 8 - !
6379 9 - !
6379 10 - !
6379 11 - !
6379 12 - !
6379 13 - !
6379 14 - !
6379 15 - !
6379 16 - 02
6379 17 - 02
6379 18 - 02
6379 19 - !
6380 c e11 n0
6380 0 - !
6380 1 - !
6380 2 - !
6380 3 - !
6380 4 - !
6380 5 - !
6380 6 - !
6380 7 - !
6380 8 - !
6380 9 - !
6380 10 - !
6380 11 - !
6380 12 - 02
6380 13 - 02
6380 14 - 02
6380 15 - 02
6380 16 - 02
6380 17 - 02
6380 18 - 02
6380 19 - !
6381 c e11 n0
6381 0 - !
6381 1 - !
6381 2 - !
6381 3 - !
6381 4 - !
6381 5 - !
6381 6 - !
6381 7 - !
6381 8 - !
6381 9 - !
6381 10 - !
6381 11 - !
6381 12 - 02
6381 13 - 02
6381 14 - 02
6381 15 - 02
6381 16 - 02
6381 17 - 02
6381 18 - 02
6381 19 - !
6382 c e11 n0
6382 0 - !
6382 1 - !
6382 2 - !
6382 3 - !
6382 4 - !
6382 5 - !
6382 6 - !
6382 7 - !
6382 8 - !
6382 9 - !
6382 10 - !
6382 11 - !
6382 12 - 02
6382 13 - 02
6382 14 - 02
6382 15 - 02
6382 16 - !
6382 17 - !
6382 18 - !
6382 19 - !
6383 c e11 n0
6383 0 - !
6383 1 - !
6383 2 - !
6383 3 - !
6383 4 - !
6383 5 - !
6383 6 - !
6383 7 - !
6383 8 - !
6383 9 - !
6383 10 - !
6383 11 - !
6383 12 - 02
6383 13 - 02
6383 14 - 02
6383 15 - 02
6383 16 - !
6383 17 - !
6383 18 - !
6383 19 - !
6384 c e11 n0
6384 0 - !
6384 1 - !
6384 2 - !
6384 3 - !
6384 4 - !
6384 5 - !
6384 6 - !
6384 7 - !
6384 8 - !
6384 9 - !
6384 10 - !
6384 11 - !
6384 12 - 02
6384 13 - 02
6384 14 - 02
6384 15 - 02
6384 16 - 02
6384 17 - 02
6384 18 - 02
6384 19 - !
6385 c e11 n0
6385 0 - !
6385 1 - 01
6385 2 - 01
6385 3 - !
6385 4 - !
6385 5 - !
6385 6 - !
6385 7 - 01
6385 8 - 01
6385 9 - !
6385 10 - !
6385 11 - !
6385 12 - 02
6385 13 - 02
6385 14 - 02
6385 15 - 02
6385 16 - 01
6385 17 - 01
6385 18 - 01
6385 19 - !
6386 c e11 n0
6386 0 - !
6386 1 - !
6386 2 - !
6386 3 - !
6386 4 - !
6386 5 - !
6386 6 - !
6386 7 - !
6386 8 - !
6386 9 - !
6386 10 - !
6386 11 - !
6386 12 - 02
6386 13 - 02
6386 14 - 02
6386 15 - 02
6386 16 - !
6386 17 - !
6386 18 - !
6386 19 - !
6388 c e11 n0
6388 0 - !
6388 1 - !
6388 2 - !
6388 3 - !
6388 4 - !
6388 5 - !
6388 6 - !
6388 7 - !
6388 8 - !
6388 9 - !
6388 10 - !
6388 11 - !
6388 12 - 02
6388 13 - 02
6388 14 - 02
6388 15 - 02
6388 16 - !
6388 17 - !
6388 18 - !
6388 19 - !
6389 c e11 n0
6389 0 - !
6389 1 - !
6389 2 - !
6389 3 - !
6389 4 - !
6389 5 - !
6389 6 - !
6389 7 - !
6389 8 - !
6389 9 - !
6389 10 - !
6389 11 - !
6389 12 - 02
6389 13 - 02
6389 14 - 02
6389 15 - 02
6389 16 - 02
6389 17 - 02
6389 18 - 02
6389 19 - !
6390 c e11 n0
6390 0 - !
6390 1 - !
6390 2 - !
6390 3 - !
6390 4 - !
6390 5 - !
6390 6 - !
6390 7 - !
6390 8 - !
6390 9 - !
6390 10 - !
6390 11 - !
6390 12 - 02
6390 13 - 02
6390 14 - 02
6390 15 - 02
6390 16 - 02
6390 17 - 02
6390 18 - 02
6390 19 - !
6391 c e11 n0
6391 0 - !
6391 1 - !
6391 2 - !
6391 3 - !
6391 4 - !
6391 5 - !
6391 6 - !
6391 7 - !
6391 8 - !
6391 9 - !
6391 10 - !
6391 11 - !
6391 12 - 02
6391 13 - 02
6391 14 - 02
6391 15 - 02
6391 16 - !
6391 17 - !
6391 18 - !
6391 19 - !
6392 c e11 n0
6392 0 - !
6392 1 - !
6392 2 - !
6392 3 - !
6392 4 - !
6392 5 - !
6392 6 - !
6392 7 - !
6392 8 - !
6392 9 - !
6392 10 - !
6392 11 - !
6392 12 - 02
6392 13 - 02
6392 14 - 02
6392 15 - 02
6392 16 - !
6392 17 - !
6392 18 - !
6392 19 - !
6393 c e11 n0
6393 0 - !
6393 1 - !
6393 2 - !
6393 3 - !
6393 4 - !
6393 5 - !
6393 6 - !
6393 7 - !
6393 8 - !
6393 9 - !
6393 10 - !
6393 11 - !
6393 12 - 02
6393 13 - 02
6393 14 - 02
6393 15 - 02
6393 16 - 02
6393 17 - 02
6393 18 - 02
6393 19 - !
6394 c e11 n1
6394 0 - !
6394 1 - !
6394 2 - !
6394 3 - !
6394 4 - !
6394 5 - !
6394 6 - !
6394 7 - !
6394 8 - !
6394 9 - !
6394 10 - !
6394 11 - !
6394 12 - !
6394 13 - !
6394 14 - !
6394 15 - !
6394 16 - !
6394 17 - !
6394 18 - !
6394 19 - !
6395 c e11 n1
6395 0 - !
6395 1 - !
6395 2 - !
6395 3 - !
6395 4 - !
6395 5 - !
6395 6 - !
6395 7 - !
6395 8 - !
6395 9 - !
6395 10 - !
6395 11 - !
6395 12 - !
6395 13 - !
6395 14 - !
6395 15 - !
6395 16 - !
6395 17 - !
6395 18 - !
6395 19 - !
6396 c e11 n0
6396 0 - !
6396 1 - !
6396 2 - !
6396 3 - !
6396 4 - !
6396 5 - !
6396 6 - !
6396 7 - !
6396 8 - !
6396 9 - !
6396 10 - !
6396 11 - !
6396 12 - !
6396 13 - !
6396 14 - !
6396 15 - !
6396 16 - !
6396 17 - !
6396 18 - !
6396 19 - !
6397 12 ! 02
6397 13 ! 02
6397 14 ! 02
6397 15 ! 02
6398 12 ! 02
6398 13 ! 02
6398 14 ! 02
6398 15 ! 02
6399 12 ! 02
6399 13 ! 02
6399 14 ! 02
6399 15 ! 02
6400 12 ! 02
6400 13 ! 02
6400 14 ! 02
6400 15 ! 02
6401 12 ! 02
6401 13 ! 02
6401 14 ! 02
6401 15 ! 02
6401 16 ! 02
6401 17 ! 02
6401 18 ! 02
6402 12 ! 02
6402 13 ! 02
6402 14 ! 02
6402 15 ! 02
6402 16 ! 02
6402 17 ! 02
6402 18 ! 02
6403 16 ! 02
6403 17 ! 02
6403 18 ! 02
6403 19 ! 02
6404 16 ! 02
6404 17 ! 02
6404 18 ! 02
6404 19 ! 02
6405 12 ! 02
6405 13 ! 02
6405 14 ! 02
6405 15 ! 02
6405 16 ! 02
6405 17 ! 02
6405 18 ! 02
6405 19 ! 02
6406 12 ! 02
6406 13 ! 02
6406 14 ! 02
6406 15 ! 02
6406 16 ! 02
6406 17 ! 02
6406 18 ! 02
6406 19 ! 02
6407 12 ! 02
6407 13 ! 02
6407 14 ! 02
6407 15 ! 02
6408 12 ! 02
6408 13 ! 02
6408 14 ! 02
6408 15 ! 02
6409 12 ! 02
6409 13 ! 02
6409 14 ! 02
6409 15 ! 02
6409 16 ! 02
6409 17 ! 02
6409 18 ! 02
6409 19 ! 02
6410 1 ! 01
6410 2 ! 01
6410 3 ! 01
6410 4 ! 01
6410 5 ! 01
6410 6 ! 01
6410 12 ! 02
6410 13 ! 02
6410 14 ! 02
6410 15 ! 02
6410 16 ! 01
6410 17 ! 01
6410 18 ! 01
6410 19 ! 01
6411 c e11 n0
6411 0 - !
6411 1 - !
6411 2 - !
6411 3 - !
6411 4 - !
6411 5 - !
6411 6 - !
6411 7 - !
6411 8 - !
6411 9 - !
6411 10 - !
6411 11 - !
6411 12 - 02
6411 13 - 02
6411 14 - 02
6411 15 - 02
6411 16 - !
6411 17 - !
6411 18 - !
6411 19 - 02
6412 c n0 e11
6412 0 ! -
6412 1 ! -
6412 2 ! -
6412 3 ! -
6412 4 ! -
6412 5 ! -
6412 6 ! -
6412 7 ! -
6412 8 ! -
6412 9 ! -
6412 10 ! -
6412 11 ! -
6412 12 ! -
6412 13 ! -
6412 14 ! -
6412 15 ! -
6412 16 ! -
6412 17 ! -
6412 18 ! -
6412 19 ! -
6413 c e11 n0
6413 0 - !
6413 1 - !
6413 2 - !
6413 3 - !
6413 4 - !
6413 5 - !
6413 6 - !
6413 7 - !
6413 8 - !
6413 9 - !
6413 10 - !
6413 11 - !
6413 12 - 02
6413 13 - 02
6413 14 - 02
6413 15 - 02
6413 16 - !
6413 17 - !
6413 18 - !
6413 19 - !
6414 12 ! 02
6414 13 ! 02
6414 14 ! 02
6414 15 ! 02
6414 16 ! 02
6414 17 ! 02
6414 18 ! 02
6414 19 ! 02
6415 12 ! 02
6415 13 ! 02
6415 14 ! 02
6415 15 ! 02
6415 16 ! 02
6415 17 ! 02
6415 18 ! 02
6415 19 ! 02
6416 12 ! 02
6416 13 ! 02
6416 14 ! 02
6416 15 ! 02
6417 12 ! 02
6417 13 ! 02
6417 14 ! 02
6417 15 ! 02
6418 12 ! 02
6418 13 ! 02
6418 14 ! 02
6418 15 ! 02
6418 16 ! 02
6418 17 ! 02
6418 18 ! 02
6418 19 ! 02
6432 12 ! 02
6432 13 ! 02
6432 14 ! 02
6432 15 ! 02
6436 c e11 n0
6436 0 - !
6436 1 - !
6436 2 - !
6436 3 - !
6436 4 - !
6436 5 - !
6436 6 - !
6436 7 - !
6436 8 - !
6436 9 - !
6436 10 - !
6436 11 - !
6436 12 - 02
6436 13 - 02
6436 14 - 02
6436 15 - 02
6436 16 - !
6436 17 - !
6436 18 - !
6436 19 - 02
6437 c n0 e11
6437 0 ! -
6437 1 ! -
6437 2 ! -
6437 3 ! -
6437 4 ! -
6437 5 ! -
6437 6 ! -
6437 7 ! -
6437 8 ! -
6437 9 ! -
6437 10 ! -
6437 11 ! -
6437 12 02 -
6437 13 02 -
6437 14 02 -
6437 15 02 -
6437 16 02 -
6437 17 02 -
6437 18 02 -
6437 19 02 -
6438 c e11 n0
6438 0 - !
6438 1 - !
6438 2 - !
6438 3 - !
6438 4 - !
6438 5 - !
6438 6 - !
6438 7 - !
6438 8 - !
6438 9 - !
6438 10 - !
6438 11 - !
6438 12 - 02
6438 13 - 02
6438 14 - 02
6438 15 - 02
6438 16 - !
6438 17 - !
6438 18 - !
6438 19 - !
6439 12 ! 02
6439 13 ! 02
6439 14 ! 02
6439 15 ! 02
6439 16 ! 02
6439 17 ! 02
6439 18 ! 02
6439 19 ! 02
6457 12 ! 02
6457 13 ! 02
6457 14 ! 02
6457 15 ! 02
6461 c e11 n0
6461 0 - !
6461 1 - !
6461 2 - !
6461 3 - !
6461 4 - !
6461 5 - !
6461 6 - !
6461 7 - !
6461 8 - !
6461 9 - !
6461 10 - !
6461 11 - !
6461 12 - 02
6461 13 - 02
6461 14 - 02
6461 15 - 02
6461 16 - !
6461 17 - !
6461 18 - !
6461 19 - !
6462 c n0 e11
6462 0 ! -
6462 1 ! -
6462 2 ! -
6462 3 ! -
6462 4 ! -
6462 5 ! -
6462 6 ! -
6462 7 ! -
6462 8 ! -
6462 9 ! -
6462 10 ! -
6462 11 ! -
6462 12 02 -
6462 13 02 -
6462 14 02 -
6462 15 02 -
6462 16 02 -
6462 17 02 -
6462 18 02 -
6462 19 ! -
6463 c e11 n0
6463 0 - !
6463 1 - !
6463 2 - !
6463 3 - !
6463 4 - !
6463 5 - !
6463 6 - !
6463 7 - !
6463 8 - !
6463 9 - !
6463 10 - !
6463 11 - !
6463 12 - 02
6463 13 - 02
6463 14 - 02
6463 15 - 02
6463 16 - !
6463 17 - !
6463 18 - !
6463 19 - !
6464 12 ! 02
6464 13 ! 02
6464 14 ! 02
6464 15 ! 02
6464 16 ! 02
6464 17 ! 02
6464 18 ! 02
6482 12 ! 02
6482 13 ! 02
6482 14 ! 02
6482 15 ! 02
6486 c e11 n0
6486 0 - !
6486 1 - !
6486 2 - !
6486 3 - !
6486 4 - !
6486 5 - !
6486 6 - !
6486 7 - !
6486 8 - !
6486 9 - !
6486 10 - !
6486 11 - !
6486 12 - 02
6486 13 - 02
6486 14 - 02
6486 15 - 02
6486 16 - !
6486 17 - !
6486 18 - !
6486 19 - !
6487 c n0 e11
6487 0 ! -
6487 1 ! -
6487 2 ! -
6487 3 ! -
6487 4 ! -
6487 5 ! -
6487 6 ! -
6487 7 ! -
6487 8 ! -
6487 9 ! -
6487 10 ! -
6487 11 ! -
6487 12 02 -
6487 13 02 -
6487 14 02 -
6487 15 02 -
6487 16 02 -
6487 17 02 -
6487 18 02 -
6487 19 ! -
6488 c e11 n0
6488 0 - !
6488 1 - !
6488 2 - !
6488 3 - !
6488 4 - !
6488 5 - !
6488 6 - !
6488 7 - !
6488 8 - !
6488 9 - !
6488 10 - !
6488 11 - !
6488 12 - 02
6488 13 - 02
6488 14 - 02
6488 15 - 02
6488 16 - !
6488 17 - !
6488 18 - !
6488 19 - !
6489 12 ! 02
6489 13 ! 02
6489 14 ! 02
6489 15 ! 02
6489 16 ! 02
6489 17 ! 02
6489 18 ! 02
6507 12 ! 02
6507 13 ! 02
6507 14 ! 02
6507 15 ! 02
6511 c e11 n0
6511 0 - !
6511 1 - !
6511 2 - !
6511 3 - !
6511 4 - !
6511 5 - !
6511 6 - !
6511 7 - !
6511 8 - !
6511 9 - !
6511 10 - !
6511 11 - !
6511 12 - 02
6511 13 - 02
6511 14 - 02
6511 15 - 02
6511 16 - !
6511 17 - !
6511 18 - !
6511 19 - 02
6512 c n0 e11
6512 0 ! -
6512 1 ! -
6512 2 ! -
6512 3 ! -
6512 4 ! -
6512 5 ! -
6512 6 ! -
6512 7 ! -
6512 8 ! -
6512 9 ! -
6512 10 ! -
6512 11 ! -
6512 12 02 -
6512 13 02 -
6512 14 02 -
6512 15 02 -
6512 16 02 -
6512 17 02 -
6512 18 02 -
6512 19 02 -
6513 c e11 n0
6513 0 - !
6513 1 - !
6513 2 - !
6513 3 - !
6513 4 - !
6513 5 - !
6513 6 - !
6513 7 - !
6513 8 - !
6513 9 - !
6513 10 - !
6513 11 - !
6513 12 - 02
6513 13 - 02
6513 14 - 02
6513 15 - 02
6513 16 - !
6513 17 - !
6513 18 - !
6513 19 - !
6514 12 ! 02
6514 13 ! 02
6514 14 ! 02
6514 15 ! 02
6514 16 ! 02
6514 17 ! 02
6514 18 ! 02
6514 19 ! 02
6536 c e11 n1
6536 0 - !
6536 1 - !
6536 2 - !
6536 3 - !
6536 4 - !
6536 5 - !
6536 6 - !
6536 7 - !
6536 8 - !
6536 9 - !
6536 10 - !
6536 11 - !
6536 12 - !
6536 13 - !
6536 14 - !
6536 15 - !
6536 16 - !
6536 17 - !
6536 18 - !
6536 19 - !
6537 c n1 e11
6537 0 ! -
6537 1 ! -
6537 2 ! -
6537 3 ! -
6537 4 ! -
6537 5 ! -
6537 6 ! -
6537 7 ! -
6537 8 ! -
6537 9 ! -
6537 10 ! -
6537 11 ! -
6537 12 ! -
6537 13 ! -
6537 14 ! -
6537 15 ! -
6537 16 ! -
6537 17 ! -
6537 18 ! -
6537 19 ! -
6538 c e11 n1
6538 0 - !
6538 1 - !
6538 2 - !
6538 3 - !
6538 4 - !
6538 5 - !
6538 6 - !
6538 7 - !
6538 8 - !
6538 9 - !
6538 10 - !
6538 11 - !
6538 12 - !
6538 13 - !
6538 14 - !
6538 15 - !
6538 16 - !
6538 17 - !
6538 18 - !
6538 19 - !
6561 c e11 n1
6561 0 - !
6561 1 - !
6561 2 - !
6561 3 - !
6561 4 - !
6561 5 - !
6561 6 - !
6561 7 - !
6561 8 - !
6561 9 - !
6561 10 - !
6561 11 - !
6561 12 - !
6561 13 - !
6561 14 - !
6561 15 - !
6561 16 - !
6561 17 - !
6561 18 - !
6561 19 - !
6562 c n1 e11
6562 0 ! -
6562 1 ! -
6562 2 ! -
6562 3 ! -
6562 4 ! -
6562 5 ! -
6562 6 ! -
6562 7 ! -
6562 8 ! -
6562 9 ! -
6562 10 ! -
6562 11 ! -
6562 12 ! -
6562 13 ! -
6562 14 ! -
6562 15 ! -
6562 16 ! -
6562 17 ! -
6562 18 ! -
6562 19 ! -
6563 c e11 n1
6563 0 - !
6563 1 - !
6563 2 - !
6563 3 - !
6563 4 - !
6563 5 - !
6563 6 - !
6563 7 - !
6563 8 - !
6563 9 - !
6563 10 - !
6563 11 - !
6563 12 - !
6563 13 - !
6563 14 - !
6563 15 - !
6563 16 - !
6563 17 - !
6563 18 - !
6563 19 - !
6586 c e11 n0
6586 0 - !
6586 1 - !
6586 2 - !
6586 3 - !
6586 4 - !
6586 5 - !
6586 6 - !
6586 7 - !
6586 8 - !
6586 9 - !
6586 10 - !
6586 11 - !
6586 12 - !
6586 13 - !
6586 14 - !
6586 15 - !
6586 16 - !
6586 17 - !
6586 18 - !
6586 19 - !
6587 c n0 e11
6587 0 ! -
6587 1 ! -
6587 2 ! -
6587 3 ! -
6587 4 ! -
6587 5 ! -
6587 6 ! -
6587 7 ! -
6587 8 ! -
6587 9 ! -
6587 10 ! -
6587 11 ! -
6587 12 ! -
6587 13 ! -
6587 14 ! -
6587 15 ! -
6587 16 ! -
6587 17 ! -
6587 18 ! -
6587 19 ! -
6588 c e11 n0
6588 0 - !
6588 1 - !
6588 2 - !
6588 3 - !
6588 4 - !
6588 5 - !
6588 6 - !
6588 7 - !
6588 8 - !
6588 9 - !
6588 10 - !
6588 11 - !
6588 12 - !
6588 13 - !
6588 14 - !
6588 15 - !
6588 16 - !
6588 17 - !
6588 18 - !
6588 19 - !
6607 1 ! 01
6607 2 ! 01
6607 12 ! 01
6607 13 ! 01
6607 14 ! 01
6607 15 ! 01
6607 16 ! 01
6607 17 ! 01
6607 18 ! 01
6611 c e11 n0
6611 0 - !
6611 1 - 01
6611 2 - 01
6611 3 - !
6611 4 - !
6611 5 - 01
6611 6 - 01
6611 7 - 01
6611 8 - 01
6611 9 - 01
6611 10 - !
6611 11 - !
6611 12 - 01
6611 13 - 01
6611 14 - 01
6611 15 - 01
6611 16 - 01
6611 17 - 01
6611 18 - 01
6611 19 - 01
6612 c n0 e11
6612 0 ! -
6612 1 01 -
6612 2 01 -
6612 3 01 -
6612 4 01 -
6612 5 01 -
6612 6 01 -
6612 7 ! -
6612 8 ! -
6612 9 ! -
6612 10 ! -
6612 11 ! -
6612 12 01 -
6612 13 01 -
6612 14 01 -
6612 15 01 -
6612 16 01 -
6612 17 01 -
6612 18 01 -
6612 19 01 -
6613 c e11 n0
6613 0 - !
6613 1 - 01
6613 2 - 01
6613 3 - !
6613 4 - !
6613 5 - !
6613 6 - !
6613 7 - 01
6613 8 - 01
6613 9 - !
6613 10 - !
6613 11 - !
6613 12 - 01
6613 13 - 01
6613 14 - 01
6613 15 - 01
6613 16 - 01
6613 17 - 01
6613 18 - 01
6613 19 - !
6632 12 ! 02
6632 13 ! 02
6632 14 ! 02
6632 15 ! 02
6636 c e11 n0
6636 0 - !
6636 1 - !
6636 2 - !
6636 3 - !
6636 4 - !
6636 5 - !
6636 6 - !
6636 7 - !
6636 8 - !
6636 9 - !
6636 10 - !
6636 11 - !
6636 12 - 02
6636 13 - 02
6636 14 - 02
6636 15 - 02
6636 16 - !
6636 17 - !
6636 18 - !
6636 19 - !
6637 c n0 e11
6637 0 ! -
6637 1 ! -
6637 2 ! -
6637 3 ! -
6637 4 ! -
6637 5 ! -
6637 6 ! -
6637 7 ! -
6637 8 ! -
6637 9 ! -
6637 10 ! -
6637 11 ! -
6637 12 02 -
6637 13 02 -
6637 14 02 -
6637 15 02 -
6637 16 02 -
6637 17 02 -
6637 18 02 -
6637 19 ! -
6638 c e11 n0
6638 0 - !
6638 1 - !
6638 2 - !
6638 3 - !
6638 4 - !
6638 5 - !
6638 6 - !
6638 7 - !
6638 8 - !
6638 9 - !
6638 10 - !
6638 11 - !
6638 12 - 02
6638 13 - 02
6638 14 - 02
6638 15 - 02
6638 16 - !
6638 17 - !
6638 18 - !
6638 19 - !
6657 12 ! 02
6657 13 ! 02
6657 14 ! 02
6657 15 ! 02
6661 c e11 n0
6661 0 - !
6661 1 - !
6661 2 - !
6661 3 - !
6661 4 - !
6661 5 - !
6661 6 - !
6661 7 - !
6661 8 - !
6661 9 - !
6661 10 - !
6661 11 - !
6661 12 - 02
6661 13 - 02
6661 14 - 02
6661 15 - 02
6661 16 - !
6661 17 - !
6661 18 - !
6661 19 - !
6662 c n0 e11
6662 0 ! -
6662 1 ! -
6662 2 ! -
6662 3 ! -
6662 4 ! -
6662 5 ! -
6662 6 ! -
6662 7 ! -
6662 8 ! -
6662 9 ! -
6662 10 ! -
6662 11 ! -
6662 12 02 -
6662 13 02 -
6662 14 02 -
6662 15 02 -
6662 16 02 -
6662 17 02 -
6662 18 02 -
6662 19 ! -
6663 c e11 n0
6663 0 - !
6663 1 - !
6663 2 - !
6663 3 - !
6663 4 - !
6663 5 - !
6663 6 - !
6663 7 - !
6663 8 - !
6663 9 - !
6663 10 - !
6663 11 - !
6663 12 - 02
6663 13 - 02
6663 14 - 02
6663 15 - 02
6663 16 - !
6663 17 - !
6663 18 - !
6663 19 - !
6682 12 ! 02
6682 13 ! 02
6682 14 ! 02
6682 15 ! 02
6686 c e11 n0
6686 0 - !
6686 1 - !
6686 2 - !
6686 3 - !
6686 4 - !
6686 5 - !
6686 6 - !
6686 7 - !
6686 8 - !
6686 9 - !
6686 10 - !
6686 11 - !
6686 12 - 02
6686 13 - 02
6686 14 - 02
6686 15 - 02
6686 16 - !
6686 17 - !
6686 18 - !
6686 19 - !
6687 c n0 e11
6687 0 ! -
6687 1 ! -
6687 2 ! -
6687 3 ! -
6687 4 ! -
6687 5 ! -
6687 6 ! -
6687 7 ! -
6687 8 ! -
6687 9 ! -
6687 10 ! -
6687 11 ! -
6687 12 02 -
6687 13 02 -
6687 14 02 -
6687 15 02 -
6687 16 02 -
6687 17 02 -
6687 18 02 -
6687 19 ! -
6688 c e11 n0
6688 0 - !
6688 1 - !
6688 2 - !
6688 3 - !
6688 4 - !
6688 5 - !
6688 6 - !
6688 7 - !
6688 8 - !
6688 9 - !
6688 10 - !
6688 11 - !
6688 12 - 02
6688 13 - 02
6688 14 - 02
6688 15 - 02
6688 16 - !
6688 17 - !
6688 18 - !
6688 19 - !
6707 12 ! 02
6707 13 ! 02
6707 14 ! 02
6707 15 ! 02
6711 c e11 n0
6711 0 - !
6711 1 - !
6711 2 - !
6711 3 - !
6711 4 - !
6711 5 - !
6711 6 - !
6711 7 - !
6711 8 - !
6711 9 - !
6711 10 - !
6711 11 - !
6711 12 - 02
6711 13 - 02
6711 14 - 02
6711 15 - 02
6711 16 - !
6711 17 - !
6711 18 - !
6711 19 - !
6712 c n0 e11
6712 0 ! -
6712 1 ! -
6712 2 ! -
6712 3 ! -
6712 4 ! -
6712 5 ! -
6712 6 ! -
6712 7 ! -
6712 8 ! -
6712 9 ! -
6712 10 ! -
6712 11 ! -
6712 12 02 -
6712 13 02 -
6712 14 02 -
6712 15 02 -
6712 16 02 -
6712 17 02 -
6712 18 02 -
6712 19 ! -
6713 c e11 n0
6713 0 - !
6713 1 - !
6713 2 - !
6713 3 - !
6713 4 - !
6713 5 - !
6713 6 - !
6713 7 - !
6713 8 - !
6713 9 - !
6713 10 - !
6713 11 - !
6713 12 - 02
6713 13 - 02
6713 14 - 02
6713 15 - 02
6713 16 - !
6713 17 - !
6713 18 - !
6713 19 - !
6732 12 ! 02
6732 13 ! 02
6732 14 ! 02
6732 15 ! 02
6736 c e11 n0
6736 0 - !
6736 1 - !
6736 2 - !
6736 3 - !
6736 4 - !
6736 5 - !
6736 6 - !
6736 7 - !
6736 8 - !
6736 9 - !
6736 10 - !
6736 11 - !
6736 12 - 02
6736 13 - 02
6736 14 - 02
6736 15 - 02
6736 16 - !
6736 17 - !
6736 18 - !
6736 19 - !
6737 c n0 e11
6737 0 ! -
6737 1 ! -
6737 2 ! -
6737 3 ! -
6737 4 ! -
6737 5 ! -
6737 6 ! -
6737 7 ! -
6737 8 ! -
6737 9 ! -
6737 10 ! -
6737 11 ! -
6737 12 02 -
6737 13 02 -
6737 14 02 -
6737 15 02 -
6737 16 02 -
6737 17 02 -
6737 18 02 -
6737 19 ! -
6738 c e11 n0
6738 0 - !
6738 1 - !
6738 2 - !
6738 3 - !
6738 4 - !
6738 5 - !
6738 6 - !
6738 7 - !
6738 8 - !
6738 9 - !
6738 10 - !
6738 11 - !
6738 12 - 02
6738 13 - 02
6738 14 - 02
6738 15 - 02
6738 16 - !
6738 17 - !
6738 18 - !
6738 19 - !
6757 12 ! 02
6757 13 ! 02
6757 14 ! 02
6757 15 ! 02
6761 c e11 n0
6761 0 - !
6761 1 - !
6761 2 - !
6761 3 - !
6761 4 - !
6761 5 - !
6761 6 - !
6761 7 - !
6761 8 - !
6761 9 - !
6761 10 - !
6761 11 - !
6761 12 - 02
6761 13 - 02
6761 14 - 02
6761 15 - 02
6761 16 - !
6761 17 - !
6761 18 - !
6761 19 - !
6762 c n0 e11
6762 0 ! -
6762 1 ! -
6762 2 ! -
6762 3 ! -
6762 4 ! -
6762 5 ! -
6762 6 ! -
6762 7 ! -
6762 8 ! -
6762 9 ! -
6762 10 ! -
6762 11 ! -
6762 12 02 -
6762 13 02 -
6762 14 02 -
6762 15 02 -
6762 16 02 -
6762 17 02 -
6762 18 02 -
6762 19 ! -
6763 c e11 n0
6763 0 - !
6763 1 - !
6763 2 - !
6763 3 - !
6763 4 - !
6763 5 - !
6763 6 - !
6763 7 - !
6763 8 - !
6763 9 - !
6763 10 - !
6763 11 - !
6763 12 - 02
6763 13 - 02
6763 14 - 02
6763 15 - 02
6763 16 - !
6763 17 - !
6763 18 - !
6763 19 - !
6786 c e11 n0
6786 0 - !
6786 1 - !
6786 2 - !
6786 3 - !
6786 4 - !
6786 5 - !
6786 6 - !
6786 7 - !
6786 8 - !
6786 9 - !
6786 10 - !
6786 11 - !
6786 12 - !
6786 13 - !
6786 14 - !
6786 15 - !
6786 16 - !
6786 17 - !
6786 18 - !
6786 19 - 02
6787 c n0 e11
6787 0 ! -
6787 1 ! -
6787 2 ! -
6787 3 ! -
6787 4 ! -
6787 5 ! -
6787 6 ! -
6787 7 ! -
6787 8 ! -
6787 9 ! -
6787 10 ! -
6787 11 ! -
6787 12 ! -
6787 13 ! -
6787 14 ! -
6787 15 ! -
6787 16 ! -
6787 17 ! -
6787 18 ! -
6787 19 02 -
6788 c e11 n0
6788 0 - !
6788 1 - !
6788 2 - !
6788 3 - !
6788 4 - !
6788 5 - !
6788 6 - !
6788 7 - !
6788 8 - !
6788 9 - !
6788 10 - !
6788 11 - !
6788 12 - !
6788 13 - !
6788 14 - !
6788 15 - !
6788 16 - !
6788 17 - !
6788 18 - !
6788 19 - !
6811 c e11 n0
6811 0 - !
6811 1 - !
6811 2 - !
6811 3 - !
6811 4 - !
6811 5 - !
6811 6 - !
6811 7 - !
6811 8 - !
6811 9 - !
6811 10 - !
6811 11 - !
6811 12 - !
6811 13 - !
6811 14 - !
6811 15 - !
6811 16 - !
6811 17 - !
6811 18 - !
6811 19 - 02
6812 c n0 e11
6812 0 ! -
6812 1 ! -
6812 2 ! -
6812 3 ! -
6812 4 ! -
6812 5 ! -
6812 6 ! -
6812 7 ! -
6812 8 ! -
6812 9 ! -
6812 10 ! -
6812 11 ! -
6812 12 ! -
6812 13 ! -
6812 14 ! -
6812 15 ! -
6812 16 ! -
6812 17 ! -
6812 18 ! -
6812 19 02 -
6813 c e11 n0
6813 0 - !
6813 1 - !
6813 2 - !
6813 3 - !
6813 4 - !
6813 5 - !
6813 6 - !
6813 7 - !
6813 8 - !
6813 9 - !
6813 10 - !
6813 11 - !
6813 12 - !
6813 13 - !
6813 14 - !
6813 15 - !
6813 16 - !
6813 17 - !
6813 18 - !
6813 19 - !
6832 12 ! 02
6832 13 ! 02
6832 14 ! 02
6832 15 ! 02
6836 c e11 n0
6836 0 - !
6836 1 - !
6836 2 - !
6836 3 - !
6836 4 - !
6836 5 - !
6836 6 - !
6836 7 - !
6836 8 - !
6836 9 - !
6836 10 - !
6836 11 - !
6836 12 - 02
6836 13 - 02
6836 14 - 02
6836 15 - 02
6836 16 - !
6836 17 - !
6836 18 - !
6836 19 - 02
6837 c n0 e11
6837 0 ! -
6837 1 ! -
6837 2 ! -
6837 3 ! -
6837 4 ! -
6837 5 ! -
6837 6 ! -
6837 7 ! -
6837 8 ! -
6837 9 ! -
6837 10 ! -
6837 11 ! -
6837 12 02 -
6837 13 02 -
6837 14 02 -
6837 15 02 -
6837 16 02 -
6837 17 02 -
6837 18 02 -
6837 19 02 -
6838 c e11 n0
6838 0 - !
6838 1 - !
6838 2 - !
6838 3 - !
6838 4 - !
6838 5 - !
6838 6 - !
6838 7 - !
6838 8 - !
6838 9 - !
6838 10 - !
6838 11 - !
6838 12 - 02
6838 13 - 02
6838 14 - 02
6838 15 - 02
6838 16 - !
6838 17 - !
6838 18 - !
6838 19 - !
6857 12 ! 02
6857 13 ! 02
6857 14 ! 02
6857 15 ! 02
6861 c e11 n0
6861 0 - !
6861 1 - !
6861 2 - !
6861 3 - !
6861 4 - !
6861 5 - !
6861 6 - !
6861 7 - !
6861 8 - !
6861 9 - !
6861 10 - !
6861 11 - !
6861 12 - 02
6861 13 - 02
6861 14 - 02
6861 15 - 02
6861 16 - !
6861 17 - !
6861 18 - !
6861 19 - 02
6862 c n0 e11
6862 0 ! -
6862 1 ! -
6862 2 ! -
6862 3 ! -
6862 4 ! -
6862 5 ! -
6862 6 ! -
6862 7 ! -
6862 8 ! -
6862 9 ! -
6862 10 ! -
6862 11 ! -
6862 12 02 -
6862 13 02 -
6862 14 02 -
6862 15 02 -
6862 16 02 -
6862 17 02 -
6862 18 02 -
6862 19 02 -
6863 c e11 n0
6863 0 - !
6863 1 - !
6863 2 - !
6863 3 - !
6863 4 - !
6863 5 - !
6863 6 - !
6863 7 - !
6863 8 - !
6863 9 - !
6863 10 - !
6863 11 - !
6863 12 - 02
6863 13 - 02
6863 14 - 02
6863 15 - 02
6863 16 - !
6863 17 - !
6863 18 - !
6863 19 - !
6872 12 ! 02
6872 13 ! 02
6872 14 ! 02
6872 15 ! 02
6873 12 ! 02
6873 13 ! 02
6873 14 ! 02
6873 15 ! 02
6874 12 ! 02
6874 13 ! 02
6874 14 ! 02
6874 15 ! 02
6875 12 ! 02
6875 13 ! 02
6875 14 ! 02
6875 15 ! 02
6876 12 ! 02
6876 13 ! 02
6876 14 ! 02
6876 15 ! 02
6876 16 ! 02
6876 17 ! 02
6876 18 ! 02
6877 12 ! 02
6877 13 ! 02
6877 14 ! 02
6877 15 ! 02
6877 16 ! 02
6877 17 ! 02
6877 18 ! 02
6878 16 ! 02
6878 17 ! 02
6878 18 ! 02
6879 16 ! 02
6879 17 ! 02
6879 18 ! 02
6880 12 ! 02
6880 13 ! 02
6880 14 ! 02
6880 15 ! 02
6880 16 ! 02
6880 17 ! 02
6880 18 ! 02
6881 12 ! 02
6881 13 ! 02
6881 14 ! 02
6881 15 ! 02
6881 16 ! 02
6881 17 ! 02
6881 18 ! 02
6882 12 ! 02
6882 13 ! 02
6882 14 ! 02
6882 15 ! 02
6883 12 ! 02
6883 13 ! 02
6883 14 ! 02
6883 15 ! 02
6884 12 ! 02
6884 13 ! 02
6884 14 ! 02
6884 15 ! 02
6884 16 ! 02
6884 17 ! 02
6884 18 ! 02
6885 1 ! 01
6885 2 ! 01
6885 12 ! 02
6885 13 ! 02
6885 14 ! 02
6885 15 ! 02
6885 16 ! 01
6885 17 ! 01
6885 18 ! 01
6886 c e11 n0
6886 0 - !
6886 1 - !
6886 2 - !
6886 3 - !
6886 4 - !
6886 5 - !
6886 6 - !
6886 7 - !
6886 8 - !
6886 9 - !
6886 10 - !
6886 11 - !
6886 12 - 02
6886 13 - 02
6886 14 - 02
6886 15 - 02
6886 16 - !
6886 17 - !
6886 18 - !
6886 19 - !
6887 c n0 e11
6887 0 ! -
6887 1 ! -
6887 2 ! -
6887 3 ! -
6887 4 ! -
6887 5 ! -
6887 6 ! -
6887 7 ! -
6887 8 ! -
6887 9 ! -
6887 10 ! -
6887 11 ! -
6887 12 ! -
6887 13 ! -
6887 14 ! -
6887 15 ! -
6887 16 ! -
6887 17 ! -
6887 18 ! -
6887 19 ! -
6888 c e11 n0
6888 0 - !
6888 1 - !
6888 2 - !
6888 3 - !
6888 4 - !
6888 5 - !
6888 6 - !
6888 7 - !
6888 8 - !
6888 9 - !
6888 10 - !
6888 11 - !
6888 12 - 02
6888 13 - 02
6888 14 - 02
6888 15 - 02
6888 16 - !
6888 17 - !
6888 18 - !
6888 19 - !
6890 12 ! 02
6890 13 ! 02
6890 14 ! 02
6890 15 ! 02
6890 16 ! 02
6890 17 ! 02
6890 18 ! 02
6891 12 ! 02
6891 13 ! 02
6891 14 ! 02
6891 15 ! 02
6892 12 ! 02
6892 13 ! 02
6892 14 ! 02
6892 15 ! 02
6893 12 ! 02
6893 13 ! 02
6893 14 ! 02
6893 15 ! 02
6893 16 ! 02
6893 17 ! 02
6893 18 ! 02
6907 12 ! 02
6907 13 ! 02
6907 14 ! 02
6907 15 ! 02
6911 c e11 n0
6911 0 - !
6911 1 - !
6911 2 - !
6911 3 - !
6911 4 - !
6911 5 - !
6911 6 - !
6911 7 - !
6911 8 - !
6911 9 - !
6911 10 - !
6911 11 - !
6911 12 - 02
6911 13 - 02
6911 14 - 02
6911 15 - 02
6911 16 - !
6911 17 - !
6911 18 - !
6911 19 - !
6912 c n0 e11
6912 0 ! -
6912 1 ! -
6912 2 ! -
6912 3 ! -
6912 4 ! -
6912 5 ! -
6912 6 ! -
6912 7 ! -
6912 8 ! -
6912 9 ! -
6912 10 ! -
6912 11 ! -
6912 12 02 -
6912 13 02 -
6912 14 02 -
6912 15 02 -
6912 16 02 -
6912 17 02 -
6912 18 02 -
6912 19 ! -
6913 c e11 n0
6913 0 - !
6913 1 - !
6913 2 - !
6913 3 - !
6913 4 - !
6913 5 - !
6913 6 - !
6913 7 - !
6913 8 - !
6913 9 - !
6913 10 - !
6913 11 - !
6913 12 - 02
6913 13 - 02
6913 14 - 02
6913 15 - 02
6913 16 - !
6913 17 - !
6913 18 - !
6913 19 - !
6932 12 ! 02
6932 13 ! 02
6932 14 ! 02
6932 15 ! 02
6936 c e11 n0
6936 0 - !
6936 1 - !
6936 2 - !
6936 3 - !
6936 4 - !
6936 5 - !
6936 6 - !
6936 7 - !
6936 8 - !
6936 9 - !
6936 10 - !
6936 11 - !
6936 12 - 02
6936 13 - 02
6936 14 - 02
6936 15 - 02
6936 16 - !
6936 17 - !
6936 18 - !
6936 19 - 02
6937 c n0 e11
6937 0 ! -
6937 1 ! -
6937 2 ! -
6937 3 ! -
6937 4 ! -
6937 5 ! -
6937 6 ! -
6937 7 ! -
6937 8 ! -
6937 9 ! -
6937 10 ! -
6937 11 ! -
6937 12 02 -
6937 13 02 -
6937 14 02 -
6937 15 02 -
6937 16 02 -
6937 17 02 -
6937 18 02 -
6937 19 02 -
6938 c e11 n0
6938 0 - !
6938 1 - !
6938 2 - !
6938 3 - !
6938 4 - !
6938 5 - !
6938 6 - !
6938 7 - !
6938 8 - !
6938 9 - !
6938 10 - !
6938 11 - !
6938 12 - 02
6938 13 - 02
6938 14 - 02
6938 15 - 02
6938 16 - !
6938 17 - !
6938 18 - !
6938 19 - !
6957 1 ! 01
6957 2 ! 01
6957 12 ! 02
6957 13 ! 02
6957 14 ! 02
6957 15 ! 02
6957 16 ! 01
6957 17 ! 01
6957 18 ! 01
6961 c e11 n0
6961 0 - !
6961 1 - 01
6961 2 - 01
6961 3 - !
6961 4 - !
6961 5 - 01
6961 6 - 01
6961 7 - 01
6961 8 - 01
6961 9 - 01
6961 10 - !
6961 11 - !
6961 12 - 02
6961 13 - 02
6961 14 - 02
6961 15 - 02
6961 16 - 01
6961 17 - 01
6961 18 - 01
6961 19 - 01
6962 c n0 e11
6962 0 ! -
6962 1 01 -
6962 2 01 -
6962 3 01 -
6962 4 01 -
6962 5 01 -
6962 6 01 -
6962 7 ! -
6962 8 ! -
6962 9 ! -
6962 10 ! -
6962 11 ! -
6962 12 02 -
6962 13 02 -
6962 14 02 -
6962 15 02 -
6962 16 02 -
6962 17 02 -
6962 18 02 -
6962 19 01 -
6963 c e11 n0
6963 0 - !
6963 1 - 01
6963 2 - 01
6963 3 - !
6963 4 - !
6963 5 - !
6963 6 - !
6963 7 - 01
6963 8 - 01
6963 9 - !
6963 10 - !
6963 11 - !
6963 12 - 02
6963 13 - 02
6963 14 - 02
6963 15 - 02
6963 16 - 01
6963 17 - 01
6963 18 - 01
6963 19 - !
6972 c e11 n0
6972 0 - !
6972 1 - !
6972 2 - !
6972 3 - !
6972 4 - !
6972 5 - !
6972 6 - !
6972 7 - !
6972 8 - !
6972 9 - !
6972 10 - !
6972 11 - !
6972 12 - 02
6972 13 - 02
6972 14 - 02
6972 15 - 02
6972 16 - !
6972 17 - !
6972 18 - !
6972 19 - !
6973 c e11 n0
6973 0 - !
6973 1 - !
6973 2 - !
6973 3 - !
6973 4 - !
6973 5 - !
6973 6 - !
6973 7 - !
6973 8 - !
6973 9 - !
6973 10 - !
6973 11 - !
6973 12 - 02
6973 13 - 02
6973 14 - 02
6973 15 - 02
6973 16 - !
6973 17 - !
6973 18 - !
6973 19 - !
6974 c e11 n0
6974 0 - !
6974 1 - !
6974 2 - !
6974 3 - !
6974 4 - !
6974 5 - !
6974 6 - !
6974 7 - !
6974 8 - !
6974 9 - !
6974 10 - !
6974 11 - !
6974 12 - 02
6974 13 - 02
6974 14 - 02
6974 15 - 02
6974 16 - !
6974 17 - !
6974 18 - !
6974 19 - !
6975 c e11 n0
6975 0 - !
6975 1 - !
6975 2 - !
6975 3 - !
6975 4 - !
6975 5 - !
6975 6 - !
6975 7 - !
6975 8 - !
6975 9 - !
6975 10 - !
6975 11 - !
6975 12 - 02
6975 13 - 02
6975 14 - 02
6975 15 - 02
6975 16 - !
6975 17 - !
6975 18 - !
6975 19 - !
6976 c e11 n0
6976 0 - !
6976 1 - !
6976 2 - !
6976 3 - !
6976 4 - !
6976 5 - !
6976 6 - !
6976 7 - !
6976 8 - !
6976 9 - !
6976 10 - !
6976 11 - !
6976 12 - 02
6976 13 - 02
6976 14 - 02
6976 15 - 02
6976 16 - 02
6976 17 - 02
6976 18 - 02
6976 19 - !
6977 c e11 n0
6977 0 - !
6977 1 - !
6977 2 - !
6977 3 - !
6977 4 - !
6977 5 - !
6977 6 - !
6977 7 - !
6977 8 - !
6977 9 - !
6977 10 - !
6977 11 - !
6977 12 - 02
6977 13 - 02
6977 14 - 02
6977 15 - 02
6977 16 - 02
6977 17 - 02
6977 18 - 02
6977 19 - !
6978 c e11 n0
6978 0 - !
6978 1 - !
6978 2 - !
6978 3 - !
6978 4 - !
6978 5 - !
6978 6 - !
6978 7 - !
6978 8 - !
6978 9 - !
6978 10 - !
6978 11 - !
6978 12 - !
6978 13 - !
6978 14 - !
6978 15 - !
6978 16 - 02
6978 17 - 02
6978 18 - 02
6978 19 - 02
6979 c e11 n0
6979 0 - !
6979 1 - !
6979 2 - !
6979 3 - !
6979 4 - !
6979 5 - !
6979 6 - !
6979 7 - !
6979 8 - !
6979 9 - !
6979 10 - !
6979 11 - !
6979 12 - !
6979 13 - !
6979 14 - !
6979 15 - !
6979 16 - 02
6979 17 - 02
6979 18 - 02
6979 19 - 02
6980 c e11 n0
6980 0 - !
6980 1 - !
6980 2 - !
6980 3 - !
6980 4 - !
6980 5 - !
6980 6 - !
6980 7 - !
6980 8 - !
6980 9 - !
6980 10 - !
6980 11 - !
6980 12 - 02
6980 13 - 02
6980 14 - 02
6980 15 - 02
6980 16 - 02
6980 17 - 02
6980 18 - 02
6980 19 - 02
6981 c e11 n0
6981 0 - !
6981 1 - !
6981 2 - !
6981 3 - !
6981 4 - !
6981 5 - !
6981 6 - !
6981 7 - !
6981 8 - !
6981 9 - !
6981 10 - !
6981 11 - !
6981 12 - 02
6981 13 - 02
6981 14 - 02
6981 15 - 02
6981 16 - 02
6981 17 - 02
6981 18 - 02
6981 19 - 02
6982 c e11 n0
6982 0 - !
6982 1 - !
6982 2 - !
6982 3 - !
6982 4 - !
6982 5 - !
6982 6 - !
6982 7 - !
6982 8 - !
6982 9 - !
6982 10 - !
6982 11 - !
6982 12 - 02
6982 13 - 02
6982 14 - 02
6982 15 - 02
6982 16 - !
6982 17 - !
6982 18 - !
6982 19 - !
6983 c e11 n0
6983 0 - !
6983 1 - !
6983 2 - !
6983 3 - !
6983 4 - !
6983 5 - !
6983 6 - !
6983 7 - !
6983 8 - !
6983 9 - !
6983 10 - !
6983 11 - !
6983 12 - 02
6983 13 - 02
6983 14 - 02
6983 15 - 02
6983 16 - !
6983 17 - !
6983 18 - !
6983 19 - !
6984 c e11 n0
6984 0 - !
6984 1 - !
6984 2 - !
6984 3 - !
6984 4 - !
6984 5 - !
6984 6 - !
6984 7 - !
6984 8 - !
6984 9 - !
6984 10 - !
6984 11 - !
6984 12 - 02
6984 13 - 02
6984 14 - 02
6984 15 - 02
6984 16 - 02
6984 17 - 02
6984 18 - 02
6984 19 - 02
6985 c e11 n0
6985 0 - !
6985 1 - 01
6985 2 - 01
6985 3 - !
6985 4 - !
6985 5 - 01
6985 6 - 01
6985 7 - 01
6985 8 - 01
6985 9 - 01
6985 10 - !
6985 11 - !
6985 12 - 02
6985 13 - 02
6985 14 - 02
6985 15 - 02
6985 16 - 01
6985 17 - 01
6985 18 - 01
6985 19 - 01
6986 c e11 n0
6986 0 - !
6986 1 - !
6986 2 - !
6986 3 - !
6986 4 - !
6986 5 - !
6986 6 - !
6986 7 - !
6986 8 - !
6986 9 - !
6986 10 - !
6986 11 - !
6986 12 - 02
6986 13 - 02
6986 14 - 02
6986 15 - 02
6986 16 - !
6986 17 - !
6986 18 - !
6986 19 - 02
6988 c e11 n0
6988 0 - !
6988 1 - !
6988 2 - !
6988 3 - !
6988 4 - !
6988 5 - !
6988 6 - !
6988 7 - !
6988 8 - !
6988 9 - !
6988 10 - !
6988 11 - !
6988 12 - 02
6988 13 - 02
6988 14 - 02
6988 15 - 02
6988 16 - !
6988 17 - !
6988 18 - !
6988 19 - !
6990 c e11 n0
6990 0 - !
6990 1 - !
6990 2 - !
6990 3 - !
6990 4 - !
6990 5 - !
6990 6 - !
6990 7 - !
6990 8 - !
6990 9 - !
6990 10 - !
6990 11 - !
6990 12 - 02
6990 13 - 02
6990 14 - 02
6990 15 - 02
6990 16 - 02
6990 17 - 02
6990 18 - 02
6990 19 - 02
6991 c e11 n0
6991 0 - !
6991 1 - !
6991 2 - !
6991 3 - !
6991 4 - !
6991 5 - !
6991 6 - !
6991 7 - !
6991 8 - !
6991 9 - !
6991 10 - !
6991 11 - !
6991 12 - 02
6991 13 - 02
6991 14 - 02
6991 15 - 02
6991 16 - !
6991 17 - !
6991 18 - !
6991 19 - !
6992 c e11 n0
6992 0 - !
6992 1 - !
6992 2 - !
6992 3 - !
6992 4 - !
6992 5 - !
6992 6 - !
6992 7 - !
6992 8 - !
6992 9 - !
6992 10 - !
6992 11 - !
6992 12 - 02
6992 13 - 02
6992 14 - 02
6992 15 - 02
6992 16 - !
6992 17 - !
6992 18 - !
6992 19 - !
6993 c e11 n0
6993 0 - !
6993 1 - !
6993 2 - !
6993 3 - !
6993 4 - !
6993 5 - !
6993 6 - !
6993 7 - !
6993 8 - !
6993 9 - !
6993 10 - !
6993 11 - !
6993 12 - 02
6993 13 - 02
6993 14 - 02
6993 15 - 02
6993 16 - 02
6993 17 - 02
6993 18 - 02
6993 19 - 02
6994 c e11 n1
6994 0 - !
6994 1 - !
6994 2 - !
6994 3 - !
6994 4 - !
6994 5 - !
6994 6 - !
6994 7 - !
6994 8 - !
6994 9 - !
6994 10 - !
6994 11 - !
6994 12 - !
6994 13 - !
6994 14 - !
6994 15 - !
6994 16 - !
6994 17 - !
6994 18 - !
6994 19 - !
6995 c e11 n1
6995 0 - !
6995 1 - !
6995 2 - !
6995 3 - !
6995 4 - !
6995 5 - !
6995 6 - !
6995 7 - !
6995 8 - !
6995 9 - !
6995 10 - !
6995 11 - !
6995 12 - !
6995 13 - !
6995 14 - !
6995 15 - !
6995 16 - !
6995 17 - !
6995 18 - !
6995 19 - !
6996 c e11 n0
6996 0 - !
6996 1 - !
6996 2 - !
6996 3 - !
6996 4 - !
6996 5 - !
6996 6 - !
6996 7 - !
6996 8 - !
6996 9 - !
6996 10 - !
6996 11 - !
6996 12 - !
6996 13 - !
6996 14 - !
6996 15 - !
6996 16 - !
6996 17 - !
6996 18 - !
6996 19 - !
6997 c n0 e11
6997 0 ! -
6997 1 ! -
6997 2 ! -
6997 3 ! -
6997 4 ! -
6997 5 ! -
6997 6 ! -
6997 7 ! -
6997 8 ! -
6997 9 ! -
6997 10 ! -
6997 11 ! -
6997 12 02 -
6997 13 02 -
6997 14 02 -
6997 15 02 -
6997 16 ! -
6997 17 ! -
6997 18 ! -
6997 19 ! -
6998 c n0 e11
6998 0 ! -
6998 1 ! -
6998 2 ! -
6998 3 ! -
6998 4 ! -
6998 5 ! -
6998 6 ! -
6998 7 ! -
6998 8 ! -
6998 9 ! -
6998 10 ! -
6998 11 ! -
6998 12 02 -
6998 13 02 -
6998 14 02 -
6998 15 02 -
6998 16 ! -
6998 17 ! -
6998 18 ! -
6998 19 ! -
6999 c n0 e11
6999 0 ! -
6999 1 ! -
6999 2 ! -
6999 3 ! -
6999 4 ! -
6999 5 ! -
6999 6 ! -
6999 7 ! -
6999 8 ! -
6999 9 ! -
6999 10 ! -
6999 11 ! -
6999 12 02 -
6999 13 02 -
6999 14 02 -
6999 15 02 -
6999 16 ! -
6999 17 ! -
6999 18 ! -
6999 19 ! -
7000 c n0 e11
7000 0 ! -
7000 1 ! -
7000 2 ! -
7000 3 ! -
7000 4 ! -
7000 5 ! -
7000 6 ! -
7000 7 ! -
7000 8 ! -
7000 9 ! -
7000 10 ! -
7000 11 ! -
7000 12 02 -
7000 13 02 -
7000 14 02 -
7000 15 02 -
7000 16 ! -
7000 17 ! -
7000 18 ! -
7000 19 ! -
7001 c n0 e11
7001 0 ! -
7001 1 ! -
7001 2 ! -
7001 3 ! -
7001 4 ! -
7001 5 ! -
7001 6 ! -
7001 7 ! -
7001 8 ! -
7001 9 ! -
7001 10 ! -
7001 11 ! -
7001 12 02 -
7001 13 02 -
7001 14 02 -
7001 15 02 -
7001 16 02 -
7001 17 02 -
7001 18 02 -
7001 19 ! -
7002 c n0 e11
7002 0 ! -
7002 1 ! -
7002 2 ! -
7002 3 ! -
7002 4 ! -
7002 5 ! -
7002 6 ! -
7002 7 ! -
7002 8 ! -
7002 9 ! -
7002 10 ! -
7002 11 ! -
7002 12 02 -
7002 13 02 -
7002 14 02 -
7002 15 02 -
7002 16 02 -
7002 17 02 -
7002 18 02 -
7002 19 ! -
7003 c n0 e11
7003 0 ! -
7003 1 ! -
7003 2 ! -
7003 3 ! -
7003 4 ! -
7003 5 ! -
7003 6 ! -
7003 7 ! -
7003 8 ! -
7003 9 ! -
7003 10 ! -
7003 11 ! -
7003 12 ! -
7003 13 ! -
7003 14 ! -
7003 15 ! -
7003 16 02 -
7003 17 02 -
7003 18 02 -
7003 19 02 -
7004 c n0 e11
7004 0 ! -
7004 1 ! -
7004 2 ! -
7004 3 ! -
7004 4 ! -
7004 5 ! -
7004 6 ! -
7004 7 ! -
7004 8 ! -
7004 9 ! -
7004 10 ! -
7004 11 ! -
7004 12 ! -
7004 13 ! -
7004 14 ! -
7004 15 ! -
7004 16 02 -
7004 17 02 -
7004 18 02 -
7004 19 02 -
7005 c n0 e11
7005 0 ! -
7005 1 ! -
7005 2 ! -
7005 3 ! -
7005 4 ! -
7005 5 ! -
7005 6 ! -
7005 7 ! -
7005 8 ! -
7005 9 ! -
7005 10 ! -
7005 11 ! -
7005 12 02 -
7005 13 02 -
7005 14 02 -
7005 15 02 -
7005 16 02 -
7005 17 02 -
7005 18 02 -
7005 19 02 -
7006 c n0 e11
7006 0 ! -
7006 1 ! -
7006 2 ! -
7006 3 ! -
7006 4 ! -
7006 5 ! -
7006 6 ! -
7006 7 ! -
7006 8 ! -
7006 9 ! -
7006 10 ! -
7006 11 ! -
7006 12 02 -
7006 13 02 -
7006 14 02 -
7006 15 02 -
7006 16 02 -
7006 17 02 -
7006 18 02 -
7006 19 02 -
7007 c n0 e11
7007 0 ! -
7007 1 ! -
7007 2 ! -
7007 3 ! -
7007 4 ! -
7007 5 ! -
7007 6 ! -
7007 7 ! -
7007 8 ! -
7007 9 ! -
7007 10 ! -
7007 11 ! -
7007 12 ! -
7007 13 ! -
7007 14 ! -
7007 15 ! -
7007 16 ! -
7007 17 ! -
7007 18 ! -
7007 19 ! -
7008 c n0 e11
7008 0 ! -
7008 1 ! -
7008 2 ! -
7008 3 ! -
7008 4 ! -
7008 5 ! -
7008 6 ! -
7008 7 ! -
7008 8 ! -
7008 9 ! -
7008 10 ! -
7008 11 ! -
7008 12 02 -
7008 13 02 -
7008 14 02 -
7008 15 02 -
7008 16 ! -
7008 17 ! -
7008 18 ! -
7008 19 ! -
7009 c n0 e11
7009 0 ! -
7009 1 ! -
7009 2 ! -
7009 3 ! -
7009 4 ! -
7009 5 ! -
7009 6 ! -
7009 7 ! -
7009 8 ! -
7009 9 ! -
7009 10 ! -
7009 11 ! -
7009 12 02 -
7009 13 02 -
7009 14 02 -
7009 15 02 -
7009 16 02 -
7009 17 02 -
7009 18 02 -
7009 19 02 -
7010 c n0 e11
7010 0 ! -
7010 1 01 -
7010 2 01 -
7010 3 01 -
7010 4 01 -
7010 5 01 -
7010 6 01 -
7010 7 ! -
7010 8 ! -
7010 9 ! -
7010 10 ! -
7010 11 ! -
7010 12 02 -
7010 13 02 -
7010 14 02 -
7010 15 02 -
7010 16 01 -
7010 17 01 -
7010 18 01 -
7010 19 01 -
7012 c n0 e11
7012 0 ! -
7012 1 ! -
7012 2 ! -
7012 3 ! -
7012 4 ! -
7012 5 ! -
7012 6 ! -
7012 7 ! -
7012 8 ! -
7012 9 ! -
7012 10 ! -
7012 11 ! -
7012 12 02 -
7012 13 02 -
7012 14 02 -
7012 15 02 -
7012 16 02 -
7012 17 02 -
7012 18 02 -
7012 19 02 -
7015 c n0 e11
7015 0 ! -
7015 1 ! -
7015 2 ! -
7015 3 ! -
7015 4 ! -
7015 5 ! -
7015 6 ! -
7015 7 ! -
7015 8 ! -
7015 9 ! -
7015 10 ! -
7015 11 ! -
7015 12 02 -
7015 13 02 -
7015 14 02 -
7015 15 02 -
7015 16 02 -
7015 17 02 -
7015 18 02 -
7015 19 02 -
7016 c n0 e11
7016 0 ! -
7016 1 ! -
7016 2 ! -
7016 3 ! -
7016 4 ! -
7016 5 ! -
7016 6 ! -
7016 7 ! -
7016 8 ! -
7016 9 ! -
7016 10 ! -
7016 11 ! -
7016 12 02 -
7016 13 02 -
7016 14 02 -
7016 15 02 -
7016 16 ! -
7016 17 ! -
7016 18 ! -
7016 19 ! -
7017 c n0 e11
7017 0 ! -
7017 1 ! -
7017 2 ! -
7017 3 ! -
7017 4 ! -
7017 5 ! -
7017 6 ! -
7017 7 ! -
7017 8 ! -
7017 9 ! -
7017 10 ! -
7017 11 ! -
7017 12 02 -
7017 13 02 -
7017 14 02 -
7017 15 02 -
7017 16 ! -
7017 17 ! -
7017 18 ! -
7017 19 ! -
7018 c n0 e11
7018 0 ! -
7018 1 ! -
7018 2 ! -
7018 3 ! -
7018 4 ! -
7018 5 ! -
7018 6 ! -
7018 7 ! -
7018 8 ! -
7018 9 ! -
7018 10 ! -
7018 11 ! -
7018 12 02 -
7018 13 02 -
7018 14 02 -
7018 15 02 -
7018 16 02 -
7018 17 02 -
7018 18 02 -
7018 19 02 -
7019 c n1 e11
7019 0 ! -
7019 1 ! -
7019 2 ! -
7019 3 ! -
7019 4 ! -
7019 5 ! -
7019 6 ! -
7019 7 ! -
7019 8 ! -
7019 9 ! -
7019 10 ! -
7019 11 ! -
7019 12 ! -
7019 13 ! -
7019 14 ! -
7019 15 ! -
7019 16 ! -
7019 17 ! -
7019 18 ! -
7019 19 ! -
7020 c n1 e11
7020 0 ! -
7020 1 ! -
7020 2 ! -
7020 3 ! -
7020 4 ! -
7020 5 ! -
7020 6 ! -
7020 7 ! -
7020 8 ! -
7020 9 ! -
7020 10 ! -
7020 11 ! -
7020 12 ! -
7020 13 ! -
7020 14 ! -
7020 15 ! -
7020 16 ! -
7020 17 ! -
7020 18 ! -
7020 19 ! -
7021 c n0 e11
7021 0 ! -
7021 1 ! -
7021 2 ! -
7021 3 ! -
7021 4 ! -
7021 5 ! -
7021 6 ! -
7021 7 ! -
7021 8 ! -
7021 9 ! -
7021 10 ! -
7021 11 ! -
7021 12 ! -
7021 13 ! -
7021 14 ! -
7021 15 ! -
7021 16 ! -
7021 17 ! -
7021 18 ! -
7021 19 ! -
7022 c e11 n0
7022 0 - !
7022 1 - !
7022 2 - !
7022 3 - !
7022 4 - !
7022 5 - !
7022 6 - !
7022 7 - !
7022 8 - !
7022 9 - !
7022 10 - !
7022 11 - !
7022 12 - 02
7022 13 - 02
7022 14 - 02
7022 15 - 02
7022 16 - !
7022 17 - !
7022 18 - !
7022 19 - !
7023 c e11 n0
7023 0 - !
7023 1 - !
7023 2 - !
7023 3 - !
7023 4 - !
7023 5 - !
7023 6 - !
7023 7 - !
7023 8 - !
7023 9 - !
7023 10 - !
7023 11 - !
7023 12 - 02
7023 13 - 02
7023 14 - 02
7023 15 - 02
7023 16 - !
7023 17 - !
7023 18 - !
7023 19 - !
7024 c e11 n0
7024 0 - !
7024 1 - !
7024 2 - !
7024 3 - !
7024 4 - !
7024 5 - !
7024 6 - !
7024 7 - !
7024 8 - !
7024 9 - !
7024 10 - !
7024 11 - !
7024 12 - 02
7024 13 - 02
7024 14 - 02
7024 15 - 02
7024 16 - !
7024 17 - !
7024 18 - !
7024 19 - !
7025 c e11 n0
7025 0 - !
7025 1 - !
7025 2 - !
7025 3 - !
7025 4 - !
7025 5 - !
7025 6 - !
7025 7 - !
7025 8 - !
7025 9 - !
7025 10 - !
7025 11 - !
7025 12 - 02
7025 13 - 02
7025 14 - 02
7025 15 - 02
7025 16 - !
7025 17 - !
7025 18 - !
7025 19 - !
7026 c e11 n0
7026 0 - !
7026 1 - !
7026 2 - !
7026 3 - !
7026 4 - !
7026 5 - !
7026 6 - !
7026 7 - !
7026 8 - !
7026 9 - !
7026 10 - !
7026 11 - !
7026 12 - 02
7026 13 - 02
7026 14 - 02
7026 15 - 02
7026 16 - 02
7026 17 - 02
7026 18 - 02
7026 19 - !
7027 c e11 n0
7027 0 - !
7027 1 - !
7027 2 - !
7027 3 - !
7027 4 - !
7027 5 - !
7027 6 - !
7027 7 - !
7027 8 - !
7027 9 - !
7027 10 - !
7027 11 - !
7027 12 - 02
7027 13 - 02
7027 14 - 02
7027 15 - 02
7027 16 - 02
7027 17 - 02
7027 18 - 02
7027 19 - !
7028 c e11 n0
7028 0 - !
7028 1 - !
7028 2 - !
7028 3 - !
7028 4 - !
7028 5 - !
7028 6 - !
7028 7 - !
7028 8 - !
7028 9 - !
7028 10 - !
7028 11 - !
7028 12 - !
7028 13 - !
7028 14 - !
7028 15 - !
7028 16 - 02
7028 17 - 02
7028 18 - 02
7028 19 - !
7029 c e11 n0
7029 0 - !
7029 1 - !
7029 2 - !
7029 3 - !
7029 4 - !
7029 5 - !
7029 6 - !
7029 7 - !
7029 8 - !
7029 9 - !
7029 10 - !
7029 11 - !
7029 12 - !
7029 13 - !
7029 14 - !
7029 15 - !
7029 16 - 02
7029 17 - 02
7029 18 - 02
7029 19 - !
7030 c e11 n0
7030 0 - !
7030 1 - !
7030 2 - !
7030 3 - !
7030 4 - !
7030 5 - !
7030 6 - !
7030 7 - !
7030 8 - !
7030 9 - !
7030 10 - !
7030 11 - !
7030 12 - 02
7030 13 - 02
7030 14 - 02
7030 15 - 02
7030 16 - 02
7030 17 - 02
7030 18 - 02
7030 19 - !
7031 c e11 n0
7031 0 - !
7031 1 - !
7031 2 - !
7031 3 - !
7031 4 - !
7031 5 - !
7031 6 - !
7031 7 - !
7031 8 - !
7031 9 - !
7031 10 - !
7031 11 - !
7031 12 - 02
7031 13 - 02
7031 14 - 02
7031 15 - 02
7031 16 - 02
7031 17 - 02
7031 18 - 02
7031 19 - !
7032 c e11 n0
7032 0 - !
7032 1 - !
7032 2 - !
7032 3 - !
7032 4 - !
7032 5 - !
7032 6 - !
7032 7 - !
7032 8 - !
7032 9 - !
7032 10 - !
7032 11 - !
7032 12 - 02
7032 13 - 02
7032 14 - 02
7032 15 - 02
7032 16 - !
7032 17 - !
7032 18 - !
7032 19 - !
7033 c e11 n0
7033 0 - !
7033 1 - !
7033 2 - !
7033 3 - !
7033 4 - !
7033 5 - !
7033 6 - !
7033 7 - !
7033 8 - !
7033 9 - !
7033 10 - !
7033 11 - !
7033 12 - 02
7033 13 - 02
7033 14 - 02
7033 15 - 02
7033 16 - !
7033 17 - !
7033 18 - !
7033 19 - !
7034 c e11 n0
7034 0 - !
7034 1 - !
7034 2 - !
7034 3 - !
7034 4 - !
7034 5 - !
7034 6 - !
7034 7 - !
7034 8 - !
7034 9 - !
7034 10 - !
7034 11 - !
7034 12 - 02
7034 13 - 02
7034 14 - 02
7034 15 - 02
7034 16 - 02
7034 17 - 02
7034 18 - 02
7034 19 - !
7035 c e11 n0
7035 0 - !
7035 1 - 01
7035 2 - 01
7035 3 - !
7035 4 - !
7035 5 - !
7035 6 - !
7035 7 - 01
7035 8 - 01
7035 9 - !
7035 10 - !
7035 11 - !
7035 12 - 02
7035 13 - 02
7035 14 - 02
7035 15 - 02
7035 16 - 01
7035 17 - 01
7035 18 - 01
7035 19 - !
7036 c e11 n0
7036 0 - !
7036 1 - !
7036 2 - !
7036 3 - !
7036 4 - !
7036 5 - !
7036 6 - !
7036 7 - !
7036 8 - !
7036 9 - !
7036 10 - !
7036 11 - !
7036 12 - 02
7036 13 - 02
7036 14 - 02
7036 15 - 02
7036 16 - !
7036 17 - !
7036 18 - !
7036 19 - !
7038 c e11 n0
7038 0 - !
7038 1 - !
7038 2 - !
7038 3 - !
7038 4 - !
7038 5 - !
7038 6 - !
7038 7 - !
7038 8 - !
7038 9 - !
7038 10 - !
7038 11 - !
7038 12 - 02
7038 13 - 02
7038 14 - 02
7038 15 - 02
7038 16 - !
7038 17 - !
7038 18 - !
7038 19 - !
7040 c e11 n0
7040 0 - !
7040 1 - !
7040 2 - !
7040 3 - !
7040 4 - !
7040 5 - !
7040 6 - !
7040 7 - !
7040 8 - !
7040 9 - !
7040 10 - !
7040 11 - !
7040 12 - 02
7040 13 - 02
7040 14 - 02
7040 15 - 02
7040 16 - 02
7040 17 - 02
7040 18 - 02
7040 19 - !
7041 c e11 n0
7041 0 - !
7041 1 - !
7041 2 - !
7041 3 - !
7041 4 - !
7041 5 - !
7041 6 - !
7041 7 - !
7041 8 - !
7041 9 - !
7041 10 - !
7041 11 - !
7041 12 - 02
7041 13 - 02
7041 14 - 02
7041 15 - 02
7041 16 - !
7041 17 - !
7041 18 - !
7041 19 - !
7042 c e11 n0
7042 0 - !
7042 1 - !
7042 2 - !
7042 3 - !
7042 4 - !
7042 5 - !
7042 6 - !
7042 7 - !
7042 8 - !
7042 9 - !
7042 10 - !
7042 11 - !
7042 12 - 02
7042 13 - 02
7042 14 - 02
7042 15 - 02
7042 16 - !
7042 17 - !
7042 18 - !
7042 19 - !
7043 c e11 n0
7043 0 - !
7043 1 - !
7043 2 - !
7043 3 - !
7043 4 - !
7043 5 - !
7043 6 - !
7043 7 - !
7043 8 - !
7043 9 - !
7043 10 - !
7043 11 - !
7043 12 - 02
7043 13 - 02
7043 14 - 02
7043 15 - 02
7043 16 - 02
7043 17 - 02
7043 18 - 02
7043 19 - !
7044 c e11 n1
7044 0 - !
7044 1 - !
7044 2 - !
7044 3 - !
7044 4 - !
7044 5 - !
7044 6 - !
7044 7 - !
7044 8 - !
7044 9 - !
7044 10 - !
7044 11 - !
7044 12 - !
7044 13 - !
7044 14 - !
7044 15 - !
7044 16 - !
7044 17 - !
7044 18 - !
7044 19 - !
7045 c e11 n1
7045 0 - !
7045 1 - !
7045 2 - !
7045 3 - !
7045 4 - !
7045 5 - !
7045 6 - !
7045 7 - !
7045 8 - !
7045 9 - !
7045 10 - !
7045 11 - !
7045 12 - !
7045 13 - !
7045 14 - !
7045 15 - !
7045 16 - !
7045 17 - !
7045 18 - !
7045 19 - !
7046 c e11 n0
7046 0 - !
7046 1 - !
7046 2 - !
7046 3 - !
7046 4 - !
7046 5 - !
7046 6 - !
7046 7 - !
7046 8 - !
7046 9 - !
7046 10 - !
7046 11 - !
7046 12 - !
7046 13 - !
7046 14 - !
7046 15 - !
7046 16 - !
7046 17 - !
7046 18 - !
7046 19 - !
7082 12 ! 02
7082 13 ! 02
7082 14 ! 02
7082 15 ! 02
7086 c e11 n0
7086 0 - !
7086 1 - !
7086 2 - !
7086 3 - !
7086 4 - !
7086 5 - !
7086 6 - !
7086 7 - !
7086 8 - !
7086 9 - !
7086 10 - !
7086 11 - !
7086 12 - 02
7086 13 - 02
7086 14 - 02
7086 15 - 02
7086 16 - !
7086 17 - !
7086 18 - !
7086 19 - 02
7087 c n0 e11
7087 0 ! -
7087 1 ! -
7087 2 ! -
7087 3 ! -
7087 4 ! -
7087 5 ! -
7087 6 ! -
7087 7 ! -
7087 8 ! -
7087 9 ! -
7087 10 ! -
7087 11 ! -
7087 12 02 -
7087 13 02 -
7087 14 02 -
7087 15 02 -
7087 16 02 -
7087 17 02 -
7087 18 02 -
7087 19 02 -
7088 c e11 n0
7088 0 - !
7088 1 - !
7088 2 - !
7088 3 - !
7088 4 - !
7088 5 - !
7088 6 - !
7088 7 - !
7088 8 - !
7088 9 - !
7088 10 - !
7088 11 - !
7088 12 - 02
7088 13 - 02
7088 14 - 02
7088 15 - 02
7088 16 - !
7088 17 - !
7088 18 - !
7088 19 - !
7107 12 ! 02
7107 13 ! 02
7107 14 ! 02
7107 15 ! 02
7111 c e11 n0
7111 0 - !
7111 1 - !
7111 2 - !
7111 3 - !
7111 4 - !
7111 5 - !
7111 6 - !
7111 7 - !
7111 8 - !
7111 9 - !
7111 10 - !
7111 11 - !
7111 12 - 02
7111 13 - 02
7111 14 - 02
7111 15 - 02
7111 16 - !
7111 17 - !
7111 18 - !
7111 19 - !
7112 c n0 e11
7112 0 ! -
7112 1 ! -
7112 2 ! -
7112 3 ! -
7112 4 ! -
7112 5 ! -
7112 6 ! -
7112 7 ! -
7112 8 ! -
7112 9 ! -
7112 10 ! -
7112 11 ! -
7112 12 02 -
7112 13 02 -
7112 14 02 -
7112 15 02 -
7112 16 02 -
7112 17 02 -
7112 18 02 -
7112 19 ! -
7113 c e11 n0
7113 0 - !
7113 1 - !
7113 2 - !
7113 3 - !
7113 4 - !
7113 5 - !
7113 6 - !
7113 7 - !
7113 8 - !
7113 9 - !
7113 10 - !
7113 11 - !
7113 12 - 02
7113 13 - 02
7113 14 - 02
7113 15 - 02
7113 16 - !
7113 17 - !
7113 18 - !
7113 19 - !
7132 12 ! 02
7132 13 ! 02
7132 14 ! 02
7132 15 ! 02
7136 c e11 n0
7136 0 - !
7136 1 - !
7136 2 - !
7136 3 - !
7136 4 - !
7136 5 - !
7136 6 - !
7136 7 - !
7136 8 - !
7136 9 - !
7136 10 - !
7136 11 - !
7136 12 - 02
7136 13 - 02
7136 14 - 02
7136 15 - 02
7136 16 - !
7136 17 - !
7136 18 - !
7136 19 - !
7137 c n0 e11
7137 0 ! -
7137 1 ! -
7137 2 ! -
7137 3 ! -
7137 4 ! -
7137 5 ! -
7137 6 ! -
7137 7 ! -
7137 8 ! -
7137 9 ! -
7137 10 ! -
7137 11 ! -
7137 12 02 -
7137 13 02 -
7137 14 02 -
7137 15 02 -
7137 16 02 -
7137 17 02 -
7137 18 02 -
7137 19 ! -
7138 c e11 n0
7138 0 - !
7138 1 - !
7138 2 - !
7138 3 - !
7138 4 - !
7138 5 - !
7138 6 - !
7138 7 - !
7138 8 - !
7138 9 - !
7138 10 - !
7138 11 - !
7138 12 - 02
7138 13 - 02
7138 14 - 02
7138 15 - 02
7138 16 - !
7138 17 - !
7138 18 - !
7138 19 - !
7157 12 ! 02
7157 13 ! 02
7157 14 ! 02
7157 15 ! 02
7161 c e11 n0
7161 0 - !
7161 1 - !
7161 2 - !
7161 3 - !
7161 4 - !
7161 5 - !
7161 6 - !
7161 7 - !
7161 8 - !
7161 9 - !
7161 10 - !
7161 11 - !
7161 12 - 02
7161 13 - 02
7161 14 - 02
7161 15 - 02
7161 16 - !
7161 17 - !
7161 18 - !
7161 19 - 02
7162 c n0 e11
7162 0 ! -
7162 1 ! -
7162 2 ! -
7162 3 ! -
7162 4 ! -
7162 5 ! -
7162 6 ! -
7162 7 ! -
7162 8 ! -
7162 9 ! -
7162 10 ! -
7162 11 ! -
7162 12 02 -
7162 13 02 -
7162 14 02 -
7162 15 02 -
7162 16 02 -
7162 17 02 -
7162 18 02 -
7162 19 02 -
7163 c e11 n0
7163 0 - !
7163 1 - !
7163 2 - !
7163 3 - !
7163 4 - !
7163 5 - !
7163 6 - !
7163 7 - !
7163 8 - !
7163 9 - !
7163 10 - !
7163 11 - !
7163 12 - 02
7163 13 - 02
7163 14 - 02
7163 15 - 02
7163 16 - !
7163 17 - !
7163 18 - !
7163 19 - !
7186 c e11 n1
7186 0 - !
7186 1 - !
7186 2 - !
7186 3 - !
7186 4 - !
7186 5 - !
7186 6 - !
7186 7 - !
7186 8 - !
7186 9 - !
7186 10 - !
7186 11 - !
7186 12 - !
7186 13 - !
7186 14 - !
7186 15 - !
7186 16 - !
7186 17 - !
7186 18 - !
7186 19 - !
7187 c n1 e11
7187 0 ! -
7187 1 ! -
7187 2 ! -
7187 3 ! -
7187 4 ! -
7187 5 ! -
7187 6 ! -
7187 7 ! -
7187 8 ! -
7187 9 ! -
7187 10 ! -
7187 11 ! -
7187 12 ! -
7187 13 ! -
7187 14 ! -
7187 15 ! -
7187 16 ! -
7187 17 ! -
7187 18 ! -
7187 19 ! -
7188 c e11 n1
7188 0 - !
7188 1 - !
7188 2 - !
7188 3 - !
7188 4 - !
7188 5 - !
7188 6 - !
7188 7 - !
7188 8 - !
7188 9 - !
7188 10 - !
7188 11 - !
7188 12 - !
7188 13 - !
7188 14 - !
7188 15 - !
7188 16 - !
7188 17 - !
7188 18 - !
7188 19 - !
7211 c e11 n1
7211 0 - !
7211 1 - !
7211 2 - !
7211 3 - !
7211 4 - !
7211 5 - !
7211 6 - !
7211 7 - !
7211 8 - !
7211 9 - !
7211 10 - !
7211 11 - !
7211 12 - !
7211 13 - !
7211 14 - !
7211 15 - !
7211 16 - !
7211 17 - !
7211 18 - !
7211 19 - !
7212 c n1 e11
7212 0 ! -
7212 1 ! -
7212 2 ! -
7212 3 ! -
7212 4 ! -
7212 5 ! -
7212 6 ! -
7212 7 ! -
7212 8 ! -
7212 9 ! -
7212 10 ! -
7212 11 ! -
7212 12 ! -
7212 13 ! -
7212 14 ! -
7212 15 ! -
7212 16 ! -
7212 17 ! -
7212 18 ! -
7212 19 ! -
7213 c e11 n1
7213 0 - !
7213 1 - !
7213 2 - !
7213 3 - !
7213 4 - !
7213 5 - !
7213 6 - !
7213 7 - !
7213 8 - !
7213 9 - !
7213 10 - !
7213 11 - !
7213 12 - !
7213 13 - !
7213 14 - !
7213 15 - !
7213 16 - !
7213 17 - !
7213 18 - !
7213 19 - !
7236 c e11 n0
7236 0 - !
7236 1 - !
7236 2 - !
7236 3 - !
7236 4 - !
7236 5 - !
7236 6 - !
7236 7 - !
7236 8 - !
7236 9 - !
7236 10 - !
7236 11 - !
7236 12 - !
7236 13 - !
7236 14 - !
7236 15 - !
7236 16 - !
7236 17 - !
7236 18 - !
7236 19 - !
7237 c n0 e11
7237 0 ! -
7237 1 ! -
7237 2 ! -
7237 3 ! -
7237 4 ! -
7237 5 ! -
7237 6 ! -
7237 7 ! -
7237 8 ! -
7237 9 ! -
7237 10 ! -
7237 11 ! -
7237 12 ! -
7237 13 ! -
7237 14 ! -
7237 15 ! -
7237 16 ! -
7237 17 ! -
7237 18 ! -
7237 19 ! -
7238 c e11 n0
7238 0 - !
7238 1 - !
7238 2 - !
7238 3 - !
7238 4 - !
7238 5 - !
7238 6 - !
7238 7 - !
7238 8 - !
7238 9 - !
7238 10 - !
7238 11 - !
7238 12 - !
7238 13 - !
7238 14 - !
7238 15 - !
7238 16 - !
7238 17 - !
7238 18 - !
7238 19 - !
7616 0 0000 00__
7616 1 0000 00__
7616 2 0000 00__
7616 3 0000 00__
7616 4 0000 00__
7616 5 0000 00__
7616 6 0000 00__
7616 7 0000 00__
7616 8 0000 00__
7616 9 0000 00__
7616 10 0000 00__
7616 11 0000 00__
7616 12 0000 00__
7616 13 0000 00__
7616 14 0000 00__
7616 15 0000 00__
7616 16 0000 00__
7616 17 0000 00__
7616 18 0000 00__
7616 19 0000 00__
7616 20 0000 00__
7616 21 0000 00__
7616 22 0000 00__
7616 23 0000 00__
7616 24 0000 00__
7616 25 0000 00__
7616 26 0000 00__
7616 27 0000 00__
7616 28 0000 00__
7616 29 0000 00__
7616 30 0000 00__
7616 31 0000 00__
7616 32 0000 00__
7616 33 0000 00__
9000 31 01 !
9000 32 12 !
9032 31 01 !
9032 32 12 !
9033 31 01 !
9033 32 12 !
9042 31 01 !
9042 32 12 !
9443 31 01 !
9443 32 12 !
11843 31 01 !
11843 32 12 !
11918 31 01 !
11918 32 12 !
12516 c crash11 n1
12516 0 - 0000
12516 1 - 0000
12516 2 - 0000
12516 3 - 0000
12516 4 - 0000
12516 5 - 0000
12516 6 - 0000
12516 7 - 0000
12516 8 - 0000
12516 9 - 0000
12516 10 - 0000
12516 11 - 0000
12516 12 - 0000
12516 13 - 0000
12516 14 - 0000
12516 15 - 0000
12516 16 - 0000
12516 17 - 0000
12516 18 - 0000
12516 19 - 0000
12516 20 - 0000
12516 21 - 0000
12516 22 - 0000
12516 23 - 0000
12516 24 - 0000
12516 25 - 0000
12516 26 - 0000
12516 27 - 0000
12516 28 - 0000
12516 29 - 0000
12516 30 - 0000
12516 31 - 0000
12516 32 - 0000
12516 33 - 0000
12593 31 01 !
12593 32 12 !
18657 42 065635 0656__
18657 47 065635 0656__
18658 42 065635 0656__
18658 47 065635 0656__
18661 1 011111 010111
18661 2 011111 010111
18661 3 010100 0101__
18661 4 022222 020212
18661 5 021222 0202__
18661 6 021211 0202__
18661 7 022222 020212
18661 8 021222 0202__
18661 9 021211 0202__
18661 10 020200 0202__
18661 11 020200 0202__
18661 12 020200 0202__
18661 13 033333 030323
18661 14 032333 0303__
18661 15 032312 0303__
18661 16 031333 0303__
18661 17 031311 0303__
18661 18 031311 0303__
18661 19 031311 0303__
18661 20 031311 0303__
18661 21 031311 0303__
18661 22 033333 030323
18661 23 032333 0303__
18661 24 032312 0303__
18661 25 031333 0303__
18661 26 031311 0303__
18661 27 031311 0303__
18661 28 031311 0303__
18661 29 031311 0303__
18661 30 031311 0303__
18661 31 030300 0303__
18661 32 030300 0303__
18661 33 030300 0303__
18661 34 033333 030303
18661 35 030300 0303__
18661 36 030300 0303__
18661 37 033333 030303
18661 38 030300 0303__
18661 39 030300 0303__
18661 40 041411 0404__
18661 41 061611 0606__
18661 42 062612 0606__
18661 43 066666 060636
18661 44 041411 0404__
18661 45 043444 0404__
18661 46 051511 0505__
18661 47 060600 0606__
18661 48 061666 0606__
18661 49 053523 0505__
18662 1 011111 010111
18662 2 011111 010111
18662 3 010100 0101__
18662 4 022222 020212
18662 5 021222 0202__
18662 6 021211 0202__
18662 7 022222 020212
18662 8 021222 0202__
18662 9 021211 0202__
18662 10 020200 0202__
18662 11 020200 0202__
18662 12 020200 0202__
18662 13 033333 030323
18662 14 032333 0303__
18662 15 032312 0303__
18662 16 031333 0303__
18662 17 031311 0303__
18662 18 031311 0303__
18662 19 031311 0303__
18662 20 031311 0303__
18662 21 031311 0303__
18662 22 033333 030323
18662 23 032333 0303__
18662 24 032312 0303__
18662 25 031333 0303__
18662 26 031311 0303__
18662 27 031311 0303__
18662 28 031311 0303__
18662 29 031311 0303__
18662 30 031311 0303__
18662 31 030300 0303__
18662 32 030300 0303__
18662 33 030300 0303__
18662 34 033333 030303
18662 35 030300 0303__
18662 36 030300 0303__
18662 37 033333 030303
18662 38 030300 0303__
18662 39 030300 0303__
18662 40 041411 0404__
18662 41 061611 0606__
18662 42 062612 0606__
18662 43 066666 060636
18662 44 041411 0404__
18662 45 043444 0404__
18662 46 051511 0505__
18662 47 060600 0606__
18662 48 061666 0606__
18662 49 053523 0505__
18671 26 020101 031212
18671 42 ! 042323
18671 47 ! 042323
18672 26 020101 031212
18672 42 ! 042323
18672 47 ! 042323
18675 21 13__ 0300
18675 42 26__ 0622
18675 48 14__ 0411
18676 21 13__ 0300
18676 42 26__ 0622
18676 48 14__ 0411
18677 4 0212 0202
18677 5 0212 0202
18677 7 0212 0202
18677 8 0212 0202
18677 13 0323 0303
18677 14 0323 0303
18677 15 0312 0303
18677 16 0323 0303
18677 17 0323 0303
18677 18 0312 0303
18677 22 0323 0303
18677 23 0323 0303
18677 24 0312 0303
18677 25 0323 0303
18677 26 0323 0303
18677 27 0312 0303
18677 40 0434 0404
18677 41 0636 0606
18677 42 0636 0606
18677 44 0414 0404
18677 45 0434 0404
18677 49 0545 0505
18678 4 0212 0202
18678 5 0212 0202
18678 7 0212 0202
18678 8 0212 0202
18678 13 0323 0303
18678 14 0323 0303
18678 15 0312 0303
18678 16 0323 0303
18678 17 0323 0303
18678 18 0312 0303
18678 22 0323 0303
18678 23 0323 0303
18678 24 0312 0303
18678 25 0323 0303
18678 26 0323 0303
18678 27 0312 0303
18678 40 0434 0404
18678 41 0636 0606
18678 42 0636 0606
18678 44 0414 0404
18678 45 0434 0404
18678 49 0545 0505
18725 1 00__ 0000
18725 2 00__ 0000
18725 3 00__ 0000
18725 4 00__ 0000
18725 5 00__ 0000
18725 6 00__ 0000
18725 7 00__ 0000
18725 8 00__ 0000
18725 9 00__ 0000
18725 10 00__ 0000
18725 11 00__ 0000
18725 12 00__ 0000
18725 13 00__ 0000
18725 14 00__ 0000
18725 15 00__ 0000
18725 16 00__ 0000
18725 17 00__ 0000
18725 18 00__ 0000
18725 19 00__ 0000
18725 20 00__ 0000
18725 21 00__ 0000
18725 22 00__ 0000
18725 23 00__ 0000
18725 24 00__ 0000
18725 25 00__ 0000
18725 26 00__ 0000
18725 27 00__ 0000
18725 28 00__ 0000
18725 29 00__ 0000
18725 30 00__ 0000
18725 31 00__ 0000
18725 32 00__ 0000
18725 33 00__ 0000
18725 34 00__ 0000
18725 35 00__ 0000
18725 36 00__ 0000
18725 37 00__ 0000
18725 38 00__ 0000
18725 39 00__ 0000
18725 40 00__ 0000
18725 41 00__ 0000
18725 42 00__ 0000
18725 43 00__ 0000
18725 44 00__ 0000
18725 45 00__ 0000
18725 46 00__ 0000
18725 47 00__ 0000
18725 48 00__ 0000
18725 49 00__ 0000
18726 1 00__ 0000
18726 2 00__ 0000
18726 3 00__ 0000
18726 4 00__ 0000
18726 5 00__ 0000
18726 6 00__ 0000
18726 7 00__ 0000
18726 8 00__ 0000
18726 9 00__ 0000
18726 10 00__ 0000
18726 11 00__ 0000
18726 12 00__ 0000
18726 13 00__ 0000
18726 14 00__ 0000
18726 15 00__ 0000
18726 16 00__ 0000
18726 17 00__ 0000
18726 18 00__ 0000
18726 19 00__ 0000
18726 20 00__ 0000
18726 21 00__ 0000
18726 22 00__ 0000
18726 23 00__ 0000
18726 24 00__ 0000
18726 25 00__ 0000
18726 26 00__ 0000
18726 27 00__ 0000
18726 28 00__ 0000
18726 29 00__ 0000
18726 30 00__ 0000
18726 31 00__ 0000
18726 32 00__ 0000
18726 33 00__ 0000
18726 34 00__ 0000
18726 35 00__ 0000
18726 36 00__ 0000
18726 37 00__ 0000
18726 38 00__ 0000
18726 39 00__ 0000
18726 40 00__ 0000
18726 41 00__ 0000
18726 42 00__ 0000
18726 43 00__ 0000
18726 44 00__ 0000
18726 45 00__ 0000
18726 46 00__ 0000
18726 47 00__ 0000
18726 48 00__ 0000
18726 49 00__ 0000
18777 1 010100 00____
18777 2 010100 00____
18777 3 010100 00____
18777 4 020211 020201
18777 5 020211 020201
18777 6 020211 020201
18777 7 020211 020201
18777 8 020211 020201
18777 9 020211 020201
18777 10 020211 020201
18777 11 020211 020201
18777 12 020211 020201
18777 13 032322 030302
18777 14 032322 030302
18777 15 032322 030302
18777 16 032322 030302
18777 17 032322 030302
18777 18 032322 030302
18777 19 032322 030312
18777 20 032322 030312
18777 21 032322 030312
18777 22 032322 030302
18777 23 032322 030302
18777 24 032322 030302
18777 25 032322 030302
18777 26 032322 030302
18777 27 032322 030302
18777 28 032322 030302
18777 29 032322 030302
18777 30 032322 030302
18777 31 032322 030312
18777 32 032322 030312
18777 33 032322 030312
18777 34 032322 030302
18777 35 032322 030302
18777 36 032322 030302
18777 37 032322 030302
18777 38 032322 030302
18777 39 032322 030302
18777 40 043433 040423
18777 41 065655 060635
18777 42 065655 060645
18777 43 065655 060635
18777 44 043433 040423
18777 45 043433 040423
18777 46 054544 050534
18777 47 065655 060635
18777 48 065655 060645
18777 49 054544 050524
18778 1 010100 00____
18778 2 010100 00____
18778 3 010100 00____
18778 4 020211 020201
18778 5 020211 020201
18778 6 020211 020201
18778 7 020211 020201
18778 8 020211 020201
18778 9 020211 020201
18778 10 020211 020201
18778 11 020211 020201
18778 12 020211 020201
18778 13 032322 030302
18778 14 032322 030302
18778 15 032322 030302
18778 16 032322 030302
18778 17 032322 030302
18778 18 032322 030302
18778 19 032322 030312
18778 20 032322 030312
18778 21 032322 030312
18778 22 032322 030302
18778 23 032322 030302
18778 24 032322 030302
18778 25 032322 030302
18778 26 032322 030302
18778 27 032322 030302
18778 28 032322 030302
18778 29 032322 030302
18778 30 032322 030302
18778 31 032322 030312
18778 32 032322 030312
18778 33 032322 030312
18778 34 032322 030302
18778 35 032322 030302
18778 36 032322 030302
18778 37 032322 030302
18778 38 032322 030302
18778 39 032322 030302
18778 40 043433 040423
18778 41 065655 060635
18778 42 065655 060645
18778 43 065655 060635
18778 44 043433 040423
18778 45 043433 040423
18778 46 054544 050534
18778 47 065655 060635
18778 48 065655 060645
18778 49 054544 050524
18819 0 00__ 0000
18899 8 020212 020202
18899 25 020212 020202
18899 26 030323 030303
18899 27 030313 030303
18899 29 030323 030303
18900 8 020212 020202
18900 25 020212 020202
18900 26 030323 030303
18900 27 030313 030303
18900 29 030323 030303
18909 13 ! 0312
18909 17 ! 0312
18909 21 ! 0312
18909 22 ! 0312
18909 26 ! 0312
18909 30 ! 0312
18909 31 ! 0312
18909 35 ! 0312
18909 39 ! 0312
18909 40 ! 0412
18910 13 ! 0312
18910 17 ! 0312
18910 21 ! 0312
18910 22 ! 0312
18910 26 ! 0312
18910 30 ! 0312
18910 31 ! 0312
18910 35 ! 0312
18910 39 ! 0312
18910 40 ! 0412
18933 7 020112__ 020222__
18933 23 031333__ 032333__
18933 25 030223__ 031333__
18933 29 031333__ 032333__
18933 43 064556__ 064666__
18933 48 064556__ 064666__
18933 49 053555__ 054555__
18934 7 020112__ 020222__
18934 23 031333__ 032333__
18934 25 030223__ 031333__
18934 29 031333__ 032333__
18934 43 064556__ 064666__
18934 48 064556__ 064666__
18934 49 053555__ 054555__
18949 10 0212 0222
18949 11 0212 0222
18949 31 0313 0333
18949 32 0313 0333
18949 33 0313 0333
18949 34 0313 0333
18949 35 0313 0333
18949 36 0313 0333
18949 37 0323 0333
18949 38 0323 0333
18949 39 0323 0333
18949 43 0616 0666
18949 47 0616 0666
18950 10 0212 0222
18950 11 0212 0222
18950 31 0313 0333
18950 32 0313 0333
18950 33 0313 0333
18950 34 0313 0333
18950 35 0313 0333
18950 36 0313 0333
18950 37 0323 0333
18950 38 0323 0333
18950 39 0323 0333
18950 43 0616 0666
18950 47 0616 0666
18983 25 02__ 0222
18983 28 02__ 0222
18983 34 02__ 0222
18983 37 02__ 0222
18983 41 13__ 1333
18983 43 02__ 0222
18983 46 13__ 1333
18983 47 24__ 2444
18983 48 15__ 1555
18984 25 02__ 0222
18984 28 02__ 0222
18984 34 02__ 0222
18984 37 02__ 0222
18984 41 13__ 1333
18984 43 02__ 0222
18984 46 13__ 1333
18984 47 24__ 2444
18984 48 15__ 1555
19029 25 0333 0323
19030 25 0333 0323
19035 1 00__ 0000
19035 2 00__ 0000
19035 3 00__ 0000
19035 4 00__ 0000
19035 5 00__ 0000
19035 6 00__ 0000
19035 7 00__ 0000
19035 8 00__ 0000
19035 9 00__ 0000
19035 10 00__ 0000
19035 11 00__ 0000
19035 12 00__ 0000
19035 13 00__ 0000
19035 14 00__ 0000
19035 15 00__ 0000
19035 16 00__ 0000
19035 17 00__ 0000
19035 18 00__ 0000
19035 19 00__ 0000
19035 20 00__ 0000
19035 21 00__ 0000
19035 22 00__ 0000
19035 23 00__ 0000
19035 24 00__ 0000
19035 25 00__ 0000
19035 26 00__ 0000
19035 27 00__ 0000
19035 28 00__ 0000
19035 29 00__ 0000
19035 30 00__ 0000
19035 31 00__ 0000
19035 32 00__ 0000
19035 33 00__ 0000
19035 34 00__ 0000
19035 35 00__ 0000
19035 36 00__ 0000
19035 37 00__ 0000
19035 38 00__ 0000
19035 39 00__ 0000
19035 40 00__ 0000
19035 41 00__ 0000
19035 42 00__ 0000
19035 43 00__ 0000
19035 44 00__ 0000
19035 45 00__ 0000
19035 46 00__ 0000
19035 47 00__ 0000
19035 48 00__ 0000
19035 49 00__ 0000
19036 1 00__ 0000
19036 2 00__ 0000
19036 3 00__ 0000
19036 4 00__ 0000
19036 5 00__ 0000
19036 6 00__ 0000
19036 7 00__ 0000
19036 8 00__ 0000
19036 9 00__ 0000
19036 10 00__ 0000
19036 11 00__ 0000
19036 12 00__ 0000
19036 13 00__ 0000
19036 14 00__ 0000
19036 15 00__ 0000
19036 16 00__ 0000
19036 17 00__ 0000
19036 18 00__ 0000
19036 19 00__ 0000
19036 20 00__ 0000
19036 21 00__ 0000
19036 22 00__ 0000
19036 23 00__ 0000
19036 24 00__ 0000
19036 25 00__ 0000
19036 26 00__ 0000
19036 27 00__ 0000
19036 28 00__ 0000
19036 29 00__ 0000
19036 30 00__ 0000
19036 31 00__ 0000
19036 32 00__ 0000
19036 33 00__ 0000
19036 34 00__ 0000
19036 35 00__ 0000
19036 36 00__ 0000
19036 37 00__ 0000
19036 38 00__ 0000
19036 39 00__ 0000
19036 40 00__ 0000
19036 41 00__ 0000
19036 42 00__ 0000
19036 43 00__ 0000
19036 44 00__ 0000
19036 45 00__ 0000
19036 46 00__ 0000
19036 47 00__ 0000
19036 48 00__ 0000
19036 49 00__ 0000
19037 4 020202 02____
19037 7 020202 02____
19037 8 021212 02____
19037 10 020202 02____
19038 4 020202 02____
19038 7 020202 02____
19038 8 021212 02____
19038 10 020202 02____
19053 5 0211 0201
19053 6 0211 0201
19053 8 0211 0201
19053 9 0211 0201
19053 11 0211 0201
19053 12 0211 0201
19053 14 0322 0302
19053 15 0322 0302
19053 16 0211 0201
19053 17 0322 0302
19053 18 0322 0302
19053 19 0211 0201
19053 20 0322 0302
19053 21 0322 0302
19053 23 0322 0302
19053 24 0322 0302
19053 25 0211 0201
19053 26 0322 0302
19053 27 0322 0302
19053 28 0211 0201
19053 29 0322 0302
19053 30 0322 0302
19053 32 0322 0302
19053 33 0322 0302
19053 34 0211 0201
19053 35 0322 0302
19053 36 0322 0302
19053 37 0211 0201
19053 38 0322 0302
19053 39 0322 0302
19053 40 0433 0403
19053 41 0655 0605
19053 42 0655 0605
19053 43 0544 0504
19053 44 0433 0403
19053 46 0544 0504
19053 47 0655 0605
19053 48 0544 0504
19053 49 0544 0504
19054 5 0211 0201
19054 6 0211 0201
19054 8 0211 0201
19054 9 0211 0201
19054 11 0211 0201
19054 12 0211 0201
19054 14 0322 0302
19054 15 0322 0302
19054 16 0211 0201
19054 17 0322 0302
19054 18 0322 0302
19054 19 0211 0201
19054 20 0322 0302
19054 21 0322 0302
19054 23 0322 0302
19054 24 0322 0302
19054 25 0211 0201
19054 26 0322 0302
19054 27 0322 0302
19054 28 0211 0201
19054 29 0322 0302
19054 30 0322 0302
19054 32 0322 0302
19054 33 0322 0302
19054 34 0211 0201
19054 35 0322 0302
19054 36 0322 0302
19054 37 0211 0201
19054 38 0322 0302
19054 39 0322 0302
19054 40 0433 0403
19054 41 0655 0605
19054 42 0655 0605
19054 43 0544 0504
19054 44 0433 0403
19054 46 0544 0504
19054 47 0655 0605
19054 48 0544 0504
19054 49 0544 0504
19059 13 031322 031312
19059 16 031322 031312
19059 22 031322 031312
19059 25 031322 031312
19059 31 031322 031312
19059 34 031322 031312
19059 40 031322 031312
19059 41 041433 041413
19059 45 041433 041413
19059 46 041433 041413
19059 49 041433 041413
19060 13 031322 031312
19060 16 031322 031312
19060 22 031322 031312
19060 25 031322 031312
19060 31 031322 031312
19060 34 031322 031312
19060 40 031322 031312
19060 41 041433 041413
19060 45 041433 041413
19060 46 041433 041413
19060 49 041433 041413
19063 40 0401 0402
19063 41 0513 0503
19063 42 0412 0402
19063 45 0412 0402
19063 46 0513 0503
19063 48 0614 0604
19063 49 0500 0503
19064 40 0401 0402
19064 41 0513 0503
19064 42 0412 0402
19064 45 0412 0402
19064 46 0513 0503
19064 48 0614 0604
19064 49 0500 0503
19087 12 0212__ 0202__
19087 38 0312__ 0302__
19087 39 0323__ 0303__
19087 43 063646 060616
19087 47 065615 0656__
19088 12 0212__ 0202__
19088 38 0312__ 0302__
19088 39 0323__ 0303__
19088 43 063646 060616
19088 47 065615 0656__
19091 2 0111__ 0101__
19091 5 0200__ 020201
19091 7 0211__ 021212
19091 10 0211__ 021212
19091 11 0222__ 0212__
19091 12 0222__ 0212__
19091 22 0311__ 0301__
19091 23 0311__ 031312
19091 24 0311__ 0301__
19091 32 0311__ 031312
19091 34 0322__ 032323
19091 37 0322__ 032323
19091 43 0422__ 0412__
19091 49 0311__ 0301__
19092 2 0111__ 0101__
19092 5 0200__ 020201
19092 7 0211__ 021212
19092 10 0211__ 021212
19092 11 0222__ 0212__
19092 12 0222__ 0212__
19092 22 0311__ 0301__
19092 23 0311__ 031312
19092 24 0311__ 0301__
19092 32 0311__ 031312
19092 34 0322__ 032323
19092 37 0322__ 032323
19092 43 0422__ 0412__
19092 49 0311__ 0301__
19105 8 ! 02222222
19105 9 ! 02222222
19105 17 ! 13333333
19105 18 ! 13333333
19105 25 ! 02222222
19105 26 ! 03333333
19105 27 ! 03333333
19105 28 ! 02222222
19105 29 ! 03333333
19105 30 ! 03333333
19105 35 ! 13333333
19105 36 ! 13333333
19105 41 ! 13333333
19105 42 ! 26666666
19105 44 ! 04444444
19105 46 ! 13333333
19105 47 ! 24444444
19105 48 ! 15555555
19106 8 ! 02222222
19106 9 ! 02222222
19106 17 ! 13333333
19106 18 ! 13333333
19106 25 ! 02222222
19106 26 ! 03333333
19106 27 ! 03333333
19106 28 ! 02222222
19106 29 ! 03333333
19106 30 ! 03333333
19106 35 ! 13333333
19106 36 ! 13333333
19106 41 ! 13333333
19106 42 ! 26666666
19106 44 ! 04444444
19106 46 ! 13333333
19106 47 ! 24444444
19106 48 ! 15555555
19109 4 0212 0202
19109 6 0212 0202
19109 12 0212 0202
19109 15 0323 0303
19109 21 0323 0303
19109 22 0323 0313
19109 24 0323 0313
19109 30 0323 0313
19109 31 0323 0313
19109 33 0323 0313
19109 39 0323 0303
19109 42 0656 0646
19109 45 0434 0424
19109 47 0656 0646
19110 4 0212 0202
19110 6 0212 0202
19110 12 0212 0202
19110 15 0323 0303
19110 21 0323 0303
19110 22 0323 0313
19110 24 0323 0313
19110 30 0323 0313
19110 31 0323 0313
19110 33 0323 0313
19110 39 0323 0303
19110 42 0656 0646
19110 45 0434 0424
19110 47 0656 0646
19113 4 0212 0202
19113 5 0212 0202
19113 7 0212 0202
19113 8 0212 0202
19113 15 0212 0202
19113 18 0212 0202
19113 24 0212 0202
19113 27 0212 0202
19113 41 0212 0202
19113 46 0212 0202
19113 48 0212 0202
19114 4 0212 0202
19114 5 0212 0202
19114 7 0212 0202
19114 8 0212 0202
19114 15 0212 0202
19114 18 0212 0202
19114 24 0212 0202
19114 27 0212 0202
19114 41 0212 0202
19114 46 0212 0202
19114 48 0212 0202
19125 27 02______ 02020222
19126 27 02______ 02020222
19131 0 ! 0000__
19131 1 ! 0111__
19131 2 ! 0111__
19131 3 ! 0000__
19131 4 ! 0201__
19131 5 ! 0111__
19131 6 ! 0111__
19131 7 ! 0111__
19131 8 ! 0201__
19131 9 ! 0111__
19131 10 ! 0000__
19131 11 ! 0000__
19131 12 ! 0000__
19131 13 0323__ 0312__
19131 14 0323__ 0201__
19131 15 ! 0201__
19131 16 0323__ 0111__
19131 17 0323__ 0312__
19131 18 ! 0111__
19131 19 ! 0111__
19131 20 ! 0111__
19131 21 ! 0111__
19131 22 0323__ 0312__
19131 23 ! 0333__
19131 24 ! 0333__
19131 25 0323__ 0201__
19131 26 0312__ 0333__
19131 27 ! 0333__
19131 28 ! 0111__
19131 29 ! 0111__
19131 30 ! 0111__
19131 31 ! 0000__
19131 32 ! 0000__
19131 33 ! 0000__
19131 34 ! 0000__
19131 35 ! 0000__
19131 36 ! 0000__
19131 37 ! 0000__
19131 38 ! 0000__
19131 39 ! 0000__
19131 40 0323__ 0111__
19131 41 ! 0111__
19131 42 0512__ 0423__
19131 43 ! 0000__
19131 44 ! 0111__
19131 45 0434__ 0423__
19131 46 ! 0111__
19131 47 ! 0000__
19131 48 ! 0111__
19131 49 0545__ 0423__
19132 0 ! 0000__
19132 1 ! 0111__
19132 2 ! 0111__
19132 3 ! 0000__
19132 4 ! 0201__
19132 5 ! 0111__
19132 6 ! 0111__
19132 7 ! 0111__
19132 8 ! 0201__
19132 9 ! 0111__
19132 10 ! 0000__
19132 11 ! 0000__
19132 12 ! 0000__
19132 13 0323__ 0312__
19132 14 0323__ 0201__
19132 15 ! 0201__
19132 16 0323__ 0111__
19132 17 0323__ 0312__
19132 18 ! 0111__
19132 19 ! 0111__
19132 20 ! 0111__
19132 21 ! 0111__
19132 22 0323__ 0312__
19132 23 ! 0333__
19132 24 ! 0333__
19132 25 0323__ 0201__
19132 26 0312__ 0333__
19132 27 ! 0333__
19132 28 ! 0111__
19132 29 ! 0111__
19132 30 ! 0111__
19132 31 ! 0000__
19132 32 ! 0000__
19132 33 ! 0000__
19132 34 ! 0000__
19132 35 ! 0000__
19132 36 ! 0000__
19132 37 ! 0000__
19132 38 ! 0000__
19132 39 ! 0000__
19132 40 0323__ 0111__
19132 41 ! 0111__
19132 42 0512__ 0423__
19132 43 ! 0000__
19132 44 ! 0111__
19132 45 0434__ 0423__
19132 46 ! 0111__
19132 47 ! 0000__
19132 48 ! 0111__
19132 49 0545__ 0423__
19145 0 00____ 0000__
19146 0 00____ 0000__
19161 c crash14 n3
19161 0 - 00000000
19161 1 - 00000000
19161 2 - 01010111
19161 3 - 01010111
19161 4 - 02020222
19161 5 - 00000000
19161 6 - 00000000
19161 7 - 01010111
19161 8 - 02020222
19161 9 - 02020222
19161 10 - 01010111
19161 11 - 02020222
19161 12 - 02020222
19161 13 - 03030333
19161 14 - 03030223
19161 15 - 02020222
19161 16 - 00000000
19161 17 - 00000000
19161 18 - 00000000
19161 19 - 00000000
19161 20 - 00000000
19161 21 - 00000000
19161 22 - 01010111
19161 23 - 01010111
19161 24 - 01010111
19161 25 - 02020222
19161 26 - 03030333
19161 27 - 03030333
19161 28 - 02020222
19161 29 - 03030333
19161 30 - 03030333
19161 31 - 01010111
19161 32 - 01010111
19161 33 - 01010111
19161 34 - 02020222
19161 35 - 03030333
19161 36 - 03030333
19161 37 - 02020222
19161 38 - 03030333
19161 39 - 03030333
19161 40 - 00000000
19161 41 - 00000000
19161 42 - 03030223
19161 43 - 02020222
19161 44 - 04040444
19161 45 - 04040444
19161 46 - 00000000
19161 47 - 01010111
19161 48 - 00000000
19161 49 - 01010111
19162 c crash14 n3
19162 0 - 00000000
19162 1 - 00000000
19162 2 - 01010111
19162 3 - 01010111
19162 4 - 02020222
19162 5 - 00000000
19162 6 - 00000000
19162 7 - 01010111
19162 8 - 02020222
19162 9 - 02020222
19162 10 - 01010111
19162 11 - 02020222
19162 12 - 02020222
19162 13 - 03030333
19162 14 - 03030223
19162 15 - 02020222
19162 16 - 00000000
19162 17 - 00000000
19162 18 - 00000000
19162 19 - 00000000
19162 20 - 00000000
19162 21 - 00000000
19162 22 - 01010111
19162 23 - 01010111
19162 24 - 01010111
19162 25 - 02020222
19162 26 - 03030333
19162 27 - 03030333
19162 28 - 02020222
19162 29 - 03030333
19162 30 - 03030333
19162 31 - 01010111
19162 32 - 01010111
19162 33 - 01010111
19162 34 - 02020222
19162 35 - 03030333
19162 36 - 03030333
19162 37 - 02020222
19162 38 - 03030333
19162 39 - 03030333
19162 40 - 00000000
19162 41 - 00000000
19162 42 - 03030223
19162 43 - 02020222
19162 44 - 04040444
19162 45 - 04040444
19162 46 - 00000000
19162 47 - 01010111
19162 48 - 00000000
19162 49 - 01010111
19183 4 ! 0201
19183 13 ! 0312
19183 14 ! 0201
19183 15 ! 0201
19183 22 ! 0312
19183 31 ! 0312
19183 42 ! 0201
19184 4 ! 0201
19184 13 ! 0312
19184 14 ! 0201
19184 15 ! 0201
19184 22 ! 0312
19184 31 ! 0312
19184 42 ! 0201
19191 30 030301__ 030311__
19192 30 030301__ 030311__
19213 15 032312 0323__
19213 16 030323 030313
19213 17 030323 030313
19213 18 032312 030313
19213 24 032312 0323__
19213 27 032312 030313
19213 41 065645 060646
19213 42 065635 0656__
19213 44 043423 040424
19213 47 051545 051525
19213 48 043413 0434__
19214 15 032312 0323__
19214 16 030323 030313
19214 17 030323 030313
19214 18 032312 030313
19214 24 032312 0323__
19214 27 032312 030313
19214 41 065645 060646
19214 42 065635 0656__
19214 44 043423 040424
19214 47 051545 051525
19214 48 043413 0434__
19247 1 0111__ 0101__
19247 2 0111__ 0101__
19247 3 0111__ 0101__
19247 4 0222__ 0202__
19247 5 0222__ 0202__
19247 6 0222__ 0202__
19247 7 0222__ 0202__
19247 8 0222__ 0202__
19247 9 0222__ 0202__
19247 10 0222__ 0202__
19247 11 0222__ 0202__
19247 12 0222__ 0202__
19247 13 0333__ 0303__
19247 14 0333__ 0303__
19247 15 0333__ 0303__
19247 16 0333__ 0303__
19247 17 0333__ 0303__
19247 18 0333__ 0303__
19247 19 0333__ 0303__
19247 20 0333__ 0303__
19247 21 0333__ 0303__
19247 22 0333__ 0303__
19247 23 0333__ 0303__
19247 24 0333__ 0303__
19247 25 0333__ 0303__
19247 26 0333__ 0303__
19247 27 0333__ 0303__
19247 28 0333__ 0303__
19247 29 0333__ 0303__
19247 30 0333__ 0303__
19247 31 0333__ 0303__
19247 32 0333__ 0303__
19247 33 0333__ 0303__
19247 34 0333__ 0303__
19247 35 0333__ 0303__
19247 36 0333__ 0303__
19247 37 0333__ 0303__
19247 38 0333__ 0303__
19247 39 0333__ 0303__
19247 40 0444__ 0404__
19247 41 0666__ 0606__
19247 42 0666__ 0606__
19247 43 0666__ 0606__
19247 44 0444__ 0404__
19247 45 0444__ 0404__
19247 46 0555__ 0505__
19247 47 0666__ 0606__
19247 48 0666__ 0606__
19247 49 0555__ 0505__
19248 1 0111__ 0101__
19248 2 0111__ 0101__
19248 3 0111__ 0101__
19248 4 0222__ 0202__
19248 5 0222__ 0202__
19248 6 0222__ 0202__
19248 7 0222__ 0202__
19248 8 0222__ 0202__
19248 9 0222__ 0202__
19248 10 0222__ 0202__
19248 11 0222__ 0202__
19248 12 0222__ 0202__
19248 13 0333__ 0303__
19248 14 0333__ 0303__
19248 15 0333__ 0303__
19248 16 0333__ 0303__
19248 17 0333__ 0303__
19248 18 0333__ 0303__
19248 19 0333__ 0303__
19248 20 0333__ 0303__
19248 21 0333__ 0303__
19248 22 0333__ 0303__
19248 23 0333__ 0303__
19248 24 0333__ 0303__
19248 25 0333__ 0303__
19248 26 0333__ 0303__
19248 27 0333__ 0303__
19248 28 0333__ 0303__
19248 29 0333__ 0303__
19248 30 0333__ 0303__
19248 31 0333__ 0303__
19248 32 0333__ 0303__
19248 33 0333__ 0303__
19248 34 0333__ 0303__
19248 35 0333__ 0303__
19248 36 0333__ 0303__
19248 37 0333__ 0303__
19248 38 0333__ 0303__
19248 39 0333__ 0303__
19248 40 0444__ 0404__
19248 41 0666__ 0606__
19248 42 0666__ 0606__
19248 43 0666__ 0606__
19248 44 0444__ 0404__
19248 45 0444__ 0404__
19248 46 0555__ 0505__
19248 47 0666__ 0606__
19248 48 0666__ 0606__
19248 49 0555__ 0505__
19255 1 ! 010101
19255 2 ! 010101
19255 3 ! 010101
19255 4 ! 020202
19255 5 ! 020202
19255 6 ! 020202
19255 7 ! 020202
19255 8 ! 020202
19255 9 ! 020202
19255 10 ! 020202
19255 11 ! 020202
19255 12 ! 020202
19255 13 ! 030303
19255 14 ! 030303
19255 15 ! 030303
19255 16 ! 030303
19255 17 ! 030303
19255 18 ! 030303
19255 19 ! 030303
19255 20 ! 030303
19255 21 ! 030303
19255 22 ! 030303
19255 23 ! 030303
19255 24 ! 030303
19255 25 ! 030303
19255 26 ! 030303
19255 27 ! 030303
19255 28 ! 030303
19255 29 ! 030303
19255 30 ! 030303
19255 31 ! 030303
19255 32 ! 030303
19255 33 ! 030303
19255 34 ! 030303
19255 35 ! 030303
19255 36 ! 030303
19255 37 ! 030303
19255 38 ! 030303
19255 39 ! 030303
19255 40 ! 040404
19255 41 ! 060606
19255 42 ! 060606
19255 43 ! 060606
19255 44 ! 040404
19255 45 ! 040404
19255 46 ! 050505
19255 47 ! 060606
19255 48 ! 060606
19255 49 ! 050505
19256 1 ! 010101
19256 2 ! 010101
19256 3 ! 010101
19256 4 ! 020202
19256 5 ! 020202
19256 6 ! 020202
19256 7 ! 020202
19256 8 ! 020202
19256 9 ! 020202
19256 10 ! 020202
19256 11 ! 020202
19256 12 ! 020202
19256 13 ! 030303
19256 14 ! 030303
19256 15 ! 030303
19256 16 ! 030303
19256 17 ! 030303
19256 18 ! 030303
19256 19 ! 030303
19256 20 ! 030303
19256 21 ! 030303
19256 22 ! 030303
19256 23 ! 030303
19256 24 ! 030303
19256 25 ! 030303
19256 26 ! 030303
19256 27 ! 030303
19256 28 ! 030303
19256 29 ! 030303
19256 30 ! 030303
19256 31 ! 030303
19256 32 ! 030303
19256 33 ! 030303
19256 34 ! 030303
19256 35 ! 030303
19256 36 ! 030303
19256 37 ! 030303
19256 38 ! 030303
19256 39 ! 030303
19256 40 ! 040404
19256 41 ! 060606
19256 42 ! 060606
19256 43 ! 060606
19256 44 ! 040404
19256 45 ! 040404
19256 46 ! 050505
19256 47 ! 060606
19256 48 ! 060606
19256 49 ! 050505
19275 37 02____ 0222__
19275 38 02____ 0222__
19276 37 02____ 0222__
19276 38 02____ 0222__
19297 14 030323 030313
19297 15 030323 030313
19297 17 030323 030313
19297 18 030323 030313
19297 20 030323 030313
19297 21 030323 030313
19297 23 030323 030313
19297 24 030323 030313
19297 26 030323 030313
19297 27 030323 030313
19297 29 030323 030313
19297 30 030323 030313
19297 44 040434 040414
19297 45 043423 0434__
19297 48 065645 0656__
19298 14 030323 030313
19298 15 030323 030313
19298 17 030323 030313
19298 18 030323 030313
19298 20 030323 030313
19298 21 030323 030313
19298 23 030323 030313
19298 24 030323 030313
19298 26 030323 030313
19298 27 030323 030313
19298 29 030323 030313
19298 30 030323 030313
19298 44 040434 040414
19298 45 043423 0434__
19298 48 065645 0656__
19339 10 0211 0201
19339 11 0211 0201
19339 12 0211 0201
19339 19 0322 0312
19339 20 0322 0312
19339 21 0322 0312
19339 28 0322 0312
19339 29 0322 0312
19339 30 0322 0312
19339 31 0211 0201
19339 32 0211 0201
19339 33 0211 0201
19339 34 0211 0201
19339 35 0211 0201
19339 36 0211 0201
19339 37 0322 0302
19339 38 0322 0302
19339 39 0322 0302
19339 41 0433 0423
19339 43 0211 0201
19339 44 0322 0312
19339 46 0433 0423
19339 47 0211 0201
19339 48 0544 0524
19340 10 0211 0201
19340 11 0211 0201
19340 12 0211 0201
19340 19 0322 0312
19340 20 0322 0312
19340 21 0322 0312
19340 28 0322 0312
19340 29 0322 0312
19340 30 0322 0312
19340 31 0211 0201
19340 32 0211 0201
19340 33 0211 0201
19340 34 0211 0201
19340 35 0211 0201
19340 36 0211 0201
19340 37 0322 0302
19340 38 0322 0302
19340 39 0322 0302
19340 41 0433 0423
19340 43 0211 0201
19340 44 0322 0312
19340 46 0433 0423
19340 47 0211 0201
19340 48 0544 0524
19355 45 040212 040202
19356 45 040212 040202
19363 c crash14 n3
19363 0 - 0000____
19363 1 - 01______
19363 2 - 01______
19363 3 - 01______
19363 4 - 02______
19363 5 - 02______
19363 6 - 02______
19363 7 - 02______
19363 8 - 02______
19363 9 - 02______
19363 10 - 02______
19363 11 - 02______
19363 12 - 02______
19363 13 - 0303__03
19363 14 - 0303__03
19363 15 - 032323__
19363 16 - 0303__03
19363 17 - 0303__03
19363 18 - 032323__
19363 19 - 0303__03
19363 20 - 0303__03
19363 21 - 032323__
19363 22 - 0303__03
19363 23 - 0303__03
19363 24 - 032323__
19363 25 - 0303__03
19363 26 - 0303__03
19363 27 - 032323__
19363 28 - 0303__03
19363 29 - 0303__03
19363 30 - 032323__
19363 31 - 0303__03
19363 32 - 0303__03
19363 33 - 032323__
19363 34 - 0303__03
19363 35 - 0303__03
19363 36 - 032323__
19363 37 - 0303__03
19363 38 - 0303__03
19363 39 - 030303__
19363 40 - 0404__04
19363 41 - 065656__
19363 42 - 065656__
19363 43 - 0636__36
19363 44 - 043434__
19363 45 - 0404__04
19363 46 - 0525__25
19363 47 - 065656__
19363 48 - 0646__46
19363 49 - 0505__05
19364 c crash14 n3
19364 0 - 0000____
19364 1 - 01______
19364 2 - 01______
19364 3 - 01______
19364 4 - 02______
19364 5 - 02______
19364 6 - 02______
19364 7 - 02______
19364 8 - 02______
19364 9 - 02______
19364 10 - 02______
19364 11 - 02______
19364 12 - 02______
19364 13 - 0303__03
19364 14 - 0303__03
19364 15 - 032323__
19364 16 - 0303__03
19364 17 - 0303__03
19364 18 - 032323__
19364 19 - 0303__03
19364 20 - 0303__03
19364 21 - 032323__
19364 22 - 0303__03
19364 23 - 0303__03
19364 24 - 032323__
19364 25 - 0303__03
19364 26 - 0303__03
19364 27 - 032323__
19364 28 - 0303__03
19364 29 - 0303__03
19364 30 - 032323__
19364 31 - 0303__03
19364 32 - 0303__03
19364 33 - 032323__
19364 34 - 0303__03
19364 35 - 0303__03
19364 36 - 032323__
19364 37 - 0303__03
19364 38 - 0303__03
19364 39 - 030303__
19364 40 - 0404__04
19364 41 - 065656__
19364 42 - 065656__
19364 43 - 0636__36
19364 44 - 043434__
19364 45 - 0404__04
19364 46 - 0525__25
19364 47 - 065656__
19364 48 - 0646__46
19364 49 - 0505__05
19365 4 0212 0202
19365 5 0212 0202
19365 6 0212 0202
19365 7 0212 0202
19365 8 0212 0202
19365 9 0212 0202
19365 10 0212 0202
19365 11 0212 0202
19365 12 0212 0202
19365 13 0323 0303
19365 14 0323 0303
19365 15 0323 0303
19365 16 0323 0303
19365 17 0323 0303
19365 18 0323 0303
19365 19 0323 0303
19365 20 0323 0303
19365 21 0323 0303
19365 22 0323 0303
19365 23 0323 0303
19365 24 0323 0303
19365 25 0323 0303
19365 26 0323 0303
19365 27 0323 0303
19365 28 0323 0303
19365 29 0323 0303
19365 30 0323 0303
19365 31 0323 0303
19365 32 0323 0303
19365 33 0323 0303
19365 34 0323 0303
19365 35 0323 0303
19365 36 0323 0303
19365 37 0323 0303
19365 38 0323 0303
19365 39 0323 0303
19365 40 0434 0404
19365 41 0656 0606
19365 42 0656 0606
19365 43 0656 0606
19365 44 0434 0404
19365 45 0434 0404
19365 46 0545 0505
19365 47 0656 0606
19365 48 0656 0606
19365 49 0545 0505
19366 4 0212 0202
19366 5 0212 0202
19366 6 0212 0202
19366 7 0212 0202
19366 8 0212 0202
19366 9 0212 0202
19366 10 0212 0202
19366 11 0212 0202
19366 12 0212 0202
19366 13 0323 0303
19366 14 0323 0303
19366 15 0323 0303
19366 16 0323 0303
19366 17 0323 0303
19366 18 0323 0303
19366 19 0323 0303
19366 20 0323 0303
19366 21 0323 0303
19366 22 0323 0303
19366 23 0323 0303
19366 24 0323 0303
19366 25 0323 0303
19366 26 0323 0303
19366 27 0323 0303
19366 28 0323 0303
19366 29 0323 0303
19366 30 0323 0303
19366 31 0323 0303
19366 32 0323 0303
19366 33 0323 0303
19366 34 0323 0303
19366 35 0323 0303
19366 36 0323 0303
19366 37 0323 0303
19366 38 0323 0303
19366 39 0323 0303
19366 40 0434 0404
19366 41 0656 0606
19366 42 0656 0606
19366 43 0656 0606
19366 44 0434 0404
19366 45 0434 0404
19366 46 0545 0505
19366 47 0656 0606
19366 48 0656 0606
19366 49 0545 0505
19391 12 0212 0111
19391 21 1323 1222
19391 30 1323 1222
19391 33 0323 0222
19391 36 0323 0222
19391 39 0313 0111
19391 41 2656 2555
19391 42 4656 4555
19391 44 1434 1333
19391 47 0656 0555
19392 12 0212 0111
19392 21 1323 1222
19392 30 1323 1222
19392 33 0323 0222
19392 36 0323 0222
19392 39 0313 0111
19392 41 2656 2555
19392 42 4656 4555
19392 44 1434 1333
19392 47 0656 0555
19397 0 00__00__ 0000____
19397 2 01__0101 01______
19397 3 01__0101 01______
19397 5 00__00__ 0000____
19397 6 00__00__ 0000____
19397 7 02__0202 02______
19397 10 02__0202 02______
19397 13 00__00__ 0000____
19397 14 00__00__ 0000____
19397 15 00__00__ 0000____
19397 16 00__00__ 0000____
19397 17 00__00__ 0000____
19397 18 00__00__ 0000____
19397 19 00__00__ 0000____
19397 20 00__00__ 0000____
19397 21 00__00__ 0000____
19397 40 00__00__ 0000____
19397 41 00__00__ 0000____
19397 42 00__00__ 0000____
19397 45 00__00__ 0000____
19397 46 00__00__ 0000____
19397 48 00__00__ 0000____
19398 2 01__0101 01______
19398 3 01__0101 01______
19398 7 02__0202 02______
19398 10 02__0202 02______
19399 0 00____ 000000
19455 0 ! 0000__
19455 1 ! 0000__
19455 2 ! 0000__
19455 3 ! 0000__
19455 4 ! 020111
19455 5 ! 0000__
19455 6 ! 0000__
19455 7 ! 0000__
19455 8 ! 020111
19455 9 ! 0000__
19455 10 ! 0000__
19455 11 ! 0000__
19455 12 ! 020111
19455 13 ! 031222
19455 14 ! 020111
19455 15 ! 020111
19455 16 ! 0000__
19455 17 ! 031222
19455 18 ! 0000__
19455 19 ! 0000__
19455 20 ! 0000__
19455 21 ! 031222
19455 22 ! 031222
19455 23 ! 0000__
19455 24 ! 0000__
19455 25 ! 020111
19455 26 ! 031222
19455 27 ! 020111
19455 28 ! 0000__
19455 29 ! 0000__
19455 30 ! 031222
19455 31 ! 031222
19455 32 ! 0000__
19455 33 ! 0000__
19455 34 ! 0000__
19455 35 ! 031222
19455 36 ! 0000__
19455 37 ! 020111
19455 38 ! 020111
19455 39 ! 031222
19455 40 ! 040212
19455 41 ! 060323
19455 42 ! 064555
19455 43 ! 060323
19455 44 ! 040212
19455 45 ! 042333
19455 46 ! 0000__
19455 47 ! 042333
19455 48 ! 042333
19455 49 ! 042333
19456 0 ! 0000__
19456 1 ! 0000__
19456 2 ! 0000__
19456 3 ! 0000__
19456 4 ! 020111
19456 5 ! 0000__
19456 6 ! 0000__
19456 7 ! 0000__
19456 8 ! 020111
19456 9 ! 0000__
19456 10 ! 0000__
19456 11 ! 0000__
19456 12 ! 020111
19456 13 ! 031222
19456 14 ! 020111
19456 15 ! 020111
19456 16 ! 0000__
19456 17 ! 031222
19456 18 ! 0000__
19456 19 ! 0000__
19456 20 ! 0000__
19456 21 ! 031222
19456 22 ! 031222
19456 23 ! 0000__
19456 24 ! 0000__
19456 25 ! 020111
19456 26 ! 031222
19456 27 ! 020111
19456 28 ! 0000__
19456 29 ! 0000__
19456 30 ! 031222
19456 31 ! 031222
19456 32 ! 0000__
19456 33 ! 0000__
19456 34 ! 0000__
19456 35 ! 031222
19456 36 ! 0000__
19456 37 ! 020111
19456 38 ! 020111
19456 39 ! 031222
19456 40 ! 040212
19456 41 ! 060323
19456 42 ! 064555
19456 43 ! 060323
19456 44 ! 040212
19456 45 ! 042333
19456 46 ! 0000__
19456 47 ! 042333
19456 48 ! 042333
19456 49 ! 042333
19457 40 040424__ 00______
19458 40 040424__ 00______
19501 32 0301__23 030212__
19501 35 0301__23 030212__
19502 32 0301__23 030212__
19502 35 0301__23 030212__
19537 8 020212 020202
19537 9 020212 020202
19537 11 020212 020202
19537 12 020212 020202
19537 25 020212 020202
19537 26 030323 030303
19537 27 030323 030303
19537 28 020212 020202
19537 29 030323 030303
19537 30 030323 030303
19537 34 020212 020202
19537 35 030323 030303
19537 36 030323 030303
19537 37 020212 020202
19537 38 030323 030303
19537 39 030323 030303
19537 43 020212 020202
19537 44 040434 040404
19538 8 020212 020202
19538 9 020212 020202
19538 11 020212 020202
19538 12 020212 020202
19538 25 020212 020202
19538 26 030323 030303
19538 27 030323 030303
19538 28 020212 020202
19538 29 030323 030303
19538 30 030323 030303
19538 34 020212 020202
19538 35 030323 030303
19538 36 030323 030303
19538 37 020212 020202
19538 38 030323 030303
19538 39 030323 030303
19538 43 020212 020202
19538 44 040434 040404
19549 45 0414 0434
19550 45 0414 0434
19587 35 0301 0302
19587 47 0402 0403
19588 35 0301 0302
19588 47 0402 0403
19595 3 01__ 0101
19595 12 02__ 0202
19595 39 03__ 0303
19596 3 01__ 0101
19596 12 02__ 0202
19596 39 03__ 0303
19641 1 01____01 01____11
19641 2 01____01 01____11
19641 3 01____01 01____11
19642 1 01____01 01____11
19642 2 01____01 01____11
19642 3 01____01 01____11
19647 20 0312 0302
19647 29 0312 0302
19647 43 0534 0524
19647 44 0312 0302
19648 20 0312 0302
19648 29 0312 0302
19648 43 0534 0524
19648 44 0312 0302
19651 1 0101 0111
19651 6 0202 0222
19651 7 0212 0222
19651 10 0212 0222
19651 21 0303 0333
19651 24 0313 0333
19651 25 0323 0333
19651 26 0323 0333
19651 27 0323 0333
19651 28 0323 0333
19651 29 0323 0333
19651 30 0323 0333
19651 33 0313 0333
19651 34 0323 0333
19651 35 0323 0333
19651 36 0323 0333
19651 37 0323 0333
19651 38 0323 0333
19651 39 0323 0333
19651 44 0424 0444
19652 1 0101 0111
19652 6 0202 0222
19652 7 0212 0222
19652 10 0212 0222
19652 21 0303 0333
19652 24 0313 0333
19652 25 0323 0333
19652 26 0323 0333
19652 27 0323 0333
19652 28 0323 0333
19652 29 0323 0333
19652 30 0323 0333
19652 33 0313 0333
19652 34 0323 0333
19652 35 0323 0333
19652 36 0323 0333
19652 37 0323 0333
19652 38 0323 0333
19652 39 0323 0333
19652 44 0424 0444
19663 2 011101__ 0111____
19663 7 011101__ 0111____
19663 9 021201__ 0212____
19663 11 022212__ 0222____
19663 13 0333__03 0333____
19663 14 0333__03 0333____
19663 15 0333__03 0333____
19663 16 0333__03 0333____
19663 17 0333__03 0333____
19663 18 0333__03 0333____
19663 19 0333__03 0333____
19663 20 0333__03 0333____
19663 21 0333__03 0333____
19663 22 0333__03 0333____
19663 23 0333__03 0333____
19663 24 0333__03 0333____
19663 25 0333__03 0333____
19663 26 0333__03 0333____
19663 27 0333__03 0333____
19663 28 0333__03 0333____
19663 29 031323__ 0333____
19663 30 031301__ 0333____
19663 31 0333__03 0333____
19663 32 0333__03 0333____
19663 33 0333__03 0333____
19663 34 0333__03 0333____
19663 35 032323__ 0333____
19663 36 032312__ 0333____
19663 37 0333__03 0333____
19663 38 033323__ 0333____
19663 39 0323____ 0333____
19663 40 04343403 043434__
19663 44 04440114 0444____
19663 45 0333__03 0333____
19663 46 0333__03 0333____
19663 49 05454514 054545__
19664 2 011101__ 0111____
19664 7 011101__ 0111____
19664 9 021201__ 0212____
19664 11 022212__ 0222____
19664 13 0333__03 0333____
19664 14 0333__03 0333____
19664 15 0333__03 0333____
19664 16 0333__03 0333____
19664 17 0333__03 0333____
19664 18 0333__03 0333____
19664 19 0333__03 0333____
19664 20 0333__03 0333____
19664 21 0333__03 0333____
19664 22 0333__03 0333____
19664 23 0333__03 0333____
19664 24 0333__03 0333____
19664 25 0333__03 0333____
19664 26 0333__03 0333____
19664 27 0333__03 0333____
19664 28 0333__03 0333____
19664 29 031323__ 0333____
19664 30 031301__ 0333____
19664 31 0333__03 0333____
19664 32 0333__03 0333____
19664 33 0333__03 0333____
19664 34 0333__03 0333____
19664 35 032323__ 0333____
19664 36 032312__ 0333____
19664 37 0333__03 0333____
19664 38 033323__ 0333____
19664 39 0323____ 0333____
19664 40 04343403 043434__
19664 44 04440114 0444____
19664 45 0333__03 0333____
19664 46 0333__03 0333____
19664 49 05454514 054545__
19685 0 ! 000000
19685 1 ! 000000
19685 2 ! 000000
19685 3 ! 000000
19685 4 020-100 020101
19685 5 ! 000000
19685 6 ! 000000
19685 7 ! 000000
19685 8 020-100 020101
19685 9 ! 000000
19685 10 ! 000000
19685 11 ! 000000
19685 12 020-100 020101
19685 13 020-100 020101
19685 14 020-100 020101
19685 15 020-100 020101
19685 16 ! 000000
19685 17 ! 000000
19685 18 ! 000000
19685 19 ! 000000
19685 20 ! 000000
19685 21 ! 000000
19685 22 ! 000000
19685 23 ! 000000
19685 24 ! 000000
19685 25 020-100 020101
19685 26 020-100 020101
19685 27 020-100 020101
19685 28 ! 000000
19685 29 ! 000000
19685 30 ! 000000
19685 31 ! 000000
19685 32 ! 000000
19685 33 ! 000000
19685 34 ! 000000
19685 35 ! 000000
19685 36 ! 000000
19685 37 020-100 020101
19685 38 020-100 020101
19685 39 020-100 020101
19685 40 040-10-1 040212
19685 41 060-10-1 060323
19685 42 020-100 020101
19685 43 060-100 060303
19685 44 040-100 040212
19685 45 040-10-1 040202
19685 46 ! 000000
19685 47 ! 000000
19685 48 ! 000000
19685 49 ! 000000
19686 0 ! 000000
19686 1 ! 000000
19686 2 ! 000000
19686 3 ! 000000
19686 4 020-100 020101
19686 5 ! 000000
19686 6 ! 000000
19686 7 ! 000000
19686 8 020-100 020101
19686 9 ! 000000
19686 10 ! 000000
19686 11 ! 000000
19686 12 020-100 020101
19686 13 020-100 020101
19686 14 020-100 020101
19686 15 020-100 020101
19686 16 ! 000000
19686 17 ! 000000
19686 18 ! 000000
19686 19 ! 000000
19686 20 ! 000000
19686 21 ! 000000
19686 22 ! 000000
19686 23 ! 000000
19686 24 ! 000000
19686 25 020-100 020101
19686 26 020-100 020101
19686 27 020-100 020101
19686 28 ! 000000
19686 29 ! 000000
19686 30 ! 000000
19686 31 ! 000000
19686 32 ! 000000
19686 33 ! 000000
19686 34 ! 000000
19686 35 ! 000000
19686 36 ! 000000
19686 37 020-100 020101
19686 38 020-100 020101
19686 39 020-100 020101
19686 40 040-10-1 040212
19686 41 060-10-1 060323
19686 42 020-100 020101
19686 43 060-100 060303
19686 44 040-100 040212
19686 45 040-10-1 040202
19686 46 ! 000000
19686 47 ! 000000
19686 48 ! 000000
19686 49 ! 000000
19703 1 0101__ 0111__
19703 2 0101__ 0111__
19703 3 0101__ 0111__
19703 4 0202__ 0222__
19703 5 0202__ 0222__
19703 6 0202__ 0222__
19703 7 0202__ 0222__
19703 8 0202__ 0222__
19703 9 0202__ 0222__
19703 10 0202__ 0222__
19703 11 0202__ 0222__
19703 12 0202__ 0222__
19703 13 0303__ 0333__
19703 14 0303__ 0333__
19703 15 0303__ 0333__
19703 16 0303__ 0333__
19703 17 0303__ 0333__
19703 18 0303__ 0333__
19703 19 0303__ 0333__
19703 20 0303__ 0333__
19703 21 0303__ 0333__
19703 22 0303__ 0333__
19703 23 0303__ 0333__
19703 24 0303__ 0333__
19703 25 0303__ 0333__
19703 26 0303__ 0333__
19703 27 0303__ 0333__
19703 28 0303__ 0333__
19703 29 0303__ 0333__
19703 30 0303__ 0333__
19703 31 0303__ 0333__
19703 32 0303__ 0333__
19703 33 0303__ 0333__
19703 34 0303__ 0333__
19703 35 0303__ 0333__
19703 36 0303__ 0333__
19703 37 0303__ 0333__
19703 38 0303__ 0333__
19703 39 0303__ 0333__
19703 40 0404__ 0444__
19703 41 0606__ 0666__
19703 42 0606__ 0666__
19703 43 0606__ 0666__
19703 44 0404__ 0444__
19703 45 0404__ 0444__
19703 46 0505__ 0555__
19703 47 0606__ 0666__
19703 48 0606__ 0666__
19703 49 0505__ 0555__
19704 1 0101__ 0111__
19704 2 0101__ 0111__
19704 3 0101__ 0111__
19704 4 0202__ 0222__
19704 5 0202__ 0222__
19704 6 0202__ 0222__
19704 7 0202__ 0222__
19704 8 0202__ 0222__
19704 9 0202__ 0222__
19704 10 0202__ 0222__
19704 11 0202__ 0222__
19704 12 0202__ 0222__
19704 13 0303__ 0333__
19704 14 0303__ 0333__
19704 15 0303__ 0333__
19704 16 0303__ 0333__
19704 17 0303__ 0333__
19704 18 0303__ 0333__
19704 19 0303__ 0333__
19704 20 0303__ 0333__
19704 21 0303__ 0333__
19704 22 0303__ 0333__
19704 23 0303__ 0333__
19704 24 0303__ 0333__
19704 25 0303__ 0333__
19704 26 0303__ 0333__
19704 27 0303__ 0333__
19704 28 0303__ 0333__
19704 29 0303__ 0333__
19704 30 0303__ 0333__
19704 31 0303__ 0333__
19704 32 0303__ 0333__
19704 33 0303__ 0333__
19704 34 0303__ 0333__
19704 35 0303__ 0333__
19704 36 0303__ 0333__
19704 37 0303__ 0333__
19704 38 0303__ 0333__
19704 39 0303__ 0333__
19704 40 0404__ 0444__
19704 41 0606__ 0666__
19704 42 0606__ 0666__
19704 43 0606__ 0666__
19704 44 0404__ 0444__
19704 45 0404__ 0444__
19704 46 0505__ 0555__
19704 47 0606__ 0666__
19704 48 0606__ 0666__
19704 49 0505__ 0555__
19721 4 020212 020202
19721 45 040434 040424
19722 4 020212 020202
19722 45 040434 040424
19729 2 0100 0101
19729 3 0100 0101
19730 2 0100 0101
19730 3 0100 0101
19733 2 0101 00__
19733 4 0212 01__
19733 5 0212 01__
19733 6 ! 0212
19733 7 0202 00__
19733 8 0202 00__
19733 9 0202 00__
19733 10 0212 0101
19733 11 0212 0101
19733 12 ! 0202
19733 13 0313 01__
19733 14 0313 01__
19733 15 ! 01__
19733 16 ! 01__
19733 17 ! 01__
19733 18 ! 01__
19733 19 0323 0212
19733 20 0323 0212
19733 21 ! 0313
19733 22 0202 00__
19733 23 0202 00__
19733 24 0202 00__
19733 25 0202 00__
19733 26 0202 00__
19733 27 0202 00__
19733 28 0202 00__
19733 29 0202 00__
19733 30 0202 00__
19733 31 0313 0101
19733 32 0313 0101
19733 33 ! 0101
19733 34 ! 0101
19733 35 ! 0101
19733 36 ! 0101
19733 37 0323 0202
19733 38 0323 0202
19733 39 ! 0323
19733 40 ! 01__
19733 41 ! 01__
19733 42 0313 01__
19733 43 ! 0101
19733 44 0202 00__
19733 45 0414 01__
19733 46 ! 01__
19733 47 0313 0101
19733 48 ! 01__
19733 49 0202 00__
19734 2 0101 00__
19734 4 ! 01__
19734 5 ! 01__
19734 6 ! 0212
19734 7 0202 00__
19734 8 0202 00__
19734 9 0202 00__
19734 10 ! 0101
19734 11 ! 0101
19734 12 ! 0202
19734 13 ! 01__
19734 14 ! 01__
19734 15 ! 01__
19734 16 ! 01__
19734 17 ! 01__
19734 18 ! 01__
19734 19 ! 0212
19734 20 ! 0212
19734 21 ! 0313
19734 22 0202 00__
19734 23 0202 00__
19734 24 0202 00__
19734 25 0202 00__
19734 26 0202 00__
19734 27 0202 00__
19734 28 0202 00__
19734 29 0202 00__
19734 30 0202 00__
19734 31 ! 0101
19734 32 ! 0101
19734 33 ! 0101
19734 34 ! 0101
19734 35 ! 0101
19734 36 ! 0101
19734 37 ! 0202
19734 38 ! 0202
19734 39 ! 0323
19734 40 ! 01__
19734 41 ! 01__
19734 42 ! 01__
19734 43 ! 0101
19734 44 0202 00__
19734 45 ! 01__
19734 46 ! 01__
19734 47 ! 0101
19734 48 ! 01__
19734 49 0202 00__
19735 16 020100 0202__
19735 19 020100 0202__
19735 25 020100 020201
19735 28 020100 020201
19735 34 020100 020201
19735 37 020100 020201
19735 43 050401 050501
19735 48 0502__ 050501
19736 16 020100 0202__
19736 19 020100 0202__
19736 25 020100 020201
19736 28 020100 020201
19736 34 020100 020201
19736 37 020100 020201
19736 43 050401 050501
19736 48 0502__ 050501
19751 15 0333 0323
19751 18 0333 0323
19751 24 0333 0323
19751 27 0333 0323
19751 47 1666 1656
19752 15 0333 0323
19752 18 0333 0323
19752 24 0333 0323
19752 27 0333 0323
19752 47 1666 1656
19821 18 0323 0313
19822 18 0323 0313
19825 0 ! 0000
19825 1 ! 0000
19825 2 ! 0000
19825 3 ! 0000
19825 4 ! 0000
19825 5 ! 0000
19825 6 ! 0000
19825 7 ! 0000
19825 8 ! 0000
19825 9 ! 0000
19825 10 ! 0000
19825 11 ! 0000
19825 12 ! 0000
19825 13 ! 0000
19825 14 ! 0000
19825 15 ! 0000
19825 16 ! 0000
19825 17 ! 0000
19825 18 ! 0000
19825 19 ! 0000
19825 20 ! 0000
19825 21 ! 0000
19825 22 ! 0000
19825 23 ! 0000
19825 24 ! 0000
19825 25 ! 0000
19825 26 ! 0000
19825 27 ! 0000
19825 28 ! 0000
19825 29 ! 0000
19825 30 ! 0000
19825 31 ! 0000
19825 32 ! 0000
19825 33 ! 0000
19825 34 ! 0000
19825 35 ! 0000
19825 36 ! 0000
19825 37 ! 0000
19825 38 ! 0000
19825 39 ! 0000
19825 40 ! 0000
19825 41 ! 0000
19825 42 ! 0000
19825 43 ! 0000
19825 44 ! 0000
19825 45 ! 0000
19825 46 ! 0000
19825 47 ! 0000
19825 48 ! 0000
19825 49 ! 0000
19826 0 ! 0000
19826 1 ! 0000
19826 2 ! 0000
19826 3 ! 0000
19826 4 ! 0000
19826 5 ! 0000
19826 6 ! 0000
19826 7 ! 0000
19826 8 ! 0000
19826 9 ! 0000
19826 10 ! 0000
19826 11 ! 0000
19826 12 ! 0000
19826 13 ! 0000
19826 14 ! 0000
19826 15 ! 0000
19826 16 ! 0000
19826 17 ! 0000
19826 18 ! 0000
19826 19 ! 0000
19826 20 ! 0000
19826 21 ! 0000
19826 22 ! 0000
19826 23 ! 0000
19826 24 ! 0000
19826 25 ! 0000
19826 26 ! 0000
19826 27 ! 0000
19826 28 ! 0000
19826 29 ! 0000
19826 30 ! 0000
19826 31 ! 0000
19826 32 ! 0000
19826 33 ! 0000
19826 34 ! 0000
19826 35 ! 0000
19826 36 ! 0000
19826 37 ! 0000
19826 38 ! 0000
19826 39 ! 0000
19826 40 ! 0000
19826 41 ! 0000
19826 42 ! 0000
19826 43 ! 0000
19826 44 ! 0000
19826 45 ! 0000
19826 46 ! 0000
19826 47 ! 0000
19826 48 ! 0000
19826 49 ! 0000
19867 3 0101 0111
19867 6 1212 1222
19867 9 1212 1222
19867 15 2323 2333
19867 18 2323 2333
19867 24 2323 2333
19867 27 2323 2333
19943 0 ! 0000
19943 4 ! 1111
19943 5 ! 1111
19943 6 ! 1111
19943 7 ! 1111
19943 8 ! 1111
19943 9 ! 1111
19943 10 ! 1111
19943 11 ! 1111
19943 12 ! 1111
19943 13 ! 1111
19943 14 ! 1111
19943 15 ! 1111
19943 16 ! 1111
19943 17 ! 1111
19943 18 ! 1111
19943 19 ! 1111
19943 20 ! 1111
19943 21 ! 1111
19943 22 ! 1111
19943 23 ! 1111
19943 24 ! 1111
19943 25 ! 1111
19943 26 ! 1111
19943 27 ! 1111
19943 28 ! 1111
19943 29 ! 1111
19943 30 ! 1111
19943 31 ! 1111
19943 32 ! 1111
19943 33 ! 1111
19943 34 ! 1111
19943 35 ! 1111
19943 36 ! 1111
19943 37 ! 1111
19943 38 ! 1111
19943 39 ! 1111
19943 40 ! 1111
19943 41 ! 1111
19943 42 ! 1111
19943 43 ! 1111
19943 44 ! 1111
19943 45 ! 1111
19943 46 ! 1111
19943 47 ! 1111
19943 48 ! 1111
19943 49 ! 1111
19944 0 ! 0000
19944 4 ! 1111
19944 5 ! 1111
19944 6 ! 1111
19944 7 ! 1111
19944 8 ! 1111
19944 9 ! 1111
19944 10 ! 1111
19944 11 ! 1111
19944 12 ! 1111
19944 13 ! 1111
19944 14 ! 1111
19944 15 ! 1111
19944 16 ! 1111
19944 17 ! 1111
19944 18 ! 1111
19944 19 ! 1111
19944 20 ! 1111
19944 21 ! 1111
19944 22 ! 1111
19944 23 ! 1111
19944 24 ! 1111
19944 25 ! 1111
19944 26 ! 1111
19944 27 ! 1111
19944 28 ! 1111
19944 29 ! 1111
19944 30 ! 1111
19944 31 ! 1111
19944 32 ! 1111
19944 33 ! 1111
19944 34 ! 1111
19944 35 ! 1111
19944 36 ! 1111
19944 37 ! 1111
19944 38 ! 1111
19944 39 ! 1111
19944 40 ! 1111
19944 41 ! 1111
19944 42 ! 1111
19944 43 ! 1111
19944 44 ! 1111
19944 45 ! 1111
19944 46 ! 1111
19944 47 ! 1111
19944 48 ! 1111
19944 49 ! 1111
20007 2 01__1111 01__0101
20007 7 01__1111 01__0101
20007 22 01__1111 01__0101
20007 23 01__1111 01__0101
20007 24 01__1111 01__0101
20007 26 03__3333 03__0323
20007 49 01__1111 01__0101
20008 2 01__1111 01__0101
20008 7 01__1111 01__0101
20008 22 01__1111 01__0101
20008 23 01__1111 01__0101
20008 24 01__1111 01__0101
20008 26 03__3333 03__0323
20008 49 01__1111 01__0101
20029 39 030323 030303
20029 41 065666 065656
20029 43 064666 064646
20029 47 064666 064656
20029 49 054555 054545
20030 39 030323 030303
20030 41 065666 065656
20030 43 064666 064646
20030 47 064666 064656
20030 49 054555 054545
20043 48 064634 0646__
20044 48 064634 0646__
20077 1 01__01 01__11
20077 2 01__01 01__11
20077 3 01__01 01__11
20077 4 02__02 02__22
20077 5 02__02 02__22
20077 8 02__02 02__22
20077 10 02__02 02__22
20077 11 02__02 02__22
20077 13 03__03 03__33
20077 14 03__03 03__33
20077 17 03__03 03__33
20077 23 03__03 03__33
20077 26 03__03 03__33
20077 31 03__03 03__33
20077 32 03__03 03__33
20077 34 03__03 03__33
20077 35 03__03 03__33
20077 37 03__03 03__33
20077 38 03__03 03__33
20077 40 04__04 04__44
20077 45 04__04 04__44
20077 49 05__05 05__55
20078 1 01__01 01__11
20078 2 01__01 01__11
20078 3 01__01 01__11
20078 4 02__02 02__22
20078 5 02__02 02__22
20078 8 02__02 02__22
20078 10 02__02 02__22
20078 11 02__02 02__22
20078 13 03__03 03__33
20078 14 03__03 03__33
20078 17 03__03 03__33
20078 23 03__03 03__33
20078 26 03__03 03__33
20078 31 03__03 03__33
20078 32 03__03 03__33
20078 34 03__03 03__33
20078 35 03__03 03__33
20078 37 03__03 03__33
20078 38 03__03 03__33
20078 40 04__04 04__44
20078 45 04__04 04__44
20078 49 05__05 05__55
20099 11 01____ 010101
20099 12 01____ 010101
20099 20 12____ 121212
20099 21 12____ 121212
20099 35 01____ 010101
20099 36 01____ 010101
20099 38 01____ 010101
20099 39 01____ 010101
20100 11 01____ 010101
20100 12 01____ 010101
20100 20 12____ 121212
20100 21 12____ 121212
20100 35 01____ 010101
20100 36 01____ 010101
20100 38 01____ 010101
20100 39 01____ 010101
20103 0 00______ 0000____
20103 4 02__0212 00______
20103 5 02__0212 00______
20103 6 02__0212 00______
20103 7 02__0212 00______
20103 8 02__0212 00______
20103 9 02__0212 00______
20103 10 02__0212 00______
20103 11 02__0212 00______
20103 12 02__0212 00______
20103 13 03__0323 00______
20103 14 03__0323 00______
20103 15 03__0323 00______
20103 16 03__0323 00______
20103 17 03__0323 00______
20103 18 03__0323 00______
20103 19 03__0323 00______
20103 20 03__0323 00______
20103 21 03__0323 00______
20103 22 03__0323 00______
20103 23 03__0323 00______
20103 24 03__0323 00______
20103 25 03__0323 00______
20103 26 03__0323 00______
20103 27 03__0323 00______
20103 28 03__0323 00______
20103 29 03__0323 00______
20103 30 03__0323 00______
20103 31 03__0323 00______
20103 32 03__0323 00______
20103 33 03__0323 00______
20103 34 03__0323 00______
20103 35 03__0323 00______
20103 36 03__0323 00______
20103 37 03__0323 00______
20103 38 03__0323 00______
20103 39 03__0323 00______
20103 40 03__0323 00______
20103 41 03__0323 00______
20103 42 03__0323 00______
20103 43 03__0323 00______
20103 44 03__0323 00______
20103 45 03__0323 00______
20103 46 03__0323 00______
20103 47 03__0323 00______
20103 48 03__0323 00______
20103 49 03__0323 00______
20104 4 02__0212 00______
20104 5 02__0212 00______
20104 6 02__0212 00______
20104 7 02__0212 00______
20104 8 02__0212 00______
20104 9 02__0212 00______
20104 10 02__0212 00______
20104 11 02__0212 00______
20104 12 02__0212 00______
20104 13 03__0323 00______
20104 14 03__0323 00______
20104 15 03__0323 00______
20104 16 03__0323 00______
20104 17 03__0323 00______
20104 18 03__0323 00______
20104 19 03__0323 00______
20104 20 03__0323 00______
20104 21 03__0323 00______
20104 22 03__0323 00______
20104 23 03__0323 00______
20104 24 03__0323 00______
20104 25 03__0323 00______
20104 26 03__0323 00______
20104 27 03__0323 00______
20104 28 03__0323 00______
20104 29 03__0323 00______
20104 30 03__0323 00______
20104 31 03__0323 00______
20104 32 03__0323 00______
20104 33 03__0323 00______
20104 34 03__0323 00______
20104 35 03__0323 00______
20104 36 03__0323 00______
20104 37 03__0323 00______
20104 38 03__0323 00______
20104 39 03__0323 00______
20104 40 03__0323 00______
20104 41 03__0323 00______
20104 42 03__0323 00______
20104 43 03__0323 00______
20104 44 03__0323 00______
20104 45 03__0323 00______
20104 46 03__0323 00______
20104 47 03__0323 00______
20104 48 03__0323 00______
20104 49 03__0323 00______
20107 2 011111 010101
20107 7 011111 010101
20107 8 022222 020202
20107 9 011111 010101
20107 22 011111 010101
20107 23 011111 010101
20107 24 011111 010101
20107 25 022222 020202
20107 26 033333 030303
20107 27 022222 020202
20107 28 011111 010101
20107 29 011111 010101
20107 30 011111 010101
20107 44 011111 010101
20107 49 011111 010101
20108 2 011111 010101
20108 7 011111 010101
20108 8 022222 020202
20108 9 011111 010101
20108 22 011111 010101
20108 23 011111 010101
20108 24 011111 010101
20108 25 022222 020202
20108 26 033333 030303
20108 27 022222 020202
20108 28 011111 010101
20108 29 011111 010101
20108 30 011111 010101
20108 44 011111 010101
20108 49 011111 010101
20117 9 0212 0222
20117 28 0212 0222
20118 9 0212 0222
20118 28 0212 0222
20119 6 0101 0111
20119 15 0212 0222
20119 18 0212 0222
20119 21 0101 0111
20119 22 0313 0323
20119 23 0313 0323
20119 24 0212 0222
20119 27 0212 0222
20119 31 0313 0323
20119 32 0313 0323
20119 33 0212 0222
20119 36 0212 0222
20119 44 0323 0333
20119 48 0212 0222
20120 6 0101 0111
20120 15 0212 0222
20120 18 0212 0222
20120 21 0101 0111
20120 22 0313 0323
20120 23 0313 0323
20120 24 0212 0222
20120 27 0212 0222
20120 31 0313 0323
20120 32 0313 0323
20120 33 0212 0222
20120 36 0212 0222
20120 44 0323 0333
20120 48 0212 0222
20121 7 021200 0212__
20121 8 021211 020201
20121 17 031322 031312
20121 22 021200 0212__
20121 23 021200 0212__
20121 24 031200 0312__
20121 25 032301 0323__
20121 26 032322 030312
20121 27 031211 030201
20121 49 021200 0212__
20122 7 021200 0212__
20122 8 021211 020201
20122 17 031322 031312
20122 22 021200 0212__
20122 23 021200 0212__
20122 24 031200 0312__
20122 25 032301 0323__
20122 26 032322 030312
20122 27 031211 030201
20122 49 021200 0212__
20123 1 0111 0101
20123 2 0111 0101
20123 3 0111 0101
20123 8 0212 0202
20123 11 0222 0202
20123 26 0313 0323
20123 35 0333 0303
20124 1 0111 0101
20124 2 0111 0101
20124 3 0111 0101
20124 8 0212 0202
20124 11 0222 0202
20124 26 0313 0323
20124 35 0333 0303
20153 26 ! 0312
20153 30 ! 0312
20153 35 ! 0312
20153 39 ! 0312
20153 48 ! 1423
20154 26 ! 0312
20154 30 ! 0312
20154 35 ! 0312
20154 39 ! 0312
20154 48 ! 1423
20159 1 ! 0111
20159 4 ! 0222
20159 5 ! 0222
20159 6 ! 0222
20159 7 ! 1222
20159 10 ! 1222
20159 13 ! 0333
20159 14 ! 0333
20159 15 ! 0333
20159 16 ! 0333
20159 17 ! 0333
20159 18 ! 0333
20159 19 ! 0333
20159 20 ! 0333
20159 21 ! 0333
20159 22 ! 1333
20159 23 ! 1333
20159 24 ! 1333
20159 25 ! 2333
20159 28 ! 2333
20159 31 ! 1333
20159 32 ! 1333
20159 33 ! 1333
20159 34 ! 2333
20159 37 ! 2333
20159 40 ! 0444
20159 41 ! 0444
20159 43 ! 2555
20159 45 ! 0444
20159 46 ! 0444
20159 47 ! 1555
20159 48 ! 0555
20159 49 ! 1555
20160 1 ! 0111
20160 4 ! 0222
20160 5 ! 0222
20160 6 ! 0222
20160 7 ! 1222
20160 10 ! 1222
20160 13 ! 0333
20160 14 ! 0333
20160 15 ! 0333
20160 16 ! 0333
20160 17 ! 0333
20160 18 ! 0333
20160 19 ! 0333
20160 20 ! 0333
20160 21 ! 0333
20160 22 ! 1333
20160 23 ! 1333
20160 24 ! 1333
20160 25 ! 2333
20160 28 ! 2333
20160 31 ! 1333
20160 32 ! 1333
20160 33 ! 1333
20160 34 ! 2333
20160 37 ! 2333
20160 40 ! 0444
20160 41 ! 0444
20160 43 ! 2555
20160 45 ! 0444
20160 46 ! 0444
20160 47 ! 1555
20160 48 ! 0555
20160 49 ! 1555
20165 0 00__ 0000
20166 0 00__ 0000
20181 1 0101 0111
20181 2 0101 0111
20181 3 0101 0111
20181 5 0202 0222
20181 6 0202 0222
20181 8 0202 0222
20181 9 0202 0222
20181 11 0202 0222
20181 12 0202 0222
20181 17 0303 0333
20181 18 0303 0333
20181 20 0303 0333
20181 21 0303 0333
20181 26 0303 0333
20181 27 0303 0333
20181 29 0303 0333
20181 30 0303 0333
20181 35 0303 0333
20181 36 0303 0333
20181 38 0303 0333
20181 39 0303 0333
20182 1 0101 0111
20182 2 0101 0111
20182 3 0101 0111
20182 5 0202 0222
20182 6 0202 0222
20182 8 0202 0222
20182 9 0202 0222
20182 11 0202 0222
20182 12 0202 0222
20182 17 0303 0333
20182 18 0303 0333
20182 20 0303 0333
20182 21 0303 0333
20182 26 0303 0333
20182 27 0303 0333
20182 29 0303 0333
20182 30 0303 0333
20182 35 0303 0333
20182 36 0303 0333
20182 38 0303 0333
20182 39 0303 0333
20199 8 0201__ 020100
20199 12 0201__ 020100
20199 17 1312__ 131211
20199 21 1312__ 131211
20199 25 0201__ 020100
20199 26 0312__ 031211
20199 27 0201__ 020100
20199 30 0312__ 031211
20199 35 0312__ 031211
20199 37 0201__ 020100
20199 38 0201__ 020100
20199 39 0312__ 031211
20199 42 2645__ 264544
20199 47 2423__ 242322
20199 48 1423__ 142322
20200 8 0201__ 020100
20200 12 0201__ 020100
20200 17 1312__ 131211
20200 21 1312__ 131211
20200 25 0201__ 020100
20200 26 0312__ 031211
20200 27 0201__ 020100
20200 30 0312__ 031211
20200 35 0312__ 031211
20200 37 0201__ 020100
20200 38 0201__ 020100
20200 39 0312__ 031211
20200 42 2645__ 264544
20200 47 2423__ 242322
20200 48 1423__ 142322
20219 7 0201__ 0200__
20219 8 0201__ 0200__
20219 9 0201__ 0200__
20219 22 0301__ 0200__
20219 24 0301__ 0200__
20219 25 0312__ 0200__
20219 26 0312__ 0301__
20219 27 0312__ 0200__
20219 28 0301__ 0200__
20219 30 0301__ 0200__
20219 40 040303 0200__
20219 42 063403 0200__
20219 45 040303 0200__
20219 49 051414 0200__
20220 7 0201__ 0200__
20220 8 0201__ 0200__
20220 9 0201__ 0200__
20220 22 0301__ 0200__
20220 24 0301__ 0200__
20220 25 0312__ 0200__
20220 26 0312__ 0301__
20220 27 0312__ 0200__
20220 28 0301__ 0200__
20220 30 0301__ 0200__
20220 40 040303 0200__
20220 42 063403 0200__
20220 45 040303 0200__
20220 49 051414 0200__
20239 46 151445 151555
20240 46 151445 151555
20241 13 0301 0312
20241 17 1312 0312
20241 22 1312 0312
20241 26 0301 0312
20241 40 0301 0402
20241 41 ! 0502
20241 46 ! 0502
20242 13 0301 0312
20242 17 1312 0312
20242 22 1312 0312
20242 26 0301 0312
20242 40 0301 0402
20242 41 ! 0502
20242 46 ! 0502
20275 48 0423__ 0413__
20276 48 0423__ 0413__
20287 4 0202 0212
20287 5 0202 0212
20287 6 0202 0212
20287 7 0202 0212
20287 8 0202 0212
20287 9 0202 0212
20287 10 0202 0212
20287 11 0202 0212
20287 12 0202 0212
20288 4 0202 0212
20288 5 0202 0212
20288 6 0202 0212
20288 7 0202 0212
20288 8 0202 0212
20288 9 0202 0212
20288 10 0202 0212
20288 11 0202 0212
20288 12 0202 0212
20311 15 032312 0323__
20312 15 032312 0323__
20389 3 ! 0100
20389 10 ! 0100
20389 11 ! 0100
20389 12 ! 0100
20389 31 ! 0100
20389 32 ! 0100
20389 33 ! 0100
20389 34 ! 0100
20389 35 ! 0100
20389 36 ! 0100
20389 37 ! 0100
20389 38 ! 0100
20389 39 ! 0100
20389 43 ! 0100
20389 47 ! 0100
20390 3 ! 0100
20390 10 ! 0100
20390 11 ! 0100
20390 12 ! 0100
20390 31 ! 0100
20390 32 ! 0100
20390 33 ! 0100
20390 34 ! 0100
20390 35 ! 0100
20390 36 ! 0100
20390 37 ! 0100
20390 38 ! 0100
20390 39 ! 0100
20390 43 ! 0100
20390 47 ! 0100
20397 1 010000 010101
20397 3 011111 010101
20397 4 020000 020202
20397 10 021111 020202
20397 11 021212 020202
20397 12 021212 020202
20397 13 030000 030303
20397 31 031111 030303
20397 32 031313 030303
20397 33 031313 030303
20397 34 031313 030303
20397 35 031313 030303
20397 36 031313 030303
20397 37 031212 030303
20397 38 031313 030303
20397 39 031313 030303
20397 43 061616 060606
20397 44 043434 040404
20397 45 040000 040404
20397 47 061616 060606
20398 1 010000 010101
20398 3 011111 010101
20398 4 020000 020202
20398 10 021111 020202
20398 11 021212 020202
20398 12 021212 020202
20398 13 030000 030303
20398 31 031111 030303
20398 32 031313 030303
20398 33 031313 030303
20398 34 031313 030303
20398 35 031313 030303
20398 36 031313 030303
20398 37 031212 030303
20398 38 031313 030303
20398 39 031313 030303
20398 43 061616 060606
20398 44 043434 040404
20398 45 040000 040404
20398 47 061616 060606
20401 5 0211 0201
20401 6 0211 0201
20401 8 0211 0201
20401 9 0211 0201
20401 11 0211 0201
20401 12 0211 0201
20401 16 0211 0201
20401 19 0211 0201
20401 25 0211 0201
20401 26 0312 0302
20401 27 0312 0302
20401 28 0211 0201
20401 29 0312 0302
20401 30 0312 0302
20401 34 0211 0201
20401 35 0322 0302
20401 36 0322 0302
20401 37 0211 0201
20401 38 0322 0302
20401 39 0322 0302
20401 40 0211 0201
20401 44 0413 0423
20402 5 0211 0201
20402 6 0211 0201
20402 8 0211 0201
20402 9 0211 0201
20402 11 0211 0201
20402 12 0211 0201
20402 16 0211 0201
20402 19 0211 0201
20402 25 0211 0201
20402 26 0312 0302
20402 27 0312 0302
20402 28 0211 0201
20402 29 0312 0302
20402 30 0312 0302
20402 34 0211 0201
20402 35 0322 0302
20402 36 0322 0302
20402 37 0211 0201
20402 38 0322 0302
20402 39 0322 0302
20402 40 0211 0201
20402 44 0413 0423
20411 13 0312 0302
20411 14 0312 0302
20411 16 0312 0302
20411 17 0312 0302
20411 19 0312 0302
20411 20 0312 0302
20411 22 0312 0302
20411 23 0312 0302
20411 25 0312 0302
20411 26 0312 0302
20411 28 0312 0302
20411 29 0312 0302
20411 31 0312 0302
20411 32 0312 0302
20411 34 0312 0302
20411 35 0312 0302
20411 37 0312 0302
20411 38 0312 0302
20411 40 0423 0403
20411 41 0634 0604
20411 42 0523 0503
20411 43 0645 0605
20411 44 0412 0402
20411 45 0423 0403
20411 46 0534 0504
20411 47 0634 0604
20411 48 0645 0605
20411 49 0534 0504
20412 13 0312 0302
20412 14 0312 0302
20412 16 0312 0302
20412 17 0312 0302
20412 19 0312 0302
20412 20 0312 0302
20412 22 0312 0302
20412 23 0312 0302
20412 25 0312 0302
20412 26 0312 0302
20412 28 0312 0302
20412 29 0312 0302
20412 31 0312 0302
20412 32 0312 0302
20412 34 0312 0302
20412 35 0312 0302
20412 37 0312 0302
20412 38 0312 0302
20412 40 0423 0403
20412 41 0634 0604
20412 42 0523 0503
20412 43 0645 0605
20412 44 0412 0402
20412 45 0423 0403
20412 46 0534 0504
20412 47 0634 0604
20412 48 0645 0605
20412 49 0534 0504
20425 40 0413 0423
20425 41 0615 0625
20425 45 0413 0423
20425 46 0514 0524
20426 40 0413 0423
20426 41 0615 0625
20426 45 0413 0423
20426 46 0514 0524
20445 0 0000 00__
20445 26 0323 0312
20446 0 0000 00__
20446 26 0323 0312
20447 40 0423__ 0433__
20447 41 052422 0544__
20447 42 0423__ 0433__
20447 46 052422 0544__
20447 48 052422 0544__
20447 49 1534__ 1544__
20448 40 0423__ 0433__
20448 41 052422 0544__
20448 42 0423__ 0433__
20448 46 052422 0544__
20448 48 052422 0544__
20448 49 1534__ 1544__
20463 23 032312 0323__
20463 24 032312 0323__
20463 32 032312 0323__
20463 33 032312 0323__
20463 40 143423 1434__
20463 41 164634 1646__
20463 46 154534 1545__
20463 47 065645 0656__
20464 23 032312 0323__
20464 24 032312 0323__
20464 32 032312 0323__
20464 33 032312 0323__
20464 40 143423 1434__
20464 41 164634 1646__
20464 46 154534 1545__
20464 47 065645 0656__
20477 22 032323 031313
20477 23 032323 031313
20477 24 032323 031313
20477 25 032323 031313
20477 26 032323 031313
20477 27 032323 031313
20477 28 032323 031313
20477 29 032323 031313
20477 30 032323 031313
20477 31 032323 031313
20477 32 032323 031313
20477 33 032323 031313
20477 34 032323 031313
20477 35 032323 031313
20477 36 032323 031313
20477 37 032323 031313
20477 38 032323 031313
20477 39 032323 031313
20477 40 143434 142424
20477 41 165656 162626
20477 42 265656 263636
20477 43 065656 061616
20477 44 043434 041414
20477 46 154545 152525
20477 47 065656 061616
20477 48 165656 162626
20477 49 054545 051515
20478 22 032323 031313
20478 23 032323 031313
20478 24 032323 031313
20478 25 032323 031313
20478 26 032323 031313
20478 27 032323 031313
20478 28 032323 031313
20478 29 032323 031313
20478 30 032323 031313
20478 31 032323 031313
20478 32 032323 031313
20478 33 032323 031313
20478 34 032323 031313
20478 35 032323 031313
20478 36 032323 031313
20478 37 032323 031313
20478 38 032323 031313
20478 39 032323 031313
20478 40 143434 142424
20478 41 165656 162626
20478 42 265656 263636
20478 43 065656 061616
20478 44 043434 041414
20478 46 154545 152525
20478 47 065656 061616
20478 48 165656 162626
20478 49 054545 051515
20523 5 020211 020201
20523 8 020211 020201
20523 14 030322 030302
20523 16 020211 020201
20523 17 030322 030302
20523 18 020211 020201
20523 20 030322 030302
20523 23 030322 030302
20523 25 020211 020201
20523 26 030322 030302
20523 27 020211 020201
20523 29 030322 030302
20523 32 030322 030302
20523 35 030322 030302
20523 38 030322 030302
20523 40 040433 040403
20523 42 040433 040403
20523 44 030322 030302
20523 47 040433 040403
20524 5 020211 020201
20524 8 020211 020201
20524 14 030322 030302
20524 16 020211 020201
20524 17 030322 030302
20524 18 020211 020201
20524 20 030322 030302
20524 23 030322 030302
20524 25 020211 020201
20524 26 030322 030302
20524 27 020211 020201
20524 29 030322 030302
20524 32 030322 030302
20524 35 030322 030302
20524 38 030322 030302
20524 40 040433 040403
20524 42 040433 040403
20524 44 030322 030302
20524 47 040433 040403
20529 1 0111 0101
20529 4 0222 0202
20529 5 0111 0101
20529 6 0111 0101
20529 14 0222 0202
20529 15 0222 0202
20529 16 0111 0101
20529 17 0111 0101
20529 18 0111 0101
20529 19 0111 0101
20529 20 0111 0101
20529 21 0111 0101
20529 40 0111 0101
20529 41 0111 0101
20529 42 0222 0202
20529 46 0111 0101
20529 48 0111 0101
20530 1 0111 0101
20530 4 0222 0202
20530 5 0111 0101
20530 6 0111 0101
20530 14 0222 0202
20530 15 0222 0202
20530 16 0111 0101
20530 17 0111 0101
20530 18 0111 0101
20530 19 0111 0101
20530 20 0111 0101
20530 21 0111 0101
20530 40 0111 0101
20530 41 0111 0101
20530 42 0222 0202
20530 46 0111 0101
20530 48 0111 0101
20565 4 020122 021122
20565 5 020122 021122
20565 6 020122 021122
20565 7 020122 021122
20565 8 020122 021122
20565 9 020122 021122
20565 10 020122 021122
20565 11 020122 021122
20565 12 020122 021122
20565 13 030233 032233
20565 14 030233 032233
20565 15 030233 032233
20565 16 030233 032233
20565 17 030233 032233
20565 18 030233 032233
20565 19 030233 032233
20565 20 030233 032233
20565 21 030233 032233
20565 22 030233 032233
20565 23 030233 032233
20565 24 030233 032233
20565 25 030233 032233
20565 26 030233 032233
20565 27 030233 032233
20565 28 030233 032233
20565 29 030233 032233
20565 30 030233 032233
20565 31 031233 032233
20565 32 031233 032233
20565 33 031233 032233
20565 34 031233 032233
20565 35 031233 032233
20565 36 031233 032233
20565 37 030233 032233
20565 38 030233 032233
20565 39 030233 032233
20565 40 040344 043344
20565 41 060566 065566
20565 42 060566 065566
20565 43 061566 065566
20565 44 040344 043344
20565 45 040344 043344
20565 46 050455 054455
20565 47 061566 065566
20565 48 060566 065566
20565 49 050455 054455
20566 4 020122 021122
20566 5 020122 021122
20566 6 020122 021122
20566 7 020122 021122
20566 8 020122 021122
20566 9 020122 021122
20566 10 020122 021122
20566 11 020122 021122
20566 12 020122 021122
20566 13 030233 032233
20566 14 030233 032233
20566 15 030233 032233
20566 16 030233 032233
20566 17 030233 032233
20566 18 030233 032233
20566 19 030233 032233
20566 20 030233 032233
20566 21 030233 032233
20566 22 030233 032233
20566 23 030233 032233
20566 24 030233 032233
20566 25 030233 032233
20566 26 030233 032233
20566 27 030233 032233
20566 28 030233 032233
20566 29 030233 032233
20566 30 030233 032233
20566 31 031233 032233
20566 32 031233 032233
20566 33 031233 032233
20566 34 031233 032233
20566 35 031233 032233
20566 36 031233 032233
20566 37 030233 032233
20566 38 030233 032233
20566 39 030233 032233
20566 40 040344 043344
20566 41 060566 065566
20566 42 060566 065566
20566 43 061566 065566
20566 44 040344 043344
20566 45 040344 043344
20566 46 050455 054455
20566 47 061566 065566
20566 48 060566 065566
20566 49 050455 054455
20593 9 020111__ 0202__00
20593 11 020000__ 0202__00
20593 12 020000__ 0202__00
20593 27 030222__ 0303__01
20593 28 020111__ 0202__00
20593 29 030111__ 0303__01
20593 30 030111__ 0303__01
20593 34 020000__ 0202__00
20593 35 030000__ 0303__00
20593 36 030000__ 0303__00
20593 37 020000__ 0202__00
20593 38 030000__ 0303__00
20593 39 030000__ 0303__00
20593 43 020000__ 0202__00
20593 44 040111__ 0404__01
20594 9 020111__ 0202__00
20594 11 020000__ 0202__00
20594 12 020000__ 0202__00
20594 27 030222__ 0303__01
20594 28 020111__ 0202__00
20594 29 030111__ 0303__01
20594 30 030111__ 0303__01
20594 34 020000__ 0202__00
20594 35 030000__ 0303__00
20594 36 030000__ 0303__00
20594 37 020000__ 0202__00
20594 38 030000__ 0303__00
20594 39 030000__ 0303__00
20594 43 020000__ 0202__00
20594 44 040111__ 0404__01
20595 17 031111 030101
20595 26 031111 030101
20595 42 062222 060202
20596 17 031111 030101
20596 26 031111 030101
20596 42 062222 060202
20599 8 02__ 0202
20599 26 03__ 0303
20600 8 02__ 0202
20600 26 03__ 0303
20669 12 020111 020101
20669 37 020111 020101
20669 38 020111 020101
20669 39 020111 020101
20670 12 020111 020101
20670 37 020111 020101
20670 38 020111 020101
20670 39 020111 020101
20691 13 020101__ 031212__
20691 17 1312____ 0312____
20691 21 1312____ 0312____
20691 22 131212__ 031212__
20691 26 0201____ 0312____
20691 30 1312____ 0312____
20691 31 131212__ 031212__
20691 35 1312____ 0312____
20691 39 0201____ 0312____
20691 40 ! 0402__01
20691 41 ! 0603__01
20691 42 042312__ 0423____
20691 43 ! 060323__
20691 44 ! 0402__01
20691 45 020101__ 042323__
20691 47 042312__ 0423____
20691 48 2423____ 0423____
20691 49 131212__ 042323__
20692 13 020101__ 031212__
20692 17 1312____ 0312____
20692 21 1312____ 0312____
20692 22 131212__ 031212__
20692 26 0201____ 0312____
20692 30 1312____ 0312____
20692 31 131212__ 031212__
20692 35 1312____ 0312____
20692 39 0201____ 0312____
20692 40 ! 0402__01
20692 41 ! 0603__01
20692 42 042312__ 0423____
20692 43 ! 060323__
20692 44 ! 0402__01
20692 45 020101__ 042323__
20692 47 042312__ 0423____
20692 48 2423____ 0423____
20692 49 131212__ 042323__
20731 4 021212 020202
20731 5 021212 020202
20731 6 021212 020202
20731 7 021212 020202
20731 8 021212 020202
20731 9 021212 020202
20731 10 021212 020202
20731 11 021212 020202
20731 12 021212 020202
20731 13 032323 030323
20731 14 032323 030323
20731 15 032323 030323
20731 16 032323 030323
20731 17 032323 030323
20731 18 032323 030323
20731 19 032323 030323
20731 20 032323 030323
20731 21 032323 030323
20731 22 032323 030323
20731 23 032323 030323
20731 24 032323 030323
20731 25 032323 030323
20731 26 032323 030323
20731 27 032323 030323
20731 28 032323 030323
20731 29 032323 030323
20731 30 032323 030323
20731 31 032323 030323
20731 32 032323 030323
20731 33 032323 030323
20731 34 032323 030323
20731 35 032323 030323
20731 36 032323 030323
20731 37 032323 030323
20731 38 032323 030323
20731 39 032323 030323
20731 40 043434 040424
20731 41 065656 060646
20731 42 065656 060606
20731 43 065656 060646
20731 44 043434 040424
20731 45 043434 040424
20731 46 054545 050545
20731 47 065656 060646
20731 48 065656 060656
20731 49 054545 050545
20732 4 021212 020202
20732 5 021212 020202
20732 6 021212 020202
20732 7 021212 020202
20732 8 021212 020202
20732 9 021212 020202
20732 10 021212 020202
20732 11 021212 020202
20732 12 021212 020202
20732 13 032323 030323
20732 14 032323 030323
20732 15 032323 030323
20732 16 032323 030323
20732 17 032323 030323
20732 18 032323 030323
20732 19 032323 030323
20732 20 032323 030323
20732 21 032323 030323
20732 22 032323 030323
20732 23 032323 030323
20732 24 032323 030323
20732 25 032323 030323
20732 26 032323 030323
20732 27 032323 030323
20732 28 032323 030323
20732 29 032323 030323
20732 30 032323 030323
20732 31 032323 030323
20732 32 032323 030323
20732 33 032323 030323
20732 34 032323 030323
20732 35 032323 030323
20732 36 032323 030323
20732 37 032323 030323
20732 38 032323 030323
20732 39 032323 030323
20732 40 043434 040424
20732 41 065656 060646
20732 42 065656 060606
20732 43 065656 060646
20732 44 043434 040424
20732 45 043434 040424
20732 46 054545 050545
20732 47 065656 060646
20732 48 065656 060656
20732 49 054545 050545
20733 13 0312 0302
20733 16 0312 0302
20733 19 0312 0302
20733 22 0312 0302
20733 25 0312 0302
20733 28 0312 0302
20734 13 0312 0302
20734 16 0312 0302
20734 19 0312 0302
20734 22 0312 0302
20734 25 0312 0302
20734 28 0312 0302
20745 13 ! 0301
20745 14 ! 0301
20745 15 ! 0301
20745 16 ! 0301
20745 17 ! 0301
20745 18 ! 0301
20745 19 ! 0301
20745 20 ! 0301
20745 21 ! 0301
20745 22 ! 0301
20745 23 ! 0301
20745 24 ! 0301
20745 25 ! 0301
20745 26 ! 0301
20745 27 ! 0301
20745 28 ! 0301
20745 29 ! 0301
20745 30 ! 0301
20745 31 ! 0301
20745 32 ! 0301
20745 33 ! 0301
20745 34 ! 0301
20745 35 ! 0301
20745 36 ! 0301
20745 37 ! 0301
20745 38 ! 0301
20745 39 ! 0301
20745 40 ! 0402
20745 41 ! 0602
20745 42 ! 0602
20745 43 ! 0602
20745 44 ! 0402
20745 45 ! 0402
20745 46 ! 0502
20745 47 ! 0602
20745 48 ! 0602
20745 49 ! 0502
20746 13 ! 0301
20746 14 ! 0301
20746 15 ! 0301
20746 16 ! 0301
20746 17 ! 0301
20746 18 ! 0301
20746 19 ! 0301
20746 20 ! 0301
20746 21 ! 0301
20746 22 ! 0301
20746 23 ! 0301
20746 24 ! 0301
20746 25 ! 0301
20746 26 ! 0301
20746 27 ! 0301
20746 28 ! 0301
20746 29 ! 0301
20746 30 ! 0301
20746 31 ! 0301
20746 32 ! 0301
20746 33 ! 0301
20746 34 ! 0301
20746 35 ! 0301
20746 36 ! 0301
20746 37 ! 0301
20746 38 ! 0301
20746 39 ! 0301
20746 40 ! 0402
20746 41 ! 0602
20746 42 ! 0602
20746 43 ! 0602
20746 44 ! 0402
20746 45 ! 0402
20746 46 ! 0502
20746 47 ! 0602
20746 48 ! 0602
20746 49 ! 0502
20773 44 0424 0404
20774 44 0424 0404
20789 13 020111 031222
20789 17 000000 031222
20789 21 000000 031222
20789 22 000000 031222
20789 26 020111 031222
20789 30 000000 031222
20789 31 000000 031222
20789 35 000000 031222
20789 39 020111 031222
20789 41 060535 060313
20789 42 060535 064555
20789 43 060535 060313
20789 45 040212 042333
20789 47 060535 042333
20789 48 060535 042333
20789 49 000000 042333
20790 13 020111 031222
20790 17 000000 031222
20790 21 000000 031222
20790 22 000000 031222
20790 26 020111 031222
20790 30 000000 031222
20790 31 000000 031222
20790 35 000000 031222
20790 39 020111 031222
20790 41 060535 060313
20790 42 060535 064555
20790 43 060535 060313
20790 45 040212 042333
20790 47 060535 042333
20790 48 060535 042333
20790 49 000000 042333
20807 39 0302__1123 0302__0123
20807 48 0403012234 0403011234
20808 39 0302__1123 0302__0123
20808 48 0403012234 0403011234
20811 40 042434 040424
20811 45 042434 040434
20812 40 042434 040424
20812 45 042434 040434
20813 9 01__ 0111
20813 28 01__ 0111
20813 29 01__ 0111
20813 30 01__ 0111
20813 36 12__ 1222
20813 44 01__ 0111
20814 9 01__ 0111
20814 28 01__ 0111
20814 29 01__ 0111
20814 30 01__ 0111
20814 36 12__ 1222
20814 44 01__ 0111
20815 5 0201 0211
20815 11 0201 0211
20815 14 0302 0322
20815 16 0201 0211
20815 17 0201 0211
20815 18 0201 0211
20815 34 0201 0211
20815 35 0201 0211
20815 36 0201 0211
20815 40 0201 0211
20815 41 0201 0211
20815 42 0302 0322
20815 43 0201 0211
20815 46 0201 0211
20815 48 0201 0211
20816 5 0201 0211
20816 11 0201 0211
20816 14 0302 0322
20816 16 0201 0211
20816 17 0201 0211
20816 18 0201 0211
20816 34 0201 0211
20816 35 0201 0211
20816 36 0201 0211
20816 40 0201 0211
20816 41 0201 0211
20816 42 0302 0322
20816 43 0201 0211
20816 46 0201 0211
20816 48 0201 0211
20833 37 0323 0333
20833 38 0323 0333
20833 39 0323 0333
20847 0 ! 0000__
20847 1 ! 0000__
20847 2 ! 0000__
20847 3 ! 0000__
20847 4 ! 0000__
20847 5 ! 0000__
20847 6 ! 0000__
20847 7 ! 0000__
20847 8 ! 0000__
20847 9 ! 0000__
20847 10 ! 0000__
20847 11 ! 0000__
20847 12 ! 0000__
20847 13 ! 0333__
20847 14 ! 0333__
20847 15 ! 0333__
20847 16 ! 0333__
20847 17 ! 0333__
20847 18 ! 0333__
20847 19 ! 0333__
20847 20 ! 0333__
20847 21 ! 0333__
20847 22 ! 0333__
20847 23 ! 0333__
20847 24 ! 0333__
20847 25 ! 0333__
20847 26 ! 0333__
20847 27 ! 0333__
20847 28 ! 0333__
20847 29 ! 0333__
20847 30 ! 0333__
20847 31 ! 0333__
20847 32 ! 0333__
20847 33 ! 0333__
20847 34 ! 0333__
20847 35 ! 0333__
20847 36 ! 0333__
20847 37 ! 0333__
20847 38 ! 0333__
20847 39 ! 0333__
20847 40 ! 0444__
20847 41 ! 0666__
20847 42 ! 0666__
20847 43 ! 0666__
20847 44 ! 0444__
20847 45 ! 0444__
20847 46 ! 0555__
20847 47 ! 0666__
20847 48 ! 0666__
20847 49 ! 0555__
20848 0 ! 0000__
20848 1 ! 0000__
20848 2 ! 0000__
20848 3 ! 0000__
20848 4 ! 0000__
20848 5 ! 0000__
20848 6 ! 0000__
20848 7 ! 0000__
20848 8 ! 0000__
20848 9 ! 0000__
20848 10 ! 0000__
20848 11 ! 0000__
20848 12 ! 0000__
20848 13 ! 0333__
20848 14 ! 0333__
20848 15 ! 0333__
20848 16 ! 0333__
20848 17 ! 0333__
20848 18 ! 0333__
20848 19 ! 0333__
20848 20 ! 0333__
20848 21 ! 0333__
20848 22 ! 0333__
20848 23 ! 0333__
20848 24 ! 0333__
20848 25 ! 0333__
20848 26 ! 0333__
20848 27 ! 0333__
20848 28 ! 0333__
20848 29 ! 0333__
20848 30 ! 0333__
20848 31 ! 0333__
20848 32 ! 0333__
20848 33 ! 0333__
20848 34 ! 0333__
20848 35 ! 0333__
20848 36 ! 0333__
20848 37 ! 0333__
20848 38 ! 0333__
20848 39 ! 0333__
20848 40 ! 0444__
20848 41 ! 0666__
20848 42 ! 0666__
20848 43 ! 0666__
20848 44 ! 0444__
20848 45 ! 0444__
20848 46 ! 0555__
20848 47 ! 0666__
20848 48 ! 0666__
20848 49 ! 0555__
20869 22 031323 031313
20869 49 041434 041414
20870 22 031323 031313
20870 49 041434 041414
20885 4 ! 0201__
20885 14 ! 0201__
20885 15 ! 0201__
20885 22 ! 1312__
20885 31 ! 1312__
20885 42 ! 0201__
20885 49 1423__ 0423__
20886 4 ! 0201__
20886 14 ! 0201__
20886 15 ! 0201__
20886 22 ! 1312__
20886 31 ! 1312__
20886 42 ! 0201__
20886 49 1423__ 0423__
20911 41 063503 0635__
20912 41 063503 0635__
20951 40 0424__ 040402
20951 41 064602 0646__
20951 48 064602 0646__
20952 40 0424__ 040402
20952 41 064602 0646__
20952 48 064602 0646__
20957 6 021222 021212
20957 9 021222 021212
20957 15 032333 032323
20957 18 032333 032323
20957 19 021222 021212
20957 20 031333 031313
20957 21 031333 031313
20957 24 032333 032323
20957 27 032333 032323
20957 28 021222 021212
20957 29 031333 031313
20957 30 031333 031313
20957 33 132333 132323
20957 36 132333 132323
20957 41 032333 032323
20957 42 062666 062636
20957 43 153555 153535
20957 44 041444 041414
20957 46 032333 032323
20957 48 052555 052525
20958 6 021222 021212
20958 9 021222 021212
20958 15 032333 032323
20958 18 032333 032323
20958 19 021222 021212
20958 20 031333 031313
20958 21 031333 031313
20958 24 032333 032323
20958 27 032333 032323
20958 28 021222 021212
20958 29 031333 031313
20958 30 031333 031313
20958 33 132333 132323
20958 36 132333 132323
20958 41 032333 032323
20958 42 062666 062636
20958 43 153555 153535
20958 44 041444 041414
20958 46 032333 032323
20958 48 052555 052525
20983 13 0201 0312
20983 17 01__ 0312
20983 21 01__ 0312
20983 22 01__ 0312
20983 26 0201 0312
20983 30 01__ 0312
20983 31 02__ 0312
20983 35 02__ 0312
20983 39 02__ 0312
20983 42 0201 0645
20983 45 0402 0423
20983 47 02__ 0423
20983 48 01__ 0423
20983 49 01__ 0423
20984 13 0201 0312
20984 17 01__ 0312
20984 21 01__ 0312
20984 22 01__ 0312
20984 26 0201 0312
20984 30 01__ 0312
20984 31 02__ 0312
20984 35 02__ 0312
20984 39 02__ 0312
20984 42 0201 0645
20984 45 0402 0423
20984 47 02__ 0423
20984 48 01__ 0423
20984 49 01__ 0423
20985 0 ! 0000__
20985 1 ! 0000__
20985 2 ! 0000__
20985 3 ! 0000__
20985 4 ! 0201__
20985 5 ! 0000__
20985 6 ! 0000__
20985 7 ! 0000__
20985 8 ! 0201__
20985 9 ! 0000__
20985 10 ! 0000__
20985 11 ! 0000__
20985 12 ! 0201__
20985 13 ! 0312__
20985 14 ! 0201__
20985 15 ! 0201__
20985 16 ! 0000__
20985 17 ! 0312__
20985 18 ! 0000__
20985 19 ! 0000__
20985 20 ! 0000__
20985 21 ! 0312__
20985 22 ! 0312__
20985 23 ! 0000__
20985 24 ! 0000__
20985 25 ! 0201__
20985 26 ! 0312__
20985 27 ! 0201__
20985 28 ! 0000__
20985 29 ! 0000__
20985 30 ! 0312__
20985 31 ! 0312__
20985 32 ! 0000__
20985 33 ! 0000__
20985 34 ! 0000__
20985 35 ! 0312__
20985 36 ! 0000__
20985 37 ! 0201__
20985 38 ! 0201__
20985 39 ! 0312__
20985 40 ! 0402__
20985 41 ! 060323
20985 42 ! 0423__
20985 43 ! 0603__
20985 44 ! 0402__
20985 45 ! 0423__
20985 46 ! 0000__
20985 47 ! 0423__
20985 48 ! 0423__
20985 49 ! 0423__
20986 0 ! 0000__
20986 1 ! 0000__
20986 2 ! 0000__
20986 3 ! 0000__
20986 4 ! 0201__
20986 5 ! 0000__
20986 6 ! 0000__
20986 7 ! 0000__
20986 8 ! 0201__
20986 9 ! 0000__
20986 10 ! 0000__
20986 11 ! 0000__
20986 12 ! 0201__
20986 13 ! 0312__
20986 14 ! 0201__
20986 15 ! 0201__
20986 16 ! 0000__
20986 17 ! 0312__
20986 18 ! 0000__
20986 19 ! 0000__
20986 20 ! 0000__
20986 21 ! 0312__
20986 22 ! 0312__
20986 23 ! 0000__
20986 24 ! 0000__
20986 25 ! 0201__
20986 26 ! 0312__
20986 27 ! 0201__
20986 28 ! 0000__
20986 29 ! 0000__
20986 30 ! 0312__
20986 31 ! 0312__
20986 32 ! 0000__
20986 33 ! 0000__
20986 34 ! 0000__
20986 35 ! 0312__
20986 36 ! 0000__
20986 37 ! 0201__
20986 38 ! 0201__
20986 39 ! 0312__
20986 40 ! 0402__
20986 41 ! 060323
20986 42 ! 0423__
20986 43 ! 0603__
20986 44 ! 0402__
20986 45 ! 0423__
20986 46 ! 0000__
20986 47 ! 0423__
20986 48 ! 0423__
20986 49 ! 0423__
21047 0 0=0:4,0:1,1:4,4:4 0=0:4,0:2,2:3,3:4
21048 0 0=0:4,0:1,1:4,4:4 0=0:4,0:2,2:3,3:4
21049 0 0=0:4,0:1,1:4,4:4 0=0:4,0:2,2:3,3:4
21050 0 0=0:4,0:1,1:4,4:4 0=0:4,0:2,2:3,3:4
21059 0 0=0:3,0:1,1:3 0=0:3,0:2,2:3
21060 0 0=0:3,0:1,1:3 0=0:3,0:2,2:3
21065 0 0=0:2,1:2,0:1 0=0:2,1:2,-1:-1
21067 0 0=0:2,1:2,0:1 0=0:2,1:2,-1:-1
21069 0 0=0:2,1:2,-1:-1 0=0:2,0:2,0:2
21070 0 0=0:2,1:2,-1:-1 0=0:2,0:2,0:2
21127 0 0=0:0,-1:-1 0=0:0,0:0
21128 0 0=0:0,-1:-1 0=0:0,0:0
21151 0 0=0:3,1:2,0:1 0=0:3,1:2,-1:-1
21153 0 0=0:3,1:2,0:1 0=0:3,1:2,-1:-1
21171 0 0=0:3,0:1,1:3 0=0:3,0:2,2:3
21172 0 0=0:4,0:1,3:4 0=0:4,0:2,3:4
21173 0 0=0:3,0:1,1:3 0=0:3,0:2,2:3
21174 0 0=0:4,0:1,3:4 0=0:4,0:2,3:4
21282 0 0=0:2,1:2,0:1 0=0:2,1:2,-1:-1
21283 0 0=0:3,2:3,1:2 0=0:3,2:3,-1:-1
21286 0 0=0:4,3:4,2:3 0=0:4,3:4,-1:-1
21287 0 0=0:3,2:3,1:2 0=0:3,2:3,-1:-1
21465 0 0=0:3,2:3,1:2 0=0:3,2:3,-1:-1
21478 0 0=0:1,1:1,0:1,-1:-1 0=0:1,1:1,-1:-1,-1:-1
21479 0 0=0:2,2:2,1:2,-1:-1 0=0:2,2:2,-1:-1,-1:-1
21480 0 0=0:2,2:2,0:1,1:2 0=0:2,2:2,-1:-1,-1:-1
21481 0 0=0:3,3:3,1:2,2:3 0=0:3,3:3,-1:-1,-1:-1
21482 0 0=0:1,1:1,-1:-1,0:1 0=0:1,1:1,-1:-1,-1:-1
21483 0 0=0:3,3:3,2:3,1:2 0=0:3,3:3,-1:-1,-1:-1
21484 0 0=0:4,4:4,2:3,3:4 0=0:4,4:4,-1:-1,-1:-1
21485 0 0=0:3,3:3,1:2,2:3 0=0:3,3:3,-1:-1,-1:-1
26917 0 0=0:3,1:2,0:1 0=0:3,1:2,-1:-1
26918 0 0=0:4,2:3,0:1 0=0:4,2:3,-1:-1
26921 0 0=0:3,1:2,0:1 0=0:3,1:2,-1:-1
26996 0 0=0:1,0:0 0=0:0,0:0
26998 0 0=0:1,0:0 0=0:0,0:0
27000 0 0=0:3,0:-1 0=0:3,1:2
27001 0 0=0:1,0:0 0=0:0,0:0
27002 0 0=0:1,0:0 0=0:0,0:0
27003 0 0=0:1,0:0 0=0:0,0:0
27005 0 0=0:1,0:0 0=0:0,0:0
27006 0 0=0:1,0:0 0=0:0,0:0
27007 0 0=0:1,0:0 0=0:0,0:0
27014 0 0=0:2,0:1 0=0:3,1:2
27183 0 0=0:3,1:2,0:1 0=0:3,1:2,-1:-1
27184 0 0=0:4,2:3,0:1 0=0:4,2:3,-1:-1
27187 0 0=0:3,1:2,0:1 0=0:3,1:2,-1:-1
27262 0 0=0:1,0:0 0=0:0,0:0
27264 0 0=0:1,0:0 0=0:0,0:0
27266 0 0=0:3,0:-1 0=0:3,1:2
27267 0 0=0:1,0:0 0=0:0,0:0
27268 0 0=0:1,0:0 0=0:0,0:0
27269 0 0=0:1,0:0 0=0:0,0:0
27271 0 0=0:1,0:0 0=0:0,0:0
27272 0 0=0:1,0:0 0=0:0,0:0
27273 0 0=0:1,0:0 0=0:0,0:0
27280 0 0=0:2,0:1 0=0:3,1:2
27449 0 0=0:3,1:2,0:1 0=0:3,1:2,-1:-1
27450 0 0=0:4,2:3,0:1 0=0:4,2:3,-1:-1
27453 0 0=0:3,1:2,0:1 0=0:3,1:2,-1:-1
27528 0 0=0:1,0:0 0=0:0,0:0
27532 0 0=0:3,0:-1 0=0:3,1:2
27533 0 0=0:1,0:0 0=0:0,0:0
27534 0 0=0:1,0:0 0=0:0,0:0
27535 0 0=0:1,0:0 0=0:0,0:0
27537 0 0=0:1,0:0 0=0:0,0:0
27538 0 0=0:1,0:0 0=0:0,0:0
27539 0 0=0:1,0:0 0=0:0,0:0
27546 0 0=0:2,0:1 0=0:3,1:2
27715 0 0=0:3,1:2,0:1 0=0:3,1:2,-1:-1
27716 0 0=0:4,2:3,0:1 0=0:4,2:3,-1:-1
27719 0 0=0:3,1:2,0:1 0=0:3,1:2,-1:-1
27794 0 0=0:1,0:0 0=0:0,0:0
27798 0 0=0:3,0:-1 0=0:3,1:2
27799 0 0=0:1,0:0 0=0:0,0:0
27800 0 0=0:1,0:0 0=0:0,0:0
27801 0 0=0:1,0:0 0=0:0,0:0
27803 0 0=0:1,0:0 0=0:0,0:0
27804 0 0=0:1,0:0 0=0:0,0:0
27805 0 0=0:1,0:0 0=0:0,0:0
27812 0 0=0:2,0:1 0=0:3,1:2
28065 0 0=0:300,0:1,1:2,2:3,3:4,4:5,5:6,6:7,7:8,8:9,9:10,10:11,11:12,12:13,13:14,14:15,15:16,16:17,17:18,18:19,19:20,20:21,21:22,22:23,23:24,24:25,25:26,26:27,27:28,28:29,29:30,30:31,31:32,32:33,33:34,34:35,35:36,36:37,37:38,38:39,39:40,40:41,41:42,42:43,43:44,44:45,45:46,46:47,47:48,48:49,49:50,50:51,51:52,52:53,53:54,54:55,55:56,56:57,57:58,58:59,59:60,60:61,61:62,62:63,63:64,64:65,65:66,66:67,67:68,68:69,69:70,70:71,71:72,72:73,73:74,74:75,75:76,76:77,77:78,78:79,79:80,80:81,81:82,82:83,83:84,84:85,85:86,86:87,87:88,88:89,89:90,90:91,91:92,92:93,93:94,94:95,95:96,96:97,97:98,98:99,99:100,100:101,101:102,102:103,103:104,104:105,105:106,106:107,107:108,108:109,109:110,110:111,111:112,112:113,113:114,114:115,115:116,116:117,117:118,118:119,119:120,120:121,121:122,122:123,123:124,124:125,125:126,126:127,127:128,128:129,129:130,130:131,131:132,132:133,133:134,134:135,135:136,136:137,137:138,138:139,139:140,140:141,141:142,142:143,143:144,144:145,145:146,146:147,147:148,148:149,149:150,150:151,151:152,152:153,153:154,154:155,155:156,156:157,157:158,158:159,159:160,160:161,161:162,162:163,163:164,164:165,165:166,166:167,167:168,168:169,169:170,170:171,171:172,172:173,173:174,174:175,175:176,176:177,177:178,178:179,179:180,180:181,181:182,182:183,183:184,184:185,185:186,186:187,187:188,188:189,189:190,190:191,191:192,192:193,193:194,194:195,195:196,196:197,197:198,198:199,199:200,200:201,201:202,202:203,203:204,204:205,205:206,206:207,207:208,208:209,209:210,210:211,211:212,212:213,213:214,214:215,215:216,216:217,217:218,218:219,219:220,220:221,221:222,222:223,223:224,224:225,225:226,226:227,227:228,228:229,229:230,230:231,231:232,232:233,233:234,234:235,235:236,236:237,237:238,238:239,239:240,240:241,241:242,242:243,243:244,244:245,245:246,246:247,247:248,248:249,249:250,250:251,251:252,252:253,253:254,254:255 0=0:300,0:1,1:2,2:3,3:4,4:5,5:6,6:7,7:8,8:9,9:10,10:11,11:12,12:13,13:14,14:15,15:16,16:17,17:18,18:19,19:20,20:21,21:22,22:23,23:24,24:25,25:26,26:27,27:28,28:29,29:30,30:31,31:32,32:33,33:34,34:35,35:36,36:37,37:38,38:39,39:40,40:41,41:42,42:43,43:44,44:45,45:46,46:47,47:48,48:49,49:50,50:51,51:52,52:53,53:54,54:55,55:56,56:57,57:58,58:59,59:60,60:61,61:62,62:63,63:64,64:65,65:66,66:67,67:68,68:69,69:70,70:71,71:72,72:73,73:74,74:75,75:76,76:77,77:78,78:79,79:80,80:81,81:82,82:83,83:84,84:85,85:86,86:87,87:88,88:89,89:90,90:91,91:92,92:93,93:94,94:95,95:96,96:97,97:98,98:99,99:100,100:101,101:102,102:103,103:104,104:105,105:106,106:107,107:108,108:109,109:110,110:111,111:112,112:113,113:114,114:115,115:116,116:117,117:118,118:119,119:120,120:121,121:122,122:123,123:124,124:125,125:126,126:127,127:128,128:129,129:130,130:131,131:132,132:133,133:134,134:135,135:136,136:137,137:138,138:139,139:140,140:141,141:142,142:143,143:144,144:145,145:146,146:147,147:148,148:149,149:150,150:151,151:152,152:153,153:154,154:155,155:156,156:157,157:158,158:159,159:160,160:161,161:162,162:163,163:164,164:165,165:166,166:167,167:168,168:169,169:170,170:171,171:172,172:173,173:174,174:175,175:176,176:177,177:178,178:179,179:180,180:181,181:182,182:183,183:184,184:185,185:186,186:187,187:188,188:189,189:190,190:191,191:192,192:193,193:194,194:195,195:196,196:197,197:198,198:199,199:200,200:201,201:202,202:203,203:204,204:205,205:206,206:207,207:208,208:209,209:210,210:211,211:212,212:213,213:214,214:215,215:216,216:217,217:218,218:219,219:220,220:221,221:222,222:223,223:224,224:225,225:226,226:227,227:228,228:229,229:230,230:231,231:232,232:233,233:234,234:235,235:236,236:237,237:238,238:239,239:240,240:241,241:242,242:243,243:244,244:245,245:246,246:247,247:248,248:249,249:250,250:251,251:252,252:253,253:254,254:255,255:256,256:257,257:258,258:259,259:260,260:261,261:262,262:263,263:264,264:265,265:266,266:267,267:268,268:269,269:270,270:271,271:272,272:273,273:274,274:275,275:276,276:277,277:278,278:279,279:280,280:281,281:282,282:283,283:284,284:285,285:286,286:287,287:288,288:289,289:290,290:291,291:292,292:293,293:294,294:295,295:296,296:297,297:298,298:299,299:300
28094 0 0=0:1,0:1,0:0 0=0:1,0:1,-1:-1
28097 0 0=0:2,1:2,0:0 0=0:2,1:2,-1:-1
28124 0 0=0:1,0:1,0:0 0=0:1,0:1,-1:-1
28127 0 0=0:2,1:2,0:0 0=0:2,1:2,-1:-1
28697 0 0=0:3,0:3 0=0:3,3:3
28827 0 0=0:0,-1:-1 0=0:0,0:0
29254 c n0 e11
29254 0 0=0:6 -
29274 c n0 e11
29274 0 0=0:4 -
29275 c n0 e11
29275 0 0=0:4 -
30086 0 0=0:6,3:6,0:3,3:6 0=0:6,3:6,-1:-1,3:6
30110 0 0=0:2,1:2,0:1 0=0:2,1:2,-1:-1
30111 0 0=0:2,1:2,1:1 0=0:2,1:2,-1:-1
30112 0 0=0:2,1:2,1:1,1:1 0=0:2,1:2,-1:-1,-1:-1
