2561 - s = -1 47 37 17 27 6 77 3 222 -7 -12345
2561 - z = -1 0 0 0 0 0 0 0 0 0 0
2561 20 s = -1 47 37 17 27 6 77 3 222 -7 -12345
2561 20 z = -1 0 0 0 0 0 0 0 0 0 0
2561 30 s = -1 47 37 17 27 6 77 3 222 -7 -12345
2561 30 z = -1 0 0 0 0 0 0 0 0 0 0
2561 3030 s = -1 47 37 17 27 6 77 3 222 -7 -12345
2561 3030 z = -1 0 0 0 0 0 0 0 0 0 0
2561 303030 s = -1 47 37 17 27 6 77 3 222 -7 -12345
2561 303030 z = -1 0 0 0 0 0 0 0 0 0 0
2561 31 s = -1 47 37 17 27 6 77 3 222 -7 -12345
2561 31 z = -1 0 0 0 0 0 0 0 0 0 0
2561 3031 s = -1 47 37 17 27 6 77 3 222 -7 -12345
2561 3031 z = -1 0 0 0 0 0 0 0 0 0 0
2561 303031 s = -1 47 37 17 27 6 77 3 222 -7 -12345
2561 303031 z = -1 0 0 0 0 0 0 0 0 0 0
2561 37 s = -1 47 37 17 27 6 77 3 222 -7 -12345
2561 37 z = -1 0 0 0 0 0 0 0 0 0 0
2561 39 s = -1 47 37 17 27 6 77 3 222 -7 -12345
2561 39 z = -1 0 0 0 0 0 0 0 0 0 0
2561 3132 s = -1 47 37 17 27 6 77 3 222 -7 -12345
2561 3132 z = -1 0 0 0 0 0 0 0 0 0 0
2561 3133 s = -1 47 37 17 27 6 77 3 222 -7 -12345
2561 3133 z = -1 0 0 0 0 0 0 0 0 0 0
2561 3233 s = -1 47 37 17 27 6 77 3 222 -7 -12345
2561 3233 z = -1 0 0 0 0 0 0 0 0 0 0
2561 3234 s = -1 47 37 17 27 6 77 3 222 -7 -12345
2561 3234 z = -1 0 0 0 0 0 0 0 0 0 0
2561 3331 s = -1 47 37 17 27 6 77 3 222 -7 -12345
2561 3331 z = -1 0 0 0 0 0 0 0 0 0 0
2561 3332 s = -1 47 37 17 27 6 77 3 222 -7 -12345
2561 3332 z = -1 0 0 0 0 0 0 0 0 0 0
2561 3533 s = -1 47 37 17 27 6 77 3 222 -7 -12345
2561 3533 z = -1 0 0 0 0 0 0 0 0 0 0
2561 3534 s = -1 47 37 17 27 6 77 3 222 -7 -12345
2561 3534 z = -1 0 0 0 0 0 0 0 0 0 0
2561 3539 s = -1 47 37 17 27 6 77 3 222 -7 -12345
2561 3539 z = -1 0 0 0 0 0 0 0 0 0 0
2561 3630 s = -1 47 37 17 27 6 77 3 222 -7 -12345
2561 3630 z = -1 0 0 0 0 0 0 0 0 0 0
2561 3631 s = -1 47 37 17 27 6 77 3 222 -7 -12345
2561 3631 z = -1 0 0 0 0 0 0 0 0 0 0
2561 3632 s = -1 47 37 17 27 6 77 3 222 -7 -12345
2561 3632 z = -1 0 0 0 0 0 0 0 0 0 0
2561 3639 s = -1 47 37 17 27 6 77 3 222 -7 -12345
2561 3639 z = -1 0 0 0 0 0 0 0 0 0 0
2561 3939 s = -1 47 37 17 27 6 77 3 222 -7 -12345
2561 3939 z = -1 0 0 0 0 0 0 0 0 0 0
2561 313030 s = -1 47 37 17 27 6 77 3 222 -7 -12345
2561 313030 z = -1 0 0 0 0 0 0 0 0 0 0
2561 313233 s = -1 47 37 17 27 6 77 3 222 -7 -12345
2561 313233 z = -1 0 0 0 0 0 0 0 0 0 0
2561 333636 s = -1 47 37 17 27 6 77 3 222 -7 -12345
2561 333636 z = -1 0 0 0 0 0 0 0 0 0 0
2561 333637 s = -1 47 37 17 27 6 77 3 222 -7 -12345
2561 333637 z = -1 0 0 0 0 0 0 0 0 0 0
2561 31393639 s = -1 47 37 17 27 6 77 3 222 -7 -12345
2561 31393639 z = -1 0 0 0 0 0 0 0 0 0 0
2561 32303236 s = -1 47 37 17 27 6 77 3 222 -7 -12345
2561 32303236 z = -1 0 0 0 0 0 0 0 0 0 0
2561 39393939 s = -1 47 37 17 27 6 77 3 222 -7 -12345
2561 39393939 z = -1 0 0 0 0 0 0 0 0 0 0
2561 3130303030 s = -1 47 37 17 27 6 77 3 222 -7 -12345
2561 3130303030 z = -1 0 0 0 0 0 0 0 0 0 0
2561 3132333435 s = -1 47 37 17 27 6 77 3 222 -7 -12345
2561 3132333435 z = -1 0 0 0 0 0 0 0 0 0 0
2561 2035 s = -1 47 37 17 27 6 77 3 222 -7 -12345
2561 2035 z = -1 0 0 0 0 0 0 0 0 0 0
2561 2020313778 s = -1 47 37 17 27 6 77 3 222 -7 -12345
2561 2020313778 z = -1 0 0 0 0 0 0 0 0 0 0
2561 0938 s = -1 47 37 17 27 6 77 3 222 -7 -12345
2561 0938 z = -1 0 0 0 0 0 0 0 0 0 0
2561 0a39 s = -1 47 37 17 27 6 77 3 222 -7 -12345
2561 0a39 z = -1 0 0 0 0 0 0 0 0 0 0
2561 0b33 s = -1 47 37 17 27 6 77 3 222 -7 -12345
2561 0b33 z = -1 0 0 0 0 0 0 0 0 0 0
2561 2d31 s = -1 47 37 17 27 6 77 3 222 -7 -12345
2561 2d31 z = -1 0 0 0 0 0 0 0 0 0 0
2561 2b31 s = -1 47 37 17 27 6 77 3 222 -7 -12345
2561 2b31 z = -1 0 0 0 0 0 0 0 0 0 0
2561 4d6f6e s = 3 47 37 17 27 6 77 1 222 -7 -12345
2561 4d6f6e z = 3 0 0 0 0 0 0 1 0 0 0
2561 6d6f6e646179 s = 6 47 37 17 27 6 77 1 222 -7 -12345
2561 6d6f6e646179 z = 6 0 0 0 0 0 0 1 0 0 0
2561 54554553444159 s = 7 47 37 17 27 6 77 2 222 -7 -12345
2561 54554553444159 z = 7 0 0 0 0 0 0 2 0 0 0
2561 776564 s = 3 47 37 17 27 6 77 3 222 -7 -12345
2561 776564 z = 3 0 0 0 0 0 0 3 0 0 0
2561 5468757273 s = 3 47 37 17 27 6 77 4 222 -7 -12345
2561 5468757273 z = 3 0 0 0 0 0 0 4 0 0 0
2561 536570 s = -1 47 37 17 27 6 77 3 222 -7 -12345
2561 536570 z = -1 0 0 0 0 0 0 0 0 0 0
2561 73657074656d626572 s = -1 47 37 17 27 6 77 3 222 -7 -12345
2561 73657074656d626572 z = -1 0 0 0 0 0 0 0 0 0 0
2561 53657074 s = -1 47 37 17 27 6 77 3 222 -7 -12345
2561 53657074 z = -1 0 0 0 0 0 0 0 0 0 0
2561 4d4159 s = -1 47 37 17 27 6 77 3 222 -7 -12345
2561 4d4159 z = -1 0 0 0 0 0 0 0 0 0 0
2561 414d s = -1 47 37 17 27 6 77 3 222 -7 -12345
2561 414d z = -1 0 0 0 0 0 0 0 0 0 0
2561 706d s = -1 47 37 17 27 6 77 3 222 -7 -12345
2561 706d z = -1 0 0 0 0 0 0 0 0 0 0
2561 612e6d2e s = -1 47 37 17 27 6 77 3 222 -7 -12345
2561 612e6d2e z = -1 0 0 0 0 0 0 0 0 0 0
2561 50 s = -1 47 37 17 27 6 77 3 222 -7 -12345
2561 50 z = -1 0 0 0 0 0 0 0 0 0 0
2561 5a s = -1 47 37 17 27 6 77 3 222 -7 -12345
2561 5a z = -1 0 0 0 0 0 0 0 0 0 0
2561 2b3035 s = -1 47 37 17 27 6 77 3 222 -7 -12345
2561 2b3035 z = -1 0 0 0 0 0 0 0 0 0 0
2561 2d30383030 s = -1 47 37 17 27 6 77 3 222 -7 -12345
2561 2d30383030 z = -1 0 0 0 0 0 0 0 0 0 0
2561 2b30353a3330 s = -1 47 37 17 27 6 77 3 222 -7 -12345
2561 2b30353a3330 z = -1 0 0 0 0 0 0 0 0 0 0
2561 2b30353630 s = -1 47 37 17 27 6 77 3 222 -7 -12345
2561 2b30353630 z = -1 0 0 0 0 0 0 0 0 0 0
2561 2b35 s = -1 47 37 17 27 6 77 3 222 -7 -12345
2561 2b35 z = -1 0 0 0 0 0 0 0 0 0 0
2561 2b313233 s = -1 47 37 17 27 6 77 3 222 -7 -12345
2561 2b313233 z = -1 0 0 0 0 0 0 0 0 0 0
2561 2d31323a33 s = -1 47 37 17 27 6 77 3 222 -7 -12345
2561 2d31323a33 z = -1 0 0 0 0 0 0 0 0 0 0
2561 555443 s = -1 47 37 17 27 6 77 3 222 -7 -12345
2561 555443 z = -1 0 0 0 0 0 0 0 0 0 0
2561 455354354544542078 s = -1 47 37 17 27 6 77 3 222 -7 -12345
2561 455354354544542078 z = -1 0 0 0 0 0 0 0 0 0 0
2561 25 s = -1 47 37 17 27 6 77 3 222 -7 -12345
2561 25 z = -1 0 0 0 0 0 0 0 0 0 0
2561 2578 s = -1 47 37 17 27 6 77 3 222 -7 -12345
2561 2578 z = -1 0 0 0 0 0 0 0 0 0 0
2561 78 s = -1 47 37 17 27 6 77 3 222 -7 -12345
2561 78 z = -1 0 0 0 0 0 0 0 0 0 0
2561 31373237353139373030 s = -1 47 37 17 27 6 77 3 222 -7 -12345
2561 31373237353139373030 z = -1 0 0 0 0 0 0 0 0 0 0
2561 2d35 s = -1 47 37 17 27 6 77 3 222 -7 -12345
2561 2d35 z = -1 0 0 0 0 0 0 0 0 0 0
2561 3939393939393939393939393939393939393939 s = -1 47 37 17 27 6 77 3 222 -7 -12345
2561 3939393939393939393939393939393939393939 z = -1 0 0 0 0 0 0 0 0 0 0
2561 31323a33343a3536 s = -1 47 37 17 27 6 77 3 222 -7 -12345
2561 31323a33343a3536 z = -1 0 0 0 0 0 0 0 0 0 0
2561 323032362d30392d3238 s = -1 47 37 17 27 6 77 3 222 -7 -12345
2561 323032362d30392d3238 z = -1 0 0 0 0 0 0 0 0 0 0
2561 30392f32382f3236 s = -1 47 37 17 27 6 77 3 222 -7 -12345
2561 30392f32382f3236 z = -1 0 0 0 0 0 0 0 0 0 0
2561 4d6f6e205365702032382031303a33353a30302032303236 s = 3 47 37 17 27 6 77 1 222 -7 -12345
2561 4d6f6e205365702032382031303a33353a30302032303236 z = 3 0 0 0 0 0 0 1 0 0 0
2561 31303a33353a303020504d s = -1 47 37 17 27 6 77 3 222 -7 -12345
2561 31303a33353a303020504d z = -1 0 0 0 0 0 0 0 0 0 0
2561 204d6f6e s = -1 47 37 17 27 6 77 3 222 -7 -12345
2561 204d6f6e z = -1 0 0 0 0 0 0 0 0 0 0
2561 09536570 s = -1 47 37 17 27 6 77 3 222 -7 -12345
2561 09536570 z = -1 0 0 0 0 0 0 0 0 0 0
2561 20706d s = -1 47 37 17 27 6 77 3 222 -7 -12345
2561 20706d z = -1 0 0 0 0 0 0 0 0 0 0
2561 205a s = -1 47 37 17 27 6 77 3 222 -7 -12345
2561 205a z = -1 0 0 0 0 0 0 0 0 0 0
2561 202b30353330 s = -1 47 37 17 27 6 77 3 222 -7 -12345
2561 202b30353330 z = -1 0 0 0 0 0 0 0 0 0 0
2561 20555443 s = -1 47 37 17 27 6 77 3 222 -7 -12345
2561 20555443 z = -1 0 0 0 0 0 0 0 0 0 0
2561 53756e64617973 s = 6 47 37 17 27 6 77 0 222 -7 -12345
2561 53756e64617973 z = 6 0 0 0 0 0 0 0 0 0 0
2561 4d6179646179 s = -1 47 37 17 27 6 77 3 222 -7 -12345
2561 4d6179646179 z = -1 0 0 0 0 0 0 0 0 0 0
2561 5361742e s = 3 47 37 17 27 6 77 6 222 -7 -12345
2561 5361742e z = 3 0 0 0 0 0 0 6 0 0 0
2561 444543 s = -1 47 37 17 27 6 77 3 222 -7 -12345
2561 444543 z = -1 0 0 0 0 0 0 0 0 0 0
2561 446563656d6265 s = -1 47 37 17 27 6 77 3 222 -7 -12345
2561 446563656d6265 z = -1 0 0 0 0 0 0 0 0 0 0
2541 - s = -1 47 37 17 27 6 77 3 222 -7 -12345
2541 - z = -1 0 0 0 0 0 0 0 0 0 0
2541 20 s = -1 47 37 17 27 6 77 3 222 -7 -12345
2541 20 z = -1 0 0 0 0 0 0 0 0 0 0
2541 30 s = -1 47 37 17 27 6 77 3 222 -7 -12345
2541 30 z = -1 0 0 0 0 0 0 0 0 0 0
2541 3030 s = -1 47 37 17 27 6 77 3 222 -7 -12345
2541 3030 z = -1 0 0 0 0 0 0 0 0 0 0
2541 303030 s = -1 47 37 17 27 6 77 3 222 -7 -12345
2541 303030 z = -1 0 0 0 0 0 0 0 0 0 0
2541 31 s = -1 47 37 17 27 6 77 3 222 -7 -12345
2541 31 z = -1 0 0 0 0 0 0 0 0 0 0
2541 3031 s = -1 47 37 17 27 6 77 3 222 -7 -12345
2541 3031 z = -1 0 0 0 0 0 0 0 0 0 0
2541 303031 s = -1 47 37 17 27 6 77 3 222 -7 -12345
2541 303031 z = -1 0 0 0 0 0 0 0 0 0 0
2541 37 s = -1 47 37 17 27 6 77 3 222 -7 -12345
2541 37 z = -1 0 0 0 0 0 0 0 0 0 0
2541 39 s = -1 47 37 17 27 6 77 3 222 -7 -12345
2541 39 z = -1 0 0 0 0 0 0 0 0 0 0
2541 3132 s = -1 47 37 17 27 6 77 3 222 -7 -12345
2541 3132 z = -1 0 0 0 0 0 0 0 0 0 0
2541 3133 s = -1 47 37 17 27 6 77 3 222 -7 -12345
2541 3133 z = -1 0 0 0 0 0 0 0 0 0 0
2541 3233 s = -1 47 37 17 27 6 77 3 222 -7 -12345
2541 3233 z = -1 0 0 0 0 0 0 0 0 0 0
2541 3234 s = -1 47 37 17 27 6 77 3 222 -7 -12345
2541 3234 z = -1 0 0 0 0 0 0 0 0 0 0
2541 3331 s = -1 47 37 17 27 6 77 3 222 -7 -12345
2541 3331 z = -1 0 0 0 0 0 0 0 0 0 0
2541 3332 s = -1 47 37 17 27 6 77 3 222 -7 -12345
2541 3332 z = -1 0 0 0 0 0 0 0 0 0 0
2541 3533 s = -1 47 37 17 27 6 77 3 222 -7 -12345
2541 3533 z = -1 0 0 0 0 0 0 0 0 0 0
2541 3534 s = -1 47 37 17 27 6 77 3 222 -7 -12345
2541 3534 z = -1 0 0 0 0 0 0 0 0 0 0
2541 3539 s = -1 47 37 17 27 6 77 3 222 -7 -12345
2541 3539 z = -1 0 0 0 0 0 0 0 0 0 0
2541 3630 s = -1 47 37 17 27 6 77 3 222 -7 -12345
2541 3630 z = -1 0 0 0 0 0 0 0 0 0 0
2541 3631 s = -1 47 37 17 27 6 77 3 222 -7 -12345
2541 3631 z = -1 0 0 0 0 0 0 0 0 0 0
2541 3632 s = -1 47 37 17 27 6 77 3 222 -7 -12345
2541 3632 z = -1 0 0 0 0 0 0 0 0 0 0
2541 3639 s = -1 47 37 17 27 6 77 3 222 -7 -12345
2541 3639 z = -1 0 0 0 0 0 0 0 0 0 0
2541 3939 s = -1 47 37 17 27 6 77 3 222 -7 -12345
2541 3939 z = -1 0 0 0 0 0 0 0 0 0 0
2541 313030 s = -1 47 37 17 27 6 77 3 222 -7 -12345
2541 313030 z = -1 0 0 0 0 0 0 0 0 0 0
2541 313233 s = -1 47 37 17 27 6 77 3 222 -7 -12345
2541 313233 z = -1 0 0 0 0 0 0 0 0 0 0
2541 333636 s = -1 47 37 17 27 6 77 3 222 -7 -12345
2541 333636 z = -1 0 0 0 0 0 0 0 0 0 0
2541 333637 s = -1 47 37 17 27 6 77 3 222 -7 -12345
2541 333637 z = -1 0 0 0 0 0 0 0 0 0 0
2541 31393639 s = -1 47 37 17 27 6 77 3 222 -7 -12345
2541 31393639 z = -1 0 0 0 0 0 0 0 0 0 0
2541 32303236 s = -1 47 37 17 27 6 77 3 222 -7 -12345
2541 32303236 z = -1 0 0 0 0 0 0 0 0 0 0
2541 39393939 s = -1 47 37 17 27 6 77 3 222 -7 -12345
2541 39393939 z = -1 0 0 0 0 0 0 0 0 0 0
2541 3130303030 s = -1 47 37 17 27 6 77 3 222 -7 -12345
2541 3130303030 z = -1 0 0 0 0 0 0 0 0 0 0
2541 3132333435 s = -1 47 37 17 27 6 77 3 222 -7 -12345
2541 3132333435 z = -1 0 0 0 0 0 0 0 0 0 0
2541 2035 s = -1 47 37 17 27 6 77 3 222 -7 -12345
2541 2035 z = -1 0 0 0 0 0 0 0 0 0 0
2541 2020313778 s = -1 47 37 17 27 6 77 3 222 -7 -12345
2541 2020313778 z = -1 0 0 0 0 0 0 0 0 0 0
2541 0938 s = -1 47 37 17 27 6 77 3 222 -7 -12345
2541 0938 z = -1 0 0 0 0 0 0 0 0 0 0
2541 0a39 s = -1 47 37 17 27 6 77 3 222 -7 -12345
2541 0a39 z = -1 0 0 0 0 0 0 0 0 0 0
2541 0b33 s = -1 47 37 17 27 6 77 3 222 -7 -12345
2541 0b33 z = -1 0 0 0 0 0 0 0 0 0 0
2541 2d31 s = -1 47 37 17 27 6 77 3 222 -7 -12345
2541 2d31 z = -1 0 0 0 0 0 0 0 0 0 0
2541 2b31 s = -1 47 37 17 27 6 77 3 222 -7 -12345
2541 2b31 z = -1 0 0 0 0 0 0 0 0 0 0
2541 4d6f6e s = 3 47 37 17 27 6 77 1 222 -7 -12345
2541 4d6f6e z = 3 0 0 0 0 0 0 1 0 0 0
2541 6d6f6e646179 s = 6 47 37 17 27 6 77 1 222 -7 -12345
2541 6d6f6e646179 z = 6 0 0 0 0 0 0 1 0 0 0
2541 54554553444159 s = 7 47 37 17 27 6 77 2 222 -7 -12345
2541 54554553444159 z = 7 0 0 0 0 0 0 2 0 0 0
2541 776564 s = 3 47 37 17 27 6 77 3 222 -7 -12345
2541 776564 z = 3 0 0 0 0 0 0 3 0 0 0
2541 5468757273 s = 3 47 37 17 27 6 77 4 222 -7 -12345
2541 5468757273 z = 3 0 0 0 0 0 0 4 0 0 0
2541 536570 s = -1 47 37 17 27 6 77 3 222 -7 -12345
2541 536570 z = -1 0 0 0 0 0 0 0 0 0 0
2541 73657074656d626572 s = -1 47 37 17 27 6 77 3 222 -7 -12345
2541 73657074656d626572 z = -1 0 0 0 0 0 0 0 0 0 0
2541 53657074 s = -1 47 37 17 27 6 77 3 222 -7 -12345
2541 53657074 z = -1 0 0 0 0 0 0 0 0 0 0
2541 4d4159 s = -1 47 37 17 27 6 77 3 222 -7 -12345
2541 4d4159 z = -1 0 0 0 0 0 0 0 0 0 0
2541 414d s = -1 47 37 17 27 6 77 3 222 -7 -12345
2541 414d z = -1 0 0 0 0 0 0 0 0 0 0
2541 706d s = -1 47 37 17 27 6 77 3 222 -7 -12345
2541 706d z = -1 0 0 0 0 0 0 0 0 0 0
2541 612e6d2e s = -1 47 37 17 27 6 77 3 222 -7 -12345
2541 612e6d2e z = -1 0 0 0 0 0 0 0 0 0 0
2541 50 s = -1 47 37 17 27 6 77 3 222 -7 -12345
2541 50 z = -1 0 0 0 0 0 0 0 0 0 0
2541 5a s = -1 47 37 17 27 6 77 3 222 -7 -12345
2541 5a z = -1 0 0 0 0 0 0 0 0 0 0
2541 2b3035 s = -1 47 37 17 27 6 77 3 222 -7 -12345
2541 2b3035 z = -1 0 0 0 0 0 0 0 0 0 0
2541 2d30383030 s = -1 47 37 17 27 6 77 3 222 -7 -12345
2541 2d30383030 z = -1 0 0 0 0 0 0 0 0 0 0
2541 2b30353a3330 s = -1 47 37 17 27 6 77 3 222 -7 -12345
2541 2b30353a3330 z = -1 0 0 0 0 0 0 0 0 0 0
2541 2b30353630 s = -1 47 37 17 27 6 77 3 222 -7 -12345
2541 2b30353630 z = -1 0 0 0 0 0 0 0 0 0 0
2541 2b35 s = -1 47 37 17 27 6 77 3 222 -7 -12345
2541 2b35 z = -1 0 0 0 0 0 0 0 0 0 0
2541 2b313233 s = -1 47 37 17 27 6 77 3 222 -7 -12345
2541 2b313233 z = -1 0 0 0 0 0 0 0 0 0 0
2541 2d31323a33 s = -1 47 37 17 27 6 77 3 222 -7 -12345
2541 2d31323a33 z = -1 0 0 0 0 0 0 0 0 0 0
2541 555443 s = -1 47 37 17 27 6 77 3 222 -7 -12345
2541 555443 z = -1 0 0 0 0 0 0 0 0 0 0
2541 455354354544542078 s = -1 47 37 17 27 6 77 3 222 -7 -12345
2541 455354354544542078 z = -1 0 0 0 0 0 0 0 0 0 0
2541 25 s = -1 47 37 17 27 6 77 3 222 -7 -12345
2541 25 z = -1 0 0 0 0 0 0 0 0 0 0
2541 2578 s = -1 47 37 17 27 6 77 3 222 -7 -12345
2541 2578 z = -1 0 0 0 0 0 0 0 0 0 0
2541 78 s = -1 47 37 17 27 6 77 3 222 -7 -12345
2541 78 z = -1 0 0 0 0 0 0 0 0 0 0
2541 31373237353139373030 s = -1 47 37 17 27 6 77 3 222 -7 -12345
2541 31373237353139373030 z = -1 0 0 0 0 0 0 0 0 0 0
2541 2d35 s = -1 47 37 17 27 6 77 3 222 -7 -12345
2541 2d35 z = -1 0 0 0 0 0 0 0 0 0 0
2541 3939393939393939393939393939393939393939 s = -1 47 37 17 27 6 77 3 222 -7 -12345
2541 3939393939393939393939393939393939393939 z = -1 0 0 0 0 0 0 0 0 0 0
2541 31323a33343a3536 s = -1 47 37 17 27 6 77 3 222 -7 -12345
2541 31323a33343a3536 z = -1 0 0 0 0 0 0 0 0 0 0
2541 323032362d30392d3238 s = -1 47 37 17 27 6 77 3 222 -7 -12345
2541 323032362d30392d3238 z = -1 0 0 0 0 0 0 0 0 0 0
2541 30392f32382f3236 s = -1 47 37 17 27 6 77 3 222 -7 -12345
2541 30392f32382f3236 z = -1 0 0 0 0 0 0 0 0 0 0
2541 4d6f6e205365702032382031303a33353a30302032303236 s = 3 47 37 17 27 6 77 1 222 -7 -12345
2541 4d6f6e205365702032382031303a33353a30302032303236 z = 3 0 0 0 0 0 0 1 0 0 0
2541 31303a33353a303020504d s = -1 47 37 17 27 6 77 3 222 -7 -12345
2541 31303a33353a303020504d z = -1 0 0 0 0 0 0 0 0 0 0
2541 204d6f6e s = -1 47 37 17 27 6 77 3 222 -7 -12345
2541 204d6f6e z = -1 0 0 0 0 0 0 0 0 0 0
2541 09536570 s = -1 47 37 17 27 6 77 3 222 -7 -12345
2541 09536570 z = -1 0 0 0 0 0 0 0 0 0 0
2541 20706d s = -1 47 37 17 27 6 77 3 222 -7 -12345
2541 20706d z = -1 0 0 0 0 0 0 0 0 0 0
2541 205a s = -1 47 37 17 27 6 77 3 222 -7 -12345
2541 205a z = -1 0 0 0 0 0 0 0 0 0 0
2541 202b30353330 s = -1 47 37 17 27 6 77 3 222 -7 -12345
2541 202b30353330 z = -1 0 0 0 0 0 0 0 0 0 0
2541 20555443 s = -1 47 37 17 27 6 77 3 222 -7 -12345
2541 20555443 z = -1 0 0 0 0 0 0 0 0 0 0
2541 53756e64617973 s = 6 47 37 17 27 6 77 0 222 -7 -12345
2541 53756e64617973 z = 6 0 0 0 0 0 0 0 0 0 0
2541 4d6179646179 s = -1 47 37 17 27 6 77 3 222 -7 -12345
2541 4d6179646179 z = -1 0 0 0 0 0 0 0 0 0 0
2541 5361742e s = 3 47 37 17 27 6 77 6 222 -7 -12345
2541 5361742e z = 3 0 0 0 0 0 0 6 0 0 0
2541 444543 s = -1 47 37 17 27 6 77 3 222 -7 -12345
2541 444543 z = -1 0 0 0 0 0 0 0 0 0 0
2541 446563656d6265 s = -1 47 37 17 27 6 77 3 222 -7 -12345
2541 446563656d6265 z = -1 0 0 0 0 0 0 0 0 0 0
2562 - s = -1 47 37 17 27 6 77 3 222 -7 -12345
2562 - z = -1 0 0 0 0 0 0 0 0 0 0
2562 20 s = -1 47 37 17 27 6 77 3 222 -7 -12345
2562 20 z = -1 0 0 0 0 0 0 0 0 0 0
2562 30 s = -1 47 37 17 27 6 77 3 222 -7 -12345
2562 30 z = -1 0 0 0 0 0 0 0 0 0 0
2562 3030 s = -1 47 37 17 27 6 77 3 222 -7 -12345
2562 3030 z = -1 0 0 0 0 0 0 0 0 0 0
2562 303030 s = -1 47 37 17 27 6 77 3 222 -7 -12345
2562 303030 z = -1 0 0 0 0 0 0 0 0 0 0
2562 31 s = -1 47 37 17 27 6 77 3 222 -7 -12345
2562 31 z = -1 0 0 0 0 0 0 0 0 0 0
2562 3031 s = -1 47 37 17 27 6 77 3 222 -7 -12345
2562 3031 z = -1 0 0 0 0 0 0 0 0 0 0
2562 303031 s = -1 47 37 17 27 6 77 3 222 -7 -12345
2562 303031 z = -1 0 0 0 0 0 0 0 0 0 0
2562 37 s = -1 47 37 17 27 6 77 3 222 -7 -12345
2562 37 z = -1 0 0 0 0 0 0 0 0 0 0
2562 39 s = -1 47 37 17 27 6 77 3 222 -7 -12345
2562 39 z = -1 0 0 0 0 0 0 0 0 0 0
2562 3132 s = -1 47 37 17 27 6 77 3 222 -7 -12345
2562 3132 z = -1 0 0 0 0 0 0 0 0 0 0
2562 3133 s = -1 47 37 17 27 6 77 3 222 -7 -12345
2562 3133 z = -1 0 0 0 0 0 0 0 0 0 0
2562 3233 s = -1 47 37 17 27 6 77 3 222 -7 -12345
2562 3233 z = -1 0 0 0 0 0 0 0 0 0 0
2562 3234 s = -1 47 37 17 27 6 77 3 222 -7 -12345
2562 3234 z = -1 0 0 0 0 0 0 0 0 0 0
2562 3331 s = -1 47 37 17 27 6 77 3 222 -7 -12345
2562 3331 z = -1 0 0 0 0 0 0 0 0 0 0
2562 3332 s = -1 47 37 17 27 6 77 3 222 -7 -12345
2562 3332 z = -1 0 0 0 0 0 0 0 0 0 0
2562 3533 s = -1 47 37 17 27 6 77 3 222 -7 -12345
2562 3533 z = -1 0 0 0 0 0 0 0 0 0 0
2562 3534 s = -1 47 37 17 27 6 77 3 222 -7 -12345
2562 3534 z = -1 0 0 0 0 0 0 0 0 0 0
2562 3539 s = -1 47 37 17 27 6 77 3 222 -7 -12345
2562 3539 z = -1 0 0 0 0 0 0 0 0 0 0
2562 3630 s = -1 47 37 17 27 6 77 3 222 -7 -12345
2562 3630 z = -1 0 0 0 0 0 0 0 0 0 0
2562 3631 s = -1 47 37 17 27 6 77 3 222 -7 -12345
2562 3631 z = -1 0 0 0 0 0 0 0 0 0 0
2562 3632 s = -1 47 37 17 27 6 77 3 222 -7 -12345
2562 3632 z = -1 0 0 0 0 0 0 0 0 0 0
2562 3639 s = -1 47 37 17 27 6 77 3 222 -7 -12345
2562 3639 z = -1 0 0 0 0 0 0 0 0 0 0
2562 3939 s = -1 47 37 17 27 6 77 3 222 -7 -12345
2562 3939 z = -1 0 0 0 0 0 0 0 0 0 0
2562 313030 s = -1 47 37 17 27 6 77 3 222 -7 -12345
2562 313030 z = -1 0 0 0 0 0 0 0 0 0 0
2562 313233 s = -1 47 37 17 27 6 77 3 222 -7 -12345
2562 313233 z = -1 0 0 0 0 0 0 0 0 0 0
2562 333636 s = -1 47 37 17 27 6 77 3 222 -7 -12345
2562 333636 z = -1 0 0 0 0 0 0 0 0 0 0
2562 333637 s = -1 47 37 17 27 6 77 3 222 -7 -12345
2562 333637 z = -1 0 0 0 0 0 0 0 0 0 0
2562 31393639 s = -1 47 37 17 27 6 77 3 222 -7 -12345
2562 31393639 z = -1 0 0 0 0 0 0 0 0 0 0
2562 32303236 s = -1 47 37 17 27 6 77 3 222 -7 -12345
2562 32303236 z = -1 0 0 0 0 0 0 0 0 0 0
2562 39393939 s = -1 47 37 17 27 6 77 3 222 -7 -12345
2562 39393939 z = -1 0 0 0 0 0 0 0 0 0 0
2562 3130303030 s = -1 47 37 17 27 6 77 3 222 -7 -12345
2562 3130303030 z = -1 0 0 0 0 0 0 0 0 0 0
2562 3132333435 s = -1 47 37 17 27 6 77 3 222 -7 -12345
2562 3132333435 z = -1 0 0 0 0 0 0 0 0 0 0
2562 2035 s = -1 47 37 17 27 6 77 3 222 -7 -12345
2562 2035 z = -1 0 0 0 0 0 0 0 0 0 0
2562 2020313778 s = -1 47 37 17 27 6 77 3 222 -7 -12345
2562 2020313778 z = -1 0 0 0 0 0 0 0 0 0 0
2562 0938 s = -1 47 37 17 27 6 77 3 222 -7 -12345
2562 0938 z = -1 0 0 0 0 0 0 0 0 0 0
2562 0a39 s = -1 47 37 17 27 6 77 3 222 -7 -12345
2562 0a39 z = -1 0 0 0 0 0 0 0 0 0 0
2562 0b33 s = -1 47 37 17 27 6 77 3 222 -7 -12345
2562 0b33 z = -1 0 0 0 0 0 0 0 0 0 0
2562 2d31 s = -1 47 37 17 27 6 77 3 222 -7 -12345
2562 2d31 z = -1 0 0 0 0 0 0 0 0 0 0
2562 2b31 s = -1 47 37 17 27 6 77 3 222 -7 -12345
2562 2b31 z = -1 0 0 0 0 0 0 0 0 0 0
2562 4d6f6e s = -1 47 37 17 27 6 77 3 222 -7 -12345
2562 4d6f6e z = -1 0 0 0 0 0 0 0 0 0 0
2562 6d6f6e646179 s = -1 47 37 17 27 6 77 3 222 -7 -12345
2562 6d6f6e646179 z = -1 0 0 0 0 0 0 0 0 0 0
2562 54554553444159 s = -1 47 37 17 27 6 77 3 222 -7 -12345
2562 54554553444159 z = -1 0 0 0 0 0 0 0 0 0 0
2562 776564 s = -1 47 37 17 27 6 77 3 222 -7 -12345
2562 776564 z = -1 0 0 0 0 0 0 0 0 0 0
2562 5468757273 s = -1 47 37 17 27 6 77 3 222 -7 -12345
2562 5468757273 z = -1 0 0 0 0 0 0 0 0 0 0
2562 536570 s = 3 47 37 17 27 8 77 2 269 -7 -12345
2562 536570 z = 3 0 0 0 0 8 0 5 242 0 0
2562 73657074656d626572 s = 9 47 37 17 27 8 77 2 269 -7 -12345
2562 73657074656d626572 z = 9 0 0 0 0 8 0 5 242 0 0
2562 53657074 s = 3 47 37 17 27 8 77 2 269 -7 -12345
2562 53657074 z = 3 0 0 0 0 8 0 5 242 0 0
2562 4d4159 s = 3 47 37 17 27 4 77 5 146 -7 -12345
2562 4d4159 z = 3 0 0 0 0 4 0 1 119 0 0
2562 414d s = -1 47 37 17 27 6 77 3 222 -7 -12345
2562 414d z = -1 0 0 0 0 0 0 0 0 0 0
2562 706d s = -1 47 37 17 27 6 77 3 222 -7 -12345
2562 706d z = -1 0 0 0 0 0 0 0 0 0 0
2562 612e6d2e s = -1 47 37 17 27 6 77 3 222 -7 -12345
2562 612e6d2e z = -1 0 0 0 0 0 0 0 0 0 0
2562 50 s = -1 47 37 17 27 6 77 3 222 -7 -12345
2562 50 z = -1 0 0 0 0 0 0 0 0 0 0
2562 5a s = -1 47 37 17 27 6 77 3 222 -7 -12345
2562 5a z = -1 0 0 0 0 0 0 0 0 0 0
2562 2b3035 s = -1 47 37 17 27 6 77 3 222 -7 -12345
2562 2b3035 z = -1 0 0 0 0 0 0 0 0 0 0
2562 2d30383030 s = -1 47 37 17 27 6 77 3 222 -7 -12345
2562 2d30383030 z = -1 0 0 0 0 0 0 0 0 0 0
2562 2b30353a3330 s = -1 47 37 17 27 6 77 3 222 -7 -12345
2562 2b30353a3330 z = -1 0 0 0 0 0 0 0 0 0 0
2562 2b30353630 s = -1 47 37 17 27 6 77 3 222 -7 -12345
2562 2b30353630 z = -1 0 0 0 0 0 0 0 0 0 0
2562 2b35 s = -1 47 37 17 27 6 77 3 222 -7 -12345
2562 2b35 z = -1 0 0 0 0 0 0 0 0 0 0
2562 2b313233 s = -1 47 37 17 27 6 77 3 222 -7 -12345
2562 2b313233 z = -1 0 0 0 0 0 0 0 0 0 0
2562 2d31323a33 s = -1 47 37 17 27 6 77 3 222 -7 -12345
2562 2d31323a33 z = -1 0 0 0 0 0 0 0 0 0 0
2562 555443 s = -1 47 37 17 27 6 77 3 222 -7 -12345
2562 555443 z = -1 0 0 0 0 0 0 0 0 0 0
2562 455354354544542078 s = -1 47 37 17 27 6 77 3 222 -7 -12345
2562 455354354544542078 z = -1 0 0 0 0 0 0 0 0 0 0
2562 25 s = -1 47 37 17 27 6 77 3 222 -7 -12345
2562 25 z = -1 0 0 0 0 0 0 0 0 0 0
2562 2578 s = -1 47 37 17 27 6 77 3 222 -7 -12345
2562 2578 z = -1 0 0 0 0 0 0 0 0 0 0
2562 78 s = -1 47 37 17 27 6 77 3 222 -7 -12345
2562 78 z = -1 0 0 0 0 0 0 0 0 0 0
2562 31373237353139373030 s = -1 47 37 17 27 6 77 3 222 -7 -12345
2562 31373237353139373030 z = -1 0 0 0 0 0 0 0 0 0 0
2562 2d35 s = -1 47 37 17 27 6 77 3 222 -7 -12345
2562 2d35 z = -1 0 0 0 0 0 0 0 0 0 0
2562 3939393939393939393939393939393939393939 s = -1 47 37 17 27 6 77 3 222 -7 -12345
2562 3939393939393939393939393939393939393939 z = -1 0 0 0 0 0 0 0 0 0 0
2562 31323a33343a3536 s = -1 47 37 17 27 6 77 3 222 -7 -12345
2562 31323a33343a3536 z = -1 0 0 0 0 0 0 0 0 0 0
2562 323032362d30392d3238 s = -1 47 37 17 27 6 77 3 222 -7 -12345
2562 323032362d30392d3238 z = -1 0 0 0 0 0 0 0 0 0 0
2562 30392f32382f3236 s = -1 47 37 17 27 6 77 3 222 -7 -12345
2562 30392f32382f3236 z = -1 0 0 0 0 0 0 0 0 0 0
2562 4d6f6e205365702032382031303a33353a30302032303236 s = -1 47 37 17 27 6 77 3 222 -7 -12345
2562 4d6f6e205365702032382031303a33353a30302032303236 z = -1 0 0 0 0 0 0 0 0 0 0
2562 31303a33353a303020504d s = -1 47 37 17 27 6 77 3 222 -7 -12345
2562 31303a33353a303020504d z = -1 0 0 0 0 0 0 0 0 0 0
2562 204d6f6e s = -1 47 37 17 27 6 77 3 222 -7 -12345
2562 204d6f6e z = -1 0 0 0 0 0 0 0 0 0 0
2562 09536570 s = -1 47 37 17 27 6 77 3 222 -7 -12345
2562 09536570 z = -1 0 0 0 0 0 0 0 0 0 0
2562 20706d s = -1 47 37 17 27 6 77 3 222 -7 -12345
2562 20706d z = -1 0 0 0 0 0 0 0 0 0 0
2562 205a s = -1 47 37 17 27 6 77 3 222 -7 -12345
2562 205a z = -1 0 0 0 0 0 0 0 0 0 0
2562 202b30353330 s = -1 47 37 17 27 6 77 3 222 -7 -12345
2562 202b30353330 z = -1 0 0 0 0 0 0 0 0 0 0
2562 20555443 s = -1 47 37 17 27 6 77 3 222 -7 -12345
2562 20555443 z = -1 0 0 0 0 0 0 0 0 0 0
2562 53756e64617973 s = -1 47 37 17 27 6 77 3 222 -7 -12345
2562 53756e64617973 z = -1 0 0 0 0 0 0 0 0 0 0
2562 4d6179646179 s = 3 47 37 17 27 4 77 5 146 -7 -12345
2562 4d6179646179 z = 3 0 0 0 0 4 0 1 119 0 0
2562 5361742e s = -1 47 37 17 27 6 77 3 222 -7 -12345
2562 5361742e z = -1 0 0 0 0 0 0 0 0 0 0
2562 444543 s = 3 47 37 17 27 11 77 2 360 -7 -12345
2562 444543 z = 3 0 0 0 0 11 0 5 333 0 0
2562 446563656d6265 s = 3 47 37 17 27 11 77 2 360 -7 -12345
2562 446563656d6265 z = 3 0 0 0 0 11 0 5 333 0 0
2542 - s = -1 47 37 17 27 6 77 3 222 -7 -12345
2542 - z = -1 0 0 0 0 0 0 0 0 0 0
2542 20 s = -1 47 37 17 27 6 77 3 222 -7 -12345
2542 20 z = -1 0 0 0 0 0 0 0 0 0 0
2542 30 s = -1 47 37 17 27 6 77 3 222 -7 -12345
2542 30 z = -1 0 0 0 0 0 0 0 0 0 0
2542 3030 s = -1 47 37 17 27 6 77 3 222 -7 -12345
2542 3030 z = -1 0 0 0 0 0 0 0 0 0 0
2542 303030 s = -1 47 37 17 27 6 77 3 222 -7 -12345
2542 303030 z = -1 0 0 0 0 0 0 0 0 0 0
2542 31 s = -1 47 37 17 27 6 77 3 222 -7 -12345
2542 31 z = -1 0 0 0 0 0 0 0 0 0 0
2542 3031 s = -1 47 37 17 27 6 77 3 222 -7 -12345
2542 3031 z = -1 0 0 0 0 0 0 0 0 0 0
2542 303031 s = -1 47 37 17 27 6 77 3 222 -7 -12345
2542 303031 z = -1 0 0 0 0 0 0 0 0 0 0
2542 37 s = -1 47 37 17 27 6 77 3 222 -7 -12345
2542 37 z = -1 0 0 0 0 0 0 0 0 0 0
2542 39 s = -1 47 37 17 27 6 77 3 222 -7 -12345
2542 39 z = -1 0 0 0 0 0 0 0 0 0 0
2542 3132 s = -1 47 37 17 27 6 77 3 222 -7 -12345
2542 3132 z = -1 0 0 0 0 0 0 0 0 0 0
2542 3133 s = -1 47 37 17 27 6 77 3 222 -7 -12345
2542 3133 z = -1 0 0 0 0 0 0 0 0 0 0
2542 3233 s = -1 47 37 17 27 6 77 3 222 -7 -12345
2542 3233 z = -1 0 0 0 0 0 0 0 0 0 0
2542 3234 s = -1 47 37 17 27 6 77 3 222 -7 -12345
2542 3234 z = -1 0 0 0 0 0 0 0 0 0 0
2542 3331 s = -1 47 37 17 27 6 77 3 222 -7 -12345
2542 3331 z = -1 0 0 0 0 0 0 0 0 0 0
2542 3332 s = -1 47 37 17 27 6 77 3 222 -7 -12345
2542 3332 z = -1 0 0 0 0 0 0 0 0 0 0
2542 3533 s = -1 47 37 17 27 6 77 3 222 -7 -12345
2542 3533 z = -1 0 0 0 0 0 0 0 0 0 0
2542 3534 s = -1 47 37 17 27 6 77 3 222 -7 -12345
2542 3534 z = -1 0 0 0 0 0 0 0 0 0 0
2542 3539 s = -1 47 37 17 27 6 77 3 222 -7 -12345
2542 3539 z = -1 0 0 0 0 0 0 0 0 0 0
2542 3630 s = -1 47 37 17 27 6 77 3 222 -7 -12345
2542 3630 z = -1 0 0 0 0 0 0 0 0 0 0
2542 3631 s = -1 47 37 17 27 6 77 3 222 -7 -12345
2542 3631 z = -1 0 0 0 0 0 0 0 0 0 0
2542 3632 s = -1 47 37 17 27 6 77 3 222 -7 -12345
2542 3632 z = -1 0 0 0 0 0 0 0 0 0 0
2542 3639 s = -1 47 37 17 27 6 77 3 222 -7 -12345
2542 3639 z = -1 0 0 0 0 0 0 0 0 0 0
2542 3939 s = -1 47 37 17 27 6 77 3 222 -7 -12345
2542 3939 z = -1 0 0 0 0 0 0 0 0 0 0
2542 313030 s = -1 47 37 17 27 6 77 3 222 -7 -12345
2542 313030 z = -1 0 0 0 0 0 0 0 0 0 0
2542 313233 s = -1 47 37 17 27 6 77 3 222 -7 -12345
2542 313233 z = -1 0 0 0 0 0 0 0 0 0 0
2542 333636 s = -1 47 37 17 27 6 77 3 222 -7 -12345
2542 333636 z = -1 0 0 0 0 0 0 0 0 0 0
2542 333637 s = -1 47 37 17 27 6 77 3 222 -7 -12345
2542 333637 z = -1 0 0 0 0 0 0 0 0 0 0
2542 31393639 s = -1 47 37 17 27 6 77 3 222 -7 -12345
2542 31393639 z = -1 0 0 0 0 0 0 0 0 0 0
2542 32303236 s = -1 47 37 17 27 6 77 3 222 -7 -12345
2542 32303236 z = -1 0 0 0 0 0 0 0 0 0 0
2542 39393939 s = -1 47 37 17 27 6 77 3 222 -7 -12345
2542 39393939 z = -1 0 0 0 0 0 0 0 0 0 0
2542 3130303030 s = -1 47 37 17 27 6 77 3 222 -7 -12345
2542 3130303030 z = -1 0 0 0 0 0 0 0 0 0 0
2542 3132333435 s = -1 47 37 17 27 6 77 3 222 -7 -12345
2542 3132333435 z = -1 0 0 0 0 0 0 0 0 0 0
2542 2035 s = -1 47 37 17 27 6 77 3 222 -7 -12345
2542 2035 z = -1 0 0 0 0 0 0 0 0 0 0
2542 2020313778 s = -1 47 37 17 27 6 77 3 222 -7 -12345
2542 2020313778 z = -1 0 0 0 0 0 0 0 0 0 0
2542 0938 s = -1 47 37 17 27 6 77 3 222 -7 -12345
2542 0938 z = -1 0 0 0 0 0 0 0 0 0 0
2542 0a39 s = -1 47 37 17 27 6 77 3 222 -7 -12345
2542 0a39 z = -1 0 0 0 0 0 0 0 0 0 0
2542 0b33 s = -1 47 37 17 27 6 77 3 222 -7 -12345
2542 0b33 z = -1 0 0 0 0 0 0 0 0 0 0
2542 2d31 s = -1 47 37 17 27 6 77 3 222 -7 -12345
2542 2d31 z = -1 0 0 0 0 0 0 0 0 0 0
2542 2b31 s = -1 47 37 17 27 6 77 3 222 -7 -12345
2542 2b31 z = -1 0 0 0 0 0 0 0 0 0 0
2542 4d6f6e s = -1 47 37 17 27 6 77 3 222 -7 -12345
2542 4d6f6e z = -1 0 0 0 0 0 0 0 0 0 0
2542 6d6f6e646179 s = -1 47 37 17 27 6 77 3 222 -7 -12345
2542 6d6f6e646179 z = -1 0 0 0 0 0 0 0 0 0 0
2542 54554553444159 s = -1 47 37 17 27 6 77 3 222 -7 -12345
2542 54554553444159 z = -1 0 0 0 0 0 0 0 0 0 0
2542 776564 s = -1 47 37 17 27 6 77 3 222 -7 -12345
2542 776564 z = -1 0 0 0 0 0 0 0 0 0 0
2542 5468757273 s = -1 47 37 17 27 6 77 3 222 -7 -12345
2542 5468757273 z = -1 0 0 0 0 0 0 0 0 0 0
2542 536570 s = 3 47 37 17 27 8 77 2 269 -7 -12345
2542 536570 z = 3 0 0 0 0 8 0 5 242 0 0
2542 73657074656d626572 s = 9 47 37 17 27 8 77 2 269 -7 -12345
2542 73657074656d626572 z = 9 0 0 0 0 8 0 5 242 0 0
2542 53657074 s = 3 47 37 17 27 8 77 2 269 -7 -12345
2542 53657074 z = 3 0 0 0 0 8 0 5 242 0 0
2542 4d4159 s = 3 47 37 17 27 4 77 5 146 -7 -12345
2542 4d4159 z = 3 0 0 0 0 4 0 1 119 0 0
2542 414d s = -1 47 37 17 27 6 77 3 222 -7 -12345
2542 414d z = -1 0 0 0 0 0 0 0 0 0 0
2542 706d s = -1 47 37 17 27 6 77 3 222 -7 -12345
2542 706d z = -1 0 0 0 0 0 0 0 0 0 0
2542 612e6d2e s = -1 47 37 17 27 6 77 3 222 -7 -12345
2542 612e6d2e z = -1 0 0 0 0 0 0 0 0 0 0
2542 50 s = -1 47 37 17 27 6 77 3 222 -7 -12345
2542 50 z = -1 0 0 0 0 0 0 0 0 0 0
2542 5a s = -1 47 37 17 27 6 77 3 222 -7 -12345
2542 5a z = -1 0 0 0 0 0 0 0 0 0 0
2542 2b3035 s = -1 47 37 17 27 6 77 3 222 -7 -12345
2542 2b3035 z = -1 0 0 0 0 0 0 0 0 0 0
2542 2d30383030 s = -1 47 37 17 27 6 77 3 222 -7 -12345
2542 2d30383030 z = -1 0 0 0 0 0 0 0 0 0 0
2542 2b30353a3330 s = -1 47 37 17 27 6 77 3 222 -7 -12345
2542 2b30353a3330 z = -1 0 0 0 0 0 0 0 0 0 0
2542 2b30353630 s = -1 47 37 17 27 6 77 3 222 -7 -12345
2542 2b30353630 z = -1 0 0 0 0 0 0 0 0 0 0
2542 2b35 s = -1 47 37 17 27 6 77 3 222 -7 -12345
2542 2b35 z = -1 0 0 0 0 0 0 0 0 0 0
2542 2b313233 s = -1 47 37 17 27 6 77 3 222 -7 -12345
2542 2b313233 z = -1 0 0 0 0 0 0 0 0 0 0
2542 2d31323a33 s = -1 47 37 17 27 6 77 3 222 -7 -12345
2542 2d31323a33 z = -1 0 0 0 0 0 0 0 0 0 0
2542 555443 s = -1 47 37 17 27 6 77 3 222 -7 -12345
2542 555443 z = -1 0 0 0 0 0 0 0 0 0 0
2542 455354354544542078 s = -1 47 37 17 27 6 77 3 222 -7 -12345
2542 455354354544542078 z = -1 0 0 0 0 0 0 0 0 0 0
2542 25 s = -1 47 37 17 27 6 77 3 222 -7 -12345
2542 25 z = -1 0 0 0 0 0 0 0 0 0 0
2542 2578 s = -1 47 37 17 27 6 77 3 222 -7 -12345
2542 2578 z = -1 0 0 0 0 0 0 0 0 0 0
2542 78 s = -1 47 37 17 27 6 77 3 222 -7 -12345
2542 78 z = -1 0 0 0 0 0 0 0 0 0 0
2542 31373237353139373030 s = -1 47 37 17 27 6 77 3 222 -7 -12345
2542 31373237353139373030 z = -1 0 0 0 0 0 0 0 0 0 0
2542 2d35 s = -1 47 37 17 27 6 77 3 222 -7 -12345
2542 2d35 z = -1 0 0 0 0 0 0 0 0 0 0
2542 3939393939393939393939393939393939393939 s = -1 47 37 17 27 6 77 3 222 -7 -12345
2542 3939393939393939393939393939393939393939 z = -1 0 0 0 0 0 0 0 0 0 0
2542 31323a33343a3536 s = -1 47 37 17 27 6 77 3 222 -7 -12345
2542 31323a33343a3536 z = -1 0 0 0 0 0 0 0 0 0 0
2542 323032362d30392d3238 s = -1 47 37 17 27 6 77 3 222 -7 -12345
2542 323032362d30392d3238 z = -1 0 0 0 0 0 0 0 0 0 0
2542 30392f32382f3236 s = -1 47 37 17 27 6 77 3 222 -7 -12345
2542 30392f32382f3236 z = -1 0 0 0 0 0 0 0 0 0 0
2542 4d6f6e205365702032382031303a33353a30302032303236 s = -1 47 37 17 27 6 77 3 222 -7 -12345
2542 4d6f6e205365702032382031303a33353a30302032303236 z = -1 0 0 0 0 0 0 0 0 0 0
2542 31303a33353a303020504d s = -1 47 37 17 27 6 77 3 222 -7 -12345
2542 31303a33353a303020504d z = -1 0 0 0 0 0 0 0 0 0 0
2542 204d6f6e s = -1 47 37 17 27 6 77 3 222 -7 -12345
2542 204d6f6e z = -1 0 0 0 0 0 0 0 0 0 0
2542 09536570 s = -1 47 37 17 27 6 77 3 222 -7 -12345
2542 09536570 z = -1 0 0 0 0 0 0 0 0 0 0
2542 20706d s = -1 47 37 17 27 6 77 3 222 -7 -12345
2542 20706d z = -1 0 0 0 0 0 0 0 0 0 0
2542 205a s = -1 47 37 17 27 6 77 3 222 -7 -12345
2542 205a z = -1 0 0 0 0 0 0 0 0 0 0
2542 202b30353330 s = -1 47 37 17 27 6 77 3 222 -7 -12345
2542 202b30353330 z = -1 0 0 0 0 0 0 0 0 0 0
2542 20555443 s = -1 47 37 17 27 6 77 3 222 -7 -12345
2542 20555443 z = -1 0 0 0 0 0 0 0 0 0 0
2542 53756e64617973 s = -1 47 37 17 27 6 77 3 222 -7 -12345
2542 53756e64617973 z = -1 0 0 0 0 0 0 0 0 0 0
2542 4d6179646179 s = 3 47 37 17 27 4 77 5 146 -7 -12345
2542 4d6179646179 z = 3 0 0 0 0 4 0 1 119 0 0
2542 5361742e s = -1 47 37 17 27 6 77 3 222 -7 -12345
2542 5361742e z = -1 0 0 0 0 0 0 0 0 0 0
2542 444543 s = 3 47 37 17 27 11 77 2 360 -7 -12345
2542 444543 z = 3 0 0 0 0 11 0 5 333 0 0
2542 446563656d6265 s = 3 47 37 17 27 11 77 2 360 -7 -12345
2542 446563656d6265 z = 3 0 0 0 0 11 0 5 333 0 0
2568 - s = -1 47 37 17 27 6 77 3 222 -7 -12345
2568 - z = -1 0 0 0 0 0 0 0 0 0 0
2568 20 s = -1 47 37 17 27 6 77 3 222 -7 -12345
2568 20 z = -1 0 0 0 0 0 0 0 0 0 0
2568 30 s = -1 47 37 17 27 6 77 3 222 -7 -12345
2568 30 z = -1 0 0 0 0 0 0 0 0 0 0
2568 3030 s = -1 47 37 17 27 6 77 3 222 -7 -12345
2568 3030 z = -1 0 0 0 0 0 0 0 0 0 0
2568 303030 s = -1 47 37 17 27 6 77 3 222 -7 -12345
2568 303030 z = -1 0 0 0 0 0 0 0 0 0 0
2568 31 s = -1 47 37 17 27 6 77 3 222 -7 -12345
2568 31 z = -1 0 0 0 0 0 0 0 0 0 0
2568 3031 s = -1 47 37 17 27 6 77 3 222 -7 -12345
2568 3031 z = -1 0 0 0 0 0 0 0 0 0 0
2568 303031 s = -1 47 37 17 27 6 77 3 222 -7 -12345
2568 303031 z = -1 0 0 0 0 0 0 0 0 0 0
2568 37 s = -1 47 37 17 27 6 77 3 222 -7 -12345
2568 37 z = -1 0 0 0 0 0 0 0 0 0 0
2568 39 s = -1 47 37 17 27 6 77 3 222 -7 -12345
2568 39 z = -1 0 0 0 0 0 0 0 0 0 0
2568 3132 s = -1 47 37 17 27 6 77 3 222 -7 -12345
2568 3132 z = -1 0 0 0 0 0 0 0 0 0 0
2568 3133 s = -1 47 37 17 27 6 77 3 222 -7 -12345
2568 3133 z = -1 0 0 0 0 0 0 0 0 0 0
2568 3233 s = -1 47 37 17 27 6 77 3 222 -7 -12345
2568 3233 z = -1 0 0 0 0 0 0 0 0 0 0
2568 3234 s = -1 47 37 17 27 6 77 3 222 -7 -12345
2568 3234 z = -1 0 0 0 0 0 0 0 0 0 0
2568 3331 s = -1 47 37 17 27 6 77 3 222 -7 -12345
2568 3331 z = -1 0 0 0 0 0 0 0 0 0 0
2568 3332 s = -1 47 37 17 27 6 77 3 222 -7 -12345
2568 3332 z = -1 0 0 0 0 0 0 0 0 0 0
2568 3533 s = -1 47 37 17 27 6 77 3 222 -7 -12345
2568 3533 z = -1 0 0 0 0 0 0 0 0 0 0
2568 3534 s = -1 47 37 17 27 6 77 3 222 -7 -12345
2568 3534 z = -1 0 0 0 0 0 0 0 0 0 0
2568 3539 s = -1 47 37 17 27 6 77 3 222 -7 -12345
2568 3539 z = -1 0 0 0 0 0 0 0 0 0 0
2568 3630 s = -1 47 37 17 27 6 77 3 222 -7 -12345
2568 3630 z = -1 0 0 0 0 0 0 0 0 0 0
2568 3631 s = -1 47 37 17 27 6 77 3 222 -7 -12345
2568 3631 z = -1 0 0 0 0 0 0 0 0 0 0
2568 3632 s = -1 47 37 17 27 6 77 3 222 -7 -12345
2568 3632 z = -1 0 0 0 0 0 0 0 0 0 0
2568 3639 s = -1 47 37 17 27 6 77 3 222 -7 -12345
2568 3639 z = -1 0 0 0 0 0 0 0 0 0 0
2568 3939 s = -1 47 37 17 27 6 77 3 222 -7 -12345
2568 3939 z = -1 0 0 0 0 0 0 0 0 0 0
2568 313030 s = -1 47 37 17 27 6 77 3 222 -7 -12345
2568 313030 z = -1 0 0 0 0 0 0 0 0 0 0
2568 313233 s = -1 47 37 17 27 6 77 3 222 -7 -12345
2568 313233 z = -1 0 0 0 0 0 0 0 0 0 0
2568 333636 s = -1 47 37 17 27 6 77 3 222 -7 -12345
2568 333636 z = -1 0 0 0 0 0 0 0 0 0 0
2568 333637 s = -1 47 37 17 27 6 77 3 222 -7 -12345
2568 333637 z = -1 0 0 0 0 0 0 0 0 0 0
2568 31393639 s = -1 47 37 17 27 6 77 3 222 -7 -12345
2568 31393639 z = -1 0 0 0 0 0 0 0 0 0 0
2568 32303236 s = -1 47 37 17 27 6 77 3 222 -7 -12345
2568 32303236 z = -1 0 0 0 0 0 0 0 0 0 0
2568 39393939 s = -1 47 37 17 27 6 77 3 222 -7 -12345
2568 39393939 z = -1 0 0 0 0 0 0 0 0 0 0
2568 3130303030 s = -1 47 37 17 27 6 77 3 222 -7 -12345
2568 3130303030 z = -1 0 0 0 0 0 0 0 0 0 0
2568 3132333435 s = -1 47 37 17 27 6 77 3 222 -7 -12345
2568 3132333435 z = -1 0 0 0 0 0 0 0 0 0 0
2568 2035 s = -1 47 37 17 27 6 77 3 222 -7 -12345
2568 2035 z = -1 0 0 0 0 0 0 0 0 0 0
2568 2020313778 s = -1 47 37 17 27 6 77 3 222 -7 -12345
2568 2020313778 z = -1 0 0 0 0 0 0 0 0 0 0
2568 0938 s = -1 47 37 17 27 6 77 3 222 -7 -12345
2568 0938 z = -1 0 0 0 0 0 0 0 0 0 0
2568 0a39 s = -1 47 37 17 27 6 77 3 222 -7 -12345
2568 0a39 z = -1 0 0 0 0 0 0 0 0 0 0
2568 0b33 s = -1 47 37 17 27 6 77 3 222 -7 -12345
2568 0b33 z = -1 0 0 0 0 0 0 0 0 0 0
2568 2d31 s = -1 47 37 17 27 6 77 3 222 -7 -12345
2568 2d31 z = -1 0 0 0 0 0 0 0 0 0 0
2568 2b31 s = -1 47 37 17 27 6 77 3 222 -7 -12345
2568 2b31 z = -1 0 0 0 0 0 0 0 0 0 0
2568 4d6f6e s = -1 47 37 17 27 6 77 3 222 -7 -12345
2568 4d6f6e z = -1 0 0 0 0 0 0 0 0 0 0
2568 6d6f6e646179 s = -1 47 37 17 27 6 77 3 222 -7 -12345
2568 6d6f6e646179 z = -1 0 0 0 0 0 0 0 0 0 0
2568 54554553444159 s = -1 47 37 17 27 6 77 3 222 -7 -12345
2568 54554553444159 z = -1 0 0 0 0 0 0 0 0 0 0
2568 776564 s = -1 47 37 17 27 6 77 3 222 -7 -12345
2568 776564 z = -1 0 0 0 0 0 0 0 0 0 0
2568 5468757273 s = -1 47 37 17 27 6 77 3 222 -7 -12345
2568 5468757273 z = -1 0 0 0 0 0 0 0 0 0 0
2568 536570 s = 3 47 37 17 27 8 77 2 269 -7 -12345
2568 536570 z = 3 0 0 0 0 8 0 5 242 0 0
2568 73657074656d626572 s = 9 47 37 17 27 8 77 2 269 -7 -12345
2568 73657074656d626572 z = 9 0 0 0 0 8 0 5 242 0 0
2568 53657074 s = 3 47 37 17 27 8 77 2 269 -7 -12345
2568 53657074 z = 3 0 0 0 0 8 0 5 242 0 0
2568 4d4159 s = 3 47 37 17 27 4 77 5 146 -7 -12345
2568 4d4159 z = 3 0 0 0 0 4 0 1 119 0 0
2568 414d s = -1 47 37 17 27 6 77 3 222 -7 -12345
2568 414d z = -1 0 0 0 0 0 0 0 0 0 0
2568 706d s = -1 47 37 17 27 6 77 3 222 -7 -12345
2568 706d z = -1 0 0 0 0 0 0 0 0 0 0
2568 612e6d2e s = -1 47 37 17 27 6 77 3 222 -7 -12345
2568 612e6d2e z = -1 0 0 0 0 0 0 0 0 0 0
2568 50 s = -1 47 37 17 27 6 77 3 222 -7 -12345
2568 50 z = -1 0 0 0 0 0 0 0 0 0 0
2568 5a s = -1 47 37 17 27 6 77 3 222 -7 -12345
2568 5a z = -1 0 0 0 0 0 0 0 0 0 0
2568 2b3035 s = -1 47 37 17 27 6 77 3 222 -7 -12345
2568 2b3035 z = -1 0 0 0 0 0 0 0 0 0 0
2568 2d30383030 s = -1 47 37 17 27 6 77 3 222 -7 -12345
2568 2d30383030 z = -1 0 0 0 0 0 0 0 0 0 0
2568 2b30353a3330 s = -1 47 37 17 27 6 77 3 222 -7 -12345
2568 2b30353a3330 z = -1 0 0 0 0 0 0 0 0 0 0
2568 2b30353630 s = -1 47 37 17 27 6 77 3 222 -7 -12345
2568 2b30353630 z = -1 0 0 0 0 0 0 0 0 0 0
2568 2b35 s = -1 47 37 17 27 6 77 3 222 -7 -12345
2568 2b35 z = -1 0 0 0 0 0 0 0 0 0 0
2568 2b313233 s = -1 47 37 17 27 6 77 3 222 -7 -12345
2568 2b313233 z = -1 0 0 0 0 0 0 0 0 0 0
2568 2d31323a33 s = -1 47 37 17 27 6 77 3 222 -7 -12345
2568 2d31323a33 z = -1 0 0 0 0 0 0 0 0 0 0
2568 555443 s = -1 47 37 17 27 6 77 3 222 -7 -12345
2568 555443 z = -1 0 0 0 0 0 0 0 0 0 0
2568 455354354544542078 s = -1 47 37 17 27 6 77 3 222 -7 -12345
2568 455354354544542078 z = -1 0 0 0 0 0 0 0 0 0 0
2568 25 s = -1 47 37 17 27 6 77 3 222 -7 -12345
2568 25 z = -1 0 0 0 0 0 0 0 0 0 0
2568 2578 s = -1 47 37 17 27 6 77 3 222 -7 -12345
2568 2578 z = -1 0 0 0 0 0 0 0 0 0 0
2568 78 s = -1 47 37 17 27 6 77 3 222 -7 -12345
2568 78 z = -1 0 0 0 0 0 0 0 0 0 0
2568 31373237353139373030 s = -1 47 37 17 27 6 77 3 222 -7 -12345
2568 31373237353139373030 z = -1 0 0 0 0 0 0 0 0 0 0
2568 2d35 s = -1 47 37 17 27 6 77 3 222 -7 -12345
2568 2d35 z = -1 0 0 0 0 0 0 0 0 0 0
2568 3939393939393939393939393939393939393939 s = -1 47 37 17 27 6 77 3 222 -7 -12345
2568 3939393939393939393939393939393939393939 z = -1 0 0 0 0 0 0 0 0 0 0
2568 31323a33343a3536 s = -1 47 37 17 27 6 77 3 222 -7 -12345
2568 31323a33343a3536 z = -1 0 0 0 0 0 0 0 0 0 0
2568 323032362d30392d3238 s = -1 47 37 17 27 6 77 3 222 -7 -12345
2568 323032362d30392d3238 z = -1 0 0 0 0 0 0 0 0 0 0
2568 30392f32382f3236 s = -1 47 37 17 27 6 77 3 222 -7 -12345
2568 30392f32382f3236 z = -1 0 0 0 0 0 0 0 0 0 0
2568 4d6f6e205365702032382031303a33353a30302032303236 s = -1 47 37 17 27 6 77 3 222 -7 -12345
2568 4d6f6e205365702032382031303a33353a30302032303236 z = -1 0 0 0 0 0 0 0 0 0 0
2568 31303a33353a303020504d s = -1 47 37 17 27 6 77 3 222 -7 -12345
2568 31303a33353a303020504d z = -1 0 0 0 0 0 0 0 0 0 0
2568 204d6f6e s = -1 47 37 17 27 6 77 3 222 -7 -12345
2568 204d6f6e z = -1 0 0 0 0 0 0 0 0 0 0
2568 09536570 s = -1 47 37 17 27 6 77 3 222 -7 -12345
2568 09536570 z = -1 0 0 0 0 0 0 0 0 0 0
2568 20706d s = -1 47 37 17 27 6 77 3 222 -7 -12345
2568 20706d z = -1 0 0 0 0 0 0 0 0 0 0
2568 205a s = -1 47 37 17 27 6 77 3 222 -7 -12345
2568 205a z = -1 0 0 0 0 0 0 0 0 0 0
2568 202b30353330 s = -1 47 37 17 27 6 77 3 222 -7 -12345
2568 202b30353330 z = -1 0 0 0 0 0 0 0 0 0 0
2568 20555443 s = -1 47 37 17 27 6 77 3 222 -7 -12345
2568 20555443 z = -1 0 0 0 0 0 0 0 0 0 0
2568 53756e64617973 s = -1 47 37 17 27 6 77 3 222 -7 -12345
2568 53756e64617973 z = -1 0 0 0 0 0 0 0 0 0 0
2568 4d6179646179 s = 3 47 37 17 27 4 77 5 146 -7 -12345
2568 4d6179646179 z = 3 0 0 0 0 4 0 1 119 0 0
2568 5361742e s = -1 47 37 17 27 6 77 3 222 -7 -12345
2568 5361742e z = -1 0 0 0 0 0 0 0 0 0 0
2568 444543 s = 3 47 37 17 27 11 77 2 360 -7 -12345
2568 444543 z = 3 0 0 0 0 11 0 5 333 0 0
2568 446563656d6265 s = 3 47 37 17 27 11 77 2 360 -7 -12345
2568 446563656d6265 z = 3 0 0 0 0 11 0 5 333 0 0
2563 - s = -1 47 37 17 27 6 77 3 222 -7 -12345
2563 - z = -1 0 0 0 0 0 0 0 0 0 0
2563 20 s = -1 47 37 17 27 6 77 3 222 -7 -12345
2563 20 z = -1 0 0 0 0 0 0 0 0 0 0
2563 30 s = -1 47 37 17 27 6 77 3 222 -7 -12345
2563 30 z = -1 0 0 0 0 0 0 0 0 0 0
2563 3030 s = -1 47 37 17 27 6 77 3 222 -7 -12345
2563 3030 z = -1 0 0 0 0 0 0 0 0 0 0
2563 303030 s = -1 47 37 17 27 6 77 3 222 -7 -12345
2563 303030 z = -1 0 0 0 0 0 0 0 0 0 0
2563 31 s = -1 47 37 17 27 6 77 3 222 -7 -12345
2563 31 z = -1 0 0 0 0 0 0 0 0 0 0
2563 3031 s = -1 47 37 17 27 6 77 3 222 -7 -12345
2563 3031 z = -1 0 0 0 0 0 0 0 0 0 0
2563 303031 s = -1 47 37 17 27 6 77 3 222 -7 -12345
2563 303031 z = -1 0 0 0 0 0 0 0 0 0 0
2563 37 s = -1 47 37 17 27 6 77 3 222 -7 -12345
2563 37 z = -1 0 0 0 0 0 0 0 0 0 0
2563 39 s = -1 47 37 17 27 6 77 3 222 -7 -12345
2563 39 z = -1 0 0 0 0 0 0 0 0 0 0
2563 3132 s = -1 47 37 17 27 6 77 3 222 -7 -12345
2563 3132 z = -1 0 0 0 0 0 0 0 0 0 0
2563 3133 s = -1 47 37 17 27 6 77 3 222 -7 -12345
2563 3133 z = -1 0 0 0 0 0 0 0 0 0 0
2563 3233 s = -1 47 37 17 27 6 77 3 222 -7 -12345
2563 3233 z = -1 0 0 0 0 0 0 0 0 0 0
2563 3234 s = -1 47 37 17 27 6 77 3 222 -7 -12345
2563 3234 z = -1 0 0 0 0 0 0 0 0 0 0
2563 3331 s = -1 47 37 17 27 6 77 3 222 -7 -12345
2563 3331 z = -1 0 0 0 0 0 0 0 0 0 0
2563 3332 s = -1 47 37 17 27 6 77 3 222 -7 -12345
2563 3332 z = -1 0 0 0 0 0 0 0 0 0 0
2563 3533 s = -1 47 37 17 27 6 77 3 222 -7 -12345
2563 3533 z = -1 0 0 0 0 0 0 0 0 0 0
2563 3534 s = -1 47 37 17 27 6 77 3 222 -7 -12345
2563 3534 z = -1 0 0 0 0 0 0 0 0 0 0
2563 3539 s = -1 47 37 17 27 6 77 3 222 -7 -12345
2563 3539 z = -1 0 0 0 0 0 0 0 0 0 0
2563 3630 s = -1 47 37 17 27 6 77 3 222 -7 -12345
2563 3630 z = -1 0 0 0 0 0 0 0 0 0 0
2563 3631 s = -1 47 37 17 27 6 77 3 222 -7 -12345
2563 3631 z = -1 0 0 0 0 0 0 0 0 0 0
2563 3632 s = -1 47 37 17 27 6 77 3 222 -7 -12345
2563 3632 z = -1 0 0 0 0 0 0 0 0 0 0
2563 3639 s = -1 47 37 17 27 6 77 3 222 -7 -12345
2563 3639 z = -1 0 0 0 0 0 0 0 0 0 0
2563 3939 s = -1 47 37 17 27 6 77 3 222 -7 -12345
2563 3939 z = -1 0 0 0 0 0 0 0 0 0 0
2563 313030 s = -1 47 37 17 27 6 77 3 222 -7 -12345
2563 313030 z = -1 0 0 0 0 0 0 0 0 0 0
2563 313233 s = -1 47 37 17 27 6 77 3 222 -7 -12345
2563 313233 z = -1 0 0 0 0 0 0 0 0 0 0
2563 333636 s = -1 47 37 17 27 6 77 3 222 -7 -12345
2563 333636 z = -1 0 0 0 0 0 0 0 0 0 0
2563 333637 s = -1 47 37 17 27 6 77 3 222 -7 -12345
2563 333637 z = -1 0 0 0 0 0 0 0 0 0 0
2563 31393639 s = -1 47 37 17 27 6 77 3 222 -7 -12345
2563 31393639 z = -1 0 0 0 0 0 0 0 0 0 0
2563 32303236 s = -1 47 37 17 27 6 77 3 222 -7 -12345
2563 32303236 z = -1 0 0 0 0 0 0 0 0 0 0
2563 39393939 s = -1 47 37 17 27 6 77 3 222 -7 -12345
2563 39393939 z = -1 0 0 0 0 0 0 0 0 0 0
2563 3130303030 s = -1 47 37 17 27 6 77 3 222 -7 -12345
2563 3130303030 z = -1 0 0 0 0 0 0 0 0 0 0
2563 3132333435 s = -1 47 37 17 27 6 77 3 222 -7 -12345
2563 3132333435 z = -1 0 0 0 0 0 0 0 0 0 0
2563 2035 s = -1 47 37 17 27 6 77 3 222 -7 -12345
2563 2035 z = -1 0 0 0 0 0 0 0 0 0 0
2563 2020313778 s = -1 47 37 17 27 6 77 3 222 -7 -12345
2563 2020313778 z = -1 0 0 0 0 0 0 0 0 0 0
2563 0938 s = -1 47 37 17 27 6 77 3 222 -7 -12345
2563 0938 z = -1 0 0 0 0 0 0 0 0 0 0
2563 0a39 s = -1 47 37 17 27 6 77 3 222 -7 -12345
2563 0a39 z = -1 0 0 0 0 0 0 0 0 0 0
2563 0b33 s = -1 47 37 17 27 6 77 3 222 -7 -12345
2563 0b33 z = -1 0 0 0 0 0 0 0 0 0 0
2563 2d31 s = -1 47 37 17 27 6 77 3 222 -7 -12345
2563 2d31 z = -1 0 0 0 0 0 0 0 0 0 0
2563 2b31 s = -1 47 37 17 27 6 77 3 222 -7 -12345
2563 2b31 z = -1 0 0 0 0 0 0 0 0 0 0
2563 4d6f6e s = -1 47 37 17 27 6 77 3 222 -7 -12345
2563 4d6f6e z = -1 0 0 0 0 0 0 0 0 0 0
2563 6d6f6e646179 s = -1 47 37 17 27 6 77 3 222 -7 -12345
2563 6d6f6e646179 z = -1 0 0 0 0 0 0 0 0 0 0
2563 54554553444159 s = -1 47 37 17 27 6 77 3 222 -7 -12345
2563 54554553444159 z = -1 0 0 0 0 0 0 0 0 0 0
2563 776564 s = -1 47 37 17 27 6 77 3 222 -7 -12345
2563 776564 z = -1 0 0 0 0 0 0 0 0 0 0
2563 5468757273 s = -1 47 37 17 27 6 77 3 222 -7 -12345
2563 5468757273 z = -1 0 0 0 0 0 0 0 0 0 0
2563 536570 s = -1 47 37 17 27 6 77 3 222 -7 -12345
2563 536570 z = -1 0 0 0 0 0 0 0 0 0 0
2563 73657074656d626572 s = -1 47 37 17 27 6 77 3 222 -7 -12345
2563 73657074656d626572 z = -1 0 0 0 0 0 0 0 0 0 0
2563 53657074 s = -1 47 37 17 27 6 77 3 222 -7 -12345
2563 53657074 z = -1 0 0 0 0 0 0 0 0 0 0
2563 4d4159 s = -1 47 37 17 27 6 77 3 222 -7 -12345
2563 4d4159 z = -1 0 0 0 0 0 0 0 0 0 0
2563 414d s = -1 47 37 17 27 6 77 3 222 -7 -12345
2563 414d z = -1 0 0 0 0 0 0 0 0 0 0
2563 706d s = -1 47 37 17 27 6 77 3 222 -7 -12345
2563 706d z = -1 0 0 0 0 0 0 0 0 0 0
2563 612e6d2e s = -1 47 37 17 27 6 77 3 222 -7 -12345
2563 612e6d2e z = -1 0 0 0 0 0 0 0 0 0 0
2563 50 s = -1 47 37 17 27 6 77 3 222 -7 -12345
2563 50 z = -1 0 0 0 0 0 0 0 0 0 0
2563 5a s = -1 47 37 17 27 6 77 3 222 -7 -12345
2563 5a z = -1 0 0 0 0 0 0 0 0 0 0
2563 2b3035 s = -1 47 37 17 27 6 77 3 222 -7 -12345
2563 2b3035 z = -1 0 0 0 0 0 0 0 0 0 0
2563 2d30383030 s = -1 47 37 17 27 6 77 3 222 -7 -12345
2563 2d30383030 z = -1 0 0 0 0 0 0 0 0 0 0
2563 2b30353a3330 s = -1 47 37 17 27 6 77 3 222 -7 -12345
2563 2b30353a3330 z = -1 0 0 0 0 0 0 0 0 0 0
2563 2b30353630 s = -1 47 37 17 27 6 77 3 222 -7 -12345
2563 2b30353630 z = -1 0 0 0 0 0 0 0 0 0 0
2563 2b35 s = -1 47 37 17 27 6 77 3 222 -7 -12345
2563 2b35 z = -1 0 0 0 0 0 0 0 0 0 0
2563 2b313233 s = -1 47 37 17 27 6 77 3 222 -7 -12345
2563 2b313233 z = -1 0 0 0 0 0 0 0 0 0 0
2563 2d31323a33 s = -1 47 37 17 27 6 77 3 222 -7 -12345
2563 2d31323a33 z = -1 0 0 0 0 0 0 0 0 0 0
2563 555443 s = -1 47 37 17 27 6 77 3 222 -7 -12345
2563 555443 z = -1 0 0 0 0 0 0 0 0 0 0
2563 455354354544542078 s = -1 47 37 17 27 6 77 3 222 -7 -12345
2563 455354354544542078 z = -1 0 0 0 0 0 0 0 0 0 0
2563 25 s = -1 47 37 17 27 6 77 3 222 -7 -12345
2563 25 z = -1 0 0 0 0 0 0 0 0 0 0
2563 2578 s = -1 47 37 17 27 6 77 3 222 -7 -12345
2563 2578 z = -1 0 0 0 0 0 0 0 0 0 0
2563 78 s = -1 47 37 17 27 6 77 3 222 -7 -12345
2563 78 z = -1 0 0 0 0 0 0 0 0 0 0
2563 31373237353139373030 s = -1 47 37 17 27 6 77 3 222 -7 -12345
2563 31373237353139373030 z = -1 0 0 0 0 0 0 0 0 0 0
2563 2d35 s = -1 47 37 17 27 6 77 3 222 -7 -12345
2563 2d35 z = -1 0 0 0 0 0 0 0 0 0 0
2563 3939393939393939393939393939393939393939 s = -1 47 37 17 27 6 77 3 222 -7 -12345
2563 3939393939393939393939393939393939393939 z = -1 0 0 0 0 0 0 0 0 0 0
2563 31323a33343a3536 s = -1 47 37 17 27 6 77 3 222 -7 -12345
2563 31323a33343a3536 z = -1 0 0 0 0 0 0 0 0 0 0
2563 323032362d30392d3238 s = -1 47 37 17 27 6 77 3 222 -7 -12345
2563 323032362d30392d3238 z = -1 0 0 0 0 0 0 0 0 0 0
2563 30392f32382f3236 s = -1 47 37 17 27 6 77 3 222 -7 -12345
2563 30392f32382f3236 z = -1 0 0 0 0 0 0 0 0 0 0
2563 4d6f6e205365702032382031303a33353a30302032303236 s = 24 0 35 10 28 8 126 1 270 -7 -12345
2563 4d6f6e205365702032382031303a33353a30302032303236 z = 24 0 35 10 28 8 126 1 270 0 0
2563 31303a33353a303020504d s = -1 47 37 17 27 6 77 3 222 -7 -12345
2563 31303a33353a303020504d z = -1 0 0 0 0 0 0 0 0 0 0
2563 204d6f6e s = -1 47 37 17 27 6 77 3 222 -7 -12345
2563 204d6f6e z = -1 0 0 0 0 0 0 0 0 0 0
2563 09536570 s = -1 47 37 17 27 6 77 3 222 -7 -12345
2563 09536570 z = -1 0 0 0 0 0 0 0 0 0 0
2563 20706d s = -1 47 37 17 27 6 77 3 222 -7 -12345
2563 20706d z = -1 0 0 0 0 0 0 0 0 0 0
2563 205a s = -1 47 37 17 27 6 77 3 222 -7 -12345
2563 205a z = -1 0 0 0 0 0 0 0 0 0 0
2563 202b30353330 s = -1 47 37 17 27 6 77 3 222 -7 -12345
2563 202b30353330 z = -1 0 0 0 0 0 0 0 0 0 0
2563 20555443 s = -1 47 37 17 27 6 77 3 222 -7 -12345
2563 20555443 z = -1 0 0 0 0 0 0 0 0 0 0
2563 53756e64617973 s = -1 47 37 17 27 6 77 3 222 -7 -12345
2563 53756e64617973 z = -1 0 0 0 0 0 0 0 0 0 0
2563 4d6179646179 s = -1 47 37 17 27 6 77 3 222 -7 -12345
2563 4d6179646179 z = -1 0 0 0 0 0 0 0 0 0 0
2563 5361742e s = -1 47 37 17 27 6 77 3 222 -7 -12345
2563 5361742e z = -1 0 0 0 0 0 0 0 0 0 0
2563 444543 s = -1 47 37 17 27 6 77 3 222 -7 -12345
2563 444543 z = -1 0 0 0 0 0 0 0 0 0 0
2563 446563656d6265 s = -1 47 37 17 27 6 77 3 222 -7 -12345
2563 446563656d6265 z = -1 0 0 0 0 0 0 0 0 0 0
2543 - s = -1 47 37 17 27 6 77 3 222 -7 -12345
2543 - z = -1 0 0 0 0 0 0 0 0 0 0
2543 20 s = -1 47 37 17 27 6 77 3 222 -7 -12345
2543 20 z = -1 0 0 0 0 0 0 0 0 0 0
2543 30 s = 1 47 37 17 27 6 -1900 4 208 -7 -12345
2543 30 z = 1 0 0 0 0 0 -1900 6 -1 0 0
2543 3030 s = 2 47 37 17 27 6 -1900 4 208 -7 -12345
2543 3030 z = 2 0 0 0 0 0 -1900 6 -1 0 0
2543 303030 s = 2 47 37 17 27 6 -1900 4 208 -7 -12345
2543 303030 z = 2 0 0 0 0 0 -1900 6 -1 0 0
2543 31 s = 1 47 37 17 27 6 -1800 2 207 -7 -12345
2543 31 z = 1 0 0 0 0 0 -1800 4 -1 0 0
2543 3031 s = 2 47 37 17 27 6 -1800 2 207 -7 -12345
2543 3031 z = 2 0 0 0 0 0 -1800 4 -1 0 0
2543 303031 s = 2 47 37 17 27 6 -1900 4 208 -7 -12345
2543 303031 z = 2 0 0 0 0 0 -1900 6 -1 0 0
2543 37 s = 1 47 37 17 27 6 -1200 5 207 -7 -12345
2543 37 z = 1 0 0 0 0 0 -1200 0 -1 0 0
2543 39 s = 1 47 37 17 27 6 -1000 2 207 -7 -12345
2543 39 z = 1 0 0 0 0 0 -1000 4 -1 0 0
2543 3132 s = 2 47 37 17 27 6 -700 4 208 -7 -12345
2543 3132 z = 2 0 0 0 0 0 -700 5 -1 0 0
2543 3133 s = 2 47 37 17 27 6 -600 2 207 -7 -12345
2543 3133 z = 2 0 0 0 0 0 -600 4 -1 0 0
2543 3233 s = 2 47 37 17 27 6 400 5 207 -7 -12345
2543 3233 z = 2 0 0 0 0 0 400 0 -1 0 0
2543 3234 s = 2 47 37 17 27 6 500 4 208 -7 -12345
2543 3234 z = 2 0 0 0 0 0 500 5 -1 0 0
2543 3331 s = 2 47 37 17 27 6 1200 5 207 -7 -12345
2543 3331 z = 2 0 0 0 0 0 1200 0 -1 0 0
2543 3332 s = 2 47 37 17 27 6 1300 4 208 -7 -12345
2543 3332 z = 2 0 0 0 0 0 1300 5 -1 0 0
2543 3533 s = 2 47 37 17 27 6 3400 2 207 -7 -12345
2543 3533 z = 2 0 0 0 0 0 3400 4 -1 0 0
2543 3534 s = 2 47 37 17 27 6 3500 0 207 -7 -12345
2543 3534 z = 2 0 0 0 0 0 3500 2 -1 0 0
2543 3539 s = 2 47 37 17 27 6 4000 5 207 -7 -12345
2543 3539 z = 2 0 0 0 0 0 4000 0 -1 0 0
2543 3630 s = 2 47 37 17 27 6 4100 4 208 -7 -12345
2543 3630 z = 2 0 0 0 0 0 4100 5 -1 0 0
2543 3631 s = 2 47 37 17 27 6 4200 2 207 -7 -12345
2543 3631 z = 2 0 0 0 0 0 4200 4 -1 0 0
2543 3632 s = 2 47 37 17 27 6 4300 0 207 -7 -12345
2543 3632 z = 2 0 0 0 0 0 4300 2 -1 0 0
2543 3639 s = 2 47 37 17 27 6 5000 2 207 -7 -12345
2543 3639 z = 2 0 0 0 0 0 5000 4 -1 0 0
2543 3939 s = 2 47 37 17 27 6 8000 5 207 -7 -12345
2543 3939 z = 2 0 0 0 0 0 8000 0 -1 0 0
2543 313030 s = 2 47 37 17 27 6 -900 0 207 -7 -12345
2543 313030 z = 2 0 0 0 0 0 -900 2 -1 0 0
2543 313233 s = 2 47 37 17 27 6 -700 4 208 -7 -12345
2543 313233 z = 2 0 0 0 0 0 -700 5 -1 0 0
2543 333636 s = 2 47 37 17 27 6 1700 4 208 -7 -12345
2543 333636 z = 2 0 0 0 0 0 1700 5 -1 0 0
2543 333637 s = 2 47 37 17 27 6 1700 4 208 -7 -12345
2543 333637 z = 2 0 0 0 0 0 1700 5 -1 0 0
2543 31393639 s = 2 47 37 17 27 6 0 5 207 -7 -12345
2543 31393639 z = 2 0 0 0 0 0 0 0 -1 0 0
2543 32303236 s = 2 47 37 17 27 6 100 4 208 -7 -12345
2543 32303236 z = 2 0 0 0 0 0 100 5 -1 0 0
2543 39393939 s = 2 47 37 17 27 6 8000 5 207 -7 -12345
2543 39393939 z = 2 0 0 0 0 0 8000 0 -1 0 0
2543 3130303030 s = 2 47 37 17 27 6 -900 0 207 -7 -12345
2543 3130303030 z = 2 0 0 0 0 0 -900 2 -1 0 0
2543 3132333435 s = 2 47 37 17 27 6 -700 4 208 -7 -12345
2543 3132333435 z = 2 0 0 0 0 0 -700 5 -1 0 0
2543 2035 s = 2 47 37 17 27 6 -1400 2 207 -7 -12345
2543 2035 z = 2 0 0 0 0 0 -1400 4 -1 0 0
2543 2020313778 s = 4 47 37 17 27 6 -200 2 207 -7 -12345
2543 2020313778 z = 4 0 0 0 0 0 -200 4 -1 0 0
2543 0938 s = 2 47 37 17 27 6 -1100 4 208 -7 -12345
2543 0938 z = 2 0 0 0 0 0 -1100 5 -1 0 0
2543 0a39 s = 2 47 37 17 27 6 -1000 2 207 -7 -12345
2543 0a39 z = 2 0 0 0 0 0 -1000 4 -1 0 0
2543 0b33 s = 2 47 37 17 27 6 -1600 5 207 -7 -12345
2543 0b33 z = 2 0 0 0 0 0 -1600 0 -1 0 0
2543 2d31 s = -1 47 37 17 27 6 77 3 222 -7 -12345
2543 2d31 z = -1 0 0 0 0 0 0 0 0 0 0
2543 2b31 s = -1 47 37 17 27 6 77 3 222 -7 -12345
2543 2b31 z = -1 0 0 0 0 0 0 0 0 0 0
2543 4d6f6e s = -1 47 37 17 27 6 77 3 222 -7 -12345
2543 4d6f6e z = -1 0 0 0 0 0 0 0 0 0 0
2543 6d6f6e646179 s = -1 47 37 17 27 6 77 3 222 -7 -12345
2543 6d6f6e646179 z = -1 0 0 0 0 0 0 0 0 0 0
2543 54554553444159 s = -1 47 37 17 27 6 77 3 222 -7 -12345
2543 54554553444159 z = -1 0 0 0 0 0 0 0 0 0 0
2543 776564 s = -1 47 37 17 27 6 77 3 222 -7 -12345
2543 776564 z = -1 0 0 0 0 0 0 0 0 0 0
2543 5468757273 s = -1 47 37 17 27 6 77 3 222 -7 -12345
2543 5468757273 z = -1 0 0 0 0 0 0 0 0 0 0
2543 536570 s = -1 47 37 17 27 6 77 3 222 -7 -12345
2543 536570 z = -1 0 0 0 0 0 0 0 0 0 0
2543 73657074656d626572 s = -1 47 37 17 27 6 77 3 222 -7 -12345
2543 73657074656d626572 z = -1 0 0 0 0 0 0 0 0 0 0
2543 53657074 s = -1 47 37 17 27 6 77 3 222 -7 -12345
2543 53657074 z = -1 0 0 0 0 0 0 0 0 0 0
2543 4d4159 s = -1 47 37 17 27 6 77 3 222 -7 -12345
2543 4d4159 z = -1 0 0 0 0 0 0 0 0 0 0
2543 414d s = -1 47 37 17 27 6 77 3 222 -7 -12345
2543 414d z = -1 0 0 0 0 0 0 0 0 0 0
2543 706d s = -1 47 37 17 27 6 77 3 222 -7 -12345
2543 706d z = -1 0 0 0 0 0 0 0 0 0 0
2543 612e6d2e s = -1 47 37 17 27 6 77 3 222 -7 -12345
2543 612e6d2e z = -1 0 0 0 0 0 0 0 0 0 0
2543 50 s = -1 47 37 17 27 6 77 3 222 -7 -12345
2543 50 z = -1 0 0 0 0 0 0 0 0 0 0
2543 5a s = -1 47 37 17 27 6 77 3 222 -7 -12345
2543 5a z = -1 0 0 0 0 0 0 0 0 0 0
2543 2b3035 s = -1 47 37 17 27 6 77 3 222 -7 -12345
2543 2b3035 z = -1 0 0 0 0 0 0 0 0 0 0
2543 2d30383030 s = -1 47 37 17 27 6 77 3 222 -7 -12345
2543 2d30383030 z = -1 0 0 0 0 0 0 0 0 0 0
2543 2b30353a3330 s = -1 47 37 17 27 6 77 3 222 -7 -12345
2543 2b30353a3330 z = -1 0 0 0 0 0 0 0 0 0 0
2543 2b30353630 s = -1 47 37 17 27 6 77 3 222 -7 -12345
2543 2b30353630 z = -1 0 0 0 0 0 0 0 0 0 0
2543 2b35 s = -1 47 37 17 27 6 77 3 222 -7 -12345
2543 2b35 z = -1 0 0 0 0 0 0 0 0 0 0
2543 2b313233 s = -1 47 37 17 27 6 77 3 222 -7 -12345
2543 2b313233 z = -1 0 0 0 0 0 0 0 0 0 0
2543 2d31323a33 s = -1 47 37 17 27 6 77 3 222 -7 -12345
2543 2d31323a33 z = -1 0 0 0 0 0 0 0 0 0 0
2543 555443 s = -1 47 37 17 27 6 77 3 222 -7 -12345
2543 555443 z = -1 0 0 0 0 0 0 0 0 0 0
2543 455354354544542078 s = -1 47 37 17 27 6 77 3 222 -7 -12345
2543 455354354544542078 z = -1 0 0 0 0 0 0 0 0 0 0
2543 25 s = -1 47 37 17 27 6 77 3 222 -7 -12345
2543 25 z = -1 0 0 0 0 0 0 0 0 0 0
2543 2578 s = -1 47 37 17 27 6 77 3 222 -7 -12345
2543 2578 z = -1 0 0 0 0 0 0 0 0 0 0
2543 78 s = -1 47 37 17 27 6 77 3 222 -7 -12345
2543 78 z = -1 0 0 0 0 0 0 0 0 0 0
2543 31373237353139373030 s = 2 47 37 17 27 6 -200 2 207 -7 -12345
2543 31373237353139373030 z = 2 0 0 0 0 0 -200 4 -1 0 0
2543 2d35 s = -1 47 37 17 27 6 77 3 222 -7 -12345
2543 2d35 z = -1 0 0 0 0 0 0 0 0 0 0
2543 3939393939393939393939393939393939393939 s = 2 47 37 17 27 6 8000 5 207 -7 -12345
2543 3939393939393939393939393939393939393939 z = 2 0 0 0 0 0 8000 0 -1 0 0
2543 31323a33343a3536 s = 2 47 37 17 27 6 -700 4 208 -7 -12345
2543 31323a33343a3536 z = 2 0 0 0 0 0 -700 5 -1 0 0
2543 323032362d30392d3238 s = 2 47 37 17 27 6 100 4 208 -7 -12345
2543 323032362d30392d3238 z = 2 0 0 0 0 0 100 5 -1 0 0
2543 30392f32382f3236 s = 2 47 37 17 27 6 -1000 2 207 -7 -12345
2543 30392f32382f3236 z = 2 0 0 0 0 0 -1000 4 -1 0 0
2543 4d6f6e205365702032382031303a33353a30302032303236 s = -1 47 37 17 27 6 77 3 222 -7 -12345
2543 4d6f6e205365702032382031303a33353a30302032303236 z = -1 0 0 0 0 0 0 0 0 0 0
2543 31303a33353a303020504d s = 2 47 37 17 27 6 -900 0 207 -7 -12345
2543 31303a33353a303020504d z = 2 0 0 0 0 0 -900 2 -1 0 0
2543 204d6f6e s = -1 47 37 17 27 6 77 3 222 -7 -12345
2543 204d6f6e z = -1 0 0 0 0 0 0 0 0 0 0
2543 09536570 s = -1 47 37 17 27 6 77 3 222 -7 -12345
2543 09536570 z = -1 0 0 0 0 0 0 0 0 0 0
2543 20706d s = -1 47 37 17 27 6 77 3 222 -7 -12345
2543 20706d z = -1 0 0 0 0 0 0 0 0 0 0
2543 205a s = -1 47 37 17 27 6 77 3 222 -7 -12345
2543 205a z = -1 0 0 0 0 0 0 0 0 0 0
2543 202b30353330 s = -1 47 37 17 27 6 77 3 222 -7 -12345
2543 202b30353330 z = -1 0 0 0 0 0 0 0 0 0 0
2543 20555443 s = -1 47 37 17 27 6 77 3 222 -7 -12345
2543 20555443 z = -1 0 0 0 0 0 0 0 0 0 0
2543 53756e64617973 s = -1 47 37 17 27 6 77 3 222 -7 -12345
2543 53756e64617973 z = -1 0 0 0 0 0 0 0 0 0 0
2543 4d6179646179 s = -1 47 37 17 27 6 77 3 222 -7 -12345
2543 4d6179646179 z = -1 0 0 0 0 0 0 0 0 0 0
2543 5361742e s = -1 47 37 17 27 6 77 3 222 -7 -12345
2543 5361742e z = -1 0 0 0 0 0 0 0 0 0 0
2543 444543 s = -1 47 37 17 27 6 77 3 222 -7 -12345
2543 444543 z = -1 0 0 0 0 0 0 0 0 0 0
2543 446563656d6265 s = -1 47 37 17 27 6 77 3 222 -7 -12345
2543 446563656d6265 z = -1 0 0 0 0 0 0 0 0 0 0
2564 - s = -1 47 37 17 27 6 77 3 222 -7 -12345
2564 - z = -1 0 0 0 0 0 0 0 0 0 0
2564 20 s = -1 47 37 17 27 6 77 3 222 -7 -12345
2564 20 z = -1 0 0 0 0 0 0 0 0 0 0
2564 30 s = -1 47 37 17 27 6 77 3 222 -7 -12345
2564 30 z = -1 0 0 0 0 0 0 0 0 0 0
2564 3030 s = -1 47 37 17 27 6 77 3 222 -7 -12345
2564 3030 z = -1 0 0 0 0 0 0 0 0 0 0
2564 303030 s = -1 47 37 17 27 6 77 3 222 -7 -12345
2564 303030 z = -1 0 0 0 0 0 0 0 0 0 0
2564 31 s = 1 47 37 17 1 6 77 5 181 -7 -12345
2564 31 z = 1 0 0 0 1 0 0 1 0 0 0
2564 3031 s = 2 47 37 17 1 6 77 5 181 -7 -12345
2564 3031 z = 2 0 0 0 1 0 0 1 0 0 0
2564 303031 s = -1 47 37 17 27 6 77 3 222 -7 -12345
2564 303031 z = -1 0 0 0 0 0 0 0 0 0 0
2564 37 s = 1 47 37 17 7 6 77 4 187 -7 -12345
2564 37 z = 1 0 0 0 7 0 0 0 6 0 0
2564 39 s = 1 47 37 17 9 6 77 6 189 -7 -12345
2564 39 z = 1 0 0 0 9 0 0 2 8 0 0
2564 3132 s = 2 47 37 17 12 6 77 2 192 -7 -12345
2564 3132 z = 2 0 0 0 12 0 0 5 11 0 0
2564 3133 s = 2 47 37 17 13 6 77 3 193 -7 -12345
2564 3133 z = 2 0 0 0 13 0 0 6 12 0 0
2564 3233 s = 2 47 37 17 23 6 77 6 203 -7 -12345
2564 3233 z = 2 0 0 0 23 0 0 2 22 0 0
2564 3234 s = 2 47 37 17 24 6 77 0 204 -7 -12345
2564 3234 z = 2 0 0 0 24 0 0 3 23 0 0
2564 3331 s = 2 47 37 17 31 6 77 0 211 -7 -12345
2564 3331 z = 2 0 0 0 31 0 0 3 30 0 0
2564 3332 s = -1 47 37 17 27 6 77 3 222 -7 -12345
2564 3332 z = -1 0 0 0 0 0 0 0 0 0 0
2564 3533 s = 1 47 37 17 5 6 77 2 185 -7 -12345
2564 3533 z = 1 0 0 0 5 0 0 5 4 0 0
2564 3534 s = 1 47 37 17 5 6 77 2 185 -7 -12345
2564 3534 z = 1 0 0 0 5 0 0 5 4 0 0
2564 3539 s = 1 47 37 17 5 6 77 2 185 -7 -12345
2564 3539 z = 1 0 0 0 5 0 0 5 4 0 0
2564 3630 s = 1 47 37 17 6 6 77 3 186 -7 -12345
2564 3630 z = 1 0 0 0 6 0 0 6 5 0 0
2564 3631 s = 1 47 37 17 6 6 77 3 186 -7 -12345
2564 3631 z = 1 0 0 0 6 0 0 6 5 0 0
2564 3632 s = 1 47 37 17 6 6 77 3 186 -7 -12345
2564 3632 z = 1 0 0 0 6 0 0 6 5 0 0
2564 3639 s = 1 47 37 17 6 6 77 3 186 -7 -12345
2564 3639 z = 1 0 0 0 6 0 0 6 5 0 0
2564 3939 s = 1 47 37 17 9 6 77 6 189 -7 -12345
2564 3939 z = 1 0 0 0 9 0 0 2 8 0 0
2564 313030 s = 2 47 37 17 10 6 77 0 190 -7 -12345
2564 313030 z = 2 0 0 0 10 0 0 3 9 0 0
2564 313233 s = 2 47 37 17 12 6 77 2 192 -7 -12345
2564 313233 z = 2 0 0 0 12 0 0 5 11 0 0
2564 333636 s = -1 47 37 17 27 6 77 3 222 -7 -12345
2564 333636 z = -1 0 0 0 0 0 0 0 0 0 0
2564 333637 s = -1 47 37 17 27 6 77 3 222 -7 -12345
2564 333637 z = -1 0 0 0 0 0 0 0 0 0 0
2564 31393639 s = 2 47 37 17 19 6 77 2 199 -7 -12345
2564 31393639 z = 2 0 0 0 19 0 0 5 18 0 0
2564 32303236 s = 2 47 37 17 20 6 77 3 200 -7 -12345
2564 32303236 z = 2 0 0 0 20 0 0 6 19 0 0
2564 39393939 s = 1 47 37 17 9 6 77 6 189 -7 -12345
2564 39393939 z = 1 0 0 0 9 0 0 2 8 0 0
2564 3130303030 s = 2 47 37 17 10 6 77 0 190 -7 -12345
2564 3130303030 z = 2 0 0 0 10 0 0 3 9 0 0
2564 3132333435 s = 2 47 37 17 12 6 77 2 192 -7 -12345
2564 3132333435 z = 2 0 0 0 12 0 0 5 11 0 0
2564 2035 s = 2 47 37 17 5 6 77 2 185 -7 -12345
2564 2035 z = 2 0 0 0 5 0 0 5 4 0 0
2564 2020313778 s = 4 47 37 17 17 6 77 0 197 -7 -12345
2564 2020313778 z = 4 0 0 0 17 0 0 3 16 0 0
2564 0938 s = 2 47 37 17 8 6 77 5 188 -7 -12345
2564 0938 z = 2 0 0 0 8 0 0 1 7 0 0
2564 0a39 s = 2 47 37 17 9 6 77 6 189 -7 -12345
2564 0a39 z = 2 0 0 0 9 0 0 2 8 0 0
2564 0b33 s = 2 47 37 17 3 6 77 0 183 -7 -12345
2564 0b33 z = 2 0 0 0 3 0 0 3 2 0 0
2564 2d31 s = -1 47 37 17 27 6 77 3 222 -7 -12345
2564 2d31 z = -1 0 0 0 0 0 0 0 0 0 0
2564 2b31 s = -1 47 37 17 27 6 77 3 222 -7 -12345
2564 2b31 z = -1 0 0 0 0 0 0 0 0 0 0
2564 4d6f6e s = -1 47 37 17 27 6 77 3 222 -7 -12345
2564 4d6f6e z = -1 0 0 0 0 0 0 0 0 0 0
2564 6d6f6e646179 s = -1 47 37 17 27 6 77 3 222 -7 -12345
2564 6d6f6e646179 z = -1 0 0 0 0 0 0 0 0 0 0
2564 54554553444159 s = -1 47 37 17 27 6 77 3 222 -7 -12345
2564 54554553444159 z = -1 0 0 0 0 0 0 0 0 0 0
2564 776564 s = -1 47 37 17 27 6 77 3 222 -7 -12345
2564 776564 z = -1 0 0 0 0 0 0 0 0 0 0
2564 5468757273 s = -1 47 37 17 27 6 77 3 222 -7 -12345
2564 5468757273 z = -1 0 0 0 0 0 0 0 0 0 0
2564 536570 s = -1 47 37 17 27 6 77 3 222 -7 -12345
2564 536570 z = -1 0 0 0 0 0 0 0 0 0 0
2564 73657074656d626572 s = -1 47 37 17 27 6 77 3 222 -7 -12345
2564 73657074656d626572 z = -1 0 0 0 0 0 0 0 0 0 0
2564 53657074 s = -1 47 37 17 27 6 77 3 222 -7 -12345
2564 53657074 z = -1 0 0 0 0 0 0 0 0 0 0
2564 4d4159 s = -1 47 37 17 27 6 77 3 222 -7 -12345
2564 4d4159 z = -1 0 0 0 0 0 0 0 0 0 0
2564 414d s = -1 47 37 17 27 6 77 3 222 -7 -12345
2564 414d z = -1 0 0 0 0 0 0 0 0 0 0
2564 706d s = -1 47 37 17 27 6 77 3 222 -7 -12345
2564 706d z = -1 0 0 0 0 0 0 0 0 0 0
2564 612e6d2e s = -1 47 37 17 27 6 77 3 222 -7 -12345
2564 612e6d2e z = -1 0 0 0 0 0 0 0 0 0 0
2564 50 s = -1 47 37 17 27 6 77 3 222 -7 -12345
2564 50 z = -1 0 0 0 0 0 0 0 0 0 0
2564 5a s = -1 47 37 17 27 6 77 3 222 -7 -12345
2564 5a z = -1 0 0 0 0 0 0 0 0 0 0
2564 2b3035 s = -1 47 37 17 27 6 77 3 222 -7 -12345
2564 2b3035 z = -1 0 0 0 0 0 0 0 0 0 0
2564 2d30383030 s = -1 47 37 17 27 6 77 3 222 -7 -12345
2564 2d30383030 z = -1 0 0 0 0 0 0 0 0 0 0
2564 2b30353a3330 s = -1 47 37 17 27 6 77 3 222 -7 -12345
2564 2b30353a3330 z = -1 0 0 0 0 0 0 0 0 0 0
2564 2b30353630 s = -1 47 37 17 27 6 77 3 222 -7 -12345
2564 2b30353630 z = -1 0 0 0 0 0 0 0 0 0 0
2564 2b35 s = -1 47 37 17 27 6 77 3 222 -7 -12345
2564 2b35 z = -1 0 0 0 0 0 0 0 0 0 0
2564 2b313233 s = -1 47 37 17 27 6 77 3 222 -7 -12345
2564 2b313233 z = -1 0 0 0 0 0 0 0 0 0 0
2564 2d31323a33 s = -1 47 37 17 27 6 77 3 222 -7 -12345
2564 2d31323a33 z = -1 0 0 0 0 0 0 0 0 0 0
2564 555443 s = -1 47 37 17 27 6 77 3 222 -7 -12345
2564 555443 z = -1 0 0 0 0 0 0 0 0 0 0
2564 455354354544542078 s = -1 47 37 17 27 6 77 3 222 -7 -12345
2564 455354354544542078 z = -1 0 0 0 0 0 0 0 0 0 0
2564 25 s = -1 47 37 17 27 6 77 3 222 -7 -12345
2564 25 z = -1 0 0 0 0 0 0 0 0 0 0
2564 2578 s = -1 47 37 17 27 6 77 3 222 -7 -12345
2564 2578 z = -1 0 0 0 0 0 0 0 0 0 0
2564 78 s = -1 47 37 17 27 6 77 3 222 -7 -12345
2564 78 z = -1 0 0 0 0 0 0 0 0 0 0
2564 31373237353139373030 s = 2 47 37 17 17 6 77 0 197 -7 -12345
2564 31373237353139373030 z = 2 0 0 0 17 0 0 3 16 0 0
2564 2d35 s = -1 47 37 17 27 6 77 3 222 -7 -12345
2564 2d35 z = -1 0 0 0 0 0 0 0 0 0 0
2564 3939393939393939393939393939393939393939 s = 1 47 37 17 9 6 77 6 189 -7 -12345
2564 3939393939393939393939393939393939393939 z = 1 0 0 0 9 0 0 2 8 0 0
2564 31323a33343a3536 s = 2 47 37 17 12 6 77 2 192 -7 -12345
2564 31323a33343a3536 z = 2 0 0 0 12 0 0 5 11 0 0
2564 323032362d30392d3238 s = 2 47 37 17 20 6 77 3 200 -7 -12345
2564 323032362d30392d3238 z = 2 0 0 0 20 0 0 6 19 0 0
2564 30392f32382f3236 s = 2 47 37 17 9 6 77 6 189 -7 -12345
2564 30392f32382f3236 z = 2 0 0 0 9 0 0 2 8 0 0
2564 4d6f6e205365702032382031303a33353a30302032303236 s = -1 47 37 17 27 6 77 3 222 -7 -12345
2564 4d6f6e205365702032382031303a33353a30302032303236 z = -1 0 0 0 0 0 0 0 0 0 0
2564 31303a33353a303020504d s = 2 47 37 17 10 6 77 0 190 -7 -12345
2564 31303a33353a303020504d z = 2 0 0 0 10 0 0 3 9 0 0
2564 204d6f6e s = -1 47 37 17 27 6 77 3 222 -7 -12345
2564 204d6f6e z = -1 0 0 0 0 0 0 0 0 0 0
2564 09536570 s = -1 47 37 17 27 6 77 3 222 -7 -12345
2564 09536570 z = -1 0 0 0 0 0 0 0 0 0 0
2564 20706d s = -1 47 37 17 27 6 77 3 222 -7 -12345
2564 20706d z = -1 0 0 0 0 0 0 0 0 0 0
2564 205a s = -1 47 37 17 27 6 77 3 222 -7 -12345
2564 205a z = -1 0 0 0 0 0 0 0 0 0 0
2564 202b30353330 s = -1 47 37 17 27 6 77 3 222 -7 -12345
2564 202b30353330 z = -1 0 0 0 0 0 0 0 0 0 0
2564 20555443 s = -1 47 37 17 27 6 77 3 222 -7 -12345
2564 20555443 z = -1 0 0 0 0 0 0 0 0 0 0
2564 53756e64617973 s = -1 47 37 17 27 6 77 3 222 -7 -12345
2564 53756e64617973 z = -1 0 0 0 0 0 0 0 0 0 0
2564 4d6179646179 s = -1 47 37 17 27 6 77 3 222 -7 -12345
2564 4d6179646179 z = -1 0 0 0 0 0 0 0 0 0 0
2564 5361742e s = -1 47 37 17 27 6 77 3 222 -7 -12345
2564 5361742e z = -1 0 0 0 0 0 0 0 0 0 0
2564 444543 s = -1 47 37 17 27 6 77 3 222 -7 -12345
2564 444543 z = -1 0 0 0 0 0 0 0 0 0 0
2564 446563656d6265 s = -1 47 37 17 27 6 77 3 222 -7 -12345
2564 446563656d6265 z = -1 0 0 0 0 0 0 0 0 0 0
2544 - s = -1 47 37 17 27 6 77 3 222 -7 -12345
2544 - z = -1 0 0 0 0 0 0 0 0 0 0
2544 20 s = -1 47 37 17 27 6 77 3 222 -7 -12345
2544 20 z = -1 0 0 0 0 0 0 0 0 0 0
2544 30 s = -1 47 37 17 27 6 77 3 222 -7 -12345
2544 30 z = -1 0 0 0 0 0 0 0 0 0 0
2544 3030 s = -1 47 37 17 27 6 77 3 222 -7 -12345
2544 3030 z = -1 0 0 0 0 0 0 0 0 0 0
2544 303030 s = -1 47 37 17 27 6 77 3 222 -7 -12345
2544 303030 z = -1 0 0 0 0 0 0 0 0 0 0
2544 31 s = -1 47 37 17 27 6 77 3 222 -7 -12345
2544 31 z = -1 0 0 0 0 0 0 0 0 0 0
2544 3031 s = -1 47 37 17 27 6 77 3 222 -7 -12345
2544 3031 z = -1 0 0 0 0 0 0 0 0 0 0
2544 303031 s = -1 47 37 17 27 6 77 3 222 -7 -12345
2544 303031 z = -1 0 0 0 0 0 0 0 0 0 0
2544 37 s = -1 47 37 17 27 6 77 3 222 -7 -12345
2544 37 z = -1 0 0 0 0 0 0 0 0 0 0
2544 39 s = -1 47 37 17 27 6 77 3 222 -7 -12345
2544 39 z = -1 0 0 0 0 0 0 0 0 0 0
2544 3132 s = -1 47 37 17 27 6 77 3 222 -7 -12345
2544 3132 z = -1 0 0 0 0 0 0 0 0 0 0
2544 3133 s = -1 47 37 17 27 6 77 3 222 -7 -12345
2544 3133 z = -1 0 0 0 0 0 0 0 0 0 0
2544 3233 s = -1 47 37 17 27 6 77 3 222 -7 -12345
2544 3233 z = -1 0 0 0 0 0 0 0 0 0 0
2544 3234 s = -1 47 37 17 27 6 77 3 222 -7 -12345
2544 3234 z = -1 0 0 0 0 0 0 0 0 0 0
2544 3331 s = -1 47 37 17 27 6 77 3 222 -7 -12345
2544 3331 z = -1 0 0 0 0 0 0 0 0 0 0
2544 3332 s = -1 47 37 17 27 6 77 3 222 -7 -12345
2544 3332 z = -1 0 0 0 0 0 0 0 0 0 0
2544 3533 s = -1 47 37 17 27 6 77 3 222 -7 -12345
2544 3533 z = -1 0 0 0 0 0 0 0 0 0 0
2544 3534 s = -1 47 37 17 27 6 77 3 222 -7 -12345
2544 3534 z = -1 0 0 0 0 0 0 0 0 0 0
2544 3539 s = -1 47 37 17 27 6 77 3 222 -7 -12345
2544 3539 z = -1 0 0 0 0 0 0 0 0 0 0
2544 3630 s = -1 47 37 17 27 6 77 3 222 -7 -12345
2544 3630 z = -1 0 0 0 0 0 0 0 0 0 0
2544 3631 s = -1 47 37 17 27 6 77 3 222 -7 -12345
2544 3631 z = -1 0 0 0 0 0 0 0 0 0 0
2544 3632 s = -1 47 37 17 27 6 77 3 222 -7 -12345
2544 3632 z = -1 0 0 0 0 0 0 0 0 0 0
2544 3639 s = -1 47 37 17 27 6 77 3 222 -7 -12345
2544 3639 z = -1 0 0 0 0 0 0 0 0 0 0
2544 3939 s = -1 47 37 17 27 6 77 3 222 -7 -12345
2544 3939 z = -1 0 0 0 0 0 0 0 0 0 0
2544 313030 s = -1 47 37 17 27 6 77 3 222 -7 -12345
2544 313030 z = -1 0 0 0 0 0 0 0 0 0 0
2544 313233 s = -1 47 37 17 27 6 77 3 222 -7 -12345
2544 313233 z = -1 0 0 0 0 0 0 0 0 0 0
2544 333636 s = -1 47 37 17 27 6 77 3 222 -7 -12345
2544 333636 z = -1 0 0 0 0 0 0 0 0 0 0
2544 333637 s = -1 47 37 17 27 6 77 3 222 -7 -12345
2544 333637 z = -1 0 0 0 0 0 0 0 0 0 0
2544 31393639 s = -1 47 37 17 27 6 77 3 222 -7 -12345
2544 31393639 z = -1 0 0 0 0 0 0 0 0 0 0
2544 32303236 s = -1 47 37 17 27 6 77 3 222 -7 -12345
2544 32303236 z = -1 0 0 0 0 0 0 0 0 0 0
2544 39393939 s = -1 47 37 17 27 6 77 3 222 -7 -12345
2544 39393939 z = -1 0 0 0 0 0 0 0 0 0 0
2544 3130303030 s = -1 47 37 17 27 6 77 3 222 -7 -12345
2544 3130303030 z = -1 0 0 0 0 0 0 0 0 0 0
2544 3132333435 s = -1 47 37 17 27 6 77 3 222 -7 -12345
2544 3132333435 z = -1 0 0 0 0 0 0 0 0 0 0
2544 2035 s = -1 47 37 17 27 6 77 3 222 -7 -12345
2544 2035 z = -1 0 0 0 0 0 0 0 0 0 0
2544 2020313778 s = -1 47 37 17 27 6 77 3 222 -7 -12345
2544 2020313778 z = -1 0 0 0 0 0 0 0 0 0 0
2544 0938 s = -1 47 37 17 27 6 77 3 222 -7 -12345
2544 0938 z = -1 0 0 0 0 0 0 0 0 0 0
2544 0a39 s = -1 47 37 17 27 6 77 3 222 -7 -12345
2544 0a39 z = -1 0 0 0 0 0 0 0 0 0 0
2544 0b33 s = -1 47 37 17 27 6 77 3 222 -7 -12345
2544 0b33 z = -1 0 0 0 0 0 0 0 0 0 0
2544 2d31 s = -1 47 37 17 27 6 77 3 222 -7 -12345
2544 2d31 z = -1 0 0 0 0 0 0 0 0 0 0
2544 2b31 s = -1 47 37 17 27 6 77 3 222 -7 -12345
2544 2b31 z = -1 0 0 0 0 0 0 0 0 0 0
2544 4d6f6e s = -1 47 37 17 27 6 77 3 222 -7 -12345
2544 4d6f6e z = -1 0 0 0 0 0 0 0 0 0 0
2544 6d6f6e646179 s = -1 47 37 17 27 6 77 3 222 -7 -12345
2544 6d6f6e646179 z = -1 0 0 0 0 0 0 0 0 0 0
2544 54554553444159 s = -1 47 37 17 27 6 77 3 222 -7 -12345
2544 54554553444159 z = -1 0 0 0 0 0 0 0 0 0 0
2544 776564 s = -1 47 37 17 27 6 77 3 222 -7 -12345
2544 776564 z = -1 0 0 0 0 0 0 0 0 0 0
2544 5468757273 s = -1 47 37 17 27 6 77 3 222 -7 -12345
2544 5468757273 z = -1 0 0 0 0 0 0 0 0 0 0
2544 536570 s = -1 47 37 17 27 6 77 3 222 -7 -12345
2544 536570 z = -1 0 0 0 0 0 0 0 0 0 0
2544 73657074656d626572 s = -1 47 37 17 27 6 77 3 222 -7 -12345
2544 73657074656d626572 z = -1 0 0 0 0 0 0 0 0 0 0
2544 53657074 s = -1 47 37 17 27 6 77 3 222 -7 -12345
2544 53657074 z = -1 0 0 0 0 0 0 0 0 0 0
2544 4d4159 s = -1 47 37 17 27 6 77 3 222 -7 -12345
2544 4d4159 z = -1 0 0 0 0 0 0 0 0 0 0
2544 414d s = -1 47 37 17 27 6 77 3 222 -7 -12345
2544 414d z = -1 0 0 0 0 0 0 0 0 0 0
2544 706d s = -1 47 37 17 27 6 77 3 222 -7 -12345
2544 706d z = -1 0 0 0 0 0 0 0 0 0 0
2544 612e6d2e s = -1 47 37 17 27 6 77 3 222 -7 -12345
2544 612e6d2e z = -1 0 0 0 0 0 0 0 0 0 0
2544 50 s = -1 47 37 17 27 6 77 3 222 -7 -12345
2544 50 z = -1 0 0 0 0 0 0 0 0 0 0
2544 5a s = -1 47 37 17 27 6 77 3 222 -7 -12345
2544 5a z = -1 0 0 0 0 0 0 0 0 0 0
2544 2b3035 s = -1 47 37 17 27 6 77 3 222 -7 -12345
2544 2b3035 z = -1 0 0 0 0 0 0 0 0 0 0
2544 2d30383030 s = -1 47 37 17 27 6 77 3 222 -7 -12345
2544 2d30383030 z = -1 0 0 0 0 0 0 0 0 0 0
2544 2b30353a3330 s = -1 47 37 17 27 6 77 3 222 -7 -12345
2544 2b30353a3330 z = -1 0 0 0 0 0 0 0 0 0 0
2544 2b30353630 s = -1 47 37 17 27 6 77 3 222 -7 -12345
2544 2b30353630 z = -1 0 0 0 0 0 0 0 0 0 0
2544 2b35 s = -1 47 37 17 27 6 77 3 222 -7 -12345
2544 2b35 z = -1 0 0 0 0 0 0 0 0 0 0
2544 2b313233 s = -1 47 37 17 27 6 77 3 222 -7 -12345
2544 2b313233 z = -1 0 0 0 0 0 0 0 0 0 0
2544 2d31323a33 s = -1 47 37 17 27 6 77 3 222 -7 -12345
2544 2d31323a33 z = -1 0 0 0 0 0 0 0 0 0 0
2544 555443 s = -1 47 37 17 27 6 77 3 222 -7 -12345
2544 555443 z = -1 0 0 0 0 0 0 0 0 0 0
2544 455354354544542078 s = -1 47 37 17 27 6 77 3 222 -7 -12345
2544 455354354544542078 z = -1 0 0 0 0 0 0 0 0 0 0
2544 25 s = -1 47 37 17 27 6 77 3 222 -7 -12345
2544 25 z = -1 0 0 0 0 0 0 0 0 0 0
2544 2578 s = -1 47 37 17 27 6 77 3 222 -7 -12345
2544 2578 z = -1 0 0 0 0 0 0 0 0 0 0
2544 78 s = -1 47 37 17 27 6 77 3 222 -7 -12345
2544 78 z = -1 0 0 0 0 0 0 0 0 0 0
2544 31373237353139373030 s = -1 47 37 17 27 6 77 3 222 -7 -12345
2544 31373237353139373030 z = -1 0 0 0 0 0 0 0 0 0 0
2544 2d35 s = -1 47 37 17 27 6 77 3 222 -7 -12345
2544 2d35 z = -1 0 0 0 0 0 0 0 0 0 0
2544 3939393939393939393939393939393939393939 s = -1 47 37 17 27 6 77 3 222 -7 -12345
2544 3939393939393939393939393939393939393939 z = -1 0 0 0 0 0 0 0 0 0 0
2544 31323a33343a3536 s = -1 47 37 17 27 6 77 3 222 -7 -12345
2544 31323a33343a3536 z = -1 0 0 0 0 0 0 0 0 0 0
2544 323032362d30392d3238 s = -1 47 37 17 27 6 77 3 222 -7 -12345
2544 323032362d30392d3238 z = -1 0 0 0 0 0 0 0 0 0 0
2544 30392f32382f3236 s = 8 47 37 17 28 8 126 1 270 -7 -12345
2544 30392f32382f3236 z = 8 0 0 0 28 8 126 1 270 0 0
2544 4d6f6e205365702032382031303a33353a30302032303236 s = -1 47 37 17 27 6 77 3 222 -7 -12345
2544 4d6f6e205365702032382031303a33353a30302032303236 z = -1 0 0 0 0 0 0 0 0 0 0
2544 31303a33353a303020504d s = -1 47 37 17 27 6 77 3 222 -7 -12345
2544 31303a33353a303020504d z = -1 0 0 0 0 0 0 0 0 0 0
2544 204d6f6e s = -1 47 37 17 27 6 77 3 222 -7 -12345
2544 204d6f6e z = -1 0 0 0 0 0 0 0 0 0 0
2544 09536570 s = -1 47 37 17 27 6 77 3 222 -7 -12345
2544 09536570 z = -1 0 0 0 0 0 0 0 0 0 0
2544 20706d s = -1 47 37 17 27 6 77 3 222 -7 -12345
2544 20706d z = -1 0 0 0 0 0 0 0 0 0 0
2544 205a s = -1 47 37 17 27 6 77 3 222 -7 -12345
2544 205a z = -1 0 0 0 0 0 0 0 0 0 0
2544 202b30353330 s = -1 47 37 17 27 6 77 3 222 -7 -12345
2544 202b30353330 z = -1 0 0 0 0 0 0 0 0 0 0
2544 20555443 s = -1 47 37 17 27 6 77 3 222 -7 -12345
2544 20555443 z = -1 0 0 0 0 0 0 0 0 0 0
2544 53756e64617973 s = -1 47 37 17 27 6 77 3 222 -7 -12345
2544 53756e64617973 z = -1 0 0 0 0 0 0 0 0 0 0
2544 4d6179646179 s = -1 47 37 17 27 6 77 3 222 -7 -12345
2544 4d6179646179 z = -1 0 0 0 0 0 0 0 0 0 0
2544 5361742e s = -1 47 37 17 27 6 77 3 222 -7 -12345
2544 5361742e z = -1 0 0 0 0 0 0 0 0 0 0
2544 444543 s = -1 47 37 17 27 6 77 3 222 -7 -12345
2544 444543 z = -1 0 0 0 0 0 0 0 0 0 0
2544 446563656d6265 s = -1 47 37 17 27 6 77 3 222 -7 -12345
2544 446563656d6265 z = -1 0 0 0 0 0 0 0 0 0 0
2565 - s = -1 47 37 17 27 6 77 3 222 -7 -12345
2565 - z = -1 0 0 0 0 0 0 0 0 0 0
2565 20 s = -1 47 37 17 27 6 77 3 222 -7 -12345
2565 20 z = -1 0 0 0 0 0 0 0 0 0 0
2565 30 s = -1 47 37 17 27 6 77 3 222 -7 -12345
2565 30 z = -1 0 0 0 0 0 0 0 0 0 0
2565 3030 s = -1 47 37 17 27 6 77 3 222 -7 -12345
2565 3030 z = -1 0 0 0 0 0 0 0 0 0 0
2565 303030 s = -1 47 37 17 27 6 77 3 222 -7 -12345
2565 303030 z = -1 0 0 0 0 0 0 0 0 0 0
2565 31 s = 1 47 37 17 1 6 77 5 181 -7 -12345
2565 31 z = 1 0 0 0 1 0 0 1 0 0 0
2565 3031 s = 2 47 37 17 1 6 77 5 181 -7 -12345
2565 3031 z = 2 0 0 0 1 0 0 1 0 0 0
2565 303031 s = -1 47 37 17 27 6 77 3 222 -7 -12345
2565 303031 z = -1 0 0 0 0 0 0 0 0 0 0
2565 37 s = 1 47 37 17 7 6 77 4 187 -7 -12345
2565 37 z = 1 0 0 0 7 0 0 0 6 0 0
2565 39 s = 1 47 37 17 9 6 77 6 189 -7 -12345
2565 39 z = 1 0 0 0 9 0 0 2 8 0 0
2565 3132 s = 2 47 37 17 12 6 77 2 192 -7 -12345
2565 3132 z = 2 0 0 0 12 0 0 5 11 0 0
2565 3133 s = 2 47 37 17 13 6 77 3 193 -7 -12345
2565 3133 z = 2 0 0 0 13 0 0 6 12 0 0
2565 3233 s = 2 47 37 17 23 6 77 6 203 -7 -12345
2565 3233 z = 2 0 0 0 23 0 0 2 22 0 0
2565 3234 s = 2 47 37 17 24 6 77 0 204 -7 -12345
2565 3234 z = 2 0 0 0 24 0 0 3 23 0 0
2565 3331 s = 2 47 37 17 31 6 77 0 211 -7 -12345
2565 3331 z = 2 0 0 0 31 0 0 3 30 0 0
2565 3332 s = -1 47 37 17 27 6 77 3 222 -7 -12345
2565 3332 z = -1 0 0 0 0 0 0 0 0 0 0
2565 3533 s = 1 47 37 17 5 6 77 2 185 -7 -12345
2565 3533 z = 1 0 0 0 5 0 0 5 4 0 0
2565 3534 s = 1 47 37 17 5 6 77 2 185 -7 -12345
2565 3534 z = 1 0 0 0 5 0 0 5 4 0 0
2565 3539 s = 1 47 37 17 5 6 77 2 185 -7 -12345
2565 3539 z = 1 0 0 0 5 0 0 5 4 0 0
2565 3630 s = 1 47 37 17 6 6 77 3 186 -7 -12345
2565 3630 z = 1 0 0 0 6 0 0 6 5 0 0
2565 3631 s = 1 47 37 17 6 6 77 3 186 -7 -12345
2565 3631 z = 1 0 0 0 6 0 0 6 5 0 0
2565 3632 s = 1 47 37 17 6 6 77 3 186 -7 -12345
2565 3632 z = 1 0 0 0 6 0 0 6 5 0 0
2565 3639 s = 1 47 37 17 6 6 77 3 186 -7 -12345
2565 3639 z = 1 0 0 0 6 0 0 6 5 0 0
2565 3939 s = 1 47 37 17 9 6 77 6 189 -7 -12345
2565 3939 z = 1 0 0 0 9 0 0 2 8 0 0
2565 313030 s = 2 47 37 17 10 6 77 0 190 -7 -12345
2565 313030 z = 2 0 0 0 10 0 0 3 9 0 0
2565 313233 s = 2 47 37 17 12 6 77 2 192 -7 -12345
2565 313233 z = 2 0 0 0 12 0 0 5 11 0 0
2565 333636 s = -1 47 37 17 27 6 77 3 222 -7 -12345
2565 333636 z = -1 0 0 0 0 0 0 0 0 0 0
2565 333637 s = -1 47 37 17 27 6 77 3 222 -7 -12345
2565 333637 z = -1 0 0 0 0 0 0 0 0 0 0
2565 31393639 s = 2 47 37 17 19 6 77 2 199 -7 -12345
2565 31393639 z = 2 0 0 0 19 0 0 5 18 0 0
2565 32303236 s = 2 47 37 17 20 6 77 3 200 -7 -12345
2565 32303236 z = 2 0 0 0 20 0 0 6 19 0 0
2565 39393939 s = 1 47 37 17 9 6 77 6 189 -7 -12345
2565 39393939 z = 1 0 0 0 9 0 0 2 8 0 0
2565 3130303030 s = 2 47 37 17 10 6 77 0 190 -7 -12345
2565 3130303030 z = 2 0 0 0 10 0 0 3 9 0 0
2565 3132333435 s = 2 47 37 17 12 6 77 2 192 -7 -12345
2565 3132333435 z = 2 0 0 0 12 0 0 5 11 0 0
2565 2035 s = 2 47 37 17 5 6 77 2 185 -7 -12345
2565 2035 z = 2 0 0 0 5 0 0 5 4 0 0
2565 2020313778 s = 4 47 37 17 17 6 77 0 197 -7 -12345
2565 2020313778 z = 4 0 0 0 17 0 0 3 16 0 0
2565 0938 s = 2 47 37 17 8 6 77 5 188 -7 -12345
2565 0938 z = 2 0 0 0 8 0 0 1 7 0 0
2565 0a39 s = 2 47 37 17 9 6 77 6 189 -7 -12345
2565 0a39 z = 2 0 0 0 9 0 0 2 8 0 0
2565 0b33 s = 2 47 37 17 3 6 77 0 183 -7 -12345
2565 0b33 z = 2 0 0 0 3 0 0 3 2 0 0
2565 2d31 s = -1 47 37 17 27 6 77 3 222 -7 -12345
2565 2d31 z = -1 0 0 0 0 0 0 0 0 0 0
2565 2b31 s = -1 47 37 17 27 6 77 3 222 -7 -12345
2565 2b31 z = -1 0 0 0 0 0 0 0 0 0 0
2565 4d6f6e s = -1 47 37 17 27 6 77 3 222 -7 -12345
2565 4d6f6e z = -1 0 0 0 0 0 0 0 0 0 0
2565 6d6f6e646179 s = -1 47 37 17 27 6 77 3 222 -7 -12345
2565 6d6f6e646179 z = -1 0 0 0 0 0 0 0 0 0 0
2565 54554553444159 s = -1 47 37 17 27 6 77 3 222 -7 -12345
2565 54554553444159 z = -1 0 0 0 0 0 0 0 0 0 0
2565 776564 s = -1 47 37 17 27 6 77 3 222 -7 -12345
2565 776564 z = -1 0 0 0 0 0 0 0 0 0 0
2565 5468757273 s = -1 47 37 17 27 6 77 3 222 -7 -12345
2565 5468757273 z = -1 0 0 0 0 0 0 0 0 0 0
2565 536570 s = -1 47 37 17 27 6 77 3 222 -7 -12345
2565 536570 z = -1 0 0 0 0 0 0 0 0 0 0
2565 73657074656d626572 s = -1 47 37 17 27 6 77 3 222 -7 -12345
2565 73657074656d626572 z = -1 0 0 0 0 0 0 0 0 0 0
2565 53657074 s = -1 47 37 17 27 6 77 3 222 -7 -12345
2565 53657074 z = -1 0 0 0 0 0 0 0 0 0 0
2565 4d4159 s = -1 47 37 17 27 6 77 3 222 -7 -12345
2565 4d4159 z = -1 0 0 0 0 0 0 0 0 0 0
2565 414d s = -1 47 37 17 27 6 77 3 222 -7 -12345
2565 414d z = -1 0 0 0 0 0 0 0 0 0 0
2565 706d s = -1 47 37 17 27 6 77 3 222 -7 -12345
2565 706d z = -1 0 0 0 0 0 0 0 0 0 0
2565 612e6d2e s = -1 47 37 17 27 6 77 3 222 -7 -12345
2565 612e6d2e z = -1 0 0 0 0 0 0 0 0 0 0
2565 50 s = -1 47 37 17 27 6 77 3 222 -7 -12345
2565 50 z = -1 0 0 0 0 0 0 0 0 0 0
2565 5a s = -1 47 37 17 27 6 77 3 222 -7 -12345
2565 5a z = -1 0 0 0 0 0 0 0 0 0 0
2565 2b3035 s = -1 47 37 17 27 6 77 3 222 -7 -12345
2565 2b3035 z = -1 0 0 0 0 0 0 0 0 0 0
2565 2d30383030 s = -1 47 37 17 27 6 77 3 222 -7 -12345
2565 2d30383030 z = -1 0 0 0 0 0 0 0 0 0 0
2565 2b30353a3330 s = -1 47 37 17 27 6 77 3 222 -7 -12345
2565 2b30353a3330 z = -1 0 0 0 0 0 0 0 0 0 0
2565 2b30353630 s = -1 47 37 17 27 6 77 3 222 -7 -12345
2565 2b30353630 z = -1 0 0 0 0 0 0 0 0 0 0
2565 2b35 s = -1 47 37 17 27 6 77 3 222 -7 -12345
2565 2b35 z = -1 0 0 0 0 0 0 0 0 0 0
2565 2b313233 s = -1 47 37 17 27 6 77 3 222 -7 -12345
2565 2b313233 z = -1 0 0 0 0 0 0 0 0 0 0
2565 2d31323a33 s = -1 47 37 17 27 6 77 3 222 -7 -12345
2565 2d31323a33 z = -1 0 0 0 0 0 0 0 0 0 0
2565 555443 s = -1 47 37 17 27 6 77 3 222 -7 -12345
2565 555443 z = -1 0 0 0 0 0 0 0 0 0 0
2565 455354354544542078 s = -1 47 37 17 27 6 77 3 222 -7 -12345
2565 455354354544542078 z = -1 0 0 0 0 0 0 0 0 0 0
2565 25 s = -1 47 37 17 27 6 77 3 222 -7 -12345
2565 25 z = -1 0 0 0 0 0 0 0 0 0 0
2565 2578 s = -1 47 37 17 27 6 77 3 222 -7 -12345
2565 2578 z = -1 0 0 0 0 0 0 0 0 0 0
2565 78 s = -1 47 37 17 27 6 77 3 222 -7 -12345
2565 78 z = -1 0 0 0 0 0 0 0 0 0 0
2565 31373237353139373030 s = 2 47 37 17 17 6 77 0 197 -7 -12345
2565 31373237353139373030 z = 2 0 0 0 17 0 0 3 16 0 0
2565 2d35 s = -1 47 37 17 27 6 77 3 222 -7 -12345
2565 2d35 z = -1 0 0 0 0 0 0 0 0 0 0
2565 3939393939393939393939393939393939393939 s = 1 47 37 17 9 6 77 6 189 -7 -12345
2565 3939393939393939393939393939393939393939 z = 1 0 0 0 9 0 0 2 8 0 0
2565 31323a33343a3536 s = 2 47 37 17 12 6 77 2 192 -7 -12345
2565 31323a33343a3536 z = 2 0 0 0 12 0 0 5 11 0 0
2565 323032362d30392d3238 s = 2 47 37 17 20 6 77 3 200 -7 -12345
2565 323032362d30392d3238 z = 2 0 0 0 20 0 0 6 19 0 0
2565 30392f32382f3236 s = 2 47 37 17 9 6 77 6 189 -7 -12345
2565 30392f32382f3236 z = 2 0 0 0 9 0 0 2 8 0 0
2565 4d6f6e205365702032382031303a33353a30302032303236 s = -1 47 37 17 27 6 77 3 222 -7 -12345
2565 4d6f6e205365702032382031303a33353a30302032303236 z = -1 0 0 0 0 0 0 0 0 0 0
2565 31303a33353a303020504d s = 2 47 37 17 10 6 77 0 190 -7 -12345
2565 31303a33353a303020504d z = 2 0 0 0 10 0 0 3 9 0 0
2565 204d6f6e s = -1 47 37 17 27 6 77 3 222 -7 -12345
2565 204d6f6e z = -1 0 0 0 0 0 0 0 0 0 0
2565 09536570 s = -1 47 37 17 27 6 77 3 222 -7 -12345
2565 09536570 z = -1 0 0 0 0 0 0 0 0 0 0
2565 20706d s = -1 47 37 17 27 6 77 3 222 -7 -12345
2565 20706d z = -1 0 0 0 0 0 0 0 0 0 0
2565 205a s = -1 47 37 17 27 6 77 3 222 -7 -12345
2565 205a z = -1 0 0 0 0 0 0 0 0 0 0
2565 202b30353330 s = -1 47 37 17 27 6 77 3 222 -7 -12345
2565 202b30353330 z = -1 0 0 0 0 0 0 0 0 0 0
2565 20555443 s = -1 47 37 17 27 6 77 3 222 -7 -12345
2565 20555443 z = -1 0 0 0 0 0 0 0 0 0 0
2565 53756e64617973 s = -1 47 37 17 27 6 77 3 222 -7 -12345
2565 53756e64617973 z = -1 0 0 0 0 0 0 0 0 0 0
2565 4d6179646179 s = -1 47 37 17 27 6 77 3 222 -7 -12345
2565 4d6179646179 z = -1 0 0 0 0 0 0 0 0 0 0
2565 5361742e s = -1 47 37 17 27 6 77 3 222 -7 -12345
2565 5361742e z = -1 0 0 0 0 0 0 0 0 0 0
2565 444543 s = -1 47 37 17 27 6 77 3 222 -7 -12345
2565 444543 z = -1 0 0 0 0 0 0 0 0 0 0
2565 446563656d6265 s = -1 47 37 17 27 6 77 3 222 -7 -12345
2565 446563656d6265 z = -1 0 0 0 0 0 0 0 0 0 0
2546 - s = -1 47 37 17 27 6 77 3 222 -7 -12345
2546 - z = -1 0 0 0 0 0 0 0 0 0 0
2546 20 s = -1 47 37 17 27 6 77 3 222 -7 -12345
2546 20 z = -1 0 0 0 0 0 0 0 0 0 0
2546 30 s = -1 47 37 17 27 6 77 3 222 -7 -12345
2546 30 z = -1 0 0 0 0 0 0 0 0 0 0
2546 3030 s = -1 47 37 17 27 6 77 3 222 -7 -12345
2546 3030 z = -1 0 0 0 0 0 0 0 0 0 0
2546 303030 s = -1 47 37 17 27 6 77 3 222 -7 -12345
2546 303030 z = -1 0 0 0 0 0 0 0 0 0 0
2546 31 s = -1 47 37 17 27 6 77 3 222 -7 -12345
2546 31 z = -1 0 0 0 0 0 0 0 0 0 0
2546 3031 s = -1 47 37 17 27 6 77 3 222 -7 -12345
2546 3031 z = -1 0 0 0 0 0 0 0 0 0 0
2546 303031 s = -1 47 37 17 27 6 77 3 222 -7 -12345
2546 303031 z = -1 0 0 0 0 0 0 0 0 0 0
2546 37 s = -1 47 37 17 27 6 77 3 222 -7 -12345
2546 37 z = -1 0 0 0 0 0 0 0 0 0 0
2546 39 s = -1 47 37 17 27 6 77 3 222 -7 -12345
2546 39 z = -1 0 0 0 0 0 0 0 0 0 0
2546 3132 s = -1 47 37 17 27 6 77 3 222 -7 -12345
2546 3132 z = -1 0 0 0 0 0 0 0 0 0 0
2546 3133 s = -1 47 37 17 27 6 77 3 222 -7 -12345
2546 3133 z = -1 0 0 0 0 0 0 0 0 0 0
2546 3233 s = -1 47 37 17 27 6 77 3 222 -7 -12345
2546 3233 z = -1 0 0 0 0 0 0 0 0 0 0
2546 3234 s = -1 47 37 17 27 6 77 3 222 -7 -12345
2546 3234 z = -1 0 0 0 0 0 0 0 0 0 0
2546 3331 s = -1 47 37 17 27 6 77 3 222 -7 -12345
2546 3331 z = -1 0 0 0 0 0 0 0 0 0 0
2546 3332 s = -1 47 37 17 27 6 77 3 222 -7 -12345
2546 3332 z = -1 0 0 0 0 0 0 0 0 0 0
2546 3533 s = -1 47 37 17 27 6 77 3 222 -7 -12345
2546 3533 z = -1 0 0 0 0 0 0 0 0 0 0
2546 3534 s = -1 47 37 17 27 6 77 3 222 -7 -12345
2546 3534 z = -1 0 0 0 0 0 0 0 0 0 0
2546 3539 s = -1 47 37 17 27 6 77 3 222 -7 -12345
2546 3539 z = -1 0 0 0 0 0 0 0 0 0 0
2546 3630 s = -1 47 37 17 27 6 77 3 222 -7 -12345
2546 3630 z = -1 0 0 0 0 0 0 0 0 0 0
2546 3631 s = -1 47 37 17 27 6 77 3 222 -7 -12345
2546 3631 z = -1 0 0 0 0 0 0 0 0 0 0
2546 3632 s = -1 47 37 17 27 6 77 3 222 -7 -12345
2546 3632 z = -1 0 0 0 0 0 0 0 0 0 0
2546 3639 s = -1 47 37 17 27 6 77 3 222 -7 -12345
2546 3639 z = -1 0 0 0 0 0 0 0 0 0 0
2546 3939 s = -1 47 37 17 27 6 77 3 222 -7 -12345
2546 3939 z = -1 0 0 0 0 0 0 0 0 0 0
2546 313030 s = -1 47 37 17 27 6 77 3 222 -7 -12345
2546 313030 z = -1 0 0 0 0 0 0 0 0 0 0
2546 313233 s = -1 47 37 17 27 6 77 3 222 -7 -12345
2546 313233 z = -1 0 0 0 0 0 0 0 0 0 0
2546 333636 s = -1 47 37 17 27 6 77 3 222 -7 -12345
2546 333636 z = -1 0 0 0 0 0 0 0 0 0 0
2546 333637 s = -1 47 37 17 27 6 77 3 222 -7 -12345
2546 333637 z = -1 0 0 0 0 0 0 0 0 0 0
2546 31393639 s = -1 47 37 17 27 6 77 3 222 -7 -12345
2546 31393639 z = -1 0 0 0 0 0 0 0 0 0 0
2546 32303236 s = -1 47 37 17 27 6 77 3 222 -7 -12345
2546 32303236 z = -1 0 0 0 0 0 0 0 0 0 0
2546 39393939 s = -1 47 37 17 27 6 77 3 222 -7 -12345
2546 39393939 z = -1 0 0 0 0 0 0 0 0 0 0
2546 3130303030 s = -1 47 37 17 27 6 77 3 222 -7 -12345
2546 3130303030 z = -1 0 0 0 0 0 0 0 0 0 0
2546 3132333435 s = -1 47 37 17 27 6 77 3 222 -7 -12345
2546 3132333435 z = -1 0 0 0 0 0 0 0 0 0 0
2546 2035 s = -1 47 37 17 27 6 77 3 222 -7 -12345
2546 2035 z = -1 0 0 0 0 0 0 0 0 0 0
2546 2020313778 s = -1 47 37 17 27 6 77 3 222 -7 -12345
2546 2020313778 z = -1 0 0 0 0 0 0 0 0 0 0
2546 0938 s = -1 47 37 17 27 6 77 3 222 -7 -12345
2546 0938 z = -1 0 0 0 0 0 0 0 0 0 0
2546 0a39 s = -1 47 37 17 27 6 77 3 222 -7 -12345
2546 0a39 z = -1 0 0 0 0 0 0 0 0 0 0
2546 0b33 s = -1 47 37 17 27 6 77 3 222 -7 -12345
2546 0b33 z = -1 0 0 0 0 0 0 0 0 0 0
2546 2d31 s = -1 47 37 17 27 6 77 3 222 -7 -12345
2546 2d31 z = -1 0 0 0 0 0 0 0 0 0 0
2546 2b31 s = -1 47 37 17 27 6 77 3 222 -7 -12345
2546 2b31 z = -1 0 0 0 0 0 0 0 0 0 0
2546 4d6f6e s = -1 47 37 17 27 6 77 3 222 -7 -12345
2546 4d6f6e z = -1 0 0 0 0 0 0 0 0 0 0
2546 6d6f6e646179 s = -1 47 37 17 27 6 77 3 222 -7 -12345
2546 6d6f6e646179 z = -1 0 0 0 0 0 0 0 0 0 0
2546 54554553444159 s = -1 47 37 17 27 6 77 3 222 -7 -12345
2546 54554553444159 z = -1 0 0 0 0 0 0 0 0 0 0
2546 776564 s = -1 47 37 17 27 6 77 3 222 -7 -12345
2546 776564 z = -1 0 0 0 0 0 0 0 0 0 0
2546 5468757273 s = -1 47 37 17 27 6 77 3 222 -7 -12345
2546 5468757273 z = -1 0 0 0 0 0 0 0 0 0 0
2546 536570 s = -1 47 37 17 27 6 77 3 222 -7 -12345
2546 536570 z = -1 0 0 0 0 0 0 0 0 0 0
2546 73657074656d626572 s = -1 47 37 17 27 6 77 3 222 -7 -12345
2546 73657074656d626572 z = -1 0 0 0 0 0 0 0 0 0 0
2546 53657074 s = -1 47 37 17 27 6 77 3 222 -7 -12345
2546 53657074 z = -1 0 0 0 0 0 0 0 0 0 0
2546 4d4159 s = -1 47 37 17 27 6 77 3 222 -7 -12345
2546 4d4159 z = -1 0 0 0 0 0 0 0 0 0 0
2546 414d s = -1 47 37 17 27 6 77 3 222 -7 -12345
2546 414d z = -1 0 0 0 0 0 0 0 0 0 0
2546 706d s = -1 47 37 17 27 6 77 3 222 -7 -12345
2546 706d z = -1 0 0 0 0 0 0 0 0 0 0
2546 612e6d2e s = -1 47 37 17 27 6 77 3 222 -7 -12345
2546 612e6d2e z = -1 0 0 0 0 0 0 0 0 0 0
2546 50 s = -1 47 37 17 27 6 77 3 222 -7 -12345
2546 50 z = -1 0 0 0 0 0 0 0 0 0 0
2546 5a s = -1 47 37 17 27 6 77 3 222 -7 -12345
2546 5a z = -1 0 0 0 0 0 0 0 0 0 0
2546 2b3035 s = -1 47 37 17 27 6 77 3 222 -7 -12345
2546 2b3035 z = -1 0 0 0 0 0 0 0 0 0 0
2546 2d30383030 s = -1 47 37 17 27 6 77 3 222 -7 -12345
2546 2d30383030 z = -1 0 0 0 0 0 0 0 0 0 0
2546 2b30353a3330 s = -1 47 37 17 27 6 77 3 222 -7 -12345
2546 2b30353a3330 z = -1 0 0 0 0 0 0 0 0 0 0
2546 2b30353630 s = -1 47 37 17 27 6 77 3 222 -7 -12345
2546 2b30353630 z = -1 0 0 0 0 0 0 0 0 0 0
2546 2b35 s = -1 47 37 17 27 6 77 3 222 -7 -12345
2546 2b35 z = -1 0 0 0 0 0 0 0 0 0 0
2546 2b313233 s = -1 47 37 17 27 6 77 3 222 -7 -12345
2546 2b313233 z = -1 0 0 0 0 0 0 0 0 0 0
2546 2d31323a33 s = -1 47 37 17 27 6 77 3 222 -7 -12345
2546 2d31323a33 z = -1 0 0 0 0 0 0 0 0 0 0
2546 555443 s = -1 47 37 17 27 6 77 3 222 -7 -12345
2546 555443 z = -1 0 0 0 0 0 0 0 0 0 0
2546 455354354544542078 s = -1 47 37 17 27 6 77 3 222 -7 -12345
2546 455354354544542078 z = -1 0 0 0 0 0 0 0 0 0 0
2546 25 s = -1 47 37 17 27 6 77 3 222 -7 -12345
2546 25 z = -1 0 0 0 0 0 0 0 0 0 0
2546 2578 s = -1 47 37 17 27 6 77 3 222 -7 -12345
2546 2578 z = -1 0 0 0 0 0 0 0 0 0 0
2546 78 s = -1 47 37 17 27 6 77 3 222 -7 -12345
2546 78 z = -1 0 0 0 0 0 0 0 0 0 0
2546 31373237353139373030 s = -1 47 37 17 27 6 77 3 222 -7 -12345
2546 31373237353139373030 z = -1 0 0 0 0 0 0 0 0 0 0
2546 2d35 s = -1 47 37 17 27 6 77 3 222 -7 -12345
2546 2d35 z = -1 0 0 0 0 0 0 0 0 0 0
2546 3939393939393939393939393939393939393939 s = -1 47 37 17 27 6 77 3 222 -7 -12345
2546 3939393939393939393939393939393939393939 z = -1 0 0 0 0 0 0 0 0 0 0
2546 31323a33343a3536 s = -1 47 37 17 27 6 77 3 222 -7 -12345
2546 31323a33343a3536 z = -1 0 0 0 0 0 0 0 0 0 0
2546 323032362d30392d3238 s = 10 47 37 17 28 8 126 1 270 -7 -12345
2546 323032362d30392d3238 z = 10 0 0 0 28 8 126 1 270 0 0
2546 30392f32382f3236 s = -1 47 37 17 27 6 77 3 222 -7 -12345
2546 30392f32382f3236 z = -1 0 0 0 0 0 0 0 0 0 0
2546 4d6f6e205365702032382031303a33353a30302032303236 s = -1 47 37 17 27 6 77 3 222 -7 -12345
2546 4d6f6e205365702032382031303a33353a30302032303236 z = -1 0 0 0 0 0 0 0 0 0 0
2546 31303a33353a303020504d s = -1 47 37 17 27 6 77 3 222 -7 -12345
2546 31303a33353a303020504d z = -1 0 0 0 0 0 0 0 0 0 0
2546 204d6f6e s = -1 47 37 17 27 6 77 3 222 -7 -12345
2546 204d6f6e z = -1 0 0 0 0 0 0 0 0 0 0
2546 09536570 s = -1 47 37 17 27 6 77 3 222 -7 -12345
2546 09536570 z = -1 0 0 0 0 0 0 0 0 0 0
2546 20706d s = -1 47 37 17 27 6 77 3 222 -7 -12345
2546 20706d z = -1 0 0 0 0 0 0 0 0 0 0
2546 205a s = -1 47 37 17 27 6 77 3 222 -7 -12345
2546 205a z = -1 0 0 0 0 0 0 0 0 0 0
2546 202b30353330 s = -1 47 37 17 27 6 77 3 222 -7 -12345
2546 202b30353330 z = -1 0 0 0 0 0 0 0 0 0 0
2546 20555443 s = -1 47 37 17 27 6 77 3 222 -7 -12345
2546 20555443 z = -1 0 0 0 0 0 0 0 0 0 0
2546 53756e64617973 s = -1 47 37 17 27 6 77 3 222 -7 -12345
2546 53756e64617973 z = -1 0 0 0 0 0 0 0 0 0 0
2546 4d6179646179 s = -1 47 37 17 27 6 77 3 222 -7 -12345
2546 4d6179646179 z = -1 0 0 0 0 0 0 0 0 0 0
2546 5361742e s = -1 47 37 17 27 6 77 3 222 -7 -12345
2546 5361742e z = -1 0 0 0 0 0 0 0 0 0 0
2546 444543 s = -1 47 37 17 27 6 77 3 222 -7 -12345
2546 444543 z = -1 0 0 0 0 0 0 0 0 0 0
2546 446563656d6265 s = -1 47 37 17 27 6 77 3 222 -7 -12345
2546 446563656d6265 z = -1 0 0 0 0 0 0 0 0 0 0
2567 - s = -1 47 37 17 27 6 77 3 222 -7 -12345
2567 - z = -1 0 0 0 0 0 0 0 0 0 0
2567 20 s = -1 47 37 17 27 6 77 3 222 -7 -12345
2567 20 z = -1 0 0 0 0 0 0 0 0 0 0
2567 30 s = 1 47 37 17 27 6 77 3 222 -7 -12345
2567 30 z = 1 0 0 0 0 0 0 0 0 0 0
2567 3030 s = 2 47 37 17 27 6 77 3 222 -7 -12345
2567 3030 z = 2 0 0 0 0 0 0 0 0 0 0
2567 303030 s = 2 47 37 17 27 6 77 3 222 -7 -12345
2567 303030 z = 2 0 0 0 0 0 0 0 0 0 0
2567 31 s = 1 47 37 17 27 6 77 3 222 -7 -12345
2567 31 z = 1 0 0 0 0 0 0 0 0 0 0
2567 3031 s = 2 47 37 17 27 6 77 3 222 -7 -12345
2567 3031 z = 2 0 0 0 0 0 0 0 0 0 0
2567 303031 s = 2 47 37 17 27 6 77 3 222 -7 -12345
2567 303031 z = 2 0 0 0 0 0 0 0 0 0 0
2567 37 s = 1 47 37 17 27 6 77 3 222 -7 -12345
2567 37 z = 1 0 0 0 0 0 0 0 0 0 0
2567 39 s = 1 47 37 17 27 6 77 3 222 -7 -12345
2567 39 z = 1 0 0 0 0 0 0 0 0 0 0
2567 3132 s = 2 47 37 17 27 6 77 3 222 -7 -12345
2567 3132 z = 2 0 0 0 0 0 0 0 0 0 0
2567 3133 s = 2 47 37 17 27 6 77 3 222 -7 -12345
2567 3133 z = 2 0 0 0 0 0 0 0 0 0 0
2567 3233 s = 2 47 37 17 27 6 77 3 222 -7 -12345
2567 3233 z = 2 0 0 0 0 0 0 0 0 0 0
2567 3234 s = 2 47 37 17 27 6 77 3 222 -7 -12345
2567 3234 z = 2 0 0 0 0 0 0 0 0 0 0
2567 3331 s = 2 47 37 17 27 6 77 3 222 -7 -12345
2567 3331 z = 2 0 0 0 0 0 0 0 0 0 0
2567 3332 s = 2 47 37 17 27 6 77 3 222 -7 -12345
2567 3332 z = 2 0 0 0 0 0 0 0 0 0 0
2567 3533 s = 2 47 37 17 27 6 77 3 222 -7 -12345
2567 3533 z = 2 0 0 0 0 0 0 0 0 0 0
2567 3534 s = 2 47 37 17 27 6 77 3 222 -7 -12345
2567 3534 z = 2 0 0 0 0 0 0 0 0 0 0
2567 3539 s = 2 47 37 17 27 6 77 3 222 -7 -12345
2567 3539 z = 2 0 0 0 0 0 0 0 0 0 0
2567 3630 s = 2 47 37 17 27 6 77 3 222 -7 -12345
2567 3630 z = 2 0 0 0 0 0 0 0 0 0 0
2567 3631 s = 2 47 37 17 27 6 77 3 222 -7 -12345
2567 3631 z = 2 0 0 0 0 0 0 0 0 0 0
2567 3632 s = 2 47 37 17 27 6 77 3 222 -7 -12345
2567 3632 z = 2 0 0 0 0 0 0 0 0 0 0
2567 3639 s = 2 47 37 17 27 6 77 3 222 -7 -12345
2567 3639 z = 2 0 0 0 0 0 0 0 0 0 0
2567 3939 s = 2 47 37 17 27 6 77 3 222 -7 -12345
2567 3939 z = 2 0 0 0 0 0 0 0 0 0 0
2567 313030 s = 2 47 37 17 27 6 77 3 222 -7 -12345
2567 313030 z = 2 0 0 0 0 0 0 0 0 0 0
2567 313233 s = 2 47 37 17 27 6 77 3 222 -7 -12345
2567 313233 z = 2 0 0 0 0 0 0 0 0 0 0
2567 333636 s = 2 47 37 17 27 6 77 3 222 -7 -12345
2567 333636 z = 2 0 0 0 0 0 0 0 0 0 0
2567 333637 s = 2 47 37 17 27 6 77 3 222 -7 -12345
2567 333637 z = 2 0 0 0 0 0 0 0 0 0 0
2567 31393639 s = 2 47 37 17 27 6 77 3 222 -7 -12345
2567 31393639 z = 2 0 0 0 0 0 0 0 0 0 0
2567 32303236 s = 2 47 37 17 27 6 77 3 222 -7 -12345
2567 32303236 z = 2 0 0 0 0 0 0 0 0 0 0
2567 39393939 s = 2 47 37 17 27 6 77 3 222 -7 -12345
2567 39393939 z = 2 0 0 0 0 0 0 0 0 0 0
2567 3130303030 s = 2 47 37 17 27 6 77 3 222 -7 -12345
2567 3130303030 z = 2 0 0 0 0 0 0 0 0 0 0
2567 3132333435 s = 2 47 37 17 27 6 77 3 222 -7 -12345
2567 3132333435 z = 2 0 0 0 0 0 0 0 0 0 0
2567 2035 s = 2 47 37 17 27 6 77 3 222 -7 -12345
2567 2035 z = 2 0 0 0 0 0 0 0 0 0 0
2567 2020313778 s = 4 47 37 17 27 6 77 3 222 -7 -12345
2567 2020313778 z = 4 0 0 0 0 0 0 0 0 0 0
2567 0938 s = 2 47 37 17 27 6 77 3 222 -7 -12345
2567 0938 z = 2 0 0 0 0 0 0 0 0 0 0
2567 0a39 s = 2 47 37 17 27 6 77 3 222 -7 -12345
2567 0a39 z = 2 0 0 0 0 0 0 0 0 0 0
2567 0b33 s = 2 47 37 17 27 6 77 3 222 -7 -12345
2567 0b33 z = 2 0 0 0 0 0 0 0 0 0 0
2567 2d31 s = -1 47 37 17 27 6 77 3 222 -7 -12345
2567 2d31 z = -1 0 0 0 0 0 0 0 0 0 0
2567 2b31 s = -1 47 37 17 27 6 77 3 222 -7 -12345
2567 2b31 z = -1 0 0 0 0 0 0 0 0 0 0
2567 4d6f6e s = -1 47 37 17 27 6 77 3 222 -7 -12345
2567 4d6f6e z = -1 0 0 0 0 0 0 0 0 0 0
2567 6d6f6e646179 s = -1 47 37 17 27 6 77 3 222 -7 -12345
2567 6d6f6e646179 z = -1 0 0 0 0 0 0 0 0 0 0
2567 54554553444159 s = -1 47 37 17 27 6 77 3 222 -7 -12345
2567 54554553444159 z = -1 0 0 0 0 0 0 0 0 0 0
2567 776564 s = -1 47 37 17 27 6 77 3 222 -7 -12345
2567 776564 z = -1 0 0 0 0 0 0 0 0 0 0
2567 5468757273 s = -1 47 37 17 27 6 77 3 222 -7 -12345
2567 5468757273 z = -1 0 0 0 0 0 0 0 0 0 0
2567 536570 s = -1 47 37 17 27 6 77 3 222 -7 -12345
2567 536570 z = -1 0 0 0 0 0 0 0 0 0 0
2567 73657074656d626572 s = -1 47 37 17 27 6 77 3 222 -7 -12345
2567 73657074656d626572 z = -1 0 0 0 0 0 0 0 0 0 0
2567 53657074 s = -1 47 37 17 27 6 77 3 222 -7 -12345
2567 53657074 z = -1 0 0 0 0 0 0 0 0 0 0
2567 4d4159 s = -1 47 37 17 27 6 77 3 222 -7 -12345
2567 4d4159 z = -1 0 0 0 0 0 0 0 0 0 0
2567 414d s = -1 47 37 17 27 6 77 3 222 -7 -12345
2567 414d z = -1 0 0 0 0 0 0 0 0 0 0
2567 706d s = -1 47 37 17 27 6 77 3 222 -7 -12345
2567 706d z = -1 0 0 0 0 0 0 0 0 0 0
2567 612e6d2e s = -1 47 37 17 27 6 77 3 222 -7 -12345
2567 612e6d2e z = -1 0 0 0 0 0 0 0 0 0 0
2567 50 s = -1 47 37 17 27 6 77 3 222 -7 -12345
2567 50 z = -1 0 0 0 0 0 0 0 0 0 0
2567 5a s = -1 47 37 17 27 6 77 3 222 -7 -12345
2567 5a z = -1 0 0 0 0 0 0 0 0 0 0
2567 2b3035 s = -1 47 37 17 27 6 77 3 222 -7 -12345
2567 2b3035 z = -1 0 0 0 0 0 0 0 0 0 0
2567 2d30383030 s = -1 47 37 17 27 6 77 3 222 -7 -12345
2567 2d30383030 z = -1 0 0 0 0 0 0 0 0 0 0
2567 2b30353a3330 s = -1 47 37 17 27 6 77 3 222 -7 -12345
2567 2b30353a3330 z = -1 0 0 0 0 0 0 0 0 0 0
2567 2b30353630 s = -1 47 37 17 27 6 77 3 222 -7 -12345
2567 2b30353630 z = -1 0 0 0 0 0 0 0 0 0 0
2567 2b35 s = -1 47 37 17 27 6 77 3 222 -7 -12345
2567 2b35 z = -1 0 0 0 0 0 0 0 0 0 0
2567 2b313233 s = -1 47 37 17 27 6 77 3 222 -7 -12345
2567 2b313233 z = -1 0 0 0 0 0 0 0 0 0 0
2567 2d31323a33 s = -1 47 37 17 27 6 77 3 222 -7 -12345
2567 2d31323a33 z = -1 0 0 0 0 0 0 0 0 0 0
2567 555443 s = -1 47 37 17 27 6 77 3 222 -7 -12345
2567 555443 z = -1 0 0 0 0 0 0 0 0 0 0
2567 455354354544542078 s = -1 47 37 17 27 6 77 3 222 -7 -12345
2567 455354354544542078 z = -1 0 0 0 0 0 0 0 0 0 0
2567 25 s = -1 47 37 17 27 6 77 3 222 -7 -12345
2567 25 z = -1 0 0 0 0 0 0 0 0 0 0
2567 2578 s = -1 47 37 17 27 6 77 3 222 -7 -12345
2567 2578 z = -1 0 0 0 0 0 0 0 0 0 0
2567 78 s = -1 47 37 17 27 6 77 3 222 -7 -12345
2567 78 z = -1 0 0 0 0 0 0 0 0 0 0
2567 31373237353139373030 s = 2 47 37 17 27 6 77 3 222 -7 -12345
2567 31373237353139373030 z = 2 0 0 0 0 0 0 0 0 0 0
2567 2d35 s = -1 47 37 17 27 6 77 3 222 -7 -12345
2567 2d35 z = -1 0 0 0 0 0 0 0 0 0 0
2567 3939393939393939393939393939393939393939 s = 2 47 37 17 27 6 77 3 222 -7 -12345
2567 3939393939393939393939393939393939393939 z = 2 0 0 0 0 0 0 0 0 0 0
2567 31323a33343a3536 s = 2 47 37 17 27 6 77 3 222 -7 -12345
2567 31323a33343a3536 z = 2 0 0 0 0 0 0 0 0 0 0
2567 323032362d30392d3238 s = 2 47 37 17 27 6 77 3 222 -7 -12345
2567 323032362d30392d3238 z = 2 0 0 0 0 0 0 0 0 0 0
2567 30392f32382f3236 s = 2 47 37 17 27 6 77 3 222 -7 -12345
2567 30392f32382f3236 z = 2 0 0 0 0 0 0 0 0 0 0
2567 4d6f6e205365702032382031303a33353a30302032303236 s = -1 47 37 17 27 6 77 3 222 -7 -12345
2567 4d6f6e205365702032382031303a33353a30302032303236 z = -1 0 0 0 0 0 0 0 0 0 0
2567 31303a33353a303020504d s = 2 47 37 17 27 6 77 3 222 -7 -12345
2567 31303a33353a303020504d z = 2 0 0 0 0 0 0 0 0 0 0
2567 204d6f6e s = -1 47 37 17 27 6 77 3 222 -7 -12345
2567 204d6f6e z = -1 0 0 0 0 0 0 0 0 0 0
2567 09536570 s = -1 47 37 17 27 6 77 3 222 -7 -12345
2567 09536570 z = -1 0 0 0 0 0 0 0 0 0 0
2567 20706d s = -1 47 37 17 27 6 77 3 222 -7 -12345
2567 20706d z = -1 0 0 0 0 0 0 0 0 0 0
2567 205a s = -1 47 37 17 27 6 77 3 222 -7 -12345
2567 205a z = -1 0 0 0 0 0 0 0 0 0 0
2567 202b30353330 s = -1 47 37 17 27 6 77 3 222 -7 -12345
2567 202b30353330 z = -1 0 0 0 0 0 0 0 0 0 0
2567 20555443 s = -1 47 37 17 27 6 77 3 222 -7 -12345
2567 20555443 z = -1 0 0 0 0 0 0 0 0 0 0
2567 53756e64617973 s = -1 47 37 17 27 6 77 3 222 -7 -12345
2567 53756e64617973 z = -1 0 0 0 0 0 0 0 0 0 0
2567 4d6179646179 s = -1 47 37 17 27 6 77 3 222 -7 -12345
2567 4d6179646179 z = -1 0 0 0 0 0 0 0 0 0 0
2567 5361742e s = -1 47 37 17 27 6 77 3 222 -7 -12345
2567 5361742e z = -1 0 0 0 0 0 0 0 0 0 0
2567 444543 s = -1 47 37 17 27 6 77 3 222 -7 -12345
2567 444543 z = -1 0 0 0 0 0 0 0 0 0 0
2567 446563656d6265 s = -1 47 37 17 27 6 77 3 222 -7 -12345
2567 446563656d6265 z = -1 0 0 0 0 0 0 0 0 0 0
2547 - s = -1 47 37 17 27 6 77 3 222 -7 -12345
2547 - z = -1 0 0 0 0 0 0 0 0 0 0
2547 20 s = -1 47 37 17 27 6 77 3 222 -7 -12345
2547 20 z = -1 0 0 0 0 0 0 0 0 0 0
2547 30 s = 1 47 37 17 27 6 77 3 222 -7 -12345
2547 30 z = 1 0 0 0 0 0 0 0 0 0 0
2547 3030 s = 2 47 37 17 27 6 77 3 222 -7 -12345
2547 3030 z = 2 0 0 0 0 0 0 0 0 0 0
2547 303030 s = 3 47 37 17 27 6 77 3 222 -7 -12345
2547 303030 z = 3 0 0 0 0 0 0 0 0 0 0
2547 31 s = 1 47 37 17 27 6 77 3 222 -7 -12345
2547 31 z = 1 0 0 0 0 0 0 0 0 0 0
2547 3031 s = 2 47 37 17 27 6 77 3 222 -7 -12345
2547 3031 z = 2 0 0 0 0 0 0 0 0 0 0
2547 303031 s = 3 47 37 17 27 6 77 3 222 -7 -12345
2547 303031 z = 3 0 0 0 0 0 0 0 0 0 0
2547 37 s = 1 47 37 17 27 6 77 3 222 -7 -12345
2547 37 z = 1 0 0 0 0 0 0 0 0 0 0
2547 39 s = 1 47 37 17 27 6 77 3 222 -7 -12345
2547 39 z = 1 0 0 0 0 0 0 0 0 0 0
2547 3132 s = 2 47 37 17 27 6 77 3 222 -7 -12345
2547 3132 z = 2 0 0 0 0 0 0 0 0 0 0
2547 3133 s = 2 47 37 17 27 6 77 3 222 -7 -12345
2547 3133 z = 2 0 0 0 0 0 0 0 0 0 0
2547 3233 s = 2 47 37 17 27 6 77 3 222 -7 -12345
2547 3233 z = 2 0 0 0 0 0 0 0 0 0 0
2547 3234 s = 2 47 37 17 27 6 77 3 222 -7 -12345
2547 3234 z = 2 0 0 0 0 0 0 0 0 0 0
2547 3331 s = 2 47 37 17 27 6 77 3 222 -7 -12345
2547 3331 z = 2 0 0 0 0 0 0 0 0 0 0
2547 3332 s = 2 47 37 17 27 6 77 3 222 -7 -12345
2547 3332 z = 2 0 0 0 0 0 0 0 0 0 0
2547 3533 s = 2 47 37 17 27 6 77 3 222 -7 -12345
2547 3533 z = 2 0 0 0 0 0 0 0 0 0 0
2547 3534 s = 2 47 37 17 27 6 77 3 222 -7 -12345
2547 3534 z = 2 0 0 0 0 0 0 0 0 0 0
2547 3539 s = 2 47 37 17 27 6 77 3 222 -7 -12345
2547 3539 z = 2 0 0 0 0 0 0 0 0 0 0
2547 3630 s = 2 47 37 17 27 6 77 3 222 -7 -12345
2547 3630 z = 2 0 0 0 0 0 0 0 0 0 0
2547 3631 s = 2 47 37 17 27 6 77 3 222 -7 -12345
2547 3631 z = 2 0 0 0 0 0 0 0 0 0 0
2547 3632 s = 2 47 37 17 27 6 77 3 222 -7 -12345
2547 3632 z = 2 0 0 0 0 0 0 0 0 0 0
2547 3639 s = 2 47 37 17 27 6 77 3 222 -7 -12345
2547 3639 z = 2 0 0 0 0 0 0 0 0 0 0
2547 3939 s = 2 47 37 17 27 6 77 3 222 -7 -12345
2547 3939 z = 2 0 0 0 0 0 0 0 0 0 0
2547 313030 s = 3 47 37 17 27 6 77 3 222 -7 -12345
2547 313030 z = 3 0 0 0 0 0 0 0 0 0 0
2547 313233 s = 3 47 37 17 27 6 77 3 222 -7 -12345
2547 313233 z = 3 0 0 0 0 0 0 0 0 0 0
2547 333636 s = 3 47 37 17 27 6 77 3 222 -7 -12345
2547 333636 z = 3 0 0 0 0 0 0 0 0 0 0
2547 333637 s = 3 47 37 17 27 6 77 3 222 -7 -12345
2547 333637 z = 3 0 0 0 0 0 0 0 0 0 0
2547 31393639 s = 4 47 37 17 27 6 77 3 222 -7 -12345
2547 31393639 z = 4 0 0 0 0 0 0 0 0 0 0
2547 32303236 s = 4 47 37 17 27 6 77 3 222 -7 -12345
2547 32303236 z = 4 0 0 0 0 0 0 0 0 0 0
2547 39393939 s = 4 47 37 17 27 6 77 3 222 -7 -12345
2547 39393939 z = 4 0 0 0 0 0 0 0 0 0 0
2547 3130303030 s = 5 47 37 17 27 6 77 3 222 -7 -12345
2547 3130303030 z = 5 0 0 0 0 0 0 0 0 0 0
2547 3132333435 s = 5 47 37 17 27 6 77 3 222 -7 -12345
2547 3132333435 z = 5 0 0 0 0 0 0 0 0 0 0
2547 2035 s = -1 47 37 17 27 6 77 3 222 -7 -12345
2547 2035 z = -1 0 0 0 0 0 0 0 0 0 0
2547 2020313778 s = -1 47 37 17 27 6 77 3 222 -7 -12345
2547 2020313778 z = -1 0 0 0 0 0 0 0 0 0 0
2547 0938 s = -1 47 37 17 27 6 77 3 222 -7 -12345
2547 0938 z = -1 0 0 0 0 0 0 0 0 0 0
2547 0a39 s = -1 47 37 17 27 6 77 3 222 -7 -12345
2547 0a39 z = -1 0 0 0 0 0 0 0 0 0 0
2547 0b33 s = -1 47 37 17 27 6 77 3 222 -7 -12345
2547 0b33 z = -1 0 0 0 0 0 0 0 0 0 0
2547 2d31 s = -1 47 37 17 27 6 77 3 222 -7 -12345
2547 2d31 z = -1 0 0 0 0 0 0 0 0 0 0
2547 2b31 s = -1 47 37 17 27 6 77 3 222 -7 -12345
2547 2b31 z = -1 0 0 0 0 0 0 0 0 0 0
2547 4d6f6e s = -1 47 37 17 27 6 77 3 222 -7 -12345
2547 4d6f6e z = -1 0 0 0 0 0 0 0 0 0 0
2547 6d6f6e646179 s = -1 47 37 17 27 6 77 3 222 -7 -12345
2547 6d6f6e646179 z = -1 0 0 0 0 0 0 0 0 0 0
2547 54554553444159 s = -1 47 37 17 27 6 77 3 222 -7 -12345
2547 54554553444159 z = -1 0 0 0 0 0 0 0 0 0 0
2547 776564 s = -1 47 37 17 27 6 77 3 222 -7 -12345
2547 776564 z = -1 0 0 0 0 0 0 0 0 0 0
2547 5468757273 s = -1 47 37 17 27 6 77 3 222 -7 -12345
2547 5468757273 z = -1 0 0 0 0 0 0 0 0 0 0
2547 536570 s = -1 47 37 17 27 6 77 3 222 -7 -12345
2547 536570 z = -1 0 0 0 0 0 0 0 0 0 0
2547 73657074656d626572 s = -1 47 37 17 27 6 77 3 222 -7 -12345
2547 73657074656d626572 z = -1 0 0 0 0 0 0 0 0 0 0
2547 53657074 s = -1 47 37 17 27 6 77 3 222 -7 -12345
2547 53657074 z = -1 0 0 0 0 0 0 0 0 0 0
2547 4d4159 s = -1 47 37 17 27 6 77 3 222 -7 -12345
2547 4d4159 z = -1 0 0 0 0 0 0 0 0 0 0
2547 414d s = -1 47 37 17 27 6 77 3 222 -7 -12345
2547 414d z = -1 0 0 0 0 0 0 0 0 0 0
2547 706d s = -1 47 37 17 27 6 77 3 222 -7 -12345
2547 706d z = -1 0 0 0 0 0 0 0 0 0 0
2547 612e6d2e s = -1 47 37 17 27 6 77 3 222 -7 -12345
2547 612e6d2e z = -1 0 0 0 0 0 0 0 0 0 0
2547 50 s = -1 47 37 17 27 6 77 3 222 -7 -12345
2547 50 z = -1 0 0 0 0 0 0 0 0 0 0
2547 5a s = -1 47 37 17 27 6 77 3 222 -7 -12345
2547 5a z = -1 0 0 0 0 0 0 0 0 0 0
2547 2b3035 s = -1 47 37 17 27 6 77 3 222 -7 -12345
2547 2b3035 z = -1 0 0 0 0 0 0 0 0 0 0
2547 2d30383030 s = -1 47 37 17 27 6 77 3 222 -7 -12345
2547 2d30383030 z = -1 0 0 0 0 0 0 0 0 0 0
2547 2b30353a3330 s = -1 47 37 17 27 6 77 3 222 -7 -12345
2547 2b30353a3330 z = -1 0 0 0 0 0 0 0 0 0 0
2547 2b30353630 s = -1 47 37 17 27 6 77 3 222 -7 -12345
2547 2b30353630 z = -1 0 0 0 0 0 0 0 0 0 0
2547 2b35 s = -1 47 37 17 27 6 77 3 222 -7 -12345
2547 2b35 z = -1 0 0 0 0 0 0 0 0 0 0
2547 2b313233 s = -1 47 37 17 27 6 77 3 222 -7 -12345
2547 2b313233 z = -1 0 0 0 0 0 0 0 0 0 0
2547 2d31323a33 s = -1 47 37 17 27 6 77 3 222 -7 -12345
2547 2d31323a33 z = -1 0 0 0 0 0 0 0 0 0 0
2547 555443 s = -1 47 37 17 27 6 77 3 222 -7 -12345
2547 555443 z = -1 0 0 0 0 0 0 0 0 0 0
2547 455354354544542078 s = -1 47 37 17 27 6 77 3 222 -7 -12345
2547 455354354544542078 z = -1 0 0 0 0 0 0 0 0 0 0
2547 25 s = -1 47 37 17 27 6 77 3 222 -7 -12345
2547 25 z = -1 0 0 0 0 0 0 0 0 0 0
2547 2578 s = -1 47 37 17 27 6 77 3 222 -7 -12345
2547 2578 z = -1 0 0 0 0 0 0 0 0 0 0
2547 78 s = -1 47 37 17 27 6 77 3 222 -7 -12345
2547 78 z = -1 0 0 0 0 0 0 0 0 0 0
2547 31373237353139373030 s = 10 47 37 17 27 6 77 3 222 -7 -12345
2547 31373237353139373030 z = 10 0 0 0 0 0 0 0 0 0 0
2547 2d35 s = -1 47 37 17 27 6 77 3 222 -7 -12345
2547 2d35 z = -1 0 0 0 0 0 0 0 0 0 0
2547 3939393939393939393939393939393939393939 s = 20 47 37 17 27 6 77 3 222 -7 -12345
2547 3939393939393939393939393939393939393939 z = 20 0 0 0 0 0 0 0 0 0 0
2547 31323a33343a3536 s = 2 47 37 17 27 6 77 3 222 -7 -12345
2547 31323a33343a3536 z = 2 0 0 0 0 0 0 0 0 0 0
2547 323032362d30392d3238 s = 4 47 37 17 27 6 77 3 222 -7 -12345
2547 323032362d30392d3238 z = 4 0 0 0 0 0 0 0 0 0 0
2547 30392f32382f3236 s = 2 47 37 17 27 6 77 3 222 -7 -12345
2547 30392f32382f3236 z = 2 0 0 0 0 0 0 0 0 0 0
2547 4d6f6e205365702032382031303a33353a30302032303236 s = -1 47 37 17 27 6 77 3 222 -7 -12345
2547 4d6f6e205365702032382031303a33353a30302032303236 z = -1 0 0 0 0 0 0 0 0 0 0
2547 31303a33353a303020504d s = 2 47 37 17 27 6 77 3 222 -7 -12345
2547 31303a33353a303020504d z = 2 0 0 0 0 0 0 0 0 0 0
2547 204d6f6e s = -1 47 37 17 27 6 77 3 222 -7 -12345
2547 204d6f6e z = -1 0 0 0 0 0 0 0 0 0 0
2547 09536570 s = -1 47 37 17 27 6 77 3 222 -7 -12345
2547 09536570 z = -1 0 0 0 0 0 0 0 0 0 0
2547 20706d s = -1 47 37 17 27 6 77 3 222 -7 -12345
2547 20706d z = -1 0 0 0 0 0 0 0 0 0 0
2547 205a s = -1 47 37 17 27 6 77 3 222 -7 -12345
2547 205a z = -1 0 0 0 0 0 0 0 0 0 0
2547 202b30353330 s = -1 47 37 17 27 6 77 3 222 -7 -12345
2547 202b30353330 z = -1 0 0 0 0 0 0 0 0 0 0
2547 20555443 s = -1 47 37 17 27 6 77 3 222 -7 -12345
2547 20555443 z = -1 0 0 0 0 0 0 0 0 0 0
2547 53756e64617973 s = -1 47 37 17 27 6 77 3 222 -7 -12345
2547 53756e64617973 z = -1 0 0 0 0 0 0 0 0 0 0
2547 4d6179646179 s = -1 47 37 17 27 6 77 3 222 -7 -12345
2547 4d6179646179 z = -1 0 0 0 0 0 0 0 0 0 0
2547 5361742e s = -1 47 37 17 27 6 77 3 222 -7 -12345
2547 5361742e z = -1 0 0 0 0 0 0 0 0 0 0
2547 444543 s = -1 47 37 17 27 6 77 3 222 -7 -12345
2547 444543 z = -1 0 0 0 0 0 0 0 0 0 0
2547 446563656d6265 s = -1 47 37 17 27 6 77 3 222 -7 -12345
2547 446563656d6265 z = -1 0 0 0 0 0 0 0 0 0 0
2548 - s = -1 47 37 17 27 6 77 3 222 -7 -12345
2548 - z = -1 0 0 0 0 0 0 0 0 0 0
2548 20 s = -1 47 37 17 27 6 77 3 222 -7 -12345
2548 20 z = -1 0 0 0 0 0 0 0 0 0 0
2548 30 s = 1 47 37 0 27 6 77 3 222 -7 -12345
2548 30 z = 1 0 0 0 0 0 0 0 0 0 0
2548 3030 s = 2 47 37 0 27 6 77 3 222 -7 -12345
2548 3030 z = 2 0 0 0 0 0 0 0 0 0 0
2548 303030 s = 2 47 37 0 27 6 77 3 222 -7 -12345
2548 303030 z = 2 0 0 0 0 0 0 0 0 0 0
2548 31 s = 1 47 37 1 27 6 77 3 222 -7 -12345
2548 31 z = 1 0 0 1 0 0 0 0 0 0 0
2548 3031 s = 2 47 37 1 27 6 77 3 222 -7 -12345
2548 3031 z = 2 0 0 1 0 0 0 0 0 0 0
2548 303031 s = 2 47 37 0 27 6 77 3 222 -7 -12345
2548 303031 z = 2 0 0 0 0 0 0 0 0 0 0
2548 37 s = 1 47 37 7 27 6 77 3 222 -7 -12345
2548 37 z = 1 0 0 7 0 0 0 0 0 0 0
2548 39 s = 1 47 37 9 27 6 77 3 222 -7 -12345
2548 39 z = 1 0 0 9 0 0 0 0 0 0 0
2548 3132 s = 2 47 37 12 27 6 77 3 222 -7 -12345
2548 3132 z = 2 0 0 12 0 0 0 0 0 0 0
2548 3133 s = 2 47 37 13 27 6 77 3 222 -7 -12345
2548 3133 z = 2 0 0 13 0 0 0 0 0 0 0
2548 3233 s = 2 47 37 23 27 6 77 3 222 -7 -12345
2548 3233 z = 2 0 0 23 0 0 0 0 0 0 0
2548 3234 s = -1 47 37 17 27 6 77 3 222 -7 -12345
2548 3234 z = -1 0 0 0 0 0 0 0 0 0 0
2548 3331 s = 1 47 37 3 27 6 77 3 222 -7 -12345
2548 3331 z = 1 0 0 3 0 0 0 0 0 0 0
2548 3332 s = 1 47 37 3 27 6 77 3 222 -7 -12345
2548 3332 z = 1 0 0 3 0 0 0 0 0 0 0
2548 3533 s = 1 47 37 5 27 6 77 3 222 -7 -12345
2548 3533 z = 1 0 0 5 0 0 0 0 0 0 0
2548 3534 s = 1 47 37 5 27 6 77 3 222 -7 -12345
2548 3534 z = 1 0 0 5 0 0 0 0 0 0 0
2548 3539 s = 1 47 37 5 27 6 77 3 222 -7 -12345
2548 3539 z = 1 0 0 5 0 0 0 0 0 0 0
2548 3630 s = 1 47 37 6 27 6 77 3 222 -7 -12345
2548 3630 z = 1 0 0 6 0 0 0 0 0 0 0
2548 3631 s = 1 47 37 6 27 6 77 3 222 -7 -12345
2548 3631 z = 1 0 0 6 0 0 0 0 0 0 0
2548 3632 s = 1 47 37 6 27 6 77 3 222 -7 -12345
2548 3632 z = 1 0 0 6 0 0 0 0 0 0 0
2548 3639 s = 1 47 37 6 27 6 77 3 222 -7 -12345
2548 3639 z = 1 0 0 6 0 0 0 0 0 0 0
2548 3939 s = 1 47 37 9 27 6 77 3 222 -7 -12345
2548 3939 z = 1 0 0 9 0 0 0 0 0 0 0
2548 313030 s = 2 47 37 10 27 6 77 3 222 -7 -12345
2548 313030 z = 2 0 0 10 0 0 0 0 0 0 0
2548 313233 s = 2 47 37 12 27 6 77 3 222 -7 -12345
2548 313233 z = 2 0 0 12 0 0 0 0 0 0 0
2548 333636 s = 1 47 37 3 27 6 77 3 222 -7 -12345
2548 333636 z = 1 0 0 3 0 0 0 0 0 0 0
2548 333637 s = 1 47 37 3 27 6 77 3 222 -7 -12345
2548 333637 z = 1 0 0 3 0 0 0 0 0 0 0
2548 31393639 s = 2 47 37 19 27 6 77 3 222 -7 -12345
2548 31393639 z = 2 0 0 19 0 0 0 0 0 0 0
2548 32303236 s = 2 47 37 20 27 6 77 3 222 -7 -12345
2548 32303236 z = 2 0 0 20 0 0 0 0 0 0 0
2548 39393939 s = 1 47 37 9 27 6 77 3 222 -7 -12345
2548 39393939 z = 1 0 0 9 0 0 0 0 0 0 0
2548 3130303030 s = 2 47 37 10 27 6 77 3 222 -7 -12345
2548 3130303030 z = 2 0 0 10 0 0 0 0 0 0 0
2548 3132333435 s = 2 47 37 12 27 6 77 3 222 -7 -12345
2548 3132333435 z = 2 0 0 12 0 0 0 0 0 0 0
2548 2035 s = 2 47 37 5 27 6 77 3 222 -7 -12345
2548 2035 z = 2 0 0 5 0 0 0 0 0 0 0
2548 2020313778 s = 4 47 37 17 27 6 77 3 222 -7 -12345
2548 2020313778 z = 4 0 0 17 0 0 0 0 0 0 0
2548 0938 s = 2 47 37 8 27 6 77 3 222 -7 -12345
2548 0938 z = 2 0 0 8 0 0 0 0 0 0 0
2548 0a39 s = 2 47 37 9 27 6 77 3 222 -7 -12345
2548 0a39 z = 2 0 0 9 0 0 0 0 0 0 0
2548 0b33 s = 2 47 37 3 27 6 77 3 222 -7 -12345
2548 0b33 z = 2 0 0 3 0 0 0 0 0 0 0
2548 2d31 s = -1 47 37 17 27 6 77 3 222 -7 -12345
2548 2d31 z = -1 0 0 0 0 0 0 0 0 0 0
2548 2b31 s = -1 47 37 17 27 6 77 3 222 -7 -12345
2548 2b31 z = -1 0 0 0 0 0 0 0 0 0 0
2548 4d6f6e s = -1 47 37 17 27 6 77 3 222 -7 -12345
2548 4d6f6e z = -1 0 0 0 0 0 0 0 0 0 0
2548 6d6f6e646179 s = -1 47 37 17 27 6 77 3 222 -7 -12345
2548 6d6f6e646179 z = -1 0 0 0 0 0 0 0 0 0 0
2548 54554553444159 s = -1 47 37 17 27 6 77 3 222 -7 -12345
2548 54554553444159 z = -1 0 0 0 0 0 0 0 0 0 0
2548 776564 s = -1 47 37 17 27 6 77 3 222 -7 -12345
2548 776564 z = -1 0 0 0 0 0 0 0 0 0 0
2548 5468757273 s = -1 47 37 17 27 6 77 3 222 -7 -12345
2548 5468757273 z = -1 0 0 0 0 0 0 0 0 0 0
2548 536570 s = -1 47 37 17 27 6 77 3 222 -7 -12345
2548 536570 z = -1 0 0 0 0 0 0 0 0 0 0
2548 73657074656d626572 s = -1 47 37 17 27 6 77 3 222 -7 -12345
2548 73657074656d626572 z = -1 0 0 0 0 0 0 0 0 0 0
2548 53657074 s = -1 47 37 17 27 6 77 3 222 -7 -12345
2548 53657074 z = -1 0 0 0 0 0 0 0 0 0 0
2548 4d4159 s = -1 47 37 17 27 6 77 3 222 -7 -12345
2548 4d4159 z = -1 0 0 0 0 0 0 0 0 0 0
2548 414d s = -1 47 37 17 27 6 77 3 222 -7 -12345
2548 414d z = -1 0 0 0 0 0 0 0 0 0 0
2548 706d s = -1 47 37 17 27 6 77 3 222 -7 -12345
2548 706d z = -1 0 0 0 0 0 0 0 0 0 0
2548 612e6d2e s = -1 47 37 17 27 6 77 3 222 -7 -12345
2548 612e6d2e z = -1 0 0 0 0 0 0 0 0 0 0
2548 50 s = -1 47 37 17 27 6 77 3 222 -7 -12345
2548 50 z = -1 0 0 0 0 0 0 0 0 0 0
2548 5a s = -1 47 37 17 27 6 77 3 222 -7 -12345
2548 5a z = -1 0 0 0 0 0 0 0 0 0 0
2548 2b3035 s = -1 47 37 17 27 6 77 3 222 -7 -12345
2548 2b3035 z = -1 0 0 0 0 0 0 0 0 0 0
2548 2d30383030 s = -1 47 37 17 27 6 77 3 222 -7 -12345
2548 2d30383030 z = -1 0 0 0 0 0 0 0 0 0 0
2548 2b30353a3330 s = -1 47 37 17 27 6 77 3 222 -7 -12345
2548 2b30353a3330 z = -1 0 0 0 0 0 0 0 0 0 0
2548 2b30353630 s = -1 47 37 17 27 6 77 3 222 -7 -12345
2548 2b30353630 z = -1 0 0 0 0 0 0 0 0 0 0
2548 2b35 s = -1 47 37 17 27 6 77 3 222 -7 -12345
2548 2b35 z = -1 0 0 0 0 0 0 0 0 0 0
2548 2b313233 s = -1 47 37 17 27 6 77 3 222 -7 -12345
2548 2b313233 z = -1 0 0 0 0 0 0 0 0 0 0
2548 2d31323a33 s = -1 47 37 17 27 6 77 3 222 -7 -12345
2548 2d31323a33 z = -1 0 0 0 0 0 0 0 0 0 0
2548 555443 s = -1 47 37 17 27 6 77 3 222 -7 -12345
2548 555443 z = -1 0 0 0 0 0 0 0 0 0 0
2548 455354354544542078 s = -1 47 37 17 27 6 77 3 222 -7 -12345
2548 455354354544542078 z = -1 0 0 0 0 0 0 0 0 0 0
2548 25 s = -1 47 37 17 27 6 77 3 222 -7 -12345
2548 25 z = -1 0 0 0 0 0 0 0 0 0 0
2548 2578 s = -1 47 37 17 27 6 77 3 222 -7 -12345
2548 2578 z = -1 0 0 0 0 0 0 0 0 0 0
2548 78 s = -1 47 37 17 27 6 77 3 222 -7 -12345
2548 78 z = -1 0 0 0 0 0 0 0 0 0 0
2548 31373237353139373030 s = 2 47 37 17 27 6 77 3 222 -7 -12345
2548 31373237353139373030 z = 2 0 0 17 0 0 0 0 0 0 0
2548 2d35 s = -1 47 37 17 27 6 77 3 222 -7 -12345
2548 2d35 z = -1 0 0 0 0 0 0 0 0 0 0
2548 3939393939393939393939393939393939393939 s = 1 47 37 9 27 6 77 3 222 -7 -12345
2548 3939393939393939393939393939393939393939 z = 1 0 0 9 0 0 0 0 0 0 0
2548 31323a33343a3536 s = 2 47 37 12 27 6 77 3 222 -7 -12345
2548 31323a33343a3536 z = 2 0 0 12 0 0 0 0 0 0 0
2548 323032362d30392d3238 s = 2 47 37 20 27 6 77 3 222 -7 -12345
2548 323032362d30392d3238 z = 2 0 0 20 0 0 0 0 0 0 0
2548 30392f32382f3236 s = 2 47 37 9 27 6 77 3 222 -7 -12345
2548 30392f32382f3236 z = 2 0 0 9 0 0 0 0 0 0 0
2548 4d6f6e205365702032382031303a33353a30302032303236 s = -1 47 37 17 27 6 77 3 222 -7 -12345
2548 4d6f6e205365702032382031303a33353a30302032303236 z = -1 0 0 0 0 0 0 0 0 0 0
2548 31303a33353a303020504d s = 2 47 37 10 27 6 77 3 222 -7 -12345
2548 31303a33353a303020504d z = 2 0 0 10 0 0 0 0 0 0 0
2548 204d6f6e s = -1 47 37 17 27 6 77 3 222 -7 -12345
2548 204d6f6e z = -1 0 0 0 0 0 0 0 0 0 0
2548 09536570 s = -1 47 37 17 27 6 77 3 222 -7 -12345
2548 09536570 z = -1 0 0 0 0 0 0 0 0 0 0
2548 20706d s = -1 47 37 17 27 6 77 3 222 -7 -12345
2548 20706d z = -1 0 0 0 0 0 0 0 0 0 0
2548 205a s = -1 47 37 17 27 6 77 3 222 -7 -12345
2548 205a z = -1 0 0 0 0 0 0 0 0 0 0
2548 202b30353330 s = -1 47 37 17 27 6 77 3 222 -7 -12345
2548 202b30353330 z = -1 0 0 0 0 0 0 0 0 0 0
2548 20555443 s = -1 47 37 17 27 6 77 3 222 -7 -12345
2548 20555443 z = -1 0 0 0 0 0 0 0 0 0 0
2548 53756e64617973 s = -1 47 37 17 27 6 77 3 222 -7 -12345
2548 53756e64617973 z = -1 0 0 0 0 0 0 0 0 0 0
2548 4d6179646179 s = -1 47 37 17 27 6 77 3 222 -7 -12345
2548 4d6179646179 z = -1 0 0 0 0 0 0 0 0 0 0
2548 5361742e s = -1 47 37 17 27 6 77 3 222 -7 -12345
2548 5361742e z = -1 0 0 0 0 0 0 0 0 0 0
2548 444543 s = -1 47 37 17 27 6 77 3 222 -7 -12345
2548 444543 z = -1 0 0 0 0 0 0 0 0 0 0
2548 446563656d6265 s = -1 47 37 17 27 6 77 3 222 -7 -12345
2548 446563656d6265 z = -1 0 0 0 0 0 0 0 0 0 0
2549 - s = -1 47 37 17 27 6 77 3 222 -7 -12345
2549 - z = -1 0 0 0 0 0 0 0 0 0 0
2549 20 s = -1 47 37 17 27 6 77 3 222 -7 -12345
2549 20 z = -1 0 0 0 0 0 0 0 0 0 0
2549 30 s = -1 47 37 17 27 6 77 3 222 -7 -12345
2549 30 z = -1 0 0 0 0 0 0 0 0 0 0
2549 3030 s = -1 47 37 17 27 6 77 3 222 -7 -12345
2549 3030 z = -1 0 0 0 0 0 0 0 0 0 0
2549 303030 s = -1 47 37 17 27 6 77 3 222 -7 -12345
2549 303030 z = -1 0 0 0 0 0 0 0 0 0 0
2549 31 s = 1 47 37 1 27 6 77 3 222 -7 -12345
2549 31 z = 1 0 0 1 0 0 0 0 0 0 0
2549 3031 s = 2 47 37 1 27 6 77 3 222 -7 -12345
2549 3031 z = 2 0 0 1 0 0 0 0 0 0 0
2549 303031 s = -1 47 37 17 27 6 77 3 222 -7 -12345
2549 303031 z = -1 0 0 0 0 0 0 0 0 0 0
2549 37 s = 1 47 37 7 27 6 77 3 222 -7 -12345
2549 37 z = 1 0 0 7 0 0 0 0 0 0 0
2549 39 s = 1 47 37 9 27 6 77 3 222 -7 -12345
2549 39 z = 1 0 0 9 0 0 0 0 0 0 0
2549 3132 s = 2 47 37 0 27 6 77 3 222 -7 -12345
2549 3132 z = 2 0 0 0 0 0 0 0 0 0 0
2549 3133 s = -1 47 37 17 27 6 77 3 222 -7 -12345
2549 3133 z = -1 0 0 0 0 0 0 0 0 0 0
2549 3233 s = 1 47 37 2 27 6 77 3 222 -7 -12345
2549 3233 z = 1 0 0 2 0 0 0 0 0 0 0
2549 3234 s = 1 47 37 2 27 6 77 3 222 -7 -12345
2549 3234 z = 1 0 0 2 0 0 0 0 0 0 0
2549 3331 s = 1 47 37 3 27 6 77 3 222 -7 -12345
2549 3331 z = 1 0 0 3 0 0 0 0 0 0 0
2549 3332 s = 1 47 37 3 27 6 77 3 222 -7 -12345
2549 3332 z = 1 0 0 3 0 0 0 0 0 0 0
2549 3533 s = 1 47 37 5 27 6 77 3 222 -7 -12345
2549 3533 z = 1 0 0 5 0 0 0 0 0 0 0
2549 3534 s = 1 47 37 5 27 6 77 3 222 -7 -12345
2549 3534 z = 1 0 0 5 0 0 0 0 0 0 0
2549 3539 s = 1 47 37 5 27 6 77 3 222 -7 -12345
2549 3539 z = 1 0 0 5 0 0 0 0 0 0 0
2549 3630 s = 1 47 37 6 27 6 77 3 222 -7 -12345
2549 3630 z = 1 0 0 6 0 0 0 0 0 0 0
2549 3631 s = 1 47 37 6 27 6 77 3 222 -7 -12345
2549 3631 z = 1 0 0 6 0 0 0 0 0 0 0
2549 3632 s = 1 47 37 6 27 6 77 3 222 -7 -12345
2549 3632 z = 1 0 0 6 0 0 0 0 0 0 0
2549 3639 s = 1 47 37 6 27 6 77 3 222 -7 -12345
2549 3639 z = 1 0 0 6 0 0 0 0 0 0 0
2549 3939 s = 1 47 37 9 27 6 77 3 222 -7 -12345
2549 3939 z = 1 0 0 9 0 0 0 0 0 0 0
2549 313030 s = 2 47 37 10 27 6 77 3 222 -7 -12345
2549 313030 z = 2 0 0 10 0 0 0 0 0 0 0
2549 313233 s = 2 47 37 0 27 6 77 3 222 -7 -12345
2549 313233 z = 2 0 0 0 0 0 0 0 0 0 0
2549 333636 s = 1 47 37 3 27 6 77 3 222 -7 -12345
2549 333636 z = 1 0 0 3 0 0 0 0 0 0 0
2549 333637 s = 1 47 37 3 27 6 77 3 222 -7 -12345
2549 333637 z = 1 0 0 3 0 0 0 0 0 0 0
2549 31393639 s = -1 47 37 17 27 6 77 3 222 -7 -12345
2549 31393639 z = -1 0 0 0 0 0 0 0 0 0 0
2549 32303236 s = 1 47 37 2 27 6 77 3 222 -7 -12345
2549 32303236 z = 1 0 0 2 0 0 0 0 0 0 0
2549 39393939 s = 1 47 37 9 27 6 77 3 222 -7 -12345
2549 39393939 z = 1 0 0 9 0 0 0 0 0 0 0
2549 3130303030 s = 2 47 37 10 27 6 77 3 222 -7 -12345
2549 3130303030 z = 2 0 0 10 0 0 0 0 0 0 0
2549 3132333435 s = 2 47 37 0 27 6 77 3 222 -7 -12345
2549 3132333435 z = 2 0 0 0 0 0 0 0 0 0 0
2549 2035 s = 2 47 37 5 27 6 77 3 222 -7 -12345
2549 2035 z = 2 0 0 5 0 0 0 0 0 0 0
2549 2020313778 s = -1 47 37 17 27 6 77 3 222 -7 -12345
2549 2020313778 z = -1 0 0 0 0 0 0 0 0 0 0
2549 0938 s = 2 47 37 8 27 6 77 3 222 -7 -12345
2549 0938 z = 2 0 0 8 0 0 0 0 0 0 0
2549 0a39 s = 2 47 37 9 27 6 77 3 222 -7 -12345
2549 0a39 z = 2 0 0 9 0 0 0 0 0 0 0
2549 0b33 s = 2 47 37 3 27 6 77 3 222 -7 -12345
2549 0b33 z = 2 0 0 3 0 0 0 0 0 0 0
2549 2d31 s = -1 47 37 17 27 6 77 3 222 -7 -12345
2549 2d31 z = -1 0 0 0 0 0 0 0 0 0 0
2549 2b31 s = -1 47 37 17 27 6 77 3 222 -7 -12345
2549 2b31 z = -1 0 0 0 0 0 0 0 0 0 0
2549 4d6f6e s = -1 47 37 17 27 6 77 3 222 -7 -12345
2549 4d6f6e z = -1 0 0 0 0 0 0 0 0 0 0
2549 6d6f6e646179 s = -1 47 37 17 27 6 77 3 222 -7 -12345
2549 6d6f6e646179 z = -1 0 0 0 0 0 0 0 0 0 0
2549 54554553444159 s = -1 47 37 17 27 6 77 3 222 -7 -12345
2549 54554553444159 z = -1 0 0 0 0 0 0 0 0 0 0
2549 776564 s = -1 47 37 17 27 6 77 3 222 -7 -12345
2549 776564 z = -1 0 0 0 0 0 0 0 0 0 0
2549 5468757273 s = -1 47 37 17 27 6 77 3 222 -7 -12345
2549 5468757273 z = -1 0 0 0 0 0 0 0 0 0 0
2549 536570 s = -1 47 37 17 27 6 77 3 222 -7 -12345
2549 536570 z = -1 0 0 0 0 0 0 0 0 0 0
2549 73657074656d626572 s = -1 47 37 17 27 6 77 3 222 -7 -12345
2549 73657074656d626572 z = -1 0 0 0 0 0 0 0 0 0 0
2549 53657074 s = -1 47 37 17 27 6 77 3 222 -7 -12345
2549 53657074 z = -1 0 0 0 0 0 0 0 0 0 0
2549 4d4159 s = -1 47 37 17 27 6 77 3 222 -7 -12345
2549 4d4159 z = -1 0 0 0 0 0 0 0 0 0 0
2549 414d s = -1 47 37 17 27 6 77 3 222 -7 -12345
2549 414d z = -1 0 0 0 0 0 0 0 0 0 0
2549 706d s = -1 47 37 17 27 6 77 3 222 -7 -12345
2549 706d z = -1 0 0 0 0 0 0 0 0 0 0
2549 612e6d2e s = -1 47 37 17 27 6 77 3 222 -7 -12345
2549 612e6d2e z = -1 0 0 0 0 0 0 0 0 0 0
2549 50 s = -1 47 37 17 27 6 77 3 222 -7 -12345
2549 50 z = -1 0 0 0 0 0 0 0 0 0 0
2549 5a s = -1 47 37 17 27 6 77 3 222 -7 -12345
2549 5a z = -1 0 0 0 0 0 0 0 0 0 0
2549 2b3035 s = -1 47 37 17 27 6 77 3 222 -7 -12345
2549 2b3035 z = -1 0 0 0 0 0 0 0 0 0 0
2549 2d30383030 s = -1 47 37 17 27 6 77 3 222 -7 -12345
2549 2d30383030 z = -1 0 0 0 0 0 0 0 0 0 0
2549 2b30353a3330 s = -1 47 37 17 27 6 77 3 222 -7 -12345
2549 2b30353a3330 z = -1 0 0 0 0 0 0 0 0 0 0
2549 2b30353630 s = -1 47 37 17 27 6 77 3 222 -7 -12345
2549 2b30353630 z = -1 0 0 0 0 0 0 0 0 0 0
2549 2b35 s = -1 47 37 17 27 6 77 3 222 -7 -12345
2549 2b35 z = -1 0 0 0 0 0 0 0 0 0 0
2549 2b313233 s = -1 47 37 17 27 6 77 3 222 -7 -12345
2549 2b313233 z = -1 0 0 0 0 0 0 0 0 0 0
2549 2d31323a33 s = -1 47 37 17 27 6 77 3 222 -7 -12345
2549 2d31323a33 z = -1 0 0 0 0 0 0 0 0 0 0
2549 555443 s = -1 47 37 17 27 6 77 3 222 -7 -12345
2549 555443 z = -1 0 0 0 0 0 0 0 0 0 0
2549 455354354544542078 s = -1 47 37 17 27 6 77 3 222 -7 -12345
2549 455354354544542078 z = -1 0 0 0 0 0 0 0 0 0 0
2549 25 s = -1 47 37 17 27 6 77 3 222 -7 -12345
2549 25 z = -1 0 0 0 0 0 0 0 0 0 0
2549 2578 s = -1 47 37 17 27 6 77 3 222 -7 -12345
2549 2578 z = -1 0 0 0 0 0 0 0 0 0 0
2549 78 s = -1 47 37 17 27 6 77 3 222 -7 -12345
2549 78 z = -1 0 0 0 0 0 0 0 0 0 0
2549 31373237353139373030 s = -1 47 37 17 27 6 77 3 222 -7 -12345
2549 31373237353139373030 z = -1 0 0 0 0 0 0 0 0 0 0
2549 2d35 s = -1 47 37 17 27 6 77 3 222 -7 -12345
2549 2d35 z = -1 0 0 0 0 0 0 0 0 0 0
2549 3939393939393939393939393939393939393939 s = 1 47 37 9 27 6 77 3 222 -7 -12345
2549 3939393939393939393939393939393939393939 z = 1 0 0 9 0 0 0 0 0 0 0
2549 31323a33343a3536 s = 2 47 37 0 27 6 77 3 222 -7 -12345
2549 31323a33343a3536 z = 2 0 0 0 0 0 0 0 0 0 0
2549 323032362d30392d3238 s = 1 47 37 2 27 6 77 3 222 -7 -12345
2549 323032362d30392d3238 z = 1 0 0 2 0 0 0 0 0 0 0
2549 30392f32382f3236 s = 2 47 37 9 27 6 77 3 222 -7 -12345
2549 30392f32382f3236 z = 2 0 0 9 0 0 0 0 0 0 0
2549 4d6f6e205365702032382031303a33353a30302032303236 s = -1 47 37 17 27 6 77 3 222 -7 -12345
2549 4d6f6e205365702032382031303a33353a30302032303236 z = -1 0 0 0 0 0 0 0 0 0 0
2549 31303a33353a303020504d s = 2 47 37 10 27 6 77 3 222 -7 -12345
2549 31303a33353a303020504d z = 2 0 0 10 0 0 0 0 0 0 0
2549 204d6f6e s = -1 47 37 17 27 6 77 3 222 -7 -12345
2549 204d6f6e z = -1 0 0 0 0 0 0 0 0 0 0
2549 09536570 s = -1 47 37 17 27 6 77 3 222 -7 -12345
2549 09536570 z = -1 0 0 0 0 0 0 0 0 0 0
2549 20706d s = -1 47 37 17 27 6 77 3 222 -7 -12345
2549 20706d z = -1 0 0 0 0 0 0 0 0 0 0
2549 205a s = -1 47 37 17 27 6 77 3 222 -7 -12345
2549 205a z = -1 0 0 0 0 0 0 0 0 0 0
2549 202b30353330 s = -1 47 37 17 27 6 77 3 222 -7 -12345
2549 202b30353330 z = -1 0 0 0 0 0 0 0 0 0 0
2549 20555443 s = -1 47 37 17 27 6 77 3 222 -7 -12345
2549 20555443 z = -1 0 0 0 0 0 0 0 0 0 0
2549 53756e64617973 s = -1 47 37 17 27 6 77 3 222 -7 -12345
2549 53756e64617973 z = -1 0 0 0 0 0 0 0 0 0 0
2549 4d6179646179 s = -1 47 37 17 27 6 77 3 222 -7 -12345
2549 4d6179646179 z = -1 0 0 0 0 0 0 0 0 0 0
2549 5361742e s = -1 47 37 17 27 6 77 3 222 -7 -12345
2549 5361742e z = -1 0 0 0 0 0 0 0 0 0 0
2549 444543 s = -1 47 37 17 27 6 77 3 222 -7 -12345
2549 444543 z = -1 0 0 0 0 0 0 0 0 0 0
2549 446563656d6265 s = -1 47 37 17 27 6 77 3 222 -7 -12345
2549 446563656d6265 z = -1 0 0 0 0 0 0 0 0 0 0
256a - s = -1 47 37 17 27 6 77 3 222 -7 -12345
256a - z = -1 0 0 0 0 0 0 0 0 0 0
256a 20 s = -1 47 37 17 27 6 77 3 222 -7 -12345
256a 20 z = -1 0 0 0 0 0 0 0 0 0 0
256a 30 s = -1 47 37 17 27 6 77 3 222 -7 -12345
256a 30 z = -1 0 0 0 0 0 0 0 0 0 0
256a 3030 s = -1 47 37 17 27 6 77 3 222 -7 -12345
256a 3030 z = -1 0 0 0 0 0 0 0 0 0 0
256a 303030 s = -1 47 37 17 27 6 77 3 222 -7 -12345
256a 303030 z = -1 0 0 0 0 0 0 0 0 0 0
256a 31 s = 1 47 37 17 27 6 77 3 0 -7 -12345
256a 31 z = 1 0 0 0 0 0 0 0 0 0 0
256a 3031 s = 2 47 37 17 27 6 77 3 0 -7 -12345
256a 3031 z = 2 0 0 0 0 0 0 0 0 0 0
256a 303031 s = 3 47 37 17 27 6 77 3 0 -7 -12345
256a 303031 z = 3 0 0 0 0 0 0 0 0 0 0
256a 37 s = 1 47 37 17 27 6 77 3 6 -7 -12345
256a 37 z = 1 0 0 0 0 0 0 0 6 0 0
256a 39 s = 1 47 37 17 27 6 77 3 8 -7 -12345
256a 39 z = 1 0 0 0 0 0 0 0 8 0 0
256a 3132 s = 2 47 37 17 27 6 77 3 11 -7 -12345
256a 3132 z = 2 0 0 0 0 0 0 0 11 0 0
256a 3133 s = 2 47 37 17 27 6 77 3 12 -7 -12345
256a 3133 z = 2 0 0 0 0 0 0 0 12 0 0
256a 3233 s = 2 47 37 17 27 6 77 3 22 -7 -12345
256a 3233 z = 2 0 0 0 0 0 0 0 22 0 0
256a 3234 s = 2 47 37 17 27 6 77 3 23 -7 -12345
256a 3234 z = 2 0 0 0 0 0 0 0 23 0 0
256a 3331 s = 2 47 37 17 27 6 77 3 30 -7 -12345
256a 3331 z = 2 0 0 0 0 0 0 0 30 0 0
256a 3332 s = 2 47 37 17 27 6 77 3 31 -7 -12345
256a 3332 z = 2 0 0 0 0 0 0 0 31 0 0
256a 3533 s = 2 47 37 17 27 6 77 3 52 -7 -12345
256a 3533 z = 2 0 0 0 0 0 0 0 52 0 0
256a 3534 s = 2 47 37 17 27 6 77 3 53 -7 -12345
256a 3534 z = 2 0 0 0 0 0 0 0 53 0 0
256a 3539 s = 2 47 37 17 27 6 77 3 58 -7 -12345
256a 3539 z = 2 0 0 0 0 0 0 0 58 0 0
256a 3630 s = 2 47 37 17 27 6 77 3 59 -7 -12345
256a 3630 z = 2 0 0 0 0 0 0 0 59 0 0
256a 3631 s = 2 47 37 17 27 6 77 3 60 -7 -12345
256a 3631 z = 2 0 0 0 0 0 0 0 60 0 0
256a 3632 s = 2 47 37 17 27 6 77 3 61 -7 -12345
256a 3632 z = 2 0 0 0 0 0 0 0 61 0 0
256a 3639 s = 2 47 37 17 27 6 77 3 68 -7 -12345
256a 3639 z = 2 0 0 0 0 0 0 0 68 0 0
256a 3939 s = 2 47 37 17 27 6 77 3 98 -7 -12345
256a 3939 z = 2 0 0 0 0 0 0 0 98 0 0
256a 313030 s = 3 47 37 17 27 6 77 3 99 -7 -12345
256a 313030 z = 3 0 0 0 0 0 0 0 99 0 0
256a 313233 s = 3 47 37 17 27 6 77 3 122 -7 -12345
256a 313233 z = 3 0 0 0 0 0 0 0 122 0 0
256a 333636 s = 3 47 37 17 27 6 77 3 365 -7 -12345
256a 333636 z = 3 0 0 0 0 0 0 0 365 0 0
256a 333637 s = -1 47 37 17 27 6 77 3 222 -7 -12345
256a 333637 z = -1 0 0 0 0 0 0 0 0 0 0
256a 31393639 s = 3 47 37 17 27 6 77 3 195 -7 -12345
256a 31393639 z = 3 0 0 0 0 0 0 0 195 0 0
256a 32303236 s = 3 47 37 17 27 6 77 3 201 -7 -12345
256a 32303236 z = 3 0 0 0 0 0 0 0 201 0 0
256a 39393939 s = 2 47 37 17 27 6 77 3 98 -7 -12345
256a 39393939 z = 2 0 0 0 0 0 0 0 98 0 0
256a 3130303030 s = 3 47 37 17 27 6 77 3 99 -7 -12345
256a 3130303030 z = 3 0 0 0 0 0 0 0 99 0 0
256a 3132333435 s = 3 47 37 17 27 6 77 3 122 -7 -12345
256a 3132333435 z = 3 0 0 0 0 0 0 0 122 0 0
256a 2035 s = 2 47 37 17 27 6 77 3 4 -7 -12345
256a 2035 z = 2 0 0 0 0 0 0 0 4 0 0
256a 2020313778 s = 4 47 37 17 27 6 77 3 16 -7 -12345
256a 2020313778 z = 4 0 0 0 0 0 0 0 16 0 0
256a 0938 s = 2 47 37 17 27 6 77 3 7 -7 -12345
256a 0938 z = 2 0 0 0 0 0 0 0 7 0 0
256a 0a39 s = 2 47 37 17 27 6 77 3 8 -7 -12345
256a 0a39 z = 2 0 0 0 0 0 0 0 8 0 0
256a 0b33 s = 2 47 37 17 27 6 77 3 2 -7 -12345
256a 0b33 z = 2 0 0 0 0 0 0 0 2 0 0
256a 2d31 s = -1 47 37 17 27 6 77 3 222 -7 -12345
256a 2d31 z = -1 0 0 0 0 0 0 0 0 0 0
256a 2b31 s = -1 47 37 17 27 6 77 3 222 -7 -12345
256a 2b31 z = -1 0 0 0 0 0 0 0 0 0 0
256a 4d6f6e s = -1 47 37 17 27 6 77 3 222 -7 -12345
256a 4d6f6e z = -1 0 0 0 0 0 0 0 0 0 0
256a 6d6f6e646179 s = -1 47 37 17 27 6 77 3 222 -7 -12345
256a 6d6f6e646179 z = -1 0 0 0 0 0 0 0 0 0 0
256a 54554553444159 s = -1 47 37 17 27 6 77 3 222 -7 -12345
256a 54554553444159 z = -1 0 0 0 0 0 0 0 0 0 0
256a 776564 s = -1 47 37 17 27 6 77 3 222 -7 -12345
256a 776564 z = -1 0 0 0 0 0 0 0 0 0 0
256a 5468757273 s = -1 47 37 17 27 6 77 3 222 -7 -12345
256a 5468757273 z = -1 0 0 0 0 0 0 0 0 0 0
256a 536570 s = -1 47 37 17 27 6 77 3 222 -7 -12345
256a 536570 z = -1 0 0 0 0 0 0 0 0 0 0
256a 73657074656d626572 s = -1 47 37 17 27 6 77 3 222 -7 -12345
256a 73657074656d626572 z = -1 0 0 0 0 0 0 0 0 0 0
256a 53657074 s = -1 47 37 17 27 6 77 3 222 -7 -12345
256a 53657074 z = -1 0 0 0 0 0 0 0 0 0 0
256a 4d4159 s = -1 47 37 17 27 6 77 3 222 -7 -12345
256a 4d4159 z = -1 0 0 0 0 0 0 0 0 0 0
256a 414d s = -1 47 37 17 27 6 77 3 222 -7 -12345
256a 414d z = -1 0 0 0 0 0 0 0 0 0 0
256a 706d s = -1 47 37 17 27 6 77 3 222 -7 -12345
256a 706d z = -1 0 0 0 0 0 0 0 0 0 0
256a 612e6d2e s = -1 47 37 17 27 6 77 3 222 -7 -12345
256a 612e6d2e z = -1 0 0 0 0 0 0 0 0 0 0
256a 50 s = -1 47 37 17 27 6 77 3 222 -7 -12345
256a 50 z = -1 0 0 0 0 0 0 0 0 0 0
256a 5a s = -1 47 37 17 27 6 77 3 222 -7 -12345
256a 5a z = -1 0 0 0 0 0 0 0 0 0 0
256a 2b3035 s = -1 47 37 17 27 6 77 3 222 -7 -12345
256a 2b3035 z = -1 0 0 0 0 0 0 0 0 0 0
256a 2d30383030 s = -1 47 37 17 27 6 77 3 222 -7 -12345
256a 2d30383030 z = -1 0 0 0 0 0 0 0 0 0 0
256a 2b30353a3330 s = -1 47 37 17 27 6 77 3 222 -7 -12345
256a 2b30353a3330 z = -1 0 0 0 0 0 0 0 0 0 0
256a 2b30353630 s = -1 47 37 17 27 6 77 3 222 -7 -12345
256a 2b30353630 z = -1 0 0 0 0 0 0 0 0 0 0
256a 2b35 s = -1 47 37 17 27 6 77 3 222 -7 -12345
256a 2b35 z = -1 0 0 0 0 0 0 0 0 0 0
256a 2b313233 s = -1 47 37 17 27 6 77 3 222 -7 -12345
256a 2b313233 z = -1 0 0 0 0 0 0 0 0 0 0
256a 2d31323a33 s = -1 47 37 17 27 6 77 3 222 -7 -12345
256a 2d31323a33 z = -1 0 0 0 0 0 0 0 0 0 0
256a 555443 s = -1 47 37 17 27 6 77 3 222 -7 -12345
256a 555443 z = -1 0 0 0 0 0 0 0 0 0 0
256a 455354354544542078 s = -1 47 37 17 27 6 77 3 222 -7 -12345
256a 455354354544542078 z = -1 0 0 0 0 0 0 0 0 0 0
256a 25 s = -1 47 37 17 27 6 77 3 222 -7 -12345
256a 25 z = -1 0 0 0 0 0 0 0 0 0 0
256a 2578 s = -1 47 37 17 27 6 77 3 222 -7 -12345
256a 2578 z = -1 0 0 0 0 0 0 0 0 0 0
256a 78 s = -1 47 37 17 27 6 77 3 222 -7 -12345
256a 78 z = -1 0 0 0 0 0 0 0 0 0 0
256a 31373237353139373030 s = 3 47 37 17 27 6 77 3 171 -7 -12345
256a 31373237353139373030 z = 3 0 0 0 0 0 0 0 171 0 0
256a 2d35 s = -1 47 37 17 27 6 77 3 222 -7 -12345
256a 2d35 z = -1 0 0 0 0 0 0 0 0 0 0
256a 3939393939393939393939393939393939393939 s = 2 47 37 17 27 6 77 3 98 -7 -12345
256a 3939393939393939393939393939393939393939 z = 2 0 0 0 0 0 0 0 98 0 0
256a 31323a33343a3536 s = 2 47 37 17 27 6 77 3 11 -7 -12345
256a 31323a33343a3536 z = 2 0 0 0 0 0 0 0 11 0 0
256a 323032362d30392d3238 s = 3 47 37 17 27 6 77 3 201 -7 -12345
256a 323032362d30392d3238 z = 3 0 0 0 0 0 0 0 201 0 0
256a 30392f32382f3236 s = 2 47 37 17 27 6 77 3 8 -7 -12345
256a 30392f32382f3236 z = 2 0 0 0 0 0 0 0 8 0 0
256a 4d6f6e205365702032382031303a33353a30302032303236 s = -1 47 37 17 27 6 77 3 222 -7 -12345
256a 4d6f6e205365702032382031303a33353a30302032303236 z = -1 0 0 0 0 0 0 0 0 0 0
256a 31303a33353a303020504d s = 2 47 37 17 27 6 77 3 9 -7 -12345
256a 31303a33353a303020504d z = 2 0 0 0 0 0 0 0 9 0 0
256a 204d6f6e s = -1 47 37 17 27 6 77 3 222 -7 -12345
256a 204d6f6e z = -1 0 0 0 0 0 0 0 0 0 0
256a 09536570 s = -1 47 37 17 27 6 77 3 222 -7 -12345
256a 09536570 z = -1 0 0 0 0 0 0 0 0 0 0
256a 20706d s = -1 47 37 17 27 6 77 3 222 -7 -12345
256a 20706d z = -1 0 0 0 0 0 0 0 0 0 0
256a 205a s = -1 47 37 17 27 6 77 3 222 -7 -12345
256a 205a z = -1 0 0 0 0 0 0 0 0 0 0
256a 202b30353330 s = -1 47 37 17 27 6 77 3 222 -7 -12345
256a 202b30353330 z = -1 0 0 0 0 0 0 0 0 0 0
256a 20555443 s = -1 47 37 17 27 6 77 3 222 -7 -12345
256a 20555443 z = -1 0 0 0 0 0 0 0 0 0 0
256a 53756e64617973 s = -1 47 37 17 27 6 77 3 222 -7 -12345
256a 53756e64617973 z = -1 0 0 0 0 0 0 0 0 0 0
256a 4d6179646179 s = -1 47 37 17 27 6 77 3 222 -7 -12345
256a 4d6179646179 z = -1 0 0 0 0 0 0 0 0 0 0
256a 5361742e s = -1 47 37 17 27 6 77 3 222 -7 -12345
256a 5361742e z = -1 0 0 0 0 0 0 0 0 0 0
256a 444543 s = -1 47 37 17 27 6 77 3 222 -7 -12345
256a 444543 z = -1 0 0 0 0 0 0 0 0 0 0
256a 446563656d6265 s = -1 47 37 17 27 6 77 3 222 -7 -12345
256a 446563656d6265 z = -1 0 0 0 0 0 0 0 0 0 0
256b - s = -1 47 37 17 27 6 77 3 222 -7 -12345
256b - z = -1 0 0 0 0 0 0 0 0 0 0
256b 20 s = -1 47 37 17 27 6 77 3 222 -7 -12345
256b 20 z = -1 0 0 0 0 0 0 0 0 0 0
256b 30 s = 1 47 37 0 27 6 77 3 222 -7 -12345
256b 30 z = 1 0 0 0 0 0 0 0 0 0 0
256b 3030 s = 2 47 37 0 27 6 77 3 222 -7 -12345
256b 3030 z = 2 0 0 0 0 0 0 0 0 0 0
256b 303030 s = 2 47 37 0 27 6 77 3 222 -7 -12345
256b 303030 z = 2 0 0 0 0 0 0 0 0 0 0
256b 31 s = 1 47 37 1 27 6 77 3 222 -7 -12345
256b 31 z = 1 0 0 1 0 0 0 0 0 0 0
256b 3031 s = 2 47 37 1 27 6 77 3 222 -7 -12345
256b 3031 z = 2 0 0 1 0 0 0 0 0 0 0
256b 303031 s = 2 47 37 0 27 6 77 3 222 -7 -12345
256b 303031 z = 2 0 0 0 0 0 0 0 0 0 0
256b 37 s = 1 47 37 7 27 6 77 3 222 -7 -12345
256b 37 z = 1 0 0 7 0 0 0 0 0 0 0
256b 39 s = 1 47 37 9 27 6 77 3 222 -7 -12345
256b 39 z = 1 0 0 9 0 0 0 0 0 0 0
256b 3132 s = 2 47 37 12 27 6 77 3 222 -7 -12345
256b 3132 z = 2 0 0 12 0 0 0 0 0 0 0
256b 3133 s = 2 47 37 13 27 6 77 3 222 -7 -12345
256b 3133 z = 2 0 0 13 0 0 0 0 0 0 0
256b 3233 s = 2 47 37 23 27 6 77 3 222 -7 -12345
256b 3233 z = 2 0 0 23 0 0 0 0 0 0 0
256b 3234 s = -1 47 37 17 27 6 77 3 222 -7 -12345
256b 3234 z = -1 0 0 0 0 0 0 0 0 0 0
256b 3331 s = 1 47 37 3 27 6 77 3 222 -7 -12345
256b 3331 z = 1 0 0 3 0 0 0 0 0 0 0
256b 3332 s = 1 47 37 3 27 6 77 3 222 -7 -12345
256b 3332 z = 1 0 0 3 0 0 0 0 0 0 0
256b 3533 s = 1 47 37 5 27 6 77 3 222 -7 -12345
256b 3533 z = 1 0 0 5 0 0 0 0 0 0 0
256b 3534 s = 1 47 37 5 27 6 77 3 222 -7 -12345
256b 3534 z = 1 0 0 5 0 0 0 0 0 0 0
256b 3539 s = 1 47 37 5 27 6 77 3 222 -7 -12345
256b 3539 z = 1 0 0 5 0 0 0 0 0 0 0
256b 3630 s = 1 47 37 6 27 6 77 3 222 -7 -12345
256b 3630 z = 1 0 0 6 0 0 0 0 0 0 0
256b 3631 s = 1 47 37 6 27 6 77 3 222 -7 -12345
256b 3631 z = 1 0 0 6 0 0 0 0 0 0 0
256b 3632 s = 1 47 37 6 27 6 77 3 222 -7 -12345
256b 3632 z = 1 0 0 6 0 0 0 0 0 0 0
256b 3639 s = 1 47 37 6 27 6 77 3 222 -7 -12345
256b 3639 z = 1 0 0 6 0 0 0 0 0 0 0
256b 3939 s = 1 47 37 9 27 6 77 3 222 -7 -12345
256b 3939 z = 1 0 0 9 0 0 0 0 0 0 0
256b 313030 s = 2 47 37 10 27 6 77 3 222 -7 -12345
256b 313030 z = 2 0 0 10 0 0 0 0 0 0 0
256b 313233 s = 2 47 37 12 27 6 77 3 222 -7 -12345
256b 313233 z = 2 0 0 12 0 0 0 0 0 0 0
256b 333636 s = 1 47 37 3 27 6 77 3 222 -7 -12345
256b 333636 z = 1 0 0 3 0 0 0 0 0 0 0
256b 333637 s = 1 47 37 3 27 6 77 3 222 -7 -12345
256b 333637 z = 1 0 0 3 0 0 0 0 0 0 0
256b 31393639 s = 2 47 37 19 27 6 77 3 222 -7 -12345
256b 31393639 z = 2 0 0 19 0 0 0 0 0 0 0
256b 32303236 s = 2 47 37 20 27 6 77 3 222 -7 -12345
256b 32303236 z = 2 0 0 20 0 0 0 0 0 0 0
256b 39393939 s = 1 47 37 9 27 6 77 3 222 -7 -12345
256b 39393939 z = 1 0 0 9 0 0 0 0 0 0 0
256b 3130303030 s = 2 47 37 10 27 6 77 3 222 -7 -12345
256b 3130303030 z = 2 0 0 10 0 0 0 0 0 0 0
256b 3132333435 s = 2 47 37 12 27 6 77 3 222 -7 -12345
256b 3132333435 z = 2 0 0 12 0 0 0 0 0 0 0
256b 2035 s = 2 47 37 5 27 6 77 3 222 -7 -12345
256b 2035 z = 2 0 0 5 0 0 0 0 0 0 0
256b 2020313778 s = 4 47 37 17 27 6 77 3 222 -7 -12345
256b 2020313778 z = 4 0 0 17 0 0 0 0 0 0 0
256b 0938 s = 2 47 37 8 27 6 77 3 222 -7 -12345
256b 0938 z = 2 0 0 8 0 0 0 0 0 0 0
256b 0a39 s = 2 47 37 9 27 6 77 3 222 -7 -12345
256b 0a39 z = 2 0 0 9 0 0 0 0 0 0 0
256b 0b33 s = 2 47 37 3 27 6 77 3 222 -7 -12345
256b 0b33 z = 2 0 0 3 0 0 0 0 0 0 0
256b 2d31 s = -1 47 37 17 27 6 77 3 222 -7 -12345
256b 2d31 z = -1 0 0 0 0 0 0 0 0 0 0
256b 2b31 s = -1 47 37 17 27 6 77 3 222 -7 -12345
256b 2b31 z = -1 0 0 0 0 0 0 0 0 0 0
256b 4d6f6e s = -1 47 37 17 27 6 77 3 222 -7 -12345
256b 4d6f6e z = -1 0 0 0 0 0 0 0 0 0 0
256b 6d6f6e646179 s = -1 47 37 17 27 6 77 3 222 -7 -12345
256b 6d6f6e646179 z = -1 0 0 0 0 0 0 0 0 0 0
256b 54554553444159 s = -1 47 37 17 27 6 77 3 222 -7 -12345
256b 54554553444159 z = -1 0 0 0 0 0 0 0 0 0 0
256b 776564 s = -1 47 37 17 27 6 77 3 222 -7 -12345
256b 776564 z = -1 0 0 0 0 0 0 0 0 0 0
256b 5468757273 s = -1 47 37 17 27 6 77 3 222 -7 -12345
256b 5468757273 z = -1 0 0 0 0 0 0 0 0 0 0
256b 536570 s = -1 47 37 17 27 6 77 3 222 -7 -12345
256b 536570 z = -1 0 0 0 0 0 0 0 0 0 0
256b 73657074656d626572 s = -1 47 37 17 27 6 77 3 222 -7 -12345
256b 73657074656d626572 z = -1 0 0 0 0 0 0 0 0 0 0
256b 53657074 s = -1 47 37 17 27 6 77 3 222 -7 -12345
256b 53657074 z = -1 0 0 0 0 0 0 0 0 0 0
256b 4d4159 s = -1 47 37 17 27 6 77 3 222 -7 -12345
256b 4d4159 z = -1 0 0 0 0 0 0 0 0 0 0
256b 414d s = -1 47 37 17 27 6 77 3 222 -7 -12345
256b 414d z = -1 0 0 0 0 0 0 0 0 0 0
256b 706d s = -1 47 37 17 27 6 77 3 222 -7 -12345
256b 706d z = -1 0 0 0 0 0 0 0 0 0 0
256b 612e6d2e s = -1 47 37 17 27 6 77 3 222 -7 -12345
256b 612e6d2e z = -1 0 0 0 0 0 0 0 0 0 0
256b 50 s = -1 47 37 17 27 6 77 3 222 -7 -12345
256b 50 z = -1 0 0 0 0 0 0 0 0 0 0
256b 5a s = -1 47 37 17 27 6 77 3 222 -7 -12345
256b 5a z = -1 0 0 0 0 0 0 0 0 0 0
256b 2b3035 s = -1 47 37 17 27 6 77 3 222 -7 -12345
256b 2b3035 z = -1 0 0 0 0 0 0 0 0 0 0
256b 2d30383030 s = -1 47 37 17 27 6 77 3 222 -7 -12345
256b 2d30383030 z = -1 0 0 0 0 0 0 0 0 0 0
256b 2b30353a3330 s = -1 47 37 17 27 6 77 3 222 -7 -12345
256b 2b30353a3330 z = -1 0 0 0 0 0 0 0 0 0 0
256b 2b30353630 s = -1 47 37 17 27 6 77 3 222 -7 -12345
256b 2b30353630 z = -1 0 0 0 0 0 0 0 0 0 0
256b 2b35 s = -1 47 37 17 27 6 77 3 222 -7 -12345
256b 2b35 z = -1 0 0 0 0 0 0 0 0 0 0
256b 2b313233 s = -1 47 37 17 27 6 77 3 222 -7 -12345
256b 2b313233 z = -1 0 0 0 0 0 0 0 0 0 0
256b 2d31323a33 s = -1 47 37 17 27 6 77 3 222 -7 -12345
256b 2d31323a33 z = -1 0 0 0 0 0 0 0 0 0 0
256b 555443 s = -1 47 37 17 27 6 77 3 222 -7 -12345
256b 555443 z = -1 0 0 0 0 0 0 0 0 0 0
256b 455354354544542078 s = -1 47 37 17 27 6 77 3 222 -7 -12345
256b 455354354544542078 z = -1 0 0 0 0 0 0 0 0 0 0
256b 25 s = -1 47 37 17 27 6 77 3 222 -7 -12345
256b 25 z = -1 0 0 0 0 0 0 0 0 0 0
256b 2578 s = -1 47 37 17 27 6 77 3 222 -7 -12345
256b 2578 z = -1 0 0 0 0 0 0 0 0 0 0
256b 78 s = -1 47 37 17 27 6 77 3 222 -7 -12345
256b 78 z = -1 0 0 0 0 0 0 0 0 0 0
256b 31373237353139373030 s = 2 47 37 17 27 6 77 3 222 -7 -12345
256b 31373237353139373030 z = 2 0 0 17 0 0 0 0 0 0 0
256b 2d35 s = -1 47 37 17 27 6 77 3 222 -7 -12345
256b 2d35 z = -1 0 0 0 0 0 0 0 0 0 0
256b 3939393939393939393939393939393939393939 s = 1 47 37 9 27 6 77 3 222 -7 -12345
256b 3939393939393939393939393939393939393939 z = 1 0 0 9 0 0 0 0 0 0 0
256b 31323a33343a3536 s = 2 47 37 12 27 6 77 3 222 -7 -12345
256b 31323a33343a3536 z = 2 0 0 12 0 0 0 0 0 0 0
256b 323032362d30392d3238 s = 2 47 37 20 27 6 77 3 222 -7 -12345
256b 323032362d30392d3238 z = 2 0 0 20 0 0 0 0 0 0 0
256b 30392f32382f3236 s = 2 47 37 9 27 6 77 3 222 -7 -12345
256b 30392f32382f3236 z = 2 0 0 9 0 0 0 0 0 0 0
256b 4d6f6e205365702032382031303a33353a30302032303236 s = -1 47 37 17 27 6 77 3 222 -7 -12345
256b 4d6f6e205365702032382031303a33353a30302032303236 z = -1 0 0 0 0 0 0 0 0 0 0
256b 31303a33353a303020504d s = 2 47 37 10 27 6 77 3 222 -7 -12345
256b 31303a33353a303020504d z = 2 0 0 10 0 0 0 0 0 0 0
256b 204d6f6e s = -1 47 37 17 27 6 77 3 222 -7 -12345
256b 204d6f6e z = -1 0 0 0 0 0 0 0 0 0 0
256b 09536570 s = -1 47 37 17 27 6 77 3 222 -7 -12345
256b 09536570 z = -1 0 0 0 0 0 0 0 0 0 0
256b 20706d s = -1 47 37 17 27 6 77 3 222 -7 -12345
256b 20706d z = -1 0 0 0 0 0 0 0 0 0 0
256b 205a s = -1 47 37 17 27 6 77 3 222 -7 -12345
256b 205a z = -1 0 0 0 0 0 0 0 0 0 0
256b 202b30353330 s = -1 47 37 17 27 6 77 3 222 -7 -12345
256b 202b30353330 z = -1 0 0 0 0 0 0 0 0 0 0
256b 20555443 s = -1 47 37 17 27 6 77 3 222 -7 -12345
256b 20555443 z = -1 0 0 0 0 0 0 0 0 0 0
256b 53756e64617973 s = -1 47 37 17 27 6 77 3 222 -7 -12345
256b 53756e64617973 z = -1 0 0 0 0 0 0 0 0 0 0
256b 4d6179646179 s = -1 47 37 17 27 6 77 3 222 -7 -12345
256b 4d6179646179 z = -1 0 0 0 0 0 0 0 0 0 0
256b 5361742e s = -1 47 37 17 27 6 77 3 222 -7 -12345
256b 5361742e z = -1 0 0 0 0 0 0 0 0 0 0
256b 444543 s = -1 47 37 17 27 6 77 3 222 -7 -12345
256b 444543 z = -1 0 0 0 0 0 0 0 0 0 0
256b 446563656d6265 s = -1 47 37 17 27 6 77 3 222 -7 -12345
256b 446563656d6265 z = -1 0 0 0 0 0 0 0 0 0 0
256c - s = -1 47 37 17 27 6 77 3 222 -7 -12345
256c - z = -1 0 0 0 0 0 0 0 0 0 0
256c 20 s = -1 47 37 17 27 6 77 3 222 -7 -12345
256c 20 z = -1 0 0 0 0 0 0 0 0 0 0
256c 30 s = -1 47 37 17 27 6 77 3 222 -7 -12345
256c 30 z = -1 0 0 0 0 0 0 0 0 0 0
256c 3030 s = -1 47 37 17 27 6 77 3 222 -7 -12345
256c 3030 z = -1 0 0 0 0 0 0 0 0 0 0
256c 303030 s = -1 47 37 17 27 6 77 3 222 -7 -12345
256c 303030 z = -1 0 0 0 0 0 0 0 0 0 0
256c 31 s = 1 47 37 1 27 6 77 3 222 -7 -12345
256c 31 z = 1 0 0 1 0 0 0 0 0 0 0
256c 3031 s = 2 47 37 1 27 6 77 3 222 -7 -12345
256c 3031 z = 2 0 0 1 0 0 0 0 0 0 0
256c 303031 s = -1 47 37 17 27 6 77 3 222 -7 -12345
256c 303031 z = -1 0 0 0 0 0 0 0 0 0 0
256c 37 s = 1 47 37 7 27 6 77 3 222 -7 -12345
256c 37 z = 1 0 0 7 0 0 0 0 0 0 0
256c 39 s = 1 47 37 9 27 6 77 3 222 -7 -12345
256c 39 z = 1 0 0 9 0 0 0 0 0 0 0
256c 3132 s = 2 47 37 0 27 6 77 3 222 -7 -12345
256c 3132 z = 2 0 0 0 0 0 0 0 0 0 0
256c 3133 s = -1 47 37 17 27 6 77 3 222 -7 -12345
256c 3133 z = -1 0 0 0 0 0 0 0 0 0 0
256c 3233 s = 1 47 37 2 27 6 77 3 222 -7 -12345
256c 3233 z = 1 0 0 2 0 0 0 0 0 0 0
256c 3234 s = 1 47 37 2 27 6 77 3 222 -7 -12345
256c 3234 z = 1 0 0 2 0 0 0 0 0 0 0
256c 3331 s = 1 47 37 3 27 6 77 3 222 -7 -12345
256c 3331 z = 1 0 0 3 0 0 0 0 0 0 0
256c 3332 s = 1 47 37 3 27 6 77 3 222 -7 -12345
256c 3332 z = 1 0 0 3 0 0 0 0 0 0 0
256c 3533 s = 1 47 37 5 27 6 77 3 222 -7 -12345
256c 3533 z = 1 0 0 5 0 0 0 0 0 0 0
256c 3534 s = 1 47 37 5 27 6 77 3 222 -7 -12345
256c 3534 z = 1 0 0 5 0 0 0 0 0 0 0
256c 3539 s = 1 47 37 5 27 6 77 3 222 -7 -12345
256c 3539 z = 1 0 0 5 0 0 0 0 0 0 0
256c 3630 s = 1 47 37 6 27 6 77 3 222 -7 -12345
256c 3630 z = 1 0 0 6 0 0 0 0 0 0 0
256c 3631 s = 1 47 37 6 27 6 77 3 222 -7 -12345
256c 3631 z = 1 0 0 6 0 0 0 0 0 0 0
256c 3632 s = 1 47 37 6 27 6 77 3 222 -7 -12345
256c 3632 z = 1 0 0 6 0 0 0 0 0 0 0
256c 3639 s = 1 47 37 6 27 6 77 3 222 -7 -12345
256c 3639 z = 1 0 0 6 0 0 0 0 0 0 0
256c 3939 s = 1 47 37 9 27 6 77 3 222 -7 -12345
256c 3939 z = 1 0 0 9 0 0 0 0 0 0 0
256c 313030 s = 2 47 37 10 27 6 77 3 222 -7 -12345
256c 313030 z = 2 0 0 10 0 0 0 0 0 0 0
256c 313233 s = 2 47 37 0 27 6 77 3 222 -7 -12345
256c 313233 z = 2 0 0 0 0 0 0 0 0 0 0
256c 333636 s = 1 47 37 3 27 6 77 3 222 -7 -12345
256c 333636 z = 1 0 0 3 0 0 0 0 0 0 0
256c 333637 s = 1 47 37 3 27 6 77 3 222 -7 -12345
256c 333637 z = 1 0 0 3 0 0 0 0 0 0 0
256c 31393639 s = -1 47 37 17 27 6 77 3 222 -7 -12345
256c 31393639 z = -1 0 0 0 0 0 0 0 0 0 0
256c 32303236 s = 1 47 37 2 27 6 77 3 222 -7 -12345
256c 32303236 z = 1 0 0 2 0 0 0 0 0 0 0
256c 39393939 s = 1 47 37 9 27 6 77 3 222 -7 -12345
256c 39393939 z = 1 0 0 9 0 0 0 0 0 0 0
256c 3130303030 s = 2 47 37 10 27 6 77 3 222 -7 -12345
256c 3130303030 z = 2 0 0 10 0 0 0 0 0 0 0
256c 3132333435 s = 2 47 37 0 27 6 77 3 222 -7 -12345
256c 3132333435 z = 2 0 0 0 0 0 0 0 0 0 0
256c 2035 s = 2 47 37 5 27 6 77 3 222 -7 -12345
256c 2035 z = 2 0 0 5 0 0 0 0 0 0 0
256c 2020313778 s = -1 47 37 17 27 6 77 3 222 -7 -12345
256c 2020313778 z = -1 0 0 0 0 0 0 0 0 0 0
256c 0938 s = 2 47 37 8 27 6 77 3 222 -7 -12345
256c 0938 z = 2 0 0 8 0 0 0 0 0 0 0
256c 0a39 s = 2 47 37 9 27 6 77 3 222 -7 -12345
256c 0a39 z = 2 0 0 9 0 0 0 0 0 0 0
256c 0b33 s = 2 47 37 3 27 6 77 3 222 -7 -12345
256c 0b33 z = 2 0 0 3 0 0 0 0 0 0 0
256c 2d31 s = -1 47 37 17 27 6 77 3 222 -7 -12345
256c 2d31 z = -1 0 0 0 0 0 0 0 0 0 0
256c 2b31 s = -1 47 37 17 27 6 77 3 222 -7 -12345
256c 2b31 z = -1 0 0 0 0 0 0 0 0 0 0
256c 4d6f6e s = -1 47 37 17 27 6 77 3 222 -7 -12345
256c 4d6f6e z = -1 0 0 0 0 0 0 0 0 0 0
256c 6d6f6e646179 s = -1 47 37 17 27 6 77 3 222 -7 -12345
256c 6d6f6e646179 z = -1 0 0 0 0 0 0 0 0 0 0
256c 54554553444159 s = -1 47 37 17 27 6 77 3 222 -7 -12345
256c 54554553444159 z = -1 0 0 0 0 0 0 0 0 0 0
256c 776564 s = -1 47 37 17 27 6 77 3 222 -7 -12345
256c 776564 z = -1 0 0 0 0 0 0 0 0 0 0
256c 5468757273 s = -1 47 37 17 27 6 77 3 222 -7 -12345
256c 5468757273 z = -1 0 0 0 0 0 0 0 0 0 0
256c 536570 s = -1 47 37 17 27 6 77 3 222 -7 -12345
256c 536570 z = -1 0 0 0 0 0 0 0 0 0 0
256c 73657074656d626572 s = -1 47 37 17 27 6 77 3 222 -7 -12345
256c 73657074656d626572 z = -1 0 0 0 0 0 0 0 0 0 0
256c 53657074 s = -1 47 37 17 27 6 77 3 222 -7 -12345
256c 53657074 z = -1 0 0 0 0 0 0 0 0 0 0
256c 4d4159 s = -1 47 37 17 27 6 77 3 222 -7 -12345
256c 4d4159 z = -1 0 0 0 0 0 0 0 0 0 0
256c 414d s = -1 47 37 17 27 6 77 3 222 -7 -12345
256c 414d z = -1 0 0 0 0 0 0 0 0 0 0
256c 706d s = -1 47 37 17 27 6 77 3 222 -7 -12345
256c 706d z = -1 0 0 0 0 0 0 0 0 0 0
256c 612e6d2e s = -1 47 37 17 27 6 77 3 222 -7 -12345
256c 612e6d2e z = -1 0 0 0 0 0 0 0 0 0 0
256c 50 s = -1 47 37 17 27 6 77 3 222 -7 -12345
256c 50 z = -1 0 0 0 0 0 0 0 0 0 0
256c 5a s = -1 47 37 17 27 6 77 3 222 -7 -12345
256c 5a z = -1 0 0 0 0 0 0 0 0 0 0
256c 2b3035 s = -1 47 37 17 27 6 77 3 222 -7 -12345
256c 2b3035 z = -1 0 0 0 0 0 0 0 0 0 0
256c 2d30383030 s = -1 47 37 17 27 6 77 3 222 -7 -12345
256c 2d30383030 z = -1 0 0 0 0 0 0 0 0 0 0
256c 2b30353a3330 s = -1 47 37 17 27 6 77 3 222 -7 -12345
256c 2b30353a3330 z = -1 0 0 0 0 0 0 0 0 0 0
256c 2b30353630 s = -1 47 37 17 27 6 77 3 222 -7 -12345
256c 2b30353630 z = -1 0 0 0 0 0 0 0 0 0 0
256c 2b35 s = -1 47 37 17 27 6 77 3 222 -7 -12345
256c 2b35 z = -1 0 0 0 0 0 0 0 0 0 0
256c 2b313233 s = -1 47 37 17 27 6 77 3 222 -7 -12345
256c 2b313233 z = -1 0 0 0 0 0 0 0 0 0 0
256c 2d31323a33 s = -1 47 37 17 27 6 77 3 222 -7 -12345
256c 2d31323a33 z = -1 0 0 0 0 0 0 0 0 0 0
256c 555443 s = -1 47 37 17 27 6 77 3 222 -7 -12345
256c 555443 z = -1 0 0 0 0 0 0 0 0 0 0
256c 455354354544542078 s = -1 47 37 17 27 6 77 3 222 -7 -12345
256c 455354354544542078 z = -1 0 0 0 0 0 0 0 0 0 0
256c 25 s = -1 47 37 17 27 6 77 3 222 -7 -12345
256c 25 z = -1 0 0 0 0 0 0 0 0 0 0
256c 2578 s = -1 47 37 17 27 6 77 3 222 -7 -12345
256c 2578 z = -1 0 0 0 0 0 0 0 0 0 0
256c 78 s = -1 47 37 17 27 6 77 3 222 -7 -12345
256c 78 z = -1 0 0 0 0 0 0 0 0 0 0
256c 31373237353139373030 s = -1 47 37 17 27 6 77 3 222 -7 -12345
256c 31373237353139373030 z = -1 0 0 0 0 0 0 0 0 0 0
256c 2d35 s = -1 47 37 17 27 6 77 3 222 -7 -12345
256c 2d35 z = -1 0 0 0 0 0 0 0 0 0 0
256c 3939393939393939393939393939393939393939 s = 1 47 37 9 27 6 77 3 222 -7 -12345
256c 3939393939393939393939393939393939393939 z = 1 0 0 9 0 0 0 0 0 0 0
256c 31323a33343a3536 s = 2 47 37 0 27 6 77 3 222 -7 -12345
256c 31323a33343a3536 z = 2 0 0 0 0 0 0 0 0 0 0
256c 323032362d30392d3238 s = 1 47 37 2 27 6 77 3 222 -7 -12345
256c 323032362d30392d3238 z = 1 0 0 2 0 0 0 0 0 0 0
256c 30392f32382f3236 s = 2 47 37 9 27 6 77 3 222 -7 -12345
256c 30392f32382f3236 z = 2 0 0 9 0 0 0 0 0 0 0
256c 4d6f6e205365702032382031303a33353a30302032303236 s = -1 47 37 17 27 6 77 3 222 -7 -12345
256c 4d6f6e205365702032382031303a33353a30302032303236 z = -1 0 0 0 0 0 0 0 0 0 0
256c 31303a33353a303020504d s = 2 47 37 10 27 6 77 3 222 -7 -12345
256c 31303a33353a303020504d z = 2 0 0 10 0 0 0 0 0 0 0
256c 204d6f6e s = -1 47 37 17 27 6 77 3 222 -7 -12345
256c 204d6f6e z = -1 0 0 0 0 0 0 0 0 0 0
256c 09536570 s = -1 47 37 17 27 6 77 3 222 -7 -12345
256c 09536570 z = -1 0 0 0 0 0 0 0 0 0 0
256c 20706d s = -1 47 37 17 27 6 77 3 222 -7 -12345
256c 20706d z = -1 0 0 0 0 0 0 0 0 0 0
256c 205a s = -1 47 37 17 27 6 77 3 222 -7 -12345
256c 205a z = -1 0 0 0 0 0 0 0 0 0 0
256c 202b30353330 s = -1 47 37 17 27 6 77 3 222 -7 -12345
256c 202b30353330 z = -1 0 0 0 0 0 0 0 0 0 0
256c 20555443 s = -1 47 37 17 27 6 77 3 222 -7 -12345
256c 20555443 z = -1 0 0 0 0 0 0 0 0 0 0
256c 53756e64617973 s = -1 47 37 17 27 6 77 3 222 -7 -12345
256c 53756e64617973 z = -1 0 0 0 0 0 0 0 0 0 0
256c 4d6179646179 s = -1 47 37 17 27 6 77 3 222 -7 -12345
256c 4d6179646179 z = -1 0 0 0 0 0 0 0 0 0 0
256c 5361742e s = -1 47 37 17 27 6 77 3 222 -7 -12345
256c 5361742e z = -1 0 0 0 0 0 0 0 0 0 0
256c 444543 s = -1 47 37 17 27 6 77 3 222 -7 -12345
256c 444543 z = -1 0 0 0 0 0 0 0 0 0 0
256c 446563656d6265 s = -1 47 37 17 27 6 77 3 222 -7 -12345
256c 446563656d6265 z = -1 0 0 0 0 0 0 0 0 0 0
256d - s = -1 47 37 17 27 6 77 3 222 -7 -12345
256d - z = -1 0 0 0 0 0 0 0 0 0 0
256d 20 s = -1 47 37 17 27 6 77 3 222 -7 -12345
256d 20 z = -1 0 0 0 0 0 0 0 0 0 0
256d 30 s = -1 47 37 17 27 6 77 3 222 -7 -12345
256d 30 z = -1 0 0 0 0 0 0 0 0 0 0
256d 3030 s = -1 47 37 17 27 6 77 3 222 -7 -12345
256d 3030 z = -1 0 0 0 0 0 0 0 0 0 0
256d 303030 s = -1 47 37 17 27 6 77 3 222 -7 -12345
256d 303030 z = -1 0 0 0 0 0 0 0 0 0 0
256d 31 s = 1 47 37 17 27 0 77 4 26 -7 -12345
256d 31 z = 1 0 0 0 0 0 0 0 -1 0 0
256d 3031 s = 2 47 37 17 27 0 77 4 26 -7 -12345
256d 3031 z = 2 0 0 0 0 0 0 0 -1 0 0
256d 303031 s = -1 47 37 17 27 6 77 3 222 -7 -12345
256d 303031 z = -1 0 0 0 0 0 0 0 0 0 0
256d 37 s = 1 47 37 17 27 6 77 3 207 -7 -12345
256d 37 z = 1 0 0 0 0 6 0 6 180 0 0
256d 39 s = 1 47 37 17 27 8 77 2 269 -7 -12345
256d 39 z = 1 0 0 0 0 8 0 5 242 0 0
256d 3132 s = 2 47 37 17 27 11 77 2 360 -7 -12345
256d 3132 z = 2 0 0 0 0 11 0 5 333 0 0
256d 3133 s = -1 47 37 17 27 6 77 3 222 -7 -12345
256d 3133 z = -1 0 0 0 0 0 0 0 0 0 0
256d 3233 s = 1 47 37 17 27 1 77 0 57 -7 -12345
256d 3233 z = 1 0 0 0 0 1 0 3 30 0 0
256d 3234 s = 1 47 37 17 27 1 77 0 57 -7 -12345
256d 3234 z = 1 0 0 0 0 1 0 3 30 0 0
256d 3331 s = 1 47 37 17 27 2 77 0 85 -7 -12345
256d 3331 z = 1 0 0 0 0 2 0 3 58 0 0
256d 3332 s = 1 47 37 17 27 2 77 0 85 -7 -12345
256d 3332 z = 1 0 0 0 0 2 0 3 58 0 0
256d 3533 s = 1 47 37 17 27 4 77 5 146 -7 -12345
256d 3533 z = 1 0 0 0 0 4 0 1 119 0 0
256d 3534 s = 1 47 37 17 27 4 77 5 146 -7 -12345
256d 3534 z = 1 0 0 0 0 4 0 1 119 0 0
256d 3539 s = 1 47 37 17 27 4 77 5 146 -7 -12345
256d 3539 z = 1 0 0 0 0 4 0 1 119 0 0
256d 3630 s = 1 47 37 17 27 5 77 1 177 -7 -12345
256d 3630 z = 1 0 0 0 0 5 0 4 150 0 0
256d 3631 s = 1 47 37 17 27 5 77 1 177 -7 -12345
256d 3631 z = 1 0 0 0 0 5 0 4 150 0 0
256d 3632 s = 1 47 37 17 27 5 77 1 177 -7 -12345
256d 3632 z = 1 0 0 0 0 5 0 4 150 0 0
256d 3639 s = 1 47 37 17 27 5 77 1 177 -7 -12345
256d 3639 z = 1 0 0 0 0 5 0 4 150 0 0
256d 3939 s = 1 47 37 17 27 8 77 2 269 -7 -12345
256d 3939 z = 1 0 0 0 0 8 0 5 242 0 0
256d 313030 s = 2 47 37 17 27 9 77 4 299 -7 -12345
256d 313030 z = 2 0 0 0 0 9 0 0 272 0 0
256d 313233 s = 2 47 37 17 27 11 77 2 360 -7 -12345
256d 313233 z = 2 0 0 0 0 11 0 5 333 0 0
256d 333636 s = 1 47 37 17 27 2 77 0 85 -7 -12345
256d 333636 z = 1 0 0 0 0 2 0 3 58 0 0
256d 333637 s = 1 47 37 17 27 2 77 0 85 -7 -12345
256d 333637 z = 1 0 0 0 0 2 0 3 58 0 0
256d 31393639 s = -1 47 37 17 27 6 77 3 222 -7 -12345
256d 31393639 z = -1 0 0 0 0 0 0 0 0 0 0
256d 32303236 s = 1 47 37 17 27 1 77 0 57 -7 -12345
256d 32303236 z = 1 0 0 0 0 1 0 3 30 0 0
256d 39393939 s = 1 47 37 17 27 8 77 2 269 -7 -12345
256d 39393939 z = 1 0 0 0 0 8 0 5 242 0 0
256d 3130303030 s = 2 47 37 17 27 9 77 4 299 -7 -12345
256d 3130303030 z = 2 0 0 0 0 9 0 0 272 0 0
256d 3132333435 s = 2 47 37 17 27 11 77 2 360 -7 -12345
256d 3132333435 z = 2 0 0 0 0 11 0 5 333 0 0
256d 2035 s = 2 47 37 17 27 4 77 5 146 -7 -12345
256d 2035 z = 2 0 0 0 0 4 0 1 119 0 0
256d 2020313778 s = -1 47 37 17 27 6 77 3 222 -7 -12345
256d 2020313778 z = -1 0 0 0 0 0 0 0 0 0 0
256d 0938 s = 2 47 37 17 27 7 77 6 238 -7 -12345
256d 0938 z = 2 0 0 0 0 7 0 2 211 0 0
256d 0a39 s = 2 47 37 17 27 8 77 2 269 -7 -12345
256d 0a39 z = 2 0 0 0 0 8 0 5 242 0 0
256d 0b33 s = 2 47 37 17 27 2 77 0 85 -7 -12345
256d 0b33 z = 2 0 0 0 0 2 0 3 58 0 0
256d 2d31 s = -1 47 37 17 27 6 77 3 222 -7 -12345
256d 2d31 z = -1 0 0 0 0 0 0 0 0 0 0
256d 2b31 s = -1 47 37 17 27 6 77 3 222 -7 -12345
256d 2b31 z = -1 0 0 0 0 0 0 0 0 0 0
256d 4d6f6e s = -1 47 37 17 27 6 77 3 222 -7 -12345
256d 4d6f6e z = -1 0 0 0 0 0 0 0 0 0 0
256d 6d6f6e646179 s = -1 47 37 17 27 6 77 3 222 -7 -12345
256d 6d6f6e646179 z = -1 0 0 0 0 0 0 0 0 0 0
256d 54554553444159 s = -1 47 37 17 27 6 77 3 222 -7 -12345
256d 54554553444159 z = -1 0 0 0 0 0 0 0 0 0 0
256d 776564 s = -1 47 37 17 27 6 77 3 222 -7 -12345
256d 776564 z = -1 0 0 0 0 0 0 0 0 0 0
256d 5468757273 s = -1 47 37 17 27 6 77 3 222 -7 -12345
256d 5468757273 z = -1 0 0 0 0 0 0 0 0 0 0
256d 536570 s = -1 47 37 17 27 6 77 3 222 -7 -12345
256d 536570 z = -1 0 0 0 0 0 0 0 0 0 0
256d 73657074656d626572 s = -1 47 37 17 27 6 77 3 222 -7 -12345
256d 73657074656d626572 z = -1 0 0 0 0 0 0 0 0 0 0
256d 53657074 s = -1 47 37 17 27 6 77 3 222 -7 -12345
256d 53657074 z = -1 0 0 0 0 0 0 0 0 0 0
256d 4d4159 s = -1 47 37 17 27 6 77 3 222 -7 -12345
256d 4d4159 z = -1 0 0 0 0 0 0 0 0 0 0
256d 414d s = -1 47 37 17 27 6 77 3 222 -7 -12345
256d 414d z = -1 0 0 0 0 0 0 0 0 0 0
256d 706d s = -1 47 37 17 27 6 77 3 222 -7 -12345
256d 706d z = -1 0 0 0 0 0 0 0 0 0 0
256d 612e6d2e s = -1 47 37 17 27 6 77 3 222 -7 -12345
256d 612e6d2e z = -1 0 0 0 0 0 0 0 0 0 0
256d 50 s = -1 47 37 17 27 6 77 3 222 -7 -12345
256d 50 z = -1 0 0 0 0 0 0 0 0 0 0
256d 5a s = -1 47 37 17 27 6 77 3 222 -7 -12345
256d 5a z = -1 0 0 0 0 0 0 0 0 0 0
256d 2b3035 s = -1 47 37 17 27 6 77 3 222 -7 -12345
256d 2b3035 z = -1 0 0 0 0 0 0 0 0 0 0
256d 2d30383030 s = -1 47 37 17 27 6 77 3 222 -7 -12345
256d 2d30383030 z = -1 0 0 0 0 0 0 0 0 0 0
256d 2b30353a3330 s = -1 47 37 17 27 6 77 3 222 -7 -12345
256d 2b30353a3330 z = -1 0 0 0 0 0 0 0 0 0 0
256d 2b30353630 s = -1 47 37 17 27 6 77 3 222 -7 -12345
256d 2b30353630 z = -1 0 0 0 0 0 0 0 0 0 0
256d 2b35 s = -1 47 37 17 27 6 77 3 222 -7 -12345
256d 2b35 z = -1 0 0 0 0 0 0 0 0 0 0
256d 2b313233 s = -1 47 37 17 27 6 77 3 222 -7 -12345
256d 2b313233 z = -1 0 0 0 0 0 0 0 0 0 0
256d 2d31323a33 s = -1 47 37 17 27 6 77 3 222 -7 -12345
256d 2d31323a33 z = -1 0 0 0 0 0 0 0 0 0 0
256d 555443 s = -1 47 37 17 27 6 77 3 222 -7 -12345
256d 555443 z = -1 0 0 0 0 0 0 0 0 0 0
256d 455354354544542078 s = -1 47 37 17 27 6 77 3 222 -7 -12345
256d 455354354544542078 z = -1 0 0 0 0 0 0 0 0 0 0
256d 25 s = -1 47 37 17 27 6 77 3 222 -7 -12345
256d 25 z = -1 0 0 0 0 0 0 0 0 0 0
256d 2578 s = -1 47 37 17 27 6 77 3 222 -7 -12345
256d 2578 z = -1 0 0 0 0 0 0 0 0 0 0
256d 78 s = -1 47 37 17 27 6 77 3 222 -7 -12345
256d 78 z = -1 0 0 0 0 0 0 0 0 0 0
256d 31373237353139373030 s = -1 47 37 17 27 6 77 3 222 -7 -12345
256d 31373237353139373030 z = -1 0 0 0 0 0 0 0 0 0 0
256d 2d35 s = -1 47 37 17 27 6 77 3 222 -7 -12345
256d 2d35 z = -1 0 0 0 0 0 0 0 0 0 0
256d 3939393939393939393939393939393939393939 s = 1 47 37 17 27 8 77 2 269 -7 -12345
256d 3939393939393939393939393939393939393939 z = 1 0 0 0 0 8 0 5 242 0 0
256d 31323a33343a3536 s = 2 47 37 17 27 11 77 2 360 -7 -12345
256d 31323a33343a3536 z = 2 0 0 0 0 11 0 5 333 0 0
256d 323032362d30392d3238 s = 1 47 37 17 27 1 77 0 57 -7 -12345
256d 323032362d30392d3238 z = 1 0 0 0 0 1 0 3 30 0 0
256d 30392f32382f3236 s = 2 47 37 17 27 8 77 2 269 -7 -12345
256d 30392f32382f3236 z = 2 0 0 0 0 8 0 5 242 0 0
256d 4d6f6e205365702032382031303a33353a30302032303236 s = -1 47 37 17 27 6 77 3 222 -7 -12345
256d 4d6f6e205365702032382031303a33353a30302032303236 z = -1 0 0 0 0 0 0 0 0 0 0
256d 31303a33353a303020504d s = 2 47 37 17 27 9 77 4 299 -7 -12345
256d 31303a33353a303020504d z = 2 0 0 0 0 9 0 0 272 0 0
256d 204d6f6e s = -1 47 37 17 27 6 77 3 222 -7 -12345
256d 204d6f6e z = -1 0 0 0 0 0 0 0 0 0 0
256d 09536570 s = -1 47 37 17 27 6 77 3 222 -7 -12345
256d 09536570 z = -1 0 0 0 0 0 0 0 0 0 0
256d 20706d s = -1 47 37 17 27 6 77 3 222 -7 -12345
256d 20706d z = -1 0 0 0 0 0 0 0 0 0 0
256d 205a s = -1 47 37 17 27 6 77 3 222 -7 -12345
256d 205a z = -1 0 0 0 0 0 0 0 0 0 0
256d 202b30353330 s = -1 47 37 17 27 6 77 3 222 -7 -12345
256d 202b30353330 z = -1 0 0 0 0 0 0 0 0 0 0
256d 20555443 s = -1 47 37 17 27 6 77 3 222 -7 -12345
256d 20555443 z = -1 0 0 0 0 0 0 0 0 0 0
256d 53756e64617973 s = -1 47 37 17 27 6 77 3 222 -7 -12345
256d 53756e64617973 z = -1 0 0 0 0 0 0 0 0 0 0
256d 4d6179646179 s = -1 47 37 17 27 6 77 3 222 -7 -12345
256d 4d6179646179 z = -1 0 0 0 0 0 0 0 0 0 0
256d 5361742e s = -1 47 37 17 27 6 77 3 222 -7 -12345
256d 5361742e z = -1 0 0 0 0 0 0 0 0 0 0
256d 444543 s = -1 47 37 17 27 6 77 3 222 -7 -12345
256d 444543 z = -1 0 0 0 0 0 0 0 0 0 0
256d 446563656d6265 s = -1 47 37 17 27 6 77 3 222 -7 -12345
256d 446563656d6265 z = -1 0 0 0 0 0 0 0 0 0 0
254d - s = -1 47 37 17 27 6 77 3 222 -7 -12345
254d - z = -1 0 0 0 0 0 0 0 0 0 0
254d 20 s = -1 47 37 17 27 6 77 3 222 -7 -12345
254d 20 z = -1 0 0 0 0 0 0 0 0 0 0
254d 30 s = 1 47 0 17 27 6 77 3 222 -7 -12345
254d 30 z = 1 0 0 0 0 0 0 0 0 0 0
254d 3030 s = 2 47 0 17 27 6 77 3 222 -7 -12345
254d 3030 z = 2 0 0 0 0 0 0 0 0 0 0
254d 303030 s = 2 47 0 17 27 6 77 3 222 -7 -12345
254d 303030 z = 2 0 0 0 0 0 0 0 0 0 0
254d 31 s = 1 47 1 17 27 6 77 3 222 -7 -12345
254d 31 z = 1 0 1 0 0 0 0 0 0 0 0
254d 3031 s = 2 47 1 17 27 6 77 3 222 -7 -12345
254d 3031 z = 2 0 1 0 0 0 0 0 0 0 0
254d 303031 s = 2 47 0 17 27 6 77 3 222 -7 -12345
254d 303031 z = 2 0 0 0 0 0 0 0 0 0 0
254d 37 s = 1 47 7 17 27 6 77 3 222 -7 -12345
254d 37 z = 1 0 7 0 0 0 0 0 0 0 0
254d 39 s = 1 47 9 17 27 6 77 3 222 -7 -12345
254d 39 z = 1 0 9 0 0 0 0 0 0 0 0
254d 3132 s = 2 47 12 17 27 6 77 3 222 -7 -12345
254d 3132 z = 2 0 12 0 0 0 0 0 0 0 0
254d 3133 s = 2 47 13 17 27 6 77 3 222 -7 -12345
254d 3133 z = 2 0 13 0 0 0 0 0 0 0 0
254d 3233 s = 2 47 23 17 27 6 77 3 222 -7 -12345
254d 3233 z = 2 0 23 0 0 0 0 0 0 0 0
254d 3234 s = 2 47 24 17 27 6 77 3 222 -7 -12345
254d 3234 z = 2 0 24 0 0 0 0 0 0 0 0
254d 3331 s = 2 47 31 17 27 6 77 3 222 -7 -12345
254d 3331 z = 2 0 31 0 0 0 0 0 0 0 0
254d 3332 s = 2 47 32 17 27 6 77 3 222 -7 -12345
254d 3332 z = 2 0 32 0 0 0 0 0 0 0 0
254d 3533 s = 2 47 53 17 27 6 77 3 222 -7 -12345
254d 3533 z = 2 0 53 0 0 0 0 0 0 0 0
254d 3534 s = 2 47 54 17 27 6 77 3 222 -7 -12345
254d 3534 z = 2 0 54 0 0 0 0 0 0 0 0
254d 3539 s = 2 47 59 17 27 6 77 3 222 -7 -12345
254d 3539 z = 2 0 59 0 0 0 0 0 0 0 0
254d 3630 s = 1 47 6 17 27 6 77 3 222 -7 -12345
254d 3630 z = 1 0 6 0 0 0 0 0 0 0 0
254d 3631 s = 1 47 6 17 27 6 77 3 222 -7 -12345
254d 3631 z = 1 0 6 0 0 0 0 0 0 0 0
254d 3632 s = 1 47 6 17 27 6 77 3 222 -7 -12345
254d 3632 z = 1 0 6 0 0 0 0 0 0 0 0
254d 3639 s = 1 47 6 17 27 6 77 3 222 -7 -12345
254d 3639 z = 1 0 6 0 0 0 0 0 0 0 0
254d 3939 s = 1 47 9 17 27 6 77 3 222 -7 -12345
254d 3939 z = 1 0 9 0 0 0 0 0 0 0 0
254d 313030 s = 2 47 10 17 27 6 77 3 222 -7 -12345
254d 313030 z = 2 0 10 0 0 0 0 0 0 0 0
254d 313233 s = 2 47 12 17 27 6 77 3 222 -7 -12345
254d 313233 z = 2 0 12 0 0 0 0 0 0 0 0
254d 333636 s = 2 47 36 17 27 6 77 3 222 -7 -12345
254d 333636 z = 2 0 36 0 0 0 0 0 0 0 0
254d 333637 s = 2 47 36 17 27 6 77 3 222 -7 -12345
254d 333637 z = 2 0 36 0 0 0 0 0 0 0 0
254d 31393639 s = 2 47 19 17 27 6 77 3 222 -7 -12345
254d 31393639 z = 2 0 19 0 0 0 0 0 0 0 0
254d 32303236 s = 2 47 20 17 27 6 77 3 222 -7 -12345
254d 32303236 z = 2 0 20 0 0 0 0 0 0 0 0
254d 39393939 s = 1 47 9 17 27 6 77 3 222 -7 -12345
254d 39393939 z = 1 0 9 0 0 0 0 0 0 0 0
254d 3130303030 s = 2 47 10 17 27 6 77 3 222 -7 -12345
254d 3130303030 z = 2 0 10 0 0 0 0 0 0 0 0
254d 3132333435 s = 2 47 12 17 27 6 77 3 222 -7 -12345
254d 3132333435 z = 2 0 12 0 0 0 0 0 0 0 0
254d 2035 s = 2 47 5 17 27 6 77 3 222 -7 -12345
254d 2035 z = 2 0 5 0 0 0 0 0 0 0 0
254d 2020313778 s = 4 47 17 17 27 6 77 3 222 -7 -12345
254d 2020313778 z = 4 0 17 0 0 0 0 0 0 0 0
254d 0938 s = 2 47 8 17 27 6 77 3 222 -7 -12345
254d 0938 z = 2 0 8 0 0 0 0 0 0 0 0
254d 0a39 s = 2 47 9 17 27 6 77 3 222 -7 -12345
254d 0a39 z = 2 0 9 0 0 0 0 0 0 0 0
254d 0b33 s = 2 47 3 17 27 6 77 3 222 -7 -12345
254d 0b33 z = 2 0 3 0 0 0 0 0 0 0 0
254d 2d31 s = -1 47 37 17 27 6 77 3 222 -7 -12345
254d 2d31 z = -1 0 0 0 0 0 0 0 0 0 0
254d 2b31 s = -1 47 37 17 27 6 77 3 222 -7 -12345
254d 2b31 z = -1 0 0 0 0 0 0 0 0 0 0
254d 4d6f6e s = -1 47 37 17 27 6 77 3 222 -7 -12345
254d 4d6f6e z = -1 0 0 0 0 0 0 0 0 0 0
254d 6d6f6e646179 s = -1 47 37 17 27 6 77 3 222 -7 -12345
254d 6d6f6e646179 z = -1 0 0 0 0 0 0 0 0 0 0
254d 54554553444159 s = -1 47 37 17 27 6 77 3 222 -7 -12345
254d 54554553444159 z = -1 0 0 0 0 0 0 0 0 0 0
254d 776564 s = -1 47 37 17 27 6 77 3 222 -7 -12345
254d 776564 z = -1 0 0 0 0 0 0 0 0 0 0
254d 5468757273 s = -1 47 37 17 27 6 77 3 222 -7 -12345
254d 5468757273 z = -1 0 0 0 0 0 0 0 0 0 0
254d 536570 s = -1 47 37 17 27 6 77 3 222 -7 -12345
254d 536570 z = -1 0 0 0 0 0 0 0 0 0 0
254d 73657074656d626572 s = -1 47 37 17 27 6 77 3 222 -7 -12345
254d 73657074656d626572 z = -1 0 0 0 0 0 0 0 0 0 0
254d 53657074 s = -1 47 37 17 27 6 77 3 222 -7 -12345
254d 53657074 z = -1 0 0 0 0 0 0 0 0 0 0
254d 4d4159 s = -1 47 37 17 27 6 77 3 222 -7 -12345
254d 4d4159 z = -1 0 0 0 0 0 0 0 0 0 0
254d 414d s = -1 47 37 17 27 6 77 3 222 -7 -12345
254d 414d z = -1 0 0 0 0 0 0 0 0 0 0
254d 706d s = -1 47 37 17 27 6 77 3 222 -7 -12345
254d 706d z = -1 0 0 0 0 0 0 0 0 0 0
254d 612e6d2e s = -1 47 37 17 27 6 77 3 222 -7 -12345
254d 612e6d2e z = -1 0 0 0 0 0 0 0 0 0 0
254d 50 s = -1 47 37 17 27 6 77 3 222 -7 -12345
254d 50 z = -1 0 0 0 0 0 0 0 0 0 0
254d 5a s = -1 47 37 17 27 6 77 3 222 -7 -12345
254d 5a z = -1 0 0 0 0 0 0 0 0 0 0
254d 2b3035 s = -1 47 37 17 27 6 77 3 222 -7 -12345
254d 2b3035 z = -1 0 0 0 0 0 0 0 0 0 0
254d 2d30383030 s = -1 47 37 17 27 6 77 3 222 -7 -12345
254d 2d30383030 z = -1 0 0 0 0 0 0 0 0 0 0
254d 2b30353a3330 s = -1 47 37 17 27 6 77 3 222 -7 -12345
254d 2b30353a3330 z = -1 0 0 0 0 0 0 0 0 0 0
254d 2b30353630 s = -1 47 37 17 27 6 77 3 222 -7 -12345
254d 2b30353630 z = -1 0 0 0 0 0 0 0 0 0 0
254d 2b35 s = -1 47 37 17 27 6 77 3 222 -7 -12345
254d 2b35 z = -1 0 0 0 0 0 0 0 0 0 0
254d 2b313233 s = -1 47 37 17 27 6 77 3 222 -7 -12345
254d 2b313233 z = -1 0 0 0 0 0 0 0 0 0 0
254d 2d31323a33 s = -1 47 37 17 27 6 77 3 222 -7 -12345
254d 2d31323a33 z = -1 0 0 0 0 0 0 0 0 0 0
254d 555443 s = -1 47 37 17 27 6 77 3 222 -7 -12345
254d 555443 z = -1 0 0 0 0 0 0 0 0 0 0
254d 455354354544542078 s = -1 47 37 17 27 6 77 3 222 -7 -12345
254d 455354354544542078 z = -1 0 0 0 0 0 0 0 0 0 0
254d 25 s = -1 47 37 17 27 6 77 3 222 -7 -12345
254d 25 z = -1 0 0 0 0 0 0 0 0 0 0
254d 2578 s = -1 47 37 17 27 6 77 3 222 -7 -12345
254d 2578 z = -1 0 0 0 0 0 0 0 0 0 0
254d 78 s = -1 47 37 17 27 6 77 3 222 -7 -12345
254d 78 z = -1 0 0 0 0 0 0 0 0 0 0
254d 31373237353139373030 s = 2 47 17 17 27 6 77 3 222 -7 -12345
254d 31373237353139373030 z = 2 0 17 0 0 0 0 0 0 0 0
254d 2d35 s = -1 47 37 17 27 6 77 3 222 -7 -12345
254d 2d35 z = -1 0 0 0 0 0 0 0 0 0 0
254d 3939393939393939393939393939393939393939 s = 1 47 9 17 27 6 77 3 222 -7 -12345
254d 3939393939393939393939393939393939393939 z = 1 0 9 0 0 0 0 0 0 0 0
254d 31323a33343a3536 s = 2 47 12 17 27 6 77 3 222 -7 -12345
254d 31323a33343a3536 z = 2 0 12 0 0 0 0 0 0 0 0
254d 323032362d30392d3238 s = 2 47 20 17 27 6 77 3 222 -7 -12345
254d 323032362d30392d3238 z = 2 0 20 0 0 0 0 0 0 0 0
254d 30392f32382f3236 s = 2 47 9 17 27 6 77 3 222 -7 -12345
254d 30392f32382f3236 z = 2 0 9 0 0 0 0 0 0 0 0
254d 4d6f6e205365702032382031303a33353a30302032303236 s = -1 47 37 17 27 6 77 3 222 -7 -12345
254d 4d6f6e205365702032382031303a33353a30302032303236 z = -1 0 0 0 0 0 0 0 0 0 0
254d 31303a33353a303020504d s = 2 47 10 17 27 6 77 3 222 -7 -12345
254d 31303a33353a303020504d z = 2 0 10 0 0 0 0 0 0 0 0
254d 204d6f6e s = -1 47 37 17 27 6 77 3 222 -7 -12345
254d 204d6f6e z = -1 0 0 0 0 0 0 0 0 0 0
254d 09536570 s = -1 47 37 17 27 6 77 3 222 -7 -12345
254d 09536570 z = -1 0 0 0 0 0 0 0 0 0 0
254d 20706d s = -1 47 37 17 27 6 77 3 222 -7 -12345
254d 20706d z = -1 0 0 0 0 0 0 0 0 0 0
254d 205a s = -1 47 37 17 27 6 77 3 222 -7 -12345
254d 205a z = -1 0 0 0 0 0 0 0 0 0 0
254d 202b30353330 s = -1 47 37 17 27 6 77 3 222 -7 -12345
254d 202b30353330 z = -1 0 0 0 0 0 0 0 0 0 0
254d 20555443 s = -1 47 37 17 27 6 77 3 222 -7 -12345
254d 20555443 z = -1 0 0 0 0 0 0 0 0 0 0
254d 53756e64617973 s = -1 47 37 17 27 6 77 3 222 -7 -12345
254d 53756e64617973 z = -1 0 0 0 0 0 0 0 0 0 0
254d 4d6179646179 s = -1 47 37 17 27 6 77 3 222 -7 -12345
254d 4d6179646179 z = -1 0 0 0 0 0 0 0 0 0 0
254d 5361742e s = -1 47 37 17 27 6 77 3 222 -7 -12345
254d 5361742e z = -1 0 0 0 0 0 0 0 0 0 0
254d 444543 s = -1 47 37 17 27 6 77 3 222 -7 -12345
254d 444543 z = -1 0 0 0 0 0 0 0 0 0 0
254d 446563656d6265 s = -1 47 37 17 27 6 77 3 222 -7 -12345
254d 446563656d6265 z = -1 0 0 0 0 0 0 0 0 0 0
256e - s = 0 47 37 17 27 6 77 3 222 -7 -12345
256e - z = 0 0 0 0 0 0 0 0 0 0 0
256e 20 s = 1 47 37 17 27 6 77 3 222 -7 -12345
256e 20 z = 1 0 0 0 0 0 0 0 0 0 0
256e 30 s = 0 47 37 17 27 6 77 3 222 -7 -12345
256e 30 z = 0 0 0 0 0 0 0 0 0 0 0
256e 3030 s = 0 47 37 17 27 6 77 3 222 -7 -12345
256e 3030 z = 0 0 0 0 0 0 0 0 0 0 0
256e 303030 s = 0 47 37 17 27 6 77 3 222 -7 -12345
256e 303030 z = 0 0 0 0 0 0 0 0 0 0 0
256e 31 s = 0 47 37 17 27 6 77 3 222 -7 -12345
256e 31 z = 0 0 0 0 0 0 0 0 0 0 0
256e 3031 s = 0 47 37 17 27 6 77 3 222 -7 -12345
256e 3031 z = 0 0 0 0 0 0 0 0 0 0 0
256e 303031 s = 0 47 37 17 27 6 77 3 222 -7 -12345
256e 303031 z = 0 0 0 0 0 0 0 0 0 0 0
256e 37 s = 0 47 37 17 27 6 77 3 222 -7 -12345
256e 37 z = 0 0 0 0 0 0 0 0 0 0 0
256e 39 s = 0 47 37 17 27 6 77 3 222 -7 -12345
256e 39 z = 0 0 0 0 0 0 0 0 0 0 0
256e 3132 s = 0 47 37 17 27 6 77 3 222 -7 -12345
256e 3132 z = 0 0 0 0 0 0 0 0 0 0 0
256e 3133 s = 0 47 37 17 27 6 77 3 222 -7 -12345
256e 3133 z = 0 0 0 0 0 0 0 0 0 0 0
256e 3233 s = 0 47 37 17 27 6 77 3 222 -7 -12345
256e 3233 z = 0 0 0 0 0 0 0 0 0 0 0
256e 3234 s = 0 47 37 17 27 6 77 3 222 -7 -12345
256e 3234 z = 0 0 0 0 0 0 0 0 0 0 0
256e 3331 s = 0 47 37 17 27 6 77 3 222 -7 -12345
256e 3331 z = 0 0 0 0 0 0 0 0 0 0 0
256e 3332 s = 0 47 37 17 27 6 77 3 222 -7 -12345
256e 3332 z = 0 0 0 0 0 0 0 0 0 0 0
256e 3533 s = 0 47 37 17 27 6 77 3 222 -7 -12345
256e 3533 z = 0 0 0 0 0 0 0 0 0 0 0
256e 3534 s = 0 47 37 17 27 6 77 3 222 -7 -12345
256e 3534 z = 0 0 0 0 0 0 0 0 0 0 0
256e 3539 s = 0 47 37 17 27 6 77 3 222 -7 -12345
256e 3539 z = 0 0 0 0 0 0 0 0 0 0 0
256e 3630 s = 0 47 37 17 27 6 77 3 222 -7 -12345
256e 3630 z = 0 0 0 0 0 0 0 0 0 0 0
256e 3631 s = 0 47 37 17 27 6 77 3 222 -7 -12345
256e 3631 z = 0 0 0 0 0 0 0 0 0 0 0
256e 3632 s = 0 47 37 17 27 6 77 3 222 -7 -12345
256e 3632 z = 0 0 0 0 0 0 0 0 0 0 0
256e 3639 s = 0 47 37 17 27 6 77 3 222 -7 -12345
256e 3639 z = 0 0 0 0 0 0 0 0 0 0 0
256e 3939 s = 0 47 37 17 27 6 77 3 222 -7 -12345
256e 3939 z = 0 0 0 0 0 0 0 0 0 0 0
256e 313030 s = 0 47 37 17 27 6 77 3 222 -7 -12345
256e 313030 z = 0 0 0 0 0 0 0 0 0 0 0
256e 313233 s = 0 47 37 17 27 6 77 3 222 -7 -12345
256e 313233 z = 0 0 0 0 0 0 0 0 0 0 0
256e 333636 s = 0 47 37 17 27 6 77 3 222 -7 -12345
256e 333636 z = 0 0 0 0 0 0 0 0 0 0 0
256e 333637 s = 0 47 37 17 27 6 77 3 222 -7 -12345
256e 333637 z = 0 0 0 0 0 0 0 0 0 0 0
256e 31393639 s = 0 47 37 17 27 6 77 3 222 -7 -12345
256e 31393639 z = 0 0 0 0 0 0 0 0 0 0 0
256e 32303236 s = 0 47 37 17 27 6 77 3 222 -7 -12345
256e 32303236 z = 0 0 0 0 0 0 0 0 0 0 0
256e 39393939 s = 0 47 37 17 27 6 77 3 222 -7 -12345
256e 39393939 z = 0 0 0 0 0 0 0 0 0 0 0
256e 3130303030 s = 0 47 37 17 27 6 77 3 222 -7 -12345
256e 3130303030 z = 0 0 0 0 0 0 0 0 0 0 0
256e 3132333435 s = 0 47 37 17 27 6 77 3 222 -7 -12345
256e 3132333435 z = 0 0 0 0 0 0 0 0 0 0 0
256e 2035 s = 1 47 37 17 27 6 77 3 222 -7 -12345
256e 2035 z = 1 0 0 0 0 0 0 0 0 0 0
256e 2020313778 s = 2 47 37 17 27 6 77 3 222 -7 -12345
256e 2020313778 z = 2 0 0 0 0 0 0 0 0 0 0
256e 0938 s = 1 47 37 17 27 6 77 3 222 -7 -12345
256e 0938 z = 1 0 0 0 0 0 0 0 0 0 0
256e 0a39 s = 1 47 37 17 27 6 77 3 222 -7 -12345
256e 0a39 z = 1 0 0 0 0 0 0 0 0 0 0
256e 0b33 s = 1 47 37 17 27 6 77 3 222 -7 -12345
256e 0b33 z = 1 0 0 0 0 0 0 0 0 0 0
256e 2d31 s = 0 47 37 17 27 6 77 3 222 -7 -12345
256e 2d31 z = 0 0 0 0 0 0 0 0 0 0 0
256e 2b31 s = 0 47 37 17 27 6 77 3 222 -7 -12345
256e 2b31 z = 0 0 0 0 0 0 0 0 0 0 0
256e 4d6f6e s = 0 47 37 17 27 6 77 3 222 -7 -12345
256e 4d6f6e z = 0 0 0 0 0 0 0 0 0 0 0
256e 6d6f6e646179 s = 0 47 37 17 27 6 77 3 222 -7 -12345
256e 6d6f6e646179 z = 0 0 0 0 0 0 0 0 0 0 0
256e 54554553444159 s = 0 47 37 17 27 6 77 3 222 -7 -12345
256e 54554553444159 z = 0 0 0 0 0 0 0 0 0 0 0
256e 776564 s = 0 47 37 17 27 6 77 3 222 -7 -12345
256e 776564 z = 0 0 0 0 0 0 0 0 0 0 0
256e 5468757273 s = 0 47 37 17 27 6 77 3 222 -7 -12345
256e 5468757273 z = 0 0 0 0 0 0 0 0 0 0 0
256e 536570 s = 0 47 37 17 27 6 77 3 222 -7 -12345
256e 536570 z = 0 0 0 0 0 0 0 0 0 0 0
256e 73657074656d626572 s = 0 47 37 17 27 6 77 3 222 -7 -12345
256e 73657074656d626572 z = 0 0 0 0 0 0 0 0 0 0 0
256e 53657074 s = 0 47 37 17 27 6 77 3 222 -7 -12345
256e 53657074 z = 0 0 0 0 0 0 0 0 0 0 0
256e 4d4159 s = 0 47 37 17 27 6 77 3 222 -7 -12345
256e 4d4159 z = 0 0 0 0 0 0 0 0 0 0 0
256e 414d s = 0 47 37 17 27 6 77 3 222 -7 -12345
256e 414d z = 0 0 0 0 0 0 0 0 0 0 0
256e 706d s = 0 47 37 17 27 6 77 3 222 -7 -12345
256e 706d z = 0 0 0 0 0 0 0 0 0 0 0
256e 612e6d2e s = 0 47 37 17 27 6 77 3 222 -7 -12345
256e 612e6d2e z = 0 0 0 0 0 0 0 0 0 0 0
256e 50 s = 0 47 37 17 27 6 77 3 222 -7 -12345
256e 50 z = 0 0 0 0 0 0 0 0 0 0 0
256e 5a s = 0 47 37 17 27 6 77 3 222 -7 -12345
256e 5a z = 0 0 0 0 0 0 0 0 0 0 0
256e 2b3035 s = 0 47 37 17 27 6 77 3 222 -7 -12345
256e 2b3035 z = 0 0 0 0 0 0 0 0 0 0 0
256e 2d30383030 s = 0 47 37 17 27 6 77 3 222 -7 -12345
256e 2d30383030 z = 0 0 0 0 0 0 0 0 0 0 0
256e 2b30353a3330 s = 0 47 37 17 27 6 77 3 222 -7 -12345
256e 2b30353a3330 z = 0 0 0 0 0 0 0 0 0 0 0
256e 2b30353630 s = 0 47 37 17 27 6 77 3 222 -7 -12345
256e 2b30353630 z = 0 0 0 0 0 0 0 0 0 0 0
256e 2b35 s = 0 47 37 17 27 6 77 3 222 -7 -12345
256e 2b35 z = 0 0 0 0 0 0 0 0 0 0 0
256e 2b313233 s = 0 47 37 17 27 6 77 3 222 -7 -12345
256e 2b313233 z = 0 0 0 0 0 0 0 0 0 0 0
256e 2d31323a33 s = 0 47 37 17 27 6 77 3 222 -7 -12345
256e 2d31323a33 z = 0 0 0 0 0 0 0 0 0 0 0
256e 555443 s = 0 47 37 17 27 6 77 3 222 -7 -12345
256e 555443 z = 0 0 0 0 0 0 0 0 0 0 0
256e 455354354544542078 s = 0 47 37 17 27 6 77 3 222 -7 -12345
256e 455354354544542078 z = 0 0 0 0 0 0 0 0 0 0 0
256e 25 s = 0 47 37 17 27 6 77 3 222 -7 -12345
256e 25 z = 0 0 0 0 0 0 0 0 0 0 0
256e 2578 s = 0 47 37 17 27 6 77 3 222 -7 -12345
256e 2578 z = 0 0 0 0 0 0 0 0 0 0 0
256e 78 s = 0 47 37 17 27 6 77 3 222 -7 -12345
256e 78 z = 0 0 0 0 0 0 0 0 0 0 0
256e 31373237353139373030 s = 0 47 37 17 27 6 77 3 222 -7 -12345
256e 31373237353139373030 z = 0 0 0 0 0 0 0 0 0 0 0
256e 2d35 s = 0 47 37 17 27 6 77 3 222 -7 -12345
256e 2d35 z = 0 0 0 0 0 0 0 0 0 0 0
256e 3939393939393939393939393939393939393939 s = 0 47 37 17 27 6 77 3 222 -7 -12345
256e 3939393939393939393939393939393939393939 z = 0 0 0 0 0 0 0 0 0 0 0
256e 31323a33343a3536 s = 0 47 37 17 27 6 77 3 222 -7 -12345
256e 31323a33343a3536 z = 0 0 0 0 0 0 0 0 0 0 0
256e 323032362d30392d3238 s = 0 47 37 17 27 6 77 3 222 -7 -12345
256e 323032362d30392d3238 z = 0 0 0 0 0 0 0 0 0 0 0
256e 30392f32382f3236 s = 0 47 37 17 27 6 77 3 222 -7 -12345
256e 30392f32382f3236 z = 0 0 0 0 0 0 0 0 0 0 0
256e 4d6f6e205365702032382031303a33353a30302032303236 s = 0 47 37 17 27 6 77 3 222 -7 -12345
256e 4d6f6e205365702032382031303a33353a30302032303236 z = 0 0 0 0 0 0 0 0 0 0 0
256e 31303a33353a303020504d s = 0 47 37 17 27 6 77 3 222 -7 -12345
256e 31303a33353a303020504d z = 0 0 0 0 0 0 0 0 0 0 0
256e 204d6f6e s = 1 47 37 17 27 6 77 3 222 -7 -12345
256e 204d6f6e z = 1 0 0 0 0 0 0 0 0 0 0
256e 09536570 s = 1 47 37 17 27 6 77 3 222 -7 -12345
256e 09536570 z = 1 0 0 0 0 0 0 0 0 0 0
256e 20706d s = 1 47 37 17 27 6 77 3 222 -7 -12345
256e 20706d z = 1 0 0 0 0 0 0 0 0 0 0
256e 205a s = 1 47 37 17 27 6 77 3 222 -7 -12345
256e 205a z = 1 0 0 0 0 0 0 0 0 0 0
256e 202b30353330 s = 1 47 37 17 27 6 77 3 222 -7 -12345
256e 202b30353330 z = 1 0 0 0 0 0 0 0 0 0 0
256e 20555443 s = 1 47 37 17 27 6 77 3 222 -7 -12345
256e 20555443 z = 1 0 0 0 0 0 0 0 0 0 0
256e 53756e64617973 s = 0 47 37 17 27 6 77 3 222 -7 -12345
256e 53756e64617973 z = 0 0 0 0 0 0 0 0 0 0 0
256e 4d6179646179 s = 0 47 37 17 27 6 77 3 222 -7 -12345
256e 4d6179646179 z = 0 0 0 0 0 0 0 0 0 0 0
256e 5361742e s = 0 47 37 17 27 6 77 3 222 -7 -12345
256e 5361742e z = 0 0 0 0 0 0 0 0 0 0 0
256e 444543 s = 0 47 37 17 27 6 77 3 222 -7 -12345
256e 444543 z = 0 0 0 0 0 0 0 0 0 0 0
256e 446563656d6265 s = 0 47 37 17 27 6 77 3 222 -7 -12345
256e 446563656d6265 z = 0 0 0 0 0 0 0 0 0 0 0
2570 - s = -1 47 37 17 27 6 77 3 222 -7 -12345
2570 - z = -1 0 0 0 0 0 0 0 0 0 0
2570 20 s = -1 47 37 17 27 6 77 3 222 -7 -12345
2570 20 z = -1 0 0 0 0 0 0 0 0 0 0
2570 30 s = -1 47 37 17 27 6 77 3 222 -7 -12345
2570 30 z = -1 0 0 0 0 0 0 0 0 0 0
2570 3030 s = -1 47 37 17 27 6 77 3 222 -7 -12345
2570 3030 z = -1 0 0 0 0 0 0 0 0 0 0
2570 303030 s = -1 47 37 17 27 6 77 3 222 -7 -12345
2570 303030 z = -1 0 0 0 0 0 0 0 0 0 0
2570 31 s = -1 47 37 17 27 6 77 3 222 -7 -12345
2570 31 z = -1 0 0 0 0 0 0 0 0 0 0
2570 3031 s = -1 47 37 17 27 6 77 3 222 -7 -12345
2570 3031 z = -1 0 0 0 0 0 0 0 0 0 0
2570 303031 s = -1 47 37 17 27 6 77 3 222 -7 -12345
2570 303031 z = -1 0 0 0 0 0 0 0 0 0 0
2570 37 s = -1 47 37 17 27 6 77 3 222 -7 -12345
2570 37 z = -1 0 0 0 0 0 0 0 0 0 0
2570 39 s = -1 47 37 17 27 6 77 3 222 -7 -12345
2570 39 z = -1 0 0 0 0 0 0 0 0 0 0
2570 3132 s = -1 47 37 17 27 6 77 3 222 -7 -12345
2570 3132 z = -1 0 0 0 0 0 0 0 0 0 0
2570 3133 s = -1 47 37 17 27 6 77 3 222 -7 -12345
2570 3133 z = -1 0 0 0 0 0 0 0 0 0 0
2570 3233 s = -1 47 37 17 27 6 77 3 222 -7 -12345
2570 3233 z = -1 0 0 0 0 0 0 0 0 0 0
2570 3234 s = -1 47 37 17 27 6 77 3 222 -7 -12345
2570 3234 z = -1 0 0 0 0 0 0 0 0 0 0
2570 3331 s = -1 47 37 17 27 6 77 3 222 -7 -12345
2570 3331 z = -1 0 0 0 0 0 0 0 0 0 0
2570 3332 s = -1 47 37 17 27 6 77 3 222 -7 -12345
2570 3332 z = -1 0 0 0 0 0 0 0 0 0 0
2570 3533 s = -1 47 37 17 27 6 77 3 222 -7 -12345
2570 3533 z = -1 0 0 0 0 0 0 0 0 0 0
2570 3534 s = -1 47 37 17 27 6 77 3 222 -7 -12345
2570 3534 z = -1 0 0 0 0 0 0 0 0 0 0
2570 3539 s = -1 47 37 17 27 6 77 3 222 -7 -12345
2570 3539 z = -1 0 0 0 0 0 0 0 0 0 0
2570 3630 s = -1 47 37 17 27 6 77 3 222 -7 -12345
2570 3630 z = -1 0 0 0 0 0 0 0 0 0 0
2570 3631 s = -1 47 37 17 27 6 77 3 222 -7 -12345
2570 3631 z = -1 0 0 0 0 0 0 0 0 0 0
2570 3632 s = -1 47 37 17 27 6 77 3 222 -7 -12345
2570 3632 z = -1 0 0 0 0 0 0 0 0 0 0
2570 3639 s = -1 47 37 17 27 6 77 3 222 -7 -12345
2570 3639 z = -1 0 0 0 0 0 0 0 0 0 0
2570 3939 s = -1 47 37 17 27 6 77 3 222 -7 -12345
2570 3939 z = -1 0 0 0 0 0 0 0 0 0 0
2570 313030 s = -1 47 37 17 27 6 77 3 222 -7 -12345
2570 313030 z = -1 0 0 0 0 0 0 0 0 0 0
2570 313233 s = -1 47 37 17 27 6 77 3 222 -7 -12345
2570 313233 z = -1 0 0 0 0 0 0 0 0 0 0
2570 333636 s = -1 47 37 17 27 6 77 3 222 -7 -12345
2570 333636 z = -1 0 0 0 0 0 0 0 0 0 0
2570 333637 s = -1 47 37 17 27 6 77 3 222 -7 -12345
2570 333637 z = -1 0 0 0 0 0 0 0 0 0 0
2570 31393639 s = -1 47 37 17 27 6 77 3 222 -7 -12345
2570 31393639 z = -1 0 0 0 0 0 0 0 0 0 0
2570 32303236 s = -1 47 37 17 27 6 77 3 222 -7 -12345
2570 32303236 z = -1 0 0 0 0 0 0 0 0 0 0
2570 39393939 s = -1 47 37 17 27 6 77 3 222 -7 -12345
2570 39393939 z = -1 0 0 0 0 0 0 0 0 0 0
2570 3130303030 s = -1 47 37 17 27 6 77 3 222 -7 -12345
2570 3130303030 z = -1 0 0 0 0 0 0 0 0 0 0
2570 3132333435 s = -1 47 37 17 27 6 77 3 222 -7 -12345
2570 3132333435 z = -1 0 0 0 0 0 0 0 0 0 0
2570 2035 s = -1 47 37 17 27 6 77 3 222 -7 -12345
2570 2035 z = -1 0 0 0 0 0 0 0 0 0 0
2570 2020313778 s = -1 47 37 17 27 6 77 3 222 -7 -12345
2570 2020313778 z = -1 0 0 0 0 0 0 0 0 0 0
2570 0938 s = -1 47 37 17 27 6 77 3 222 -7 -12345
2570 0938 z = -1 0 0 0 0 0 0 0 0 0 0
2570 0a39 s = -1 47 37 17 27 6 77 3 222 -7 -12345
2570 0a39 z = -1 0 0 0 0 0 0 0 0 0 0
2570 0b33 s = -1 47 37 17 27 6 77 3 222 -7 -12345
2570 0b33 z = -1 0 0 0 0 0 0 0 0 0 0
2570 2d31 s = -1 47 37 17 27 6 77 3 222 -7 -12345
2570 2d31 z = -1 0 0 0 0 0 0 0 0 0 0
2570 2b31 s = -1 47 37 17 27 6 77 3 222 -7 -12345
2570 2b31 z = -1 0 0 0 0 0 0 0 0 0 0
2570 4d6f6e s = -1 47 37 17 27 6 77 3 222 -7 -12345
2570 4d6f6e z = -1 0 0 0 0 0 0 0 0 0 0
2570 6d6f6e646179 s = -1 47 37 17 27 6 77 3 222 -7 -12345
2570 6d6f6e646179 z = -1 0 0 0 0 0 0 0 0 0 0
2570 54554553444159 s = -1 47 37 17 27 6 77 3 222 -7 -12345
2570 54554553444159 z = -1 0 0 0 0 0 0 0 0 0 0
2570 776564 s = -1 47 37 17 27 6 77 3 222 -7 -12345
2570 776564 z = -1 0 0 0 0 0 0 0 0 0 0
2570 5468757273 s = -1 47 37 17 27 6 77 3 222 -7 -12345
2570 5468757273 z = -1 0 0 0 0 0 0 0 0 0 0
2570 536570 s = -1 47 37 17 27 6 77 3 222 -7 -12345
2570 536570 z = -1 0 0 0 0 0 0 0 0 0 0
2570 73657074656d626572 s = -1 47 37 17 27 6 77 3 222 -7 -12345
2570 73657074656d626572 z = -1 0 0 0 0 0 0 0 0 0 0
2570 53657074 s = -1 47 37 17 27 6 77 3 222 -7 -12345
2570 53657074 z = -1 0 0 0 0 0 0 0 0 0 0
2570 4d4159 s = -1 47 37 17 27 6 77 3 222 -7 -12345
2570 4d4159 z = -1 0 0 0 0 0 0 0 0 0 0
2570 414d s = 2 47 37 17 27 6 77 3 222 -7 -12345
2570 414d z = 2 0 0 0 0 0 0 0 0 0 0
2570 706d s = 2 47 37 17 27 6 77 3 222 -7 -12345
2570 706d z = 2 0 0 0 0 0 0 0 0 0 0
2570 612e6d2e s = -1 47 37 17 27 6 77 3 222 -7 -12345
2570 612e6d2e z = -1 0 0 0 0 0 0 0 0 0 0
2570 50 s = -1 47 37 17 27 6 77 3 222 -7 -12345
2570 50 z = -1 0 0 0 0 0 0 0 0 0 0
2570 5a s = -1 47 37 17 27 6 77 3 222 -7 -12345
2570 5a z = -1 0 0 0 0 0 0 0 0 0 0
2570 2b3035 s = -1 47 37 17 27 6 77 3 222 -7 -12345
2570 2b3035 z = -1 0 0 0 0 0 0 0 0 0 0
2570 2d30383030 s = -1 47 37 17 27 6 77 3 222 -7 -12345
2570 2d30383030 z = -1 0 0 0 0 0 0 0 0 0 0
2570 2b30353a3330 s = -1 47 37 17 27 6 77 3 222 -7 -12345
2570 2b30353a3330 z = -1 0 0 0 0 0 0 0 0 0 0
2570 2b30353630 s = -1 47 37 17 27 6 77 3 222 -7 -12345
2570 2b30353630 z = -1 0 0 0 0 0 0 0 0 0 0
2570 2b35 s = -1 47 37 17 27 6 77 3 222 -7 -12345
2570 2b35 z = -1 0 0 0 0 0 0 0 0 0 0
2570 2b313233 s = -1 47 37 17 27 6 77 3 222 -7 -12345
2570 2b313233 z = -1 0 0 0 0 0 0 0 0 0 0
2570 2d31323a33 s = -1 47 37 17 27 6 77 3 222 -7 -12345
2570 2d31323a33 z = -1 0 0 0 0 0 0 0 0 0 0
2570 555443 s = -1 47 37 17 27 6 77 3 222 -7 -12345
2570 555443 z = -1 0 0 0 0 0 0 0 0 0 0
2570 455354354544542078 s = -1 47 37 17 27 6 77 3 222 -7 -12345
2570 455354354544542078 z = -1 0 0 0 0 0 0 0 0 0 0
2570 25 s = -1 47 37 17 27 6 77 3 222 -7 -12345
2570 25 z = -1 0 0 0 0 0 0 0 0 0 0
2570 2578 s = -1 47 37 17 27 6 77 3 222 -7 -12345
2570 2578 z = -1 0 0 0 0 0 0 0 0 0 0
2570 78 s = -1 47 37 17 27 6 77 3 222 -7 -12345
2570 78 z = -1 0 0 0 0 0 0 0 0 0 0
2570 31373237353139373030 s = -1 47 37 17 27 6 77 3 222 -7 -12345
2570 31373237353139373030 z = -1 0 0 0 0 0 0 0 0 0 0
2570 2d35 s = -1 47 37 17 27 6 77 3 222 -7 -12345
2570 2d35 z = -1 0 0 0 0 0 0 0 0 0 0
2570 3939393939393939393939393939393939393939 s = -1 47 37 17 27 6 77 3 222 -7 -12345
2570 3939393939393939393939393939393939393939 z = -1 0 0 0 0 0 0 0 0 0 0
2570 31323a33343a3536 s = -1 47 37 17 27 6 77 3 222 -7 -12345
2570 31323a33343a3536 z = -1 0 0 0 0 0 0 0 0 0 0
2570 323032362d30392d3238 s = -1 47 37 17 27 6 77 3 222 -7 -12345
2570 323032362d30392d3238 z = -1 0 0 0 0 0 0 0 0 0 0
2570 30392f32382f3236 s = -1 47 37 17 27 6 77 3 222 -7 -12345
2570 30392f32382f3236 z = -1 0 0 0 0 0 0 0 0 0 0
2570 4d6f6e205365702032382031303a33353a30302032303236 s = -1 47 37 17 27 6 77 3 222 -7 -12345
2570 4d6f6e205365702032382031303a33353a30302032303236 z = -1 0 0 0 0 0 0 0 0 0 0
2570 31303a33353a303020504d s = -1 47 37 17 27 6 77 3 222 -7 -12345
2570 31303a33353a303020504d z = -1 0 0 0 0 0 0 0 0 0 0
2570 204d6f6e s = -1 47 37 17 27 6 77 3 222 -7 -12345
2570 204d6f6e z = -1 0 0 0 0 0 0 0 0 0 0
2570 09536570 s = -1 47 37 17 27 6 77 3 222 -7 -12345
2570 09536570 z = -1 0 0 0 0 0 0 0 0 0 0
2570 20706d s = -1 47 37 17 27 6 77 3 222 -7 -12345
2570 20706d z = -1 0 0 0 0 0 0 0 0 0 0
2570 205a s = -1 47 37 17 27 6 77 3 222 -7 -12345
2570 205a z = -1 0 0 0 0 0 0 0 0 0 0
2570 202b30353330 s = -1 47 37 17 27 6 77 3 222 -7 -12345
2570 202b30353330 z = -1 0 0 0 0 0 0 0 0 0 0
2570 20555443 s = -1 47 37 17 27 6 77 3 222 -7 -12345
2570 20555443 z = -1 0 0 0 0 0 0 0 0 0 0
2570 53756e64617973 s = -1 47 37 17 27 6 77 3 222 -7 -12345
2570 53756e64617973 z = -1 0 0 0 0 0 0 0 0 0 0
2570 4d6179646179 s = -1 47 37 17 27 6 77 3 222 -7 -12345
2570 4d6179646179 z = -1 0 0 0 0 0 0 0 0 0 0
2570 5361742e s = -1 47 37 17 27 6 77 3 222 -7 -12345
2570 5361742e z = -1 0 0 0 0 0 0 0 0 0 0
2570 444543 s = -1 47 37 17 27 6 77 3 222 -7 -12345
2570 444543 z = -1 0 0 0 0 0 0 0 0 0 0
2570 446563656d6265 s = -1 47 37 17 27 6 77 3 222 -7 -12345
2570 446563656d6265 z = -1 0 0 0 0 0 0 0 0 0 0
2550 - s = -1 47 37 17 27 6 77 3 222 -7 -12345
2550 - z = -1 0 0 0 0 0 0 0 0 0 0
2550 20 s = -1 47 37 17 27 6 77 3 222 -7 -12345
2550 20 z = -1 0 0 0 0 0 0 0 0 0 0
2550 30 s = -1 47 37 17 27 6 77 3 222 -7 -12345
2550 30 z = -1 0 0 0 0 0 0 0 0 0 0
2550 3030 s = -1 47 37 17 27 6 77 3 222 -7 -12345
2550 3030 z = -1 0 0 0 0 0 0 0 0 0 0
2550 303030 s = -1 47 37 17 27 6 77 3 222 -7 -12345
2550 303030 z = -1 0 0 0 0 0 0 0 0 0 0
2550 31 s = -1 47 37 17 27 6 77 3 222 -7 -12345
2550 31 z = -1 0 0 0 0 0 0 0 0 0 0
2550 3031 s = -1 47 37 17 27 6 77 3 222 -7 -12345
2550 3031 z = -1 0 0 0 0 0 0 0 0 0 0
2550 303031 s = -1 47 37 17 27 6 77 3 222 -7 -12345
2550 303031 z = -1 0 0 0 0 0 0 0 0 0 0
2550 37 s = -1 47 37 17 27 6 77 3 222 -7 -12345
2550 37 z = -1 0 0 0 0 0 0 0 0 0 0
2550 39 s = -1 47 37 17 27 6 77 3 222 -7 -12345
2550 39 z = -1 0 0 0 0 0 0 0 0 0 0
2550 3132 s = -1 47 37 17 27 6 77 3 222 -7 -12345
2550 3132 z = -1 0 0 0 0 0 0 0 0 0 0
2550 3133 s = -1 47 37 17 27 6 77 3 222 -7 -12345
2550 3133 z = -1 0 0 0 0 0 0 0 0 0 0
2550 3233 s = -1 47 37 17 27 6 77 3 222 -7 -12345
2550 3233 z = -1 0 0 0 0 0 0 0 0 0 0
2550 3234 s = -1 47 37 17 27 6 77 3 222 -7 -12345
2550 3234 z = -1 0 0 0 0 0 0 0 0 0 0
2550 3331 s = -1 47 37 17 27 6 77 3 222 -7 -12345
2550 3331 z = -1 0 0 0 0 0 0 0 0 0 0
2550 3332 s = -1 47 37 17 27 6 77 3 222 -7 -12345
2550 3332 z = -1 0 0 0 0 0 0 0 0 0 0
2550 3533 s = -1 47 37 17 27 6 77 3 222 -7 -12345
2550 3533 z = -1 0 0 0 0 0 0 0 0 0 0
2550 3534 s = -1 47 37 17 27 6 77 3 222 -7 -12345
2550 3534 z = -1 0 0 0 0 0 0 0 0 0 0
2550 3539 s = -1 47 37 17 27 6 77 3 222 -7 -12345
2550 3539 z = -1 0 0 0 0 0 0 0 0 0 0
2550 3630 s = -1 47 37 17 27 6 77 3 222 -7 -12345
2550 3630 z = -1 0 0 0 0 0 0 0 0 0 0
2550 3631 s = -1 47 37 17 27 6 77 3 222 -7 -12345
2550 3631 z = -1 0 0 0 0 0 0 0 0 0 0
2550 3632 s = -1 47 37 17 27 6 77 3 222 -7 -12345
2550 3632 z = -1 0 0 0 0 0 0 0 0 0 0
2550 3639 s = -1 47 37 17 27 6 77 3 222 -7 -12345
2550 3639 z = -1 0 0 0 0 0 0 0 0 0 0
2550 3939 s = -1 47 37 17 27 6 77 3 222 -7 -12345
2550 3939 z = -1 0 0 0 0 0 0 0 0 0 0
2550 313030 s = -1 47 37 17 27 6 77 3 222 -7 -12345
2550 313030 z = -1 0 0 0 0 0 0 0 0 0 0
2550 313233 s = -1 47 37 17 27 6 77 3 222 -7 -12345
2550 313233 z = -1 0 0 0 0 0 0 0 0 0 0
2550 333636 s = -1 47 37 17 27 6 77 3 222 -7 -12345
2550 333636 z = -1 0 0 0 0 0 0 0 0 0 0
2550 333637 s = -1 47 37 17 27 6 77 3 222 -7 -12345
2550 333637 z = -1 0 0 0 0 0 0 0 0 0 0
2550 31393639 s = -1 47 37 17 27 6 77 3 222 -7 -12345
2550 31393639 z = -1 0 0 0 0 0 0 0 0 0 0
2550 32303236 s = -1 47 37 17 27 6 77 3 222 -7 -12345
2550 32303236 z = -1 0 0 0 0 0 0 0 0 0 0
2550 39393939 s = -1 47 37 17 27 6 77 3 222 -7 -12345
2550 39393939 z = -1 0 0 0 0 0 0 0 0 0 0
2550 3130303030 s = -1 47 37 17 27 6 77 3 222 -7 -12345
2550 3130303030 z = -1 0 0 0 0 0 0 0 0 0 0
2550 3132333435 s = -1 47 37 17 27 6 77 3 222 -7 -12345
2550 3132333435 z = -1 0 0 0 0 0 0 0 0 0 0
2550 2035 s = -1 47 37 17 27 6 77 3 222 -7 -12345
2550 2035 z = -1 0 0 0 0 0 0 0 0 0 0
2550 2020313778 s = -1 47 37 17 27 6 77 3 222 -7 -12345
2550 2020313778 z = -1 0 0 0 0 0 0 0 0 0 0
2550 0938 s = -1 47 37 17 27 6 77 3 222 -7 -12345
2550 0938 z = -1 0 0 0 0 0 0 0 0 0 0
2550 0a39 s = -1 47 37 17 27 6 77 3 222 -7 -12345
2550 0a39 z = -1 0 0 0 0 0 0 0 0 0 0
2550 0b33 s = -1 47 37 17 27 6 77 3 222 -7 -12345
2550 0b33 z = -1 0 0 0 0 0 0 0 0 0 0
2550 2d31 s = -1 47 37 17 27 6 77 3 222 -7 -12345
2550 2d31 z = -1 0 0 0 0 0 0 0 0 0 0
2550 2b31 s = -1 47 37 17 27 6 77 3 222 -7 -12345
2550 2b31 z = -1 0 0 0 0 0 0 0 0 0 0
2550 4d6f6e s = -1 47 37 17 27 6 77 3 222 -7 -12345
2550 4d6f6e z = -1 0 0 0 0 0 0 0 0 0 0
2550 6d6f6e646179 s = -1 47 37 17 27 6 77 3 222 -7 -12345
2550 6d6f6e646179 z = -1 0 0 0 0 0 0 0 0 0 0
2550 54554553444159 s = -1 47 37 17 27 6 77 3 222 -7 -12345
2550 54554553444159 z = -1 0 0 0 0 0 0 0 0 0 0
2550 776564 s = -1 47 37 17 27 6 77 3 222 -7 -12345
2550 776564 z = -1 0 0 0 0 0 0 0 0 0 0
2550 5468757273 s = -1 47 37 17 27 6 77 3 222 -7 -12345
2550 5468757273 z = -1 0 0 0 0 0 0 0 0 0 0
2550 536570 s = -1 47 37 17 27 6 77 3 222 -7 -12345
2550 536570 z = -1 0 0 0 0 0 0 0 0 0 0
2550 73657074656d626572 s = -1 47 37 17 27 6 77 3 222 -7 -12345
2550 73657074656d626572 z = -1 0 0 0 0 0 0 0 0 0 0
2550 53657074 s = -1 47 37 17 27 6 77 3 222 -7 -12345
2550 53657074 z = -1 0 0 0 0 0 0 0 0 0 0
2550 4d4159 s = -1 47 37 17 27 6 77 3 222 -7 -12345
2550 4d4159 z = -1 0 0 0 0 0 0 0 0 0 0
2550 414d s = -1 47 37 17 27 6 77 3 222 -7 -12345
2550 414d z = -1 0 0 0 0 0 0 0 0 0 0
2550 706d s = -1 47 37 17 27 6 77 3 222 -7 -12345
2550 706d z = -1 0 0 0 0 0 0 0 0 0 0
2550 612e6d2e s = -1 47 37 17 27 6 77 3 222 -7 -12345
2550 612e6d2e z = -1 0 0 0 0 0 0 0 0 0 0
2550 50 s = -1 47 37 17 27 6 77 3 222 -7 -12345
2550 50 z = -1 0 0 0 0 0 0 0 0 0 0
2550 5a s = -1 47 37 17 27 6 77 3 222 -7 -12345
2550 5a z = -1 0 0 0 0 0 0 0 0 0 0
2550 2b3035 s = -1 47 37 17 27 6 77 3 222 -7 -12345
2550 2b3035 z = -1 0 0 0 0 0 0 0 0 0 0
2550 2d30383030 s = -1 47 37 17 27 6 77 3 222 -7 -12345
2550 2d30383030 z = -1 0 0 0 0 0 0 0 0 0 0
2550 2b30353a3330 s = -1 47 37 17 27 6 77 3 222 -7 -12345
2550 2b30353a3330 z = -1 0 0 0 0 0 0 0 0 0 0
2550 2b30353630 s = -1 47 37 17 27 6 77 3 222 -7 -12345
2550 2b30353630 z = -1 0 0 0 0 0 0 0 0 0 0
2550 2b35 s = -1 47 37 17 27 6 77 3 222 -7 -12345
2550 2b35 z = -1 0 0 0 0 0 0 0 0 0 0
2550 2b313233 s = -1 47 37 17 27 6 77 3 222 -7 -12345
2550 2b313233 z = -1 0 0 0 0 0 0 0 0 0 0
2550 2d31323a33 s = -1 47 37 17 27 6 77 3 222 -7 -12345
2550 2d31323a33 z = -1 0 0 0 0 0 0 0 0 0 0
2550 555443 s = -1 47 37 17 27 6 77 3 222 -7 -12345
2550 555443 z = -1 0 0 0 0 0 0 0 0 0 0
2550 455354354544542078 s = -1 47 37 17 27 6 77 3 222 -7 -12345
2550 455354354544542078 z = -1 0 0 0 0 0 0 0 0 0 0
2550 25 s = -1 47 37 17 27 6 77 3 222 -7 -12345
2550 25 z = -1 0 0 0 0 0 0 0 0 0 0
2550 2578 s = -1 47 37 17 27 6 77 3 222 -7 -12345
2550 2578 z = -1 0 0 0 0 0 0 0 0 0 0
2550 78 s = -1 47 37 17 27 6 77 3 222 -7 -12345
2550 78 z = -1 0 0 0 0 0 0 0 0 0 0
2550 31373237353139373030 s = -1 47 37 17 27 6 77 3 222 -7 -12345
2550 31373237353139373030 z = -1 0 0 0 0 0 0 0 0 0 0
2550 2d35 s = -1 47 37 17 27 6 77 3 222 -7 -12345
2550 2d35 z = -1 0 0 0 0 0 0 0 0 0 0
2550 3939393939393939393939393939393939393939 s = -1 47 37 17 27 6 77 3 222 -7 -12345
2550 3939393939393939393939393939393939393939 z = -1 0 0 0 0 0 0 0 0 0 0
2550 31323a33343a3536 s = -1 47 37 17 27 6 77 3 222 -7 -12345
2550 31323a33343a3536 z = -1 0 0 0 0 0 0 0 0 0 0
2550 323032362d30392d3238 s = -1 47 37 17 27 6 77 3 222 -7 -12345
2550 323032362d30392d3238 z = -1 0 0 0 0 0 0 0 0 0 0
2550 30392f32382f3236 s = -1 47 37 17 27 6 77 3 222 -7 -12345
2550 30392f32382f3236 z = -1 0 0 0 0 0 0 0 0 0 0
2550 4d6f6e205365702032382031303a33353a30302032303236 s = -1 47 37 17 27 6 77 3 222 -7 -12345
2550 4d6f6e205365702032382031303a33353a30302032303236 z = -1 0 0 0 0 0 0 0 0 0 0
2550 31303a33353a303020504d s = -1 47 37 17 27 6 77 3 222 -7 -12345
2550 31303a33353a303020504d z = -1 0 0 0 0 0 0 0 0 0 0
2550 204d6f6e s = -1 47 37 17 27 6 77 3 222 -7 -12345
2550 204d6f6e z = -1 0 0 0 0 0 0 0 0 0 0
2550 09536570 s = -1 47 37 17 27 6 77 3 222 -7 -12345
2550 09536570 z = -1 0 0 0 0 0 0 0 0 0 0
2550 20706d s = -1 47 37 17 27 6 77 3 222 -7 -12345
2550 20706d z = -1 0 0 0 0 0 0 0 0 0 0
2550 205a s = -1 47 37 17 27 6 77 3 222 -7 -12345
2550 205a z = -1 0 0 0 0 0 0 0 0 0 0
2550 202b30353330 s = -1 47 37 17 27 6 77 3 222 -7 -12345
2550 202b30353330 z = -1 0 0 0 0 0 0 0 0 0 0
2550 20555443 s = -1 47 37 17 27 6 77 3 222 -7 -12345
2550 20555443 z = -1 0 0 0 0 0 0 0 0 0 0
2550 53756e64617973 s = -1 47 37 17 27 6 77 3 222 -7 -12345
2550 53756e64617973 z = -1 0 0 0 0 0 0 0 0 0 0
2550 4d6179646179 s = -1 47 37 17 27 6 77 3 222 -7 -12345
2550 4d6179646179 z = -1 0 0 0 0 0 0 0 0 0 0
2550 5361742e s = -1 47 37 17 27 6 77 3 222 -7 -12345
2550 5361742e z = -1 0 0 0 0 0 0 0 0 0 0
2550 444543 s = -1 47 37 17 27 6 77 3 222 -7 -12345
2550 444543 z = -1 0 0 0 0 0 0 0 0 0 0
2550 446563656d6265 s = -1 47 37 17 27 6 77 3 222 -7 -12345
2550 446563656d6265 z = -1 0 0 0 0 0 0 0 0 0 0
2572 - s = -1 47 37 17 27 6 77 3 222 -7 -12345
2572 - z = -1 0 0 0 0 0 0 0 0 0 0
2572 20 s = -1 47 37 17 27 6 77 3 222 -7 -12345
2572 20 z = -1 0 0 0 0 0 0 0 0 0 0
2572 30 s = -1 47 37 17 27 6 77 3 222 -7 -12345
2572 30 z = -1 0 0 0 0 0 0 0 0 0 0
2572 3030 s = -1 47 37 17 27 6 77 3 222 -7 -12345
2572 3030 z = -1 0 0 0 0 0 0 0 0 0 0
2572 303030 s = -1 47 37 17 27 6 77 3 222 -7 -12345
2572 303030 z = -1 0 0 0 0 0 0 0 0 0 0
2572 31 s = -1 47 37 17 27 6 77 3 222 -7 -12345
2572 31 z = -1 0 0 0 0 0 0 0 0 0 0
2572 3031 s = -1 47 37 17 27 6 77 3 222 -7 -12345
2572 3031 z = -1 0 0 0 0 0 0 0 0 0 0
2572 303031 s = -1 47 37 17 27 6 77 3 222 -7 -12345
2572 303031 z = -1 0 0 0 0 0 0 0 0 0 0
2572 37 s = -1 47 37 17 27 6 77 3 222 -7 -12345
2572 37 z = -1 0 0 0 0 0 0 0 0 0 0
2572 39 s = -1 47 37 17 27 6 77 3 222 -7 -12345
2572 39 z = -1 0 0 0 0 0 0 0 0 0 0
2572 3132 s = -1 47 37 17 27 6 77 3 222 -7 -12345
2572 3132 z = -1 0 0 0 0 0 0 0 0 0 0
2572 3133 s = -1 47 37 17 27 6 77 3 222 -7 -12345
2572 3133 z = -1 0 0 0 0 0 0 0 0 0 0
2572 3233 s = -1 47 37 17 27 6 77 3 222 -7 -12345
2572 3233 z = -1 0 0 0 0 0 0 0 0 0 0
2572 3234 s = -1 47 37 17 27 6 77 3 222 -7 -12345
2572 3234 z = -1 0 0 0 0 0 0 0 0 0 0
2572 3331 s = -1 47 37 17 27 6 77 3 222 -7 -12345
2572 3331 z = -1 0 0 0 0 0 0 0 0 0 0
2572 3332 s = -1 47 37 17 27 6 77 3 222 -7 -12345
2572 3332 z = -1 0 0 0 0 0 0 0 0 0 0
2572 3533 s = -1 47 37 17 27 6 77 3 222 -7 -12345
2572 3533 z = -1 0 0 0 0 0 0 0 0 0 0
2572 3534 s = -1 47 37 17 27 6 77 3 222 -7 -12345
2572 3534 z = -1 0 0 0 0 0 0 0 0 0 0
2572 3539 s = -1 47 37 17 27 6 77 3 222 -7 -12345
2572 3539 z = -1 0 0 0 0 0 0 0 0 0 0
2572 3630 s = -1 47 37 17 27 6 77 3 222 -7 -12345
2572 3630 z = -1 0 0 0 0 0 0 0 0 0 0
2572 3631 s = -1 47 37 17 27 6 77 3 222 -7 -12345
2572 3631 z = -1 0 0 0 0 0 0 0 0 0 0
2572 3632 s = -1 47 37 17 27 6 77 3 222 -7 -12345
2572 3632 z = -1 0 0 0 0 0 0 0 0 0 0
2572 3639 s = -1 47 37 17 27 6 77 3 222 -7 -12345
2572 3639 z = -1 0 0 0 0 0 0 0 0 0 0
2572 3939 s = -1 47 37 17 27 6 77 3 222 -7 -12345
2572 3939 z = -1 0 0 0 0 0 0 0 0 0 0
2572 313030 s = -1 47 37 17 27 6 77 3 222 -7 -12345
2572 313030 z = -1 0 0 0 0 0 0 0 0 0 0
2572 313233 s = -1 47 37 17 27 6 77 3 222 -7 -12345
2572 313233 z = -1 0 0 0 0 0 0 0 0 0 0
2572 333636 s = -1 47 37 17 27 6 77 3 222 -7 -12345
2572 333636 z = -1 0 0 0 0 0 0 0 0 0 0
2572 333637 s = -1 47 37 17 27 6 77 3 222 -7 -12345
2572 333637 z = -1 0 0 0 0 0 0 0 0 0 0
2572 31393639 s = -1 47 37 17 27 6 77 3 222 -7 -12345
2572 31393639 z = -1 0 0 0 0 0 0 0 0 0 0
2572 32303236 s = -1 47 37 17 27 6 77 3 222 -7 -12345
2572 32303236 z = -1 0 0 0 0 0 0 0 0 0 0
2572 39393939 s = -1 47 37 17 27 6 77 3 222 -7 -12345
2572 39393939 z = -1 0 0 0 0 0 0 0 0 0 0
2572 3130303030 s = -1 47 37 17 27 6 77 3 222 -7 -12345
2572 3130303030 z = -1 0 0 0 0 0 0 0 0 0 0
2572 3132333435 s = -1 47 37 17 27 6 77 3 222 -7 -12345
2572 3132333435 z = -1 0 0 0 0 0 0 0 0 0 0
2572 2035 s = -1 47 37 17 27 6 77 3 222 -7 -12345
2572 2035 z = -1 0 0 0 0 0 0 0 0 0 0
2572 2020313778 s = -1 47 37 17 27 6 77 3 222 -7 -12345
2572 2020313778 z = -1 0 0 0 0 0 0 0 0 0 0
2572 0938 s = -1 47 37 17 27 6 77 3 222 -7 -12345
2572 0938 z = -1 0 0 0 0 0 0 0 0 0 0
2572 0a39 s = -1 47 37 17 27 6 77 3 222 -7 -12345
2572 0a39 z = -1 0 0 0 0 0 0 0 0 0 0
2572 0b33 s = -1 47 37 17 27 6 77 3 222 -7 -12345
2572 0b33 z = -1 0 0 0 0 0 0 0 0 0 0
2572 2d31 s = -1 47 37 17 27 6 77 3 222 -7 -12345
2572 2d31 z = -1 0 0 0 0 0 0 0 0 0 0
2572 2b31 s = -1 47 37 17 27 6 77 3 222 -7 -12345
2572 2b31 z = -1 0 0 0 0 0 0 0 0 0 0
2572 4d6f6e s = -1 47 37 17 27 6 77 3 222 -7 -12345
2572 4d6f6e z = -1 0 0 0 0 0 0 0 0 0 0
2572 6d6f6e646179 s = -1 47 37 17 27 6 77 3 222 -7 -12345
2572 6d6f6e646179 z = -1 0 0 0 0 0 0 0 0 0 0
2572 54554553444159 s = -1 47 37 17 27 6 77 3 222 -7 -12345
2572 54554553444159 z = -1 0 0 0 0 0 0 0 0 0 0
2572 776564 s = -1 47 37 17 27 6 77 3 222 -7 -12345
2572 776564 z = -1 0 0 0 0 0 0 0 0 0 0
2572 5468757273 s = -1 47 37 17 27 6 77 3 222 -7 -12345
2572 5468757273 z = -1 0 0 0 0 0 0 0 0 0 0
2572 536570 s = -1 47 37 17 27 6 77 3 222 -7 -12345
2572 536570 z = -1 0 0 0 0 0 0 0 0 0 0
2572 73657074656d626572 s = -1 47 37 17 27 6 77 3 222 -7 -12345
2572 73657074656d626572 z = -1 0 0 0 0 0 0 0 0 0 0
2572 53657074 s = -1 47 37 17 27 6 77 3 222 -7 -12345
2572 53657074 z = -1 0 0 0 0 0 0 0 0 0 0
2572 4d4159 s = -1 47 37 17 27 6 77 3 222 -7 -12345
2572 4d4159 z = -1 0 0 0 0 0 0 0 0 0 0
2572 414d s = -1 47 37 17 27 6 77 3 222 -7 -12345
2572 414d z = -1 0 0 0 0 0 0 0 0 0 0
2572 706d s = -1 47 37 17 27 6 77 3 222 -7 -12345
2572 706d z = -1 0 0 0 0 0 0 0 0 0 0
2572 612e6d2e s = -1 47 37 17 27 6 77 3 222 -7 -12345
2572 612e6d2e z = -1 0 0 0 0 0 0 0 0 0 0
2572 50 s = -1 47 37 17 27 6 77 3 222 -7 -12345
2572 50 z = -1 0 0 0 0 0 0 0 0 0 0
2572 5a s = -1 47 37 17 27 6 77 3 222 -7 -12345
2572 5a z = -1 0 0 0 0 0 0 0 0 0 0
2572 2b3035 s = -1 47 37 17 27 6 77 3 222 -7 -12345
2572 2b3035 z = -1 0 0 0 0 0 0 0 0 0 0
2572 2d30383030 s = -1 47 37 17 27 6 77 3 222 -7 -12345
2572 2d30383030 z = -1 0 0 0 0 0 0 0 0 0 0
2572 2b30353a3330 s = -1 47 37 17 27 6 77 3 222 -7 -12345
2572 2b30353a3330 z = -1 0 0 0 0 0 0 0 0 0 0
2572 2b30353630 s = -1 47 37 17 27 6 77 3 222 -7 -12345
2572 2b30353630 z = -1 0 0 0 0 0 0 0 0 0 0
2572 2b35 s = -1 47 37 17 27 6 77 3 222 -7 -12345
2572 2b35 z = -1 0 0 0 0 0 0 0 0 0 0
2572 2b313233 s = -1 47 37 17 27 6 77 3 222 -7 -12345
2572 2b313233 z = -1 0 0 0 0 0 0 0 0 0 0
2572 2d31323a33 s = -1 47 37 17 27 6 77 3 222 -7 -12345
2572 2d31323a33 z = -1 0 0 0 0 0 0 0 0 0 0
2572 555443 s = -1 47 37 17 27 6 77 3 222 -7 -12345
2572 555443 z = -1 0 0 0 0 0 0 0 0 0 0
2572 455354354544542078 s = -1 47 37 17 27 6 77 3 222 -7 -12345
2572 455354354544542078 z = -1 0 0 0 0 0 0 0 0 0 0
2572 25 s = -1 47 37 17 27 6 77 3 222 -7 -12345
2572 25 z = -1 0 0 0 0 0 0 0 0 0 0
2572 2578 s = -1 47 37 17 27 6 77 3 222 -7 -12345
2572 2578 z = -1 0 0 0 0 0 0 0 0 0 0
2572 78 s = -1 47 37 17 27 6 77 3 222 -7 -12345
2572 78 z = -1 0 0 0 0 0 0 0 0 0 0
2572 31373237353139373030 s = -1 47 37 17 27 6 77 3 222 -7 -12345
2572 31373237353139373030 z = -1 0 0 0 0 0 0 0 0 0 0
2572 2d35 s = -1 47 37 17 27 6 77 3 222 -7 -12345
2572 2d35 z = -1 0 0 0 0 0 0 0 0 0 0
2572 3939393939393939393939393939393939393939 s = -1 47 37 17 27 6 77 3 222 -7 -12345
2572 3939393939393939393939393939393939393939 z = -1 0 0 0 0 0 0 0 0 0 0
2572 31323a33343a3536 s = -1 47 37 17 27 6 77 3 222 -7 -12345
2572 31323a33343a3536 z = -1 0 0 0 0 0 0 0 0 0 0
2572 323032362d30392d3238 s = -1 47 37 17 27 6 77 3 222 -7 -12345
2572 323032362d30392d3238 z = -1 0 0 0 0 0 0 0 0 0 0
2572 30392f32382f3236 s = -1 47 37 17 27 6 77 3 222 -7 -12345
2572 30392f32382f3236 z = -1 0 0 0 0 0 0 0 0 0 0
2572 4d6f6e205365702032382031303a33353a30302032303236 s = -1 47 37 17 27 6 77 3 222 -7 -12345
2572 4d6f6e205365702032382031303a33353a30302032303236 z = -1 0 0 0 0 0 0 0 0 0 0
2572 31303a33353a303020504d s = 11 0 35 22 27 6 77 3 222 -7 -12345
2572 31303a33353a303020504d z = 11 0 35 22 0 0 0 0 0 0 0
2572 204d6f6e s = -1 47 37 17 27 6 77 3 222 -7 -12345
2572 204d6f6e z = -1 0 0 0 0 0 0 0 0 0 0
2572 09536570 s = -1 47 37 17 27 6 77 3 222 -7 -12345
2572 09536570 z = -1 0 0 0 0 0 0 0 0 0 0
2572 20706d s = -1 47 37 17 27 6 77 3 222 -7 -12345
2572 20706d z = -1 0 0 0 0 0 0 0 0 0 0
2572 205a s = -1 47 37 17 27 6 77 3 222 -7 -12345
2572 205a z = -1 0 0 0 0 0 0 0 0 0 0
2572 202b30353330 s = -1 47 37 17 27 6 77 3 222 -7 -12345
2572 202b30353330 z = -1 0 0 0 0 0 0 0 0 0 0
2572 20555443 s = -1 47 37 17 27 6 77 3 222 -7 -12345
2572 20555443 z = -1 0 0 0 0 0 0 0 0 0 0
2572 53756e64617973 s = -1 47 37 17 27 6 77 3 222 -7 -12345
2572 53756e64617973 z = -1 0 0 0 0 0 0 0 0 0 0
2572 4d6179646179 s = -1 47 37 17 27 6 77 3 222 -7 -12345
2572 4d6179646179 z = -1 0 0 0 0 0 0 0 0 0 0
2572 5361742e s = -1 47 37 17 27 6 77 3 222 -7 -12345
2572 5361742e z = -1 0 0 0 0 0 0 0 0 0 0
2572 444543 s = -1 47 37 17 27 6 77 3 222 -7 -12345
2572 444543 z = -1 0 0 0 0 0 0 0 0 0 0
2572 446563656d6265 s = -1 47 37 17 27 6 77 3 222 -7 -12345
2572 446563656d6265 z = -1 0 0 0 0 0 0 0 0 0 0
2552 - s = -1 47 37 17 27 6 77 3 222 -7 -12345
2552 - z = -1 0 0 0 0 0 0 0 0 0 0
2552 20 s = -1 47 37 17 27 6 77 3 222 -7 -12345
2552 20 z = -1 0 0 0 0 0 0 0 0 0 0
2552 30 s = -1 47 37 17 27 6 77 3 222 -7 -12345
2552 30 z = -1 0 0 0 0 0 0 0 0 0 0
2552 3030 s = -1 47 37 17 27 6 77 3 222 -7 -12345
2552 3030 z = -1 0 0 0 0 0 0 0 0 0 0
2552 303030 s = -1 47 37 17 27 6 77 3 222 -7 -12345
2552 303030 z = -1 0 0 0 0 0 0 0 0 0 0
2552 31 s = -1 47 37 17 27 6 77 3 222 -7 -12345
2552 31 z = -1 0 0 0 0 0 0 0 0 0 0
2552 3031 s = -1 47 37 17 27 6 77 3 222 -7 -12345
2552 3031 z = -1 0 0 0 0 0 0 0 0 0 0
2552 303031 s = -1 47 37 17 27 6 77 3 222 -7 -12345
2552 303031 z = -1 0 0 0 0 0 0 0 0 0 0
2552 37 s = -1 47 37 17 27 6 77 3 222 -7 -12345
2552 37 z = -1 0 0 0 0 0 0 0 0 0 0
2552 39 s = -1 47 37 17 27 6 77 3 222 -7 -12345
2552 39 z = -1 0 0 0 0 0 0 0 0 0 0
2552 3132 s = -1 47 37 17 27 6 77 3 222 -7 -12345
2552 3132 z = -1 0 0 0 0 0 0 0 0 0 0
2552 3133 s = -1 47 37 17 27 6 77 3 222 -7 -12345
2552 3133 z = -1 0 0 0 0 0 0 0 0 0 0
2552 3233 s = -1 47 37 17 27 6 77 3 222 -7 -12345
2552 3233 z = -1 0 0 0 0 0 0 0 0 0 0
2552 3234 s = -1 47 37 17 27 6 77 3 222 -7 -12345
2552 3234 z = -1 0 0 0 0 0 0 0 0 0 0
2552 3331 s = -1 47 37 17 27 6 77 3 222 -7 -12345
2552 3331 z = -1 0 0 0 0 0 0 0 0 0 0
2552 3332 s = -1 47 37 17 27 6 77 3 222 -7 -12345
2552 3332 z = -1 0 0 0 0 0 0 0 0 0 0
2552 3533 s = -1 47 37 17 27 6 77 3 222 -7 -12345
2552 3533 z = -1 0 0 0 0 0 0 0 0 0 0
2552 3534 s = -1 47 37 17 27 6 77 3 222 -7 -12345
2552 3534 z = -1 0 0 0 0 0 0 0 0 0 0
2552 3539 s = -1 47 37 17 27 6 77 3 222 -7 -12345
2552 3539 z = -1 0 0 0 0 0 0 0 0 0 0
2552 3630 s = -1 47 37 17 27 6 77 3 222 -7 -12345
2552 3630 z = -1 0 0 0 0 0 0 0 0 0 0
2552 3631 s = -1 47 37 17 27 6 77 3 222 -7 -12345
2552 3631 z = -1 0 0 0 0 0 0 0 0 0 0
2552 3632 s = -1 47 37 17 27 6 77 3 222 -7 -12345
2552 3632 z = -1 0 0 0 0 0 0 0 0 0 0
2552 3639 s = -1 47 37 17 27 6 77 3 222 -7 -12345
2552 3639 z = -1 0 0 0 0 0 0 0 0 0 0
2552 3939 s = -1 47 37 17 27 6 77 3 222 -7 -12345
2552 3939 z = -1 0 0 0 0 0 0 0 0 0 0
2552 313030 s = -1 47 37 17 27 6 77 3 222 -7 -12345
2552 313030 z = -1 0 0 0 0 0 0 0 0 0 0
2552 313233 s = -1 47 37 17 27 6 77 3 222 -7 -12345
2552 313233 z = -1 0 0 0 0 0 0 0 0 0 0
2552 333636 s = -1 47 37 17 27 6 77 3 222 -7 -12345
2552 333636 z = -1 0 0 0 0 0 0 0 0 0 0
2552 333637 s = -1 47 37 17 27 6 77 3 222 -7 -12345
2552 333637 z = -1 0 0 0 0 0 0 0 0 0 0
2552 31393639 s = -1 47 37 17 27 6 77 3 222 -7 -12345
2552 31393639 z = -1 0 0 0 0 0 0 0 0 0 0
2552 32303236 s = -1 47 37 17 27 6 77 3 222 -7 -12345
2552 32303236 z = -1 0 0 0 0 0 0 0 0 0 0
2552 39393939 s = -1 47 37 17 27 6 77 3 222 -7 -12345
2552 39393939 z = -1 0 0 0 0 0 0 0 0 0 0
2552 3130303030 s = -1 47 37 17 27 6 77 3 222 -7 -12345
2552 3130303030 z = -1 0 0 0 0 0 0 0 0 0 0
2552 3132333435 s = -1 47 37 17 27 6 77 3 222 -7 -12345
2552 3132333435 z = -1 0 0 0 0 0 0 0 0 0 0
2552 2035 s = -1 47 37 17 27 6 77 3 222 -7 -12345
2552 2035 z = -1 0 0 0 0 0 0 0 0 0 0
2552 2020313778 s = -1 47 37 17 27 6 77 3 222 -7 -12345
2552 2020313778 z = -1 0 0 0 0 0 0 0 0 0 0
2552 0938 s = -1 47 37 17 27 6 77 3 222 -7 -12345
2552 0938 z = -1 0 0 0 0 0 0 0 0 0 0
2552 0a39 s = -1 47 37 17 27 6 77 3 222 -7 -12345
2552 0a39 z = -1 0 0 0 0 0 0 0 0 0 0
2552 0b33 s = -1 47 37 17 27 6 77 3 222 -7 -12345
2552 0b33 z = -1 0 0 0 0 0 0 0 0 0 0
2552 2d31 s = -1 47 37 17 27 6 77 3 222 -7 -12345
2552 2d31 z = -1 0 0 0 0 0 0 0 0 0 0
2552 2b31 s = -1 47 37 17 27 6 77 3 222 -7 -12345
2552 2b31 z = -1 0 0 0 0 0 0 0 0 0 0
2552 4d6f6e s = -1 47 37 17 27 6 77 3 222 -7 -12345
2552 4d6f6e z = -1 0 0 0 0 0 0 0 0 0 0
2552 6d6f6e646179 s = -1 47 37 17 27 6 77 3 222 -7 -12345
2552 6d6f6e646179 z = -1 0 0 0 0 0 0 0 0 0 0
2552 54554553444159 s = -1 47 37 17 27 6 77 3 222 -7 -12345
2552 54554553444159 z = -1 0 0 0 0 0 0 0 0 0 0
2552 776564 s = -1 47 37 17 27 6 77 3 222 -7 -12345
2552 776564 z = -1 0 0 0 0 0 0 0 0 0 0
2552 5468757273 s = -1 47 37 17 27 6 77 3 222 -7 -12345
2552 5468757273 z = -1 0 0 0 0 0 0 0 0 0 0
2552 536570 s = -1 47 37 17 27 6 77 3 222 -7 -12345
2552 536570 z = -1 0 0 0 0 0 0 0 0 0 0
2552 73657074656d626572 s = -1 47 37 17 27 6 77 3 222 -7 -12345
2552 73657074656d626572 z = -1 0 0 0 0 0 0 0 0 0 0
2552 53657074 s = -1 47 37 17 27 6 77 3 222 -7 -12345
2552 53657074 z = -1 0 0 0 0 0 0 0 0 0 0
2552 4d4159 s = -1 47 37 17 27 6 77 3 222 -7 -12345
2552 4d4159 z = -1 0 0 0 0 0 0 0 0 0 0
2552 414d s = -1 47 37 17 27 6 77 3 222 -7 -12345
2552 414d z = -1 0 0 0 0 0 0 0 0 0 0
2552 706d s = -1 47 37 17 27 6 77 3 222 -7 -12345
2552 706d z = -1 0 0 0 0 0 0 0 0 0 0
2552 612e6d2e s = -1 47 37 17 27 6 77 3 222 -7 -12345
2552 612e6d2e z = -1 0 0 0 0 0 0 0 0 0 0
2552 50 s = -1 47 37 17 27 6 77 3 222 -7 -12345
2552 50 z = -1 0 0 0 0 0 0 0 0 0 0
2552 5a s = -1 47 37 17 27 6 77 3 222 -7 -12345
2552 5a z = -1 0 0 0 0 0 0 0 0 0 0
2552 2b3035 s = -1 47 37 17 27 6 77 3 222 -7 -12345
2552 2b3035 z = -1 0 0 0 0 0 0 0 0 0 0
2552 2d30383030 s = -1 47 37 17 27 6 77 3 222 -7 -12345
2552 2d30383030 z = -1 0 0 0 0 0 0 0 0 0 0
2552 2b30353a3330 s = -1 47 37 17 27 6 77 3 222 -7 -12345
2552 2b30353a3330 z = -1 0 0 0 0 0 0 0 0 0 0
2552 2b30353630 s = -1 47 37 17 27 6 77 3 222 -7 -12345
2552 2b30353630 z = -1 0 0 0 0 0 0 0 0 0 0
2552 2b35 s = -1 47 37 17 27 6 77 3 222 -7 -12345
2552 2b35 z = -1 0 0 0 0 0 0 0 0 0 0
2552 2b313233 s = -1 47 37 17 27 6 77 3 222 -7 -12345
2552 2b313233 z = -1 0 0 0 0 0 0 0 0 0 0
2552 2d31323a33 s = -1 47 37 17 27 6 77 3 222 -7 -12345
2552 2d31323a33 z = -1 0 0 0 0 0 0 0 0 0 0
2552 555443 s = -1 47 37 17 27 6 77 3 222 -7 -12345
2552 555443 z = -1 0 0 0 0 0 0 0 0 0 0
2552 455354354544542078 s = -1 47 37 17 27 6 77 3 222 -7 -12345
2552 455354354544542078 z = -1 0 0 0 0 0 0 0 0 0 0
2552 25 s = -1 47 37 17 27 6 77 3 222 -7 -12345
2552 25 z = -1 0 0 0 0 0 0 0 0 0 0
2552 2578 s = -1 47 37 17 27 6 77 3 222 -7 -12345
2552 2578 z = -1 0 0 0 0 0 0 0 0 0 0
2552 78 s = -1 47 37 17 27 6 77 3 222 -7 -12345
2552 78 z = -1 0 0 0 0 0 0 0 0 0 0
2552 31373237353139373030 s = -1 47 37 17 27 6 77 3 222 -7 -12345
2552 31373237353139373030 z = -1 0 0 0 0 0 0 0 0 0 0
2552 2d35 s = -1 47 37 17 27 6 77 3 222 -7 -12345
2552 2d35 z = -1 0 0 0 0 0 0 0 0 0 0
2552 3939393939393939393939393939393939393939 s = -1 47 37 17 27 6 77 3 222 -7 -12345
2552 3939393939393939393939393939393939393939 z = -1 0 0 0 0 0 0 0 0 0 0
2552 31323a33343a3536 s = 5 47 34 12 27 6 77 3 222 -7 -12345
2552 31323a33343a3536 z = 5 0 34 12 0 0 0 0 0 0 0
2552 323032362d30392d3238 s = -1 47 37 17 27 6 77 3 222 -7 -12345
2552 323032362d30392d3238 z = -1 0 0 0 0 0 0 0 0 0 0
2552 30392f32382f3236 s = -1 47 37 17 27 6 77 3 222 -7 -12345
2552 30392f32382f3236 z = -1 0 0 0 0 0 0 0 0 0 0
2552 4d6f6e205365702032382031303a33353a30302032303236 s = -1 47 37 17 27 6 77 3 222 -7 -12345
2552 4d6f6e205365702032382031303a33353a30302032303236 z = -1 0 0 0 0 0 0 0 0 0 0
2552 31303a33353a303020504d s = 5 47 35 10 27 6 77 3 222 -7 -12345
2552 31303a33353a303020504d z = 5 0 35 10 0 0 0 0 0 0 0
2552 204d6f6e s = -1 47 37 17 27 6 77 3 222 -7 -12345
2552 204d6f6e z = -1 0 0 0 0 0 0 0 0 0 0
2552 09536570 s = -1 47 37 17 27 6 77 3 222 -7 -12345
2552 09536570 z = -1 0 0 0 0 0 0 0 0 0 0
2552 20706d s = -1 47 37 17 27 6 77 3 222 -7 -12345
2552 20706d z = -1 0 0 0 0 0 0 0 0 0 0
2552 205a s = -1 47 37 17 27 6 77 3 222 -7 -12345
2552 205a z = -1 0 0 0 0 0 0 0 0 0 0
2552 202b30353330 s = -1 47 37 17 27 6 77 3 222 -7 -12345
2552 202b30353330 z = -1 0 0 0 0 0 0 0 0 0 0
2552 20555443 s = -1 47 37 17 27 6 77 3 222 -7 -12345
2552 20555443 z = -1 0 0 0 0 0 0 0 0 0 0
2552 53756e64617973 s = -1 47 37 17 27 6 77 3 222 -7 -12345
2552 53756e64617973 z = -1 0 0 0 0 0 0 0 0 0 0
2552 4d6179646179 s = -1 47 37 17 27 6 77 3 222 -7 -12345
2552 4d6179646179 z = -1 0 0 0 0 0 0 0 0 0 0
2552 5361742e s = -1 47 37 17 27 6 77 3 222 -7 -12345
2552 5361742e z = -1 0 0 0 0 0 0 0 0 0 0
2552 444543 s = -1 47 37 17 27 6 77 3 222 -7 -12345
2552 444543 z = -1 0 0 0 0 0 0 0 0 0 0
2552 446563656d6265 s = -1 47 37 17 27 6 77 3 222 -7 -12345
2552 446563656d6265 z = -1 0 0 0 0 0 0 0 0 0 0
2573 - s = -1 47 37 17 27 6 77 3 222 -7 -12345
2573 - z = -1 0 0 0 0 0 0 0 0 0 0
2573 20 s = -1 47 37 17 27 6 77 3 222 -7 -12345
2573 20 z = -1 0 0 0 0 0 0 0 0 0 0
2573 30 s = 1 0 0 0 1 0 70 4 0 0 0
2573 30 z = 1 0 0 0 1 0 70 4 0 0 0
2573 3030 s = 2 0 0 0 1 0 70 4 0 0 0
2573 3030 z = 2 0 0 0 1 0 70 4 0 0 0
2573 303030 s = 3 0 0 0 1 0 70 4 0 0 0
2573 303030 z = 3 0 0 0 1 0 70 4 0 0 0
2573 31 s = 1 1 0 0 1 0 70 4 0 0 0
2573 31 z = 1 1 0 0 1 0 70 4 0 0 0
2573 3031 s = 2 1 0 0 1 0 70 4 0 0 0
2573 3031 z = 2 1 0 0 1 0 70 4 0 0 0
2573 303031 s = 3 1 0 0 1 0 70 4 0 0 0
2573 303031 z = 3 1 0 0 1 0 70 4 0 0 0
2573 37 s = 1 7 0 0 1 0 70 4 0 0 0
2573 37 z = 1 7 0 0 1 0 70 4 0 0 0
2573 39 s = 1 9 0 0 1 0 70 4 0 0 0
2573 39 z = 1 9 0 0 1 0 70 4 0 0 0
2573 3132 s = 2 12 0 0 1 0 70 4 0 0 0
2573 3132 z = 2 12 0 0 1 0 70 4 0 0 0
2573 3133 s = 2 13 0 0 1 0 70 4 0 0 0
2573 3133 z = 2 13 0 0 1 0 70 4 0 0 0
2573 3233 s = 2 23 0 0 1 0 70 4 0 0 0
2573 3233 z = 2 23 0 0 1 0 70 4 0 0 0
2573 3234 s = 2 24 0 0 1 0 70 4 0 0 0
2573 3234 z = 2 24 0 0 1 0 70 4 0 0 0
2573 3331 s = 2 31 0 0 1 0 70 4 0 0 0
2573 3331 z = 2 31 0 0 1 0 70 4 0 0 0
2573 3332 s = 2 32 0 0 1 0 70 4 0 0 0
2573 3332 z = 2 32 0 0 1 0 70 4 0 0 0
2573 3533 s = 2 53 0 0 1 0 70 4 0 0 0
2573 3533 z = 2 53 0 0 1 0 70 4 0 0 0
2573 3534 s = 2 54 0 0 1 0 70 4 0 0 0
2573 3534 z = 2 54 0 0 1 0 70 4 0 0 0
2573 3539 s = 2 59 0 0 1 0 70 4 0 0 0
2573 3539 z = 2 59 0 0 1 0 70 4 0 0 0
2573 3630 s = 2 0 1 0 1 0 70 4 0 0 0
2573 3630 z = 2 0 1 0 1 0 70 4 0 0 0
2573 3631 s = 2 1 1 0 1 0 70 4 0 0 0
2573 3631 z = 2 1 1 0 1 0 70 4 0 0 0
2573 3632 s = 2 2 1 0 1 0 70 4 0 0 0
2573 3632 z = 2 2 1 0 1 0 70 4 0 0 0
2573 3639 s = 2 9 1 0 1 0 70 4 0 0 0
2573 3639 z = 2 9 1 0 1 0 70 4 0 0 0
2573 3939 s = 2 39 1 0 1 0 70 4 0 0 0
2573 3939 z = 2 39 1 0 1 0 70 4 0 0 0
2573 313030 s = 3 40 1 0 1 0 70 4 0 0 0
2573 313030 z = 3 40 1 0 1 0 70 4 0 0 0
2573 313233 s = 3 3 2 0 1 0 70 4 0 0 0
2573 313233 z = 3 3 2 0 1 0 70 4 0 0 0
2573 333636 s = 3 6 6 0 1 0 70 4 0 0 0
2573 333636 z = 3 6 6 0 1 0 70 4 0 0 0
2573 333637 s = 3 7 6 0 1 0 70 4 0 0 0
2573 333637 z = 3 7 6 0 1 0 70 4 0 0 0
2573 31393639 s = 4 49 32 0 1 0 70 4 0 0 0
2573 31393639 z = 4 49 32 0 1 0 70 4 0 0 0
2573 32303236 s = 4 46 33 0 1 0 70 4 0 0 0
2573 32303236 z = 4 46 33 0 1 0 70 4 0 0 0
2573 39393939 s = 4 39 46 2 1 0 70 4 0 0 0
2573 39393939 z = 4 39 46 2 1 0 70 4 0 0 0
2573 3130303030 s = 5 40 46 2 1 0 70 4 0 0 0
2573 3130303030 z = 5 40 46 2 1 0 70 4 0 0 0
2573 3132333435 s = 5 45 25 3 1 0 70 4 0 0 0
2573 3132333435 z = 5 45 25 3 1 0 70 4 0 0 0
2573 2035 s = -1 47 37 17 27 6 77 3 222 -7 -12345
2573 2035 z = -1 0 0 0 0 0 0 0 0 0 0
2573 2020313778 s = -1 47 37 17 27 6 77 3 222 -7 -12345
2573 2020313778 z = -1 0 0 0 0 0 0 0 0 0 0
2573 0938 s = -1 47 37 17 27 6 77 3 222 -7 -12345
2573 0938 z = -1 0 0 0 0 0 0 0 0 0 0
2573 0a39 s = -1 47 37 17 27 6 77 3 222 -7 -12345
2573 0a39 z = -1 0 0 0 0 0 0 0 0 0 0
2573 0b33 s = -1 47 37 17 27 6 77 3 222 -7 -12345
2573 0b33 z = -1 0 0 0 0 0 0 0 0 0 0
2573 2d31 s = -1 47 37 17 27 6 77 3 222 -7 -12345
2573 2d31 z = -1 0 0 0 0 0 0 0 0 0 0
2573 2b31 s = -1 47 37 17 27 6 77 3 222 -7 -12345
2573 2b31 z = -1 0 0 0 0 0 0 0 0 0 0
2573 4d6f6e s = -1 47 37 17 27 6 77 3 222 -7 -12345
2573 4d6f6e z = -1 0 0 0 0 0 0 0 0 0 0
2573 6d6f6e646179 s = -1 47 37 17 27 6 77 3 222 -7 -12345
2573 6d6f6e646179 z = -1 0 0 0 0 0 0 0 0 0 0
2573 54554553444159 s = -1 47 37 17 27 6 77 3 222 -7 -12345
2573 54554553444159 z = -1 0 0 0 0 0 0 0 0 0 0
2573 776564 s = -1 47 37 17 27 6 77 3 222 -7 -12345
2573 776564 z = -1 0 0 0 0 0 0 0 0 0 0
2573 5468757273 s = -1 47 37 17 27 6 77 3 222 -7 -12345
2573 5468757273 z = -1 0 0 0 0 0 0 0 0 0 0
2573 536570 s = -1 47 37 17 27 6 77 3 222 -7 -12345
2573 536570 z = -1 0 0 0 0 0 0 0 0 0 0
2573 73657074656d626572 s = -1 47 37 17 27 6 77 3 222 -7 -12345
2573 73657074656d626572 z = -1 0 0 0 0 0 0 0 0 0 0
2573 53657074 s = -1 47 37 17 27 6 77 3 222 -7 -12345
2573 53657074 z = -1 0 0 0 0 0 0 0 0 0 0
2573 4d4159 s = -1 47 37 17 27 6 77 3 222 -7 -12345
2573 4d4159 z = -1 0 0 0 0 0 0 0 0 0 0
2573 414d s = -1 47 37 17 27 6 77 3 222 -7 -12345
2573 414d z = -1 0 0 0 0 0 0 0 0 0 0
2573 706d s = -1 47 37 17 27 6 77 3 222 -7 -12345
2573 706d z = -1 0 0 0 0 0 0 0 0 0 0
2573 612e6d2e s = -1 47 37 17 27 6 77 3 222 -7 -12345
2573 612e6d2e z = -1 0 0 0 0 0 0 0 0 0 0
2573 50 s = -1 47 37 17 27 6 77 3 222 -7 -12345
2573 50 z = -1 0 0 0 0 0 0 0 0 0 0
2573 5a s = -1 47 37 17 27 6 77 3 222 -7 -12345
2573 5a z = -1 0 0 0 0 0 0 0 0 0 0
2573 2b3035 s = -1 47 37 17 27 6 77 3 222 -7 -12345
2573 2b3035 z = -1 0 0 0 0 0 0 0 0 0 0
2573 2d30383030 s = -1 47 37 17 27 6 77 3 222 -7 -12345
2573 2d30383030 z = -1 0 0 0 0 0 0 0 0 0 0
2573 2b30353a3330 s = -1 47 37 17 27 6 77 3 222 -7 -12345
2573 2b30353a3330 z = -1 0 0 0 0 0 0 0 0 0 0
2573 2b30353630 s = -1 47 37 17 27 6 77 3 222 -7 -12345
2573 2b30353630 z = -1 0 0 0 0 0 0 0 0 0 0
2573 2b35 s = -1 47 37 17 27 6 77 3 222 -7 -12345
2573 2b35 z = -1 0 0 0 0 0 0 0 0 0 0
2573 2b313233 s = -1 47 37 17 27 6 77 3 222 -7 -12345
2573 2b313233 z = -1 0 0 0 0 0 0 0 0 0 0
2573 2d31323a33 s = -1 47 37 17 27 6 77 3 222 -7 -12345
2573 2d31323a33 z = -1 0 0 0 0 0 0 0 0 0 0
2573 555443 s = -1 47 37 17 27 6 77 3 222 -7 -12345
2573 555443 z = -1 0 0 0 0 0 0 0 0 0 0
2573 455354354544542078 s = -1 47 37 17 27 6 77 3 222 -7 -12345
2573 455354354544542078 z = -1 0 0 0 0 0 0 0 0 0 0
2573 25 s = -1 47 37 17 27 6 77 3 222 -7 -12345
2573 25 z = -1 0 0 0 0 0 0 0 0 0 0
2573 2578 s = -1 47 37 17 27 6 77 3 222 -7 -12345
2573 2578 z = -1 0 0 0 0 0 0 0 0 0 0
2573 78 s = -1 47 37 17 27 6 77 3 222 -7 -12345
2573 78 z = -1 0 0 0 0 0 0 0 0 0 0
2573 31373237353139373030 s = 10 0 35 10 28 8 124 6 271 0 0
2573 31373237353139373030 z = 10 0 35 10 28 8 124 6 271 0 0
2573 2d35 s = -1 47 37 17 27 6 77 3 222 -7 -12345
2573 2d35 z = -1 0 0 0 0 0 0 0 0 0 0
2573 3939393939393939393939393939393939393939 s = -1 19 45 22 27 6 1290468609 4 222 0 0
2573 3939393939393939393939393939393939393939 z = -1 19 45 22 0 0 1290468609 4 0 0 0
2573 31323a33343a3536 s = 2 12 0 0 1 0 70 4 0 0 0
2573 31323a33343a3536 z = 2 12 0 0 1 0 70 4 0 0 0
2573 323032362d30392d3238 s = 4 46 33 0 1 0 70 4 0 0 0
2573 323032362d30392d3238 z = 4 46 33 0 1 0 70 4 0 0 0
2573 30392f32382f3236 s = 2 9 0 0 1 0 70 4 0 0 0
2573 30392f32382f3236 z = 2 9 0 0 1 0 70 4 0 0 0
2573 4d6f6e205365702032382031303a33353a30302032303236 s = -1 47 37 17 27 6 77 3 222 -7 -12345
2573 4d6f6e205365702032382031303a33353a30302032303236 z = -1 0 0 0 0 0 0 0 0 0 0
2573 31303a33353a303020504d s = 2 10 0 0 1 0 70 4 0 0 0
2573 31303a33353a303020504d z = 2 10 0 0 1 0 70 4 0 0 0
2573 204d6f6e s = -1 47 37 17 27 6 77 3 222 -7 -12345
2573 204d6f6e z = -1 0 0 0 0 0 0 0 0 0 0
2573 09536570 s = -1 47 37 17 27 6 77 3 222 -7 -12345
2573 09536570 z = -1 0 0 0 0 0 0 0 0 0 0
2573 20706d s = -1 47 37 17 27 6 77 3 222 -7 -12345
2573 20706d z = -1 0 0 0 0 0 0 0 0 0 0
2573 205a s = -1 47 37 17 27 6 77 3 222 -7 -12345
2573 205a z = -1 0 0 0 0 0 0 0 0 0 0
2573 202b30353330 s = -1 47 37 17 27 6 77 3 222 -7 -12345
2573 202b30353330 z = -1 0 0 0 0 0 0 0 0 0 0
2573 20555443 s = -1 47 37 17 27 6 77 3 222 -7 -12345
2573 20555443 z = -1 0 0 0 0 0 0 0 0 0 0
2573 53756e64617973 s = -1 47 37 17 27 6 77 3 222 -7 -12345
2573 53756e64617973 z = -1 0 0 0 0 0 0 0 0 0 0
2573 4d6179646179 s = -1 47 37 17 27 6 77 3 222 -7 -12345
2573 4d6179646179 z = -1 0 0 0 0 0 0 0 0 0 0
2573 5361742e s = -1 47 37 17 27 6 77 3 222 -7 -12345
2573 5361742e z = -1 0 0 0 0 0 0 0 0 0 0
2573 444543 s = -1 47 37 17 27 6 77 3 222 -7 -12345
2573 444543 z = -1 0 0 0 0 0 0 0 0 0 0
2573 446563656d6265 s = -1 47 37 17 27 6 77 3 222 -7 -12345
2573 446563656d6265 z = -1 0 0 0 0 0 0 0 0 0 0
2553 - s = -1 47 37 17 27 6 77 3 222 -7 -12345
2553 - z = -1 0 0 0 0 0 0 0 0 0 0
2553 20 s = -1 47 37 17 27 6 77 3 222 -7 -12345
2553 20 z = -1 0 0 0 0 0 0 0 0 0 0
2553 30 s = 1 0 37 17 27 6 77 3 222 -7 -12345
2553 30 z = 1 0 0 0 0 0 0 0 0 0 0
2553 3030 s = 2 0 37 17 27 6 77 3 222 -7 -12345
2553 3030 z = 2 0 0 0 0 0 0 0 0 0 0
2553 303030 s = 2 0 37 17 27 6 77 3 222 -7 -12345
2553 303030 z = 2 0 0 0 0 0 0 0 0 0 0
2553 31 s = 1 1 37 17 27 6 77 3 222 -7 -12345
2553 31 z = 1 1 0 0 0 0 0 0 0 0 0
2553 3031 s = 2 1 37 17 27 6 77 3 222 -7 -12345
2553 3031 z = 2 1 0 0 0 0 0 0 0 0 0
2553 303031 s = 2 0 37 17 27 6 77 3 222 -7 -12345
2553 303031 z = 2 0 0 0 0 0 0 0 0 0 0
2553 37 s = 1 7 37 17 27 6 77 3 222 -7 -12345
2553 37 z = 1 7 0 0 0 0 0 0 0 0 0
2553 39 s = 1 9 37 17 27 6 77 3 222 -7 -12345
2553 39 z = 1 9 0 0 0 0 0 0 0 0 0
2553 3132 s = 2 12 37 17 27 6 77 3 222 -7 -12345
2553 3132 z = 2 12 0 0 0 0 0 0 0 0 0
2553 3133 s = 2 13 37 17 27 6 77 3 222 -7 -12345
2553 3133 z = 2 13 0 0 0 0 0 0 0 0 0
2553 3233 s = 2 23 37 17 27 6 77 3 222 -7 -12345
2553 3233 z = 2 23 0 0 0 0 0 0 0 0 0
2553 3234 s = 2 24 37 17 27 6 77 3 222 -7 -12345
2553 3234 z = 2 24 0 0 0 0 0 0 0 0 0
2553 3331 s = 2 31 37 17 27 6 77 3 222 -7 -12345
2553 3331 z = 2 31 0 0 0 0 0 0 0 0 0
2553 3332 s = 2 32 37 17 27 6 77 3 222 -7 -12345
2553 3332 z = 2 32 0 0 0 0 0 0 0 0 0
2553 3533 s = 2 53 37 17 27 6 77 3 222 -7 -12345
2553 3533 z = 2 53 0 0 0 0 0 0 0 0 0
2553 3534 s = 2 54 37 17 27 6 77 3 222 -7 -12345
2553 3534 z = 2 54 0 0 0 0 0 0 0 0 0
2553 3539 s = 2 59 37 17 27 6 77 3 222 -7 -12345
2553 3539 z = 2 59 0 0 0 0 0 0 0 0 0
2553 3630 s = 2 60 37 17 27 6 77 3 222 -7 -12345
2553 3630 z = 2 60 0 0 0 0 0 0 0 0 0
2553 3631 s = 2 61 37 17 27 6 77 3 222 -7 -12345
2553 3631 z = 2 61 0 0 0 0 0 0 0 0 0
2553 3632 s = -1 47 37 17 27 6 77 3 222 -7 -12345
2553 3632 z = -1 0 0 0 0 0 0 0 0 0 0
2553 3639 s = -1 47 37 17 27 6 77 3 222 -7 -12345
2553 3639 z = -1 0 0 0 0 0 0 0 0 0 0
2553 3939 s = 1 9 37 17 27 6 77 3 222 -7 -12345
2553 3939 z = 1 9 0 0 0 0 0 0 0 0 0
2553 313030 s = 2 10 37 17 27 6 77 3 222 -7 -12345
2553 313030 z = 2 10 0 0 0 0 0 0 0 0 0
2553 313233 s = 2 12 37 17 27 6 77 3 222 -7 -12345
2553 313233 z = 2 12 0 0 0 0 0 0 0 0 0
2553 333636 s = 2 36 37 17 27 6 77 3 222 -7 -12345
2553 333636 z = 2 36 0 0 0 0 0 0 0 0 0
2553 333637 s = 2 36 37 17 27 6 77 3 222 -7 -12345
2553 333637 z = 2 36 0 0 0 0 0 0 0 0 0
2553 31393639 s = 2 19 37 17 27 6 77 3 222 -7 -12345
2553 31393639 z = 2 19 0 0 0 0 0 0 0 0 0
2553 32303236 s = 2 20 37 17 27 6 77 3 222 -7 -12345
2553 32303236 z = 2 20 0 0 0 0 0 0 0 0 0
2553 39393939 s = 1 9 37 17 27 6 77 3 222 -7 -12345
2553 39393939 z = 1 9 0 0 0 0 0 0 0 0 0
2553 3130303030 s = 2 10 37 17 27 6 77 3 222 -7 -12345
2553 3130303030 z = 2 10 0 0 0 0 0 0 0 0 0
2553 3132333435 s = 2 12 37 17 27 6 77 3 222 -7 -12345
2553 3132333435 z = 2 12 0 0 0 0 0 0 0 0 0
2553 2035 s = 2 5 37 17 27 6 77 3 222 -7 -12345
2553 2035 z = 2 5 0 0 0 0 0 0 0 0 0
2553 2020313778 s = 4 17 37 17 27 6 77 3 222 -7 -12345
2553 2020313778 z = 4 17 0 0 0 0 0 0 0 0 0
2553 0938 s = 2 8 37 17 27 6 77 3 222 -7 -12345
2553 0938 z = 2 8 0 0 0 0 0 0 0 0 0
2553 0a39 s = 2 9 37 17 27 6 77 3 222 -7 -12345
2553 0a39 z = 2 9 0 0 0 0 0 0 0 0 0
2553 0b33 s = 2 3 37 17 27 6 77 3 222 -7 -12345
2553 0b33 z = 2 3 0 0 0 0 0 0 0 0 0
2553 2d31 s = -1 47 37 17 27 6 77 3 222 -7 -12345
2553 2d31 z = -1 0 0 0 0 0 0 0 0 0 0
2553 2b31 s = -1 47 37 17 27 6 77 3 222 -7 -12345
2553 2b31 z = -1 0 0 0 0 0 0 0 0 0 0
2553 4d6f6e s = -1 47 37 17 27 6 77 3 222 -7 -12345
2553 4d6f6e z = -1 0 0 0 0 0 0 0 0 0 0
2553 6d6f6e646179 s = -1 47 37 17 27 6 77 3 222 -7 -12345
2553 6d6f6e646179 z = -1 0 0 0 0 0 0 0 0 0 0
2553 54554553444159 s = -1 47 37 17 27 6 77 3 222 -7 -12345
2553 54554553444159 z = -1 0 0 0 0 0 0 0 0 0 0
2553 776564 s = -1 47 37 17 27 6 77 3 222 -7 -12345
2553 776564 z = -1 0 0 0 0 0 0 0 0 0 0
2553 5468757273 s = -1 47 37 17 27 6 77 3 222 -7 -12345
2553 5468757273 z = -1 0 0 0 0 0 0 0 0 0 0
2553 536570 s = -1 47 37 17 27 6 77 3 222 -7 -12345
2553 536570 z = -1 0 0 0 0 0 0 0 0 0 0
2553 73657074656d626572 s = -1 47 37 17 27 6 77 3 222 -7 -12345
2553 73657074656d626572 z = -1 0 0 0 0 0 0 0 0 0 0
2553 53657074 s = -1 47 37 17 27 6 77 3 222 -7 -12345
2553 53657074 z = -1 0 0 0 0 0 0 0 0 0 0
2553 4d4159 s = -1 47 37 17 27 6 77 3 222 -7 -12345
2553 4d4159 z = -1 0 0 0 0 0 0 0 0 0 0
2553 414d s = -1 47 37 17 27 6 77 3 222 -7 -12345
2553 414d z = -1 0 0 0 0 0 0 0 0 0 0
2553 706d s = -1 47 37 17 27 6 77 3 222 -7 -12345
2553 706d z = -1 0 0 0 0 0 0 0 0 0 0
2553 612e6d2e s = -1 47 37 17 27 6 77 3 222 -7 -12345
2553 612e6d2e z = -1 0 0 0 0 0 0 0 0 0 0
2553 50 s = -1 47 37 17 27 6 77 3 222 -7 -12345
2553 50 z = -1 0 0 0 0 0 0 0 0 0 0
2553 5a s = -1 47 37 17 27 6 77 3 222 -7 -12345
2553 5a z = -1 0 0 0 0 0 0 0 0 0 0
2553 2b3035 s = -1 47 37 17 27 6 77 3 222 -7 -12345
2553 2b3035 z = -1 0 0 0 0 0 0 0 0 0 0
2553 2d30383030 s = -1 47 37 17 27 6 77 3 222 -7 -12345
2553 2d30383030 z = -1 0 0 0 0 0 0 0 0 0 0
2553 2b30353a3330 s = -1 47 37 17 27 6 77 3 222 -7 -12345
2553 2b30353a3330 z = -1 0 0 0 0 0 0 0 0 0 0
2553 2b30353630 s = -1 47 37 17 27 6 77 3 222 -7 -12345
2553 2b30353630 z = -1 0 0 0 0 0 0 0 0 0 0
2553 2b35 s = -1 47 37 17 27 6 77 3 222 -7 -12345
2553 2b35 z = -1 0 0 0 0 0 0 0 0 0 0
2553 2b313233 s = -1 47 37 17 27 6 77 3 222 -7 -12345
2553 2b313233 z = -1 0 0 0 0 0 0 0 0 0 0
2553 2d31323a33 s = -1 47 37 17 27 6 77 3 222 -7 -12345
2553 2d31323a33 z = -1 0 0 0 0 0 0 0 0 0 0
2553 555443 s = -1 47 37 17 27 6 77 3 222 -7 -12345
2553 555443 z = -1 0 0 0 0 0 0 0 0 0 0
2553 455354354544542078 s = -1 47 37 17 27 6 77 3 222 -7 -12345
2553 455354354544542078 z = -1 0 0 0 0 0 0 0 0 0 0
2553 25 s = -1 47 37 17 27 6 77 3 222 -7 -12345
2553 25 z = -1 0 0 0 0 0 0 0 0 0 0
2553 2578 s = -1 47 37 17 27 6 77 3 222 -7 -12345
2553 2578 z = -1 0 0 0 0 0 0 0 0 0 0
2553 78 s = -1 47 37 17 27 6 77 3 222 -7 -12345
2553 78 z = -1 0 0 0 0 0 0 0 0 0 0
2553 31373237353139373030 s = 2 17 37 17 27 6 77 3 222 -7 -12345
2553 31373237353139373030 z = 2 17 0 0 0 0 0 0 0 0 0
2553 2d35 s = -1 47 37 17 27 6 77 3 222 -7 -12345
2553 2d35 z = -1 0 0 0 0 0 0 0 0 0 0
2553 3939393939393939393939393939393939393939 s = 1 9 37 17 27 6 77 3 222 -7 -12345
2553 3939393939393939393939393939393939393939 z = 1 9 0 0 0 0 0 0 0 0 0
2553 31323a33343a3536 s = 2 12 37 17 27 6 77 3 222 -7 -12345
2553 31323a33343a3536 z = 2 12 0 0 0 0 0 0 0 0 0
2553 323032362d30392d3238 s = 2 20 37 17 27 6 77 3 222 -7 -12345
2553 323032362d30392d3238 z = 2 20 0 0 0 0 0 0 0 0 0
2553 30392f32382f3236 s = 2 9 37 17 27 6 77 3 222 -7 -12345
2553 30392f32382f3236 z = 2 9 0 0 0 0 0 0 0 0 0
2553 4d6f6e205365702032382031303a33353a30302032303236 s = -1 47 37 17 27 6 77 3 222 -7 -12345
2553 4d6f6e205365702032382031303a33353a30302032303236 z = -1 0 0 0 0 0 0 0 0 0 0
2553 31303a33353a303020504d s = 2 10 37 17 27 6 77 3 222 -7 -12345
2553 31303a33353a303020504d z = 2 10 0 0 0 0 0 0 0 0 0
2553 204d6f6e s = -1 47 37 17 27 6 77 3 222 -7 -12345
2553 204d6f6e z = -1 0 0 0 0 0 0 0 0 0 0
2553 09536570 s = -1 47 37 17 27 6 77 3 222 -7 -12345
2553 09536570 z = -1 0 0 0 0 0 0 0 0 0 0
2553 20706d s = -1 47 37 17 27 6 77 3 222 -7 -12345
2553 20706d z = -1 0 0 0 0 0 0 0 0 0 0
2553 205a s = -1 47 37 17 27 6 77 3 222 -7 -12345
2553 205a z = -1 0 0 0 0 0 0 0 0 0 0
2553 202b30353330 s = -1 47 37 17 27 6 77 3 222 -7 -12345
2553 202b30353330 z = -1 0 0 0 0 0 0 0 0 0 0
2553 20555443 s = -1 47 37 17 27 6 77 3 222 -7 -12345
2553 20555443 z = -1 0 0 0 0 0 0 0 0 0 0
2553 53756e64617973 s = -1 47 37 17 27 6 77 3 222 -7 -12345
2553 53756e64617973 z = -1 0 0 0 0 0 0 0 0 0 0
2553 4d6179646179 s = -1 47 37 17 27 6 77 3 222 -7 -12345
2553 4d6179646179 z = -1 0 0 0 0 0 0 0 0 0 0
2553 5361742e s = -1 47 37 17 27 6 77 3 222 -7 -12345
2553 5361742e z = -1 0 0 0 0 0 0 0 0 0 0
2553 444543 s = -1 47 37 17 27 6 77 3 222 -7 -12345
2553 444543 z = -1 0 0 0 0 0 0 0 0 0 0
2553 446563656d6265 s = -1 47 37 17 27 6 77 3 222 -7 -12345
2553 446563656d6265 z = -1 0 0 0 0 0 0 0 0 0 0
2574 - s = 0 47 37 17 27 6 77 3 222 -7 -12345
2574 - z = 0 0 0 0 0 0 0 0 0 0 0
2574 20 s = 1 47 37 17 27 6 77 3 222 -7 -12345
2574 20 z = 1 0 0 0 0 0 0 0 0 0 0
2574 30 s = 0 47 37 17 27 6 77 3 222 -7 -12345
2574 30 z = 0 0 0 0 0 0 0 0 0 0 0
2574 3030 s = 0 47 37 17 27 6 77 3 222 -7 -12345
2574 3030 z = 0 0 0 0 0 0 0 0 0 0 0
2574 303030 s = 0 47 37 17 27 6 77 3 222 -7 -12345
2574 303030 z = 0 0 0 0 0 0 0 0 0 0 0
2574 31 s = 0 47 37 17 27 6 77 3 222 -7 -12345
2574 31 z = 0 0 0 0 0 0 0 0 0 0 0
2574 3031 s = 0 47 37 17 27 6 77 3 222 -7 -12345
2574 3031 z = 0 0 0 0 0 0 0 0 0 0 0
2574 303031 s = 0 47 37 17 27 6 77 3 222 -7 -12345
2574 303031 z = 0 0 0 0 0 0 0 0 0 0 0
2574 37 s = 0 47 37 17 27 6 77 3 222 -7 -12345
2574 37 z = 0 0 0 0 0 0 0 0 0 0 0
2574 39 s = 0 47 37 17 27 6 77 3 222 -7 -12345
2574 39 z = 0 0 0 0 0 0 0 0 0 0 0
2574 3132 s = 0 47 37 17 27 6 77 3 222 -7 -12345
2574 3132 z = 0 0 0 0 0 0 0 0 0 0 0
2574 3133 s = 0 47 37 17 27 6 77 3 222 -7 -12345
2574 3133 z = 0 0 0 0 0 0 0 0 0 0 0
2574 3233 s = 0 47 37 17 27 6 77 3 222 -7 -12345
2574 3233 z = 0 0 0 0 0 0 0 0 0 0 0
2574 3234 s = 0 47 37 17 27 6 77 3 222 -7 -12345
2574 3234 z = 0 0 0 0 0 0 0 0 0 0 0
2574 3331 s = 0 47 37 17 27 6 77 3 222 -7 -12345
2574 3331 z = 0 0 0 0 0 0 0 0 0 0 0
2574 3332 s = 0 47 37 17 27 6 77 3 222 -7 -12345
2574 3332 z = 0 0 0 0 0 0 0 0 0 0 0
2574 3533 s = 0 47 37 17 27 6 77 3 222 -7 -12345
2574 3533 z = 0 0 0 0 0 0 0 0 0 0 0
2574 3534 s = 0 47 37 17 27 6 77 3 222 -7 -12345
2574 3534 z = 0 0 0 0 0 0 0 0 0 0 0
2574 3539 s = 0 47 37 17 27 6 77 3 222 -7 -12345
2574 3539 z = 0 0 0 0 0 0 0 0 0 0 0
2574 3630 s = 0 47 37 17 27 6 77 3 222 -7 -12345
2574 3630 z = 0 0 0 0 0 0 0 0 0 0 0
2574 3631 s = 0 47 37 17 27 6 77 3 222 -7 -12345
2574 3631 z = 0 0 0 0 0 0 0 0 0 0 0
2574 3632 s = 0 47 37 17 27 6 77 3 222 -7 -12345
2574 3632 z = 0 0 0 0 0 0 0 0 0 0 0
2574 3639 s = 0 47 37 17 27 6 77 3 222 -7 -12345
2574 3639 z = 0 0 0 0 0 0 0 0 0 0 0
2574 3939 s = 0 47 37 17 27 6 77 3 222 -7 -12345
2574 3939 z = 0 0 0 0 0 0 0 0 0 0 0
2574 313030 s = 0 47 37 17 27 6 77 3 222 -7 -12345
2574 313030 z = 0 0 0 0 0 0 0 0 0 0 0
2574 313233 s = 0 47 37 17 27 6 77 3 222 -7 -12345
2574 313233 z = 0 0 0 0 0 0 0 0 0 0 0
2574 333636 s = 0 47 37 17 27 6 77 3 222 -7 -12345
2574 333636 z = 0 0 0 0 0 0 0 0 0 0 0
2574 333637 s = 0 47 37 17 27 6 77 3 222 -7 -12345
2574 333637 z = 0 0 0 0 0 0 0 0 0 0 0
2574 31393639 s = 0 47 37 17 27 6 77 3 222 -7 -12345
2574 31393639 z = 0 0 0 0 0 0 0 0 0 0 0
2574 32303236 s = 0 47 37 17 27 6 77 3 222 -7 -12345
2574 32303236 z = 0 0 0 0 0 0 0 0 0 0 0
2574 39393939 s = 0 47 37 17 27 6 77 3 222 -7 -12345
2574 39393939 z = 0 0 0 0 0 0 0 0 0 0 0
2574 3130303030 s = 0 47 37 17 27 6 77 3 222 -7 -12345
2574 3130303030 z = 0 0 0 0 0 0 0 0 0 0 0
2574 3132333435 s = 0 47 37 17 27 6 77 3 222 -7 -12345
2574 3132333435 z = 0 0 0 0 0 0 0 0 0 0 0
2574 2035 s = 1 47 37 17 27 6 77 3 222 -7 -12345
2574 2035 z = 1 0 0 0 0 0 0 0 0 0 0
2574 2020313778 s = 2 47 37 17 27 6 77 3 222 -7 -12345
2574 2020313778 z = 2 0 0 0 0 0 0 0 0 0 0
2574 0938 s = 1 47 37 17 27 6 77 3 222 -7 -12345
2574 0938 z = 1 0 0 0 0 0 0 0 0 0 0
2574 0a39 s = 1 47 37 17 27 6 77 3 222 -7 -12345
2574 0a39 z = 1 0 0 0 0 0 0 0 0 0 0
2574 0b33 s = 1 47 37 17 27 6 77 3 222 -7 -12345
2574 0b33 z = 1 0 0 0 0 0 0 0 0 0 0
2574 2d31 s = 0 47 37 17 27 6 77 3 222 -7 -12345
2574 2d31 z = 0 0 0 0 0 0 0 0 0 0 0
2574 2b31 s = 0 47 37 17 27 6 77 3 222 -7 -12345
2574 2b31 z = 0 0 0 0 0 0 0 0 0 0 0
2574 4d6f6e s = 0 47 37 17 27 6 77 3 222 -7 -12345
2574 4d6f6e z = 0 0 0 0 0 0 0 0 0 0 0
2574 6d6f6e646179 s = 0 47 37 17 27 6 77 3 222 -7 -12345
2574 6d6f6e646179 z = 0 0 0 0 0 0 0 0 0 0 0
2574 54554553444159 s = 0 47 37 17 27 6 77 3 222 -7 -12345
2574 54554553444159 z = 0 0 0 0 0 0 0 0 0 0 0
2574 776564 s = 0 47 37 17 27 6 77 3 222 -7 -12345
2574 776564 z = 0 0 0 0 0 0 0 0 0 0 0
2574 5468757273 s = 0 47 37 17 27 6 77 3 222 -7 -12345
2574 5468757273 z = 0 0 0 0 0 0 0 0 0 0 0
2574 536570 s = 0 47 37 17 27 6 77 3 222 -7 -12345
2574 536570 z = 0 0 0 0 0 0 0 0 0 0 0
2574 73657074656d626572 s = 0 47 37 17 27 6 77 3 222 -7 -12345
2574 73657074656d626572 z = 0 0 0 0 0 0 0 0 0 0 0
2574 53657074 s = 0 47 37 17 27 6 77 3 222 -7 -12345
2574 53657074 z = 0 0 0 0 0 0 0 0 0 0 0
2574 4d4159 s = 0 47 37 17 27 6 77 3 222 -7 -12345
2574 4d4159 z = 0 0 0 0 0 0 0 0 0 0 0
2574 414d s = 0 47 37 17 27 6 77 3 222 -7 -12345
2574 414d z = 0 0 0 0 0 0 0 0 0 0 0
2574 706d s = 0 47 37 17 27 6 77 3 222 -7 -12345
2574 706d z = 0 0 0 0 0 0 0 0 0 0 0
2574 612e6d2e s = 0 47 37 17 27 6 77 3 222 -7 -12345
2574 612e6d2e z = 0 0 0 0 0 0 0 0 0 0 0
2574 50 s = 0 47 37 17 27 6 77 3 222 -7 -12345
2574 50 z = 0 0 0 0 0 0 0 0 0 0 0
2574 5a s = 0 47 37 17 27 6 77 3 222 -7 -12345
2574 5a z = 0 0 0 0 0 0 0 0 0 0 0
2574 2b3035 s = 0 47 37 17 27 6 77 3 222 -7 -12345
2574 2b3035 z = 0 0 0 0 0 0 0 0 0 0 0
2574 2d30383030 s = 0 47 37 17 27 6 77 3 222 -7 -12345
2574 2d30383030 z = 0 0 0 0 0 0 0 0 0 0 0
2574 2b30353a3330 s = 0 47 37 17 27 6 77 3 222 -7 -12345
2574 2b30353a3330 z = 0 0 0 0 0 0 0 0 0 0 0
2574 2b30353630 s = 0 47 37 17 27 6 77 3 222 -7 -12345
2574 2b30353630 z = 0 0 0 0 0 0 0 0 0 0 0
2574 2b35 s = 0 47 37 17 27 6 77 3 222 -7 -12345
2574 2b35 z = 0 0 0 0 0 0 0 0 0 0 0
2574 2b313233 s = 0 47 37 17 27 6 77 3 222 -7 -12345
2574 2b313233 z = 0 0 0 0 0 0 0 0 0 0 0
2574 2d31323a33 s = 0 47 37 17 27 6 77 3 222 -7 -12345
2574 2d31323a33 z = 0 0 0 0 0 0 0 0 0 0 0
2574 555443 s = 0 47 37 17 27 6 77 3 222 -7 -12345
2574 555443 z = 0 0 0 0 0 0 0 0 0 0 0
2574 455354354544542078 s = 0 47 37 17 27 6 77 3 222 -7 -12345
2574 455354354544542078 z = 0 0 0 0 0 0 0 0 0 0 0
2574 25 s = 0 47 37 17 27 6 77 3 222 -7 -12345
2574 25 z = 0 0 0 0 0 0 0 0 0 0 0
2574 2578 s = 0 47 37 17 27 6 77 3 222 -7 -12345
2574 2578 z = 0 0 0 0 0 0 0 0 0 0 0
2574 78 s = 0 47 37 17 27 6 77 3 222 -7 -12345
2574 78 z = 0 0 0 0 0 0 0 0 0 0 0
2574 31373237353139373030 s = 0 47 37 17 27 6 77 3 222 -7 -12345
2574 31373237353139373030 z = 0 0 0 0 0 0 0 0 0 0 0
2574 2d35 s = 0 47 37 17 27 6 77 3 222 -7 -12345
2574 2d35 z = 0 0 0 0 0 0 0 0 0 0 0
2574 3939393939393939393939393939393939393939 s = 0 47 37 17 27 6 77 3 222 -7 -12345
2574 3939393939393939393939393939393939393939 z = 0 0 0 0 0 0 0 0 0 0 0
2574 31323a33343a3536 s = 0 47 37 17 27 6 77 3 222 -7 -12345
2574 31323a33343a3536 z = 0 0 0 0 0 0 0 0 0 0 0
2574 323032362d30392d3238 s = 0 47 37 17 27 6 77 3 222 -7 -12345
2574 323032362d30392d3238 z = 0 0 0 0 0 0 0 0 0 0 0
2574 30392f32382f3236 s = 0 47 37 17 27 6 77 3 222 -7 -12345
2574 30392f32382f3236 z = 0 0 0 0 0 0 0 0 0 0 0
2574 4d6f6e205365702032382031303a33353a30302032303236 s = 0 47 37 17 27 6 77 3 222 -7 -12345
2574 4d6f6e205365702032382031303a33353a30302032303236 z = 0 0 0 0 0 0 0 0 0 0 0
2574 31303a33353a303020504d s = 0 47 37 17 27 6 77 3 222 -7 -12345
2574 31303a33353a303020504d z = 0 0 0 0 0 0 0 0 0 0 0
2574 204d6f6e s = 1 47 37 17 27 6 77 3 222 -7 -12345
2574 204d6f6e z = 1 0 0 0 0 0 0 0 0 0 0
2574 09536570 s = 1 47 37 17 27 6 77 3 222 -7 -12345
2574 09536570 z = 1 0 0 0 0 0 0 0 0 0 0
2574 20706d s = 1 47 37 17 27 6 77 3 222 -7 -12345
2574 20706d z = 1 0 0 0 0 0 0 0 0 0 0
2574 205a s = 1 47 37 17 27 6 77 3 222 -7 -12345
2574 205a z = 1 0 0 0 0 0 0 0 0 0 0
2574 202b30353330 s = 1 47 37 17 27 6 77 3 222 -7 -12345
2574 202b30353330 z = 1 0 0 0 0 0 0 0 0 0 0
2574 20555443 s = 1 47 37 17 27 6 77 3 222 -7 -12345
2574 20555443 z = 1 0 0 0 0 0 0 0 0 0 0
2574 53756e64617973 s = 0 47 37 17 27 6 77 3 222 -7 -12345
2574 53756e64617973 z = 0 0 0 0 0 0 0 0 0 0 0
2574 4d6179646179 s = 0 47 37 17 27 6 77 3 222 -7 -12345
2574 4d6179646179 z = 0 0 0 0 0 0 0 0 0 0 0
2574 5361742e s = 0 47 37 17 27 6 77 3 222 -7 -12345
2574 5361742e z = 0 0 0 0 0 0 0 0 0 0 0
2574 444543 s = 0 47 37 17 27 6 77 3 222 -7 -12345
2574 444543 z = 0 0 0 0 0 0 0 0 0 0 0
2574 446563656d6265 s = 0 47 37 17 27 6 77 3 222 -7 -12345
2574 446563656d6265 z = 0 0 0 0 0 0 0 0 0 0 0
2554 - s = -1 47 37 17 27 6 77 3 222 -7 -12345
2554 - z = -1 0 0 0 0 0 0 0 0 0 0
2554 20 s = -1 47 37 17 27 6 77 3 222 -7 -12345
2554 20 z = -1 0 0 0 0 0 0 0 0 0 0
2554 30 s = -1 47 37 17 27 6 77 3 222 -7 -12345
2554 30 z = -1 0 0 0 0 0 0 0 0 0 0
2554 3030 s = -1 47 37 17 27 6 77 3 222 -7 -12345
2554 3030 z = -1 0 0 0 0 0 0 0 0 0 0
2554 303030 s = -1 47 37 17 27 6 77 3 222 -7 -12345
2554 303030 z = -1 0 0 0 0 0 0 0 0 0 0
2554 31 s = -1 47 37 17 27 6 77 3 222 -7 -12345
2554 31 z = -1 0 0 0 0 0 0 0 0 0 0
2554 3031 s = -1 47 37 17 27 6 77 3 222 -7 -12345
2554 3031 z = -1 0 0 0 0 0 0 0 0 0 0
2554 303031 s = -1 47 37 17 27 6 77 3 222 -7 -12345
2554 303031 z = -1 0 0 0 0 0 0 0 0 0 0
2554 37 s = -1 47 37 17 27 6 77 3 222 -7 -12345
2554 37 z = -1 0 0 0 0 0 0 0 0 0 0
2554 39 s = -1 47 37 17 27 6 77 3 222 -7 -12345
2554 39 z = -1 0 0 0 0 0 0 0 0 0 0
2554 3132 s = -1 47 37 17 27 6 77 3 222 -7 -12345
2554 3132 z = -1 0 0 0 0 0 0 0 0 0 0
2554 3133 s = -1 47 37 17 27 6 77 3 222 -7 -12345
2554 3133 z = -1 0 0 0 0 0 0 0 0 0 0
2554 3233 s = -1 47 37 17 27 6 77 3 222 -7 -12345
2554 3233 z = -1 0 0 0 0 0 0 0 0 0 0
2554 3234 s = -1 47 37 17 27 6 77 3 222 -7 -12345
2554 3234 z = -1 0 0 0 0 0 0 0 0 0 0
2554 3331 s = -1 47 37 17 27 6 77 3 222 -7 -12345
2554 3331 z = -1 0 0 0 0 0 0 0 0 0 0
2554 3332 s = -1 47 37 17 27 6 77 3 222 -7 -12345
2554 3332 z = -1 0 0 0 0 0 0 0 0 0 0
2554 3533 s = -1 47 37 17 27 6 77 3 222 -7 -12345
2554 3533 z = -1 0 0 0 0 0 0 0 0 0 0
2554 3534 s = -1 47 37 17 27 6 77 3 222 -7 -12345
2554 3534 z = -1 0 0 0 0 0 0 0 0 0 0
2554 3539 s = -1 47 37 17 27 6 77 3 222 -7 -12345
2554 3539 z = -1 0 0 0 0 0 0 0 0 0 0
2554 3630 s = -1 47 37 17 27 6 77 3 222 -7 -12345
2554 3630 z = -1 0 0 0 0 0 0 0 0 0 0
2554 3631 s = -1 47 37 17 27 6 77 3 222 -7 -12345
2554 3631 z = -1 0 0 0 0 0 0 0 0 0 0
2554 3632 s = -1 47 37 17 27 6 77 3 222 -7 -12345
2554 3632 z = -1 0 0 0 0 0 0 0 0 0 0
2554 3639 s = -1 47 37 17 27 6 77 3 222 -7 -12345
2554 3639 z = -1 0 0 0 0 0 0 0 0 0 0
2554 3939 s = -1 47 37 17 27 6 77 3 222 -7 -12345
2554 3939 z = -1 0 0 0 0 0 0 0 0 0 0
2554 313030 s = -1 47 37 17 27 6 77 3 222 -7 -12345
2554 313030 z = -1 0 0 0 0 0 0 0 0 0 0
2554 313233 s = -1 47 37 17 27 6 77 3 222 -7 -12345
2554 313233 z = -1 0 0 0 0 0 0 0 0 0 0
2554 333636 s = -1 47 37 17 27 6 77 3 222 -7 -12345
2554 333636 z = -1 0 0 0 0 0 0 0 0 0 0
2554 333637 s = -1 47 37 17 27 6 77 3 222 -7 -12345
2554 333637 z = -1 0 0 0 0 0 0 0 0 0 0
2554 31393639 s = -1 47 37 17 27 6 77 3 222 -7 -12345
2554 31393639 z = -1 0 0 0 0 0 0 0 0 0 0
2554 32303236 s = -1 47 37 17 27 6 77 3 222 -7 -12345
2554 32303236 z = -1 0 0 0 0 0 0 0 0 0 0
2554 39393939 s = -1 47 37 17 27 6 77 3 222 -7 -12345
2554 39393939 z = -1 0 0 0 0 0 0 0 0 0 0
2554 3130303030 s = -1 47 37 17 27 6 77 3 222 -7 -12345
2554 3130303030 z = -1 0 0 0 0 0 0 0 0 0 0
2554 3132333435 s = -1 47 37 17 27 6 77 3 222 -7 -12345
2554 3132333435 z = -1 0 0 0 0 0 0 0 0 0 0
2554 2035 s = -1 47 37 17 27 6 77 3 222 -7 -12345
2554 2035 z = -1 0 0 0 0 0 0 0 0 0 0
2554 2020313778 s = -1 47 37 17 27 6 77 3 222 -7 -12345
2554 2020313778 z = -1 0 0 0 0 0 0 0 0 0 0
2554 0938 s = -1 47 37 17 27 6 77 3 222 -7 -12345
2554 0938 z = -1 0 0 0 0 0 0 0 0 0 0
2554 0a39 s = -1 47 37 17 27 6 77 3 222 -7 -12345
2554 0a39 z = -1 0 0 0 0 0 0 0 0 0 0
2554 0b33 s = -1 47 37 17 27 6 77 3 222 -7 -12345
2554 0b33 z = -1 0 0 0 0 0 0 0 0 0 0
2554 2d31 s = -1 47 37 17 27 6 77 3 222 -7 -12345
2554 2d31 z = -1 0 0 0 0 0 0 0 0 0 0
2554 2b31 s = -1 47 37 17 27 6 77 3 222 -7 -12345
2554 2b31 z = -1 0 0 0 0 0 0 0 0 0 0
2554 4d6f6e s = -1 47 37 17 27 6 77 3 222 -7 -12345
2554 4d6f6e z = -1 0 0 0 0 0 0 0 0 0 0
2554 6d6f6e646179 s = -1 47 37 17 27 6 77 3 222 -7 -12345
2554 6d6f6e646179 z = -1 0 0 0 0 0 0 0 0 0 0
2554 54554553444159 s = -1 47 37 17 27 6 77 3 222 -7 -12345
2554 54554553444159 z = -1 0 0 0 0 0 0 0 0 0 0
2554 776564 s = -1 47 37 17 27 6 77 3 222 -7 -12345
2554 776564 z = -1 0 0 0 0 0 0 0 0 0 0
2554 5468757273 s = -1 47 37 17 27 6 77 3 222 -7 -12345
2554 5468757273 z = -1 0 0 0 0 0 0 0 0 0 0
2554 536570 s = -1 47 37 17 27 6 77 3 222 -7 -12345
2554 536570 z = -1 0 0 0 0 0 0 0 0 0 0
2554 73657074656d626572 s = -1 47 37 17 27 6 77 3 222 -7 -12345
2554 73657074656d626572 z = -1 0 0 0 0 0 0 0 0 0 0
2554 53657074 s = -1 47 37 17 27 6 77 3 222 -7 -12345
2554 53657074 z = -1 0 0 0 0 0 0 0 0 0 0
2554 4d4159 s = -1 47 37 17 27 6 77 3 222 -7 -12345
2554 4d4159 z = -1 0 0 0 0 0 0 0 0 0 0
2554 414d s = -1 47 37 17 27 6 77 3 222 -7 -12345
2554 414d z = -1 0 0 0 0 0 0 0 0 0 0
2554 706d s = -1 47 37 17 27 6 77 3 222 -7 -12345
2554 706d z = -1 0 0 0 0 0 0 0 0 0 0
2554 612e6d2e s = -1 47 37 17 27 6 77 3 222 -7 -12345
2554 612e6d2e z = -1 0 0 0 0 0 0 0 0 0 0
2554 50 s = -1 47 37 17 27 6 77 3 222 -7 -12345
2554 50 z = -1 0 0 0 0 0 0 0 0 0 0
2554 5a s = -1 47 37 17 27 6 77 3 222 -7 -12345
2554 5a z = -1 0 0 0 0 0 0 0 0 0 0
2554 2b3035 s = -1 47 37 17 27 6 77 3 222 -7 -12345
2554 2b3035 z = -1 0 0 0 0 0 0 0 0 0 0
2554 2d30383030 s = -1 47 37 17 27 6 77 3 222 -7 -12345
2554 2d30383030 z = -1 0 0 0 0 0 0 0 0 0 0
2554 2b30353a3330 s = -1 47 37 17 27 6 77 3 222 -7 -12345
2554 2b30353a3330 z = -1 0 0 0 0 0 0 0 0 0 0
2554 2b30353630 s = -1 47 37 17 27 6 77 3 222 -7 -12345
2554 2b30353630 z = -1 0 0 0 0 0 0 0 0 0 0
2554 2b35 s = -1 47 37 17 27 6 77 3 222 -7 -12345
2554 2b35 z = -1 0 0 0 0 0 0 0 0 0 0
2554 2b313233 s = -1 47 37 17 27 6 77 3 222 -7 -12345
2554 2b313233 z = -1 0 0 0 0 0 0 0 0 0 0
2554 2d31323a33 s = -1 47 37 17 27 6 77 3 222 -7 -12345
2554 2d31323a33 z = -1 0 0 0 0 0 0 0 0 0 0
2554 555443 s = -1 47 37 17 27 6 77 3 222 -7 -12345
2554 555443 z = -1 0 0 0 0 0 0 0 0 0 0
2554 455354354544542078 s = -1 47 37 17 27 6 77 3 222 -7 -12345
2554 455354354544542078 z = -1 0 0 0 0 0 0 0 0 0 0
2554 25 s = -1 47 37 17 27 6 77 3 222 -7 -12345
2554 25 z = -1 0 0 0 0 0 0 0 0 0 0
2554 2578 s = -1 47 37 17 27 6 77 3 222 -7 -12345
2554 2578 z = -1 0 0 0 0 0 0 0 0 0 0
2554 78 s = -1 47 37 17 27 6 77 3 222 -7 -12345
2554 78 z = -1 0 0 0 0 0 0 0 0 0 0
2554 31373237353139373030 s = -1 47 37 17 27 6 77 3 222 -7 -12345
2554 31373237353139373030 z = -1 0 0 0 0 0 0 0 0 0 0
2554 2d35 s = -1 47 37 17 27 6 77 3 222 -7 -12345
2554 2d35 z = -1 0 0 0 0 0 0 0 0 0 0
2554 3939393939393939393939393939393939393939 s = -1 47 37 17 27 6 77 3 222 -7 -12345
2554 3939393939393939393939393939393939393939 z = -1 0 0 0 0 0 0 0 0 0 0
2554 31323a33343a3536 s = 8 56 34 12 27 6 77 3 222 -7 -12345
2554 31323a33343a3536 z = 8 56 34 12 0 0 0 0 0 0 0
2554 323032362d30392d3238 s = -1 47 37 17 27 6 77 3 222 -7 -12345
2554 323032362d30392d3238 z = -1 0 0 0 0 0 0 0 0 0 0
2554 30392f32382f3236 s = -1 47 37 17 27 6 77 3 222 -7 -12345
2554 30392f32382f3236 z = -1 0 0 0 0 0 0 0 0 0 0
2554 4d6f6e205365702032382031303a33353a30302032303236 s = -1 47 37 17 27 6 77 3 222 -7 -12345
2554 4d6f6e205365702032382031303a33353a30302032303236 z = -1 0 0 0 0 0 0 0 0 0 0
2554 31303a33353a303020504d s = 8 0 35 10 27 6 77 3 222 -7 -12345
2554 31303a33353a303020504d z = 8 0 35 10 0 0 0 0 0 0 0
2554 204d6f6e s = -1 47 37 17 27 6 77 3 222 -7 -12345
2554 204d6f6e z = -1 0 0 0 0 0 0 0 0 0 0
2554 09536570 s = -1 47 37 17 27 6 77 3 222 -7 -12345
2554 09536570 z = -1 0 0 0 0 0 0 0 0 0 0
2554 20706d s = -1 47 37 17 27 6 77 3 222 -7 -12345
2554 20706d z = -1 0 0 0 0 0 0 0 0 0 0
2554 205a s = -1 47 37 17 27 6 77 3 222 -7 -12345
2554 205a z = -1 0 0 0 0 0 0 0 0 0 0
2554 202b30353330 s = -1 47 37 17 27 6 77 3 222 -7 -12345
2554 202b30353330 z = -1 0 0 0 0 0 0 0 0 0 0
2554 20555443 s = -1 47 37 17 27 6 77 3 222 -7 -12345
2554 20555443 z = -1 0 0 0 0 0 0 0 0 0 0
2554 53756e64617973 s = -1 47 37 17 27 6 77 3 222 -7 -12345
2554 53756e64617973 z = -1 0 0 0 0 0 0 0 0 0 0
2554 4d6179646179 s = -1 47 37 17 27 6 77 3 222 -7 -12345
2554 4d6179646179 z = -1 0 0 0 0 0 0 0 0 0 0
2554 5361742e s = -1 47 37 17 27 6 77 3 222 -7 -12345
2554 5361742e z = -1 0 0 0 0 0 0 0 0 0 0
2554 444543 s = -1 47 37 17 27 6 77 3 222 -7 -12345
2554 444543 z = -1 0 0 0 0 0 0 0 0 0 0
2554 446563656d6265 s = -1 47 37 17 27 6 77 3 222 -7 -12345
2554 446563656d6265 z = -1 0 0 0 0 0 0 0 0 0 0
2575 - s = -1 47 37 17 27 6 77 3 222 -7 -12345
2575 - z = -1 0 0 0 0 0 0 0 0 0 0
2575 20 s = -1 47 37 17 27 6 77 3 222 -7 -12345
2575 20 z = -1 0 0 0 0 0 0 0 0 0 0
2575 30 s = -1 47 37 17 27 6 77 3 222 -7 -12345
2575 30 z = -1 0 0 0 0 0 0 0 0 0 0
2575 3030 s = -1 47 37 17 27 6 77 3 222 -7 -12345
2575 3030 z = -1 0 0 0 0 0 0 0 0 0 0
2575 303030 s = -1 47 37 17 27 6 77 3 222 -7 -12345
2575 303030 z = -1 0 0 0 0 0 0 0 0 0 0
2575 31 s = 1 47 37 17 27 6 77 1 222 -7 -12345
2575 31 z = 1 0 0 0 0 0 0 1 0 0 0
2575 3031 s = -1 47 37 17 27 6 77 3 222 -7 -12345
2575 3031 z = -1 0 0 0 0 0 0 0 0 0 0
2575 303031 s = -1 47 37 17 27 6 77 3 222 -7 -12345
2575 303031 z = -1 0 0 0 0 0 0 0 0 0 0
2575 37 s = 1 47 37 17 27 6 77 0 222 -7 -12345
2575 37 z = 1 0 0 0 0 0 0 0 0 0 0
2575 39 s = -1 47 37 17 27 6 77 3 222 -7 -12345
2575 39 z = -1 0 0 0 0 0 0 0 0 0 0
2575 3132 s = 1 47 37 17 27 6 77 1 222 -7 -12345
2575 3132 z = 1 0 0 0 0 0 0 1 0 0 0
2575 3133 s = 1 47 37 17 27 6 77 1 222 -7 -12345
2575 3133 z = 1 0 0 0 0 0 0 1 0 0 0
2575 3233 s = 1 47 37 17 27 6 77 2 222 -7 -12345
2575 3233 z = 1 0 0 0 0 0 0 2 0 0 0
2575 3234 s = 1 47 37 17 27 6 77 2 222 -7 -12345
2575 3234 z = 1 0 0 0 0 0 0 2 0 0 0
2575 3331 s = 1 47 37 17 27 6 77 3 222 -7 -12345
2575 3331 z = 1 0 0 0 0 0 0 3 0 0 0
2575 3332 s = 1 47 37 17 27 6 77 3 222 -7 -12345
2575 3332 z = 1 0 0 0 0 0 0 3 0 0 0
2575 3533 s = 1 47 37 17 27 6 77 5 222 -7 -12345
2575 3533 z = 1 0 0 0 0 0 0 5 0 0 0
2575 3534 s = 1 47 37 17 27 6 77 5 222 -7 -12345
2575 3534 z = 1 0 0 0 0 0 0 5 0 0 0
2575 3539 s = 1 47 37 17 27 6 77 5 222 -7 -12345
2575 3539 z = 1 0 0 0 0 0 0 5 0 0 0
2575 3630 s = 1 47 37 17 27 6 77 6 222 -7 -12345
2575 3630 z = 1 0 0 0 0 0 0 6 0 0 0
2575 3631 s = 1 47 37 17 27 6 77 6 222 -7 -12345
2575 3631 z = 1 0 0 0 0 0 0 6 0 0 0
2575 3632 s = 1 47 37 17 27 6 77 6 222 -7 -12345
2575 3632 z = 1 0 0 0 0 0 0 6 0 0 0
2575 3639 s = 1 47 37 17 27 6 77 6 222 -7 -12345
2575 3639 z = 1 0 0 0 0 0 0 6 0 0 0
2575 3939 s = -1 47 37 17 27 6 77 3 222 -7 -12345
2575 3939 z = -1 0 0 0 0 0 0 0 0 0 0
2575 313030 s = 1 47 37 17 27 6 77 1 222 -7 -12345
2575 313030 z = 1 0 0 0 0 0 0 1 0 0 0
2575 313233 s = 1 47 37 17 27 6 77 1 222 -7 -12345
2575 313233 z = 1 0 0 0 0 0 0 1 0 0 0
2575 333636 s = 1 47 37 17 27 6 77 3 222 -7 -12345
2575 333636 z = 1 0 0 0 0 0 0 3 0 0 0
2575 333637 s = 1 47 37 17 27 6 77 3 222 -7 -12345
2575 333637 z = 1 0 0 0 0 0 0 3 0 0 0
2575 31393639 s = 1 47 37 17 27 6 77 1 222 -7 -12345
2575 31393639 z = 1 0 0 0 0 0 0 1 0 0 0
2575 32303236 s = 1 47 37 17 27 6 77 2 222 -7 -12345
2575 32303236 z = 1 0 0 0 0 0 0 2 0 0 0
2575 39393939 s = -1 47 37 17 27 6 77 3 222 -7 -12345
2575 39393939 z = -1 0 0 0 0 0 0 0 0 0 0
2575 3130303030 s = 1 47 37 17 27 6 77 1 222 -7 -12345
2575 3130303030 z = 1 0 0 0 0 0 0 1 0 0 0
2575 3132333435 s = 1 47 37 17 27 6 77 1 222 -7 -12345
2575 3132333435 z = 1 0 0 0 0 0 0 1 0 0 0
2575 2035 s = 2 47 37 17 27 6 77 5 222 -7 -12345
2575 2035 z = 2 0 0 0 0 0 0 5 0 0 0
2575 2020313778 s = 3 47 37 17 27 6 77 1 222 -7 -12345
2575 2020313778 z = 3 0 0 0 0 0 0 1 0 0 0
2575 0938 s = -1 47 37 17 27 6 77 3 222 -7 -12345
2575 0938 z = -1 0 0 0 0 0 0 0 0 0 0
2575 0a39 s = -1 47 37 17 27 6 77 3 222 -7 -12345
2575 0a39 z = -1 0 0 0 0 0 0 0 0 0 0
2575 0b33 s = 2 47 37 17 27 6 77 3 222 -7 -12345
2575 0b33 z = 2 0 0 0 0 0 0 3 0 0 0
2575 2d31 s = -1 47 37 17 27 6 77 3 222 -7 -12345
2575 2d31 z = -1 0 0 0 0 0 0 0 0 0 0
2575 2b31 s = -1 47 37 17 27 6 77 3 222 -7 -12345
2575 2b31 z = -1 0 0 0 0 0 0 0 0 0 0
2575 4d6f6e s = -1 47 37 17 27 6 77 3 222 -7 -12345
2575 4d6f6e z = -1 0 0 0 0 0 0 0 0 0 0
2575 6d6f6e646179 s = -1 47 37 17 27 6 77 3 222 -7 -12345
2575 6d6f6e646179 z = -1 0 0 0 0 0 0 0 0 0 0
2575 54554553444159 s = -1 47 37 17 27 6 77 3 222 -7 -12345
2575 54554553444159 z = -1 0 0 0 0 0 0 0 0 0 0
2575 776564 s = -1 47 37 17 27 6 77 3 222 -7 -12345
2575 776564 z = -1 0 0 0 0 0 0 0 0 0 0
2575 5468757273 s = -1 47 37 17 27 6 77 3 222 -7 -12345
2575 5468757273 z = -1 0 0 0 0 0 0 0 0 0 0
2575 536570 s = -1 47 37 17 27 6 77 3 222 -7 -12345
2575 536570 z = -1 0 0 0 0 0 0 0 0 0 0
2575 73657074656d626572 s = -1 47 37 17 27 6 77 3 222 -7 -12345
2575 73657074656d626572 z = -1 0 0 0 0 0 0 0 0 0 0
2575 53657074 s = -1 47 37 17 27 6 77 3 222 -7 -12345
2575 53657074 z = -1 0 0 0 0 0 0 0 0 0 0
2575 4d4159 s = -1 47 37 17 27 6 77 3 222 -7 -12345
2575 4d4159 z = -1 0 0 0 0 0 0 0 0 0 0
2575 414d s = -1 47 37 17 27 6 77 3 222 -7 -12345
2575 414d z = -1 0 0 0 0 0 0 0 0 0 0
2575 706d s = -1 47 37 17 27 6 77 3 222 -7 -12345
2575 706d z = -1 0 0 0 0 0 0 0 0 0 0
2575 612e6d2e s = -1 47 37 17 27 6 77 3 222 -7 -12345
2575 612e6d2e z = -1 0 0 0 0 0 0 0 0 0 0
2575 50 s = -1 47 37 17 27 6 77 3 222 -7 -12345
2575 50 z = -1 0 0 0 0 0 0 0 0 0 0
2575 5a s = -1 47 37 17 27 6 77 3 222 -7 -12345
2575 5a z = -1 0 0 0 0 0 0 0 0 0 0
2575 2b3035 s = -1 47 37 17 27 6 77 3 222 -7 -12345
2575 2b3035 z = -1 0 0 0 0 0 0 0 0 0 0
2575 2d30383030 s = -1 47 37 17 27 6 77 3 222 -7 -12345
2575 2d30383030 z = -1 0 0 0 0 0 0 0 0 0 0
2575 2b30353a3330 s = -1 47 37 17 27 6 77 3 222 -7 -12345
2575 2b30353a3330 z = -1 0 0 0 0 0 0 0 0 0 0
2575 2b30353630 s = -1 47 37 17 27 6 77 3 222 -7 -12345
2575 2b30353630 z = -1 0 0 0 0 0 0 0 0 0 0
2575 2b35 s = -1 47 37 17 27 6 77 3 222 -7 -12345
2575 2b35 z = -1 0 0 0 0 0 0 0 0 0 0
2575 2b313233 s = -1 47 37 17 27 6 77 3 222 -7 -12345
2575 2b313233 z = -1 0 0 0 0 0 0 0 0 0 0
2575 2d31323a33 s = -1 47 37 17 27 6 77 3 222 -7 -12345
2575 2d31323a33 z = -1 0 0 0 0 0 0 0 0 0 0
2575 555443 s = -1 47 37 17 27 6 77 3 222 -7 -12345
2575 555443 z = -1 0 0 0 0 0 0 0 0 0 0
2575 455354354544542078 s = -1 47 37 17 27 6 77 3 222 -7 -12345
2575 455354354544542078 z = -1 0 0 0 0 0 0 0 0 0 0
2575 25 s = -1 47 37 17 27 6 77 3 222 -7 -12345
2575 25 z = -1 0 0 0 0 0 0 0 0 0 0
2575 2578 s = -1 47 37 17 27 6 77 3 222 -7 -12345
2575 2578 z = -1 0 0 0 0 0 0 0 0 0 0
2575 78 s = -1 47 37 17 27 6 77 3 222 -7 -12345
2575 78 z = -1 0 0 0 0 0 0 0 0 0 0
2575 31373237353139373030 s = 1 47 37 17 27 6 77 1 222 -7 -12345
2575 31373237353139373030 z = 1 0 0 0 0 0 0 1 0 0 0
2575 2d35 s = -1 47 37 17 27 6 77 3 222 -7 -12345
2575 2d35 z = -1 0 0 0 0 0 0 0 0 0 0
2575 3939393939393939393939393939393939393939 s = -1 47 37 17 27 6 77 3 222 -7 -12345
2575 3939393939393939393939393939393939393939 z = -1 0 0 0 0 0 0 0 0 0 0
2575 31323a33343a3536 s = 1 47 37 17 27 6 77 1 222 -7 -12345
2575 31323a33343a3536 z = 1 0 0 0 0 0 0 1 0 0 0
2575 323032362d30392d3238 s = 1 47 37 17 27 6 77 2 222 -7 -12345
2575 323032362d30392d3238 z = 1 0 0 0 0 0 0 2 0 0 0
2575 30392f32382f3236 s = -1 47 37 17 27 6 77 3 222 -7 -12345
2575 30392f32382f3236 z = -1 0 0 0 0 0 0 0 0 0 0
2575 4d6f6e205365702032382031303a33353a30302032303236 s = -1 47 37 17 27 6 77 3 222 -7 -12345
2575 4d6f6e205365702032382031303a33353a30302032303236 z = -1 0 0 0 0 0 0 0 0 0 0
2575 31303a33353a303020504d s = 1 47 37 17 27 6 77 1 222 -7 -12345
2575 31303a33353a303020504d z = 1 0 0 0 0 0 0 1 0 0 0
2575 204d6f6e s = -1 47 37 17 27 6 77 3 222 -7 -12345
2575 204d6f6e z = -1 0 0 0 0 0 0 0 0 0 0
2575 09536570 s = -1 47 37 17 27 6 77 3 222 -7 -12345
2575 09536570 z = -1 0 0 0 0 0 0 0 0 0 0
2575 20706d s = -1 47 37 17 27 6 77 3 222 -7 -12345
2575 20706d z = -1 0 0 0 0 0 0 0 0 0 0
2575 205a s = -1 47 37 17 27 6 77 3 222 -7 -12345
2575 205a z = -1 0 0 0 0 0 0 0 0 0 0
2575 202b30353330 s = -1 47 37 17 27 6 77 3 222 -7 -12345
2575 202b30353330 z = -1 0 0 0 0 0 0 0 0 0 0
2575 20555443 s = -1 47 37 17 27 6 77 3 222 -7 -12345
2575 20555443 z = -1 0 0 0 0 0 0 0 0 0 0
2575 53756e64617973 s = -1 47 37 17 27 6 77 3 222 -7 -12345
2575 53756e64617973 z = -1 0 0 0 0 0 0 0 0 0 0
2575 4d6179646179 s = -1 47 37 17 27 6 77 3 222 -7 -12345
2575 4d6179646179 z = -1 0 0 0 0 0 0 0 0 0 0
2575 5361742e s = -1 47 37 17 27 6 77 3 222 -7 -12345
2575 5361742e z = -1 0 0 0 0 0 0 0 0 0 0
2575 444543 s = -1 47 37 17 27 6 77 3 222 -7 -12345
2575 444543 z = -1 0 0 0 0 0 0 0 0 0 0
2575 446563656d6265 s = -1 47 37 17 27 6 77 3 222 -7 -12345
2575 446563656d6265 z = -1 0 0 0 0 0 0 0 0 0 0
2555 - s = -1 47 37 17 27 6 77 3 222 -7 -12345
2555 - z = -1 0 0 0 0 0 0 0 0 0 0
2555 20 s = -1 47 37 17 27 6 77 3 222 -7 -12345
2555 20 z = -1 0 0 0 0 0 0 0 0 0 0
2555 30 s = 1 47 37 17 27 6 77 3 222 -7 -12345
2555 30 z = 1 0 0 0 0 0 0 0 0 0 0
2555 3030 s = 2 47 37 17 27 6 77 3 222 -7 -12345
2555 3030 z = 2 0 0 0 0 0 0 0 0 0 0
2555 303030 s = 2 47 37 17 27 6 77 3 222 -7 -12345
2555 303030 z = 2 0 0 0 0 0 0 0 0 0 0
2555 31 s = 1 47 37 17 27 6 77 3 222 -7 -12345
2555 31 z = 1 0 0 0 0 0 0 0 0 0 0
2555 3031 s = 2 47 37 17 27 6 77 3 222 -7 -12345
2555 3031 z = 2 0 0 0 0 0 0 0 0 0 0
2555 303031 s = 2 47 37 17 27 6 77 3 222 -7 -12345
2555 303031 z = 2 0 0 0 0 0 0 0 0 0 0
2555 37 s = 1 47 37 17 27 6 77 3 222 -7 -12345
2555 37 z = 1 0 0 0 0 0 0 0 0 0 0
2555 39 s = 1 47 37 17 27 6 77 3 222 -7 -12345
2555 39 z = 1 0 0 0 0 0 0 0 0 0 0
2555 3132 s = 2 47 37 17 27 6 77 3 222 -7 -12345
2555 3132 z = 2 0 0 0 0 0 0 0 0 0 0
2555 3133 s = 2 47 37 17 27 6 77 3 222 -7 -12345
2555 3133 z = 2 0 0 0 0 0 0 0 0 0 0
2555 3233 s = 2 47 37 17 27 6 77 3 222 -7 -12345
2555 3233 z = 2 0 0 0 0 0 0 0 0 0 0
2555 3234 s = 2 47 37 17 27 6 77 3 222 -7 -12345
2555 3234 z = 2 0 0 0 0 0 0 0 0 0 0
2555 3331 s = 2 47 37 17 27 6 77 3 222 -7 -12345
2555 3331 z = 2 0 0 0 0 0 0 0 0 0 0
2555 3332 s = 2 47 37 17 27 6 77 3 222 -7 -12345
2555 3332 z = 2 0 0 0 0 0 0 0 0 0 0
2555 3533 s = 2 47 37 17 27 6 77 3 222 -7 -12345
2555 3533 z = 2 0 0 0 0 0 0 0 0 0 0
2555 3534 s = -1 47 37 17 27 6 77 3 222 -7 -12345
2555 3534 z = -1 0 0 0 0 0 0 0 0 0 0
2555 3539 s = -1 47 37 17 27 6 77 3 222 -7 -12345
2555 3539 z = -1 0 0 0 0 0 0 0 0 0 0
2555 3630 s = 1 47 37 17 27 6 77 3 222 -7 -12345
2555 3630 z = 1 0 0 0 0 0 0 0 0 0 0
2555 3631 s = 1 47 37 17 27 6 77 3 222 -7 -12345
2555 3631 z = 1 0 0 0 0 0 0 0 0 0 0
2555 3632 s = 1 47 37 17 27 6 77 3 222 -7 -12345
2555 3632 z = 1 0 0 0 0 0 0 0 0 0 0
2555 3639 s = 1 47 37 17 27 6 77 3 222 -7 -12345
2555 3639 z = 1 0 0 0 0 0 0 0 0 0 0
2555 3939 s = 1 47 37 17 27 6 77 3 222 -7 -12345
2555 3939 z = 1 0 0 0 0 0 0 0 0 0 0
2555 313030 s = 2 47 37 17 27 6 77 3 222 -7 -12345
2555 313030 z = 2 0 0 0 0 0 0 0 0 0 0
2555 313233 s = 2 47 37 17 27 6 77 3 222 -7 -12345
2555 313233 z = 2 0 0 0 0 0 0 0 0 0 0
2555 333636 s = 2 47 37 17 27 6 77 3 222 -7 -12345
2555 333636 z = 2 0 0 0 0 0 0 0 0 0 0
2555 333637 s = 2 47 37 17 27 6 77 3 222 -7 -12345
2555 333637 z = 2 0 0 0 0 0 0 0 0 0 0
2555 31393639 s = 2 47 37 17 27 6 77 3 222 -7 -12345
2555 31393639 z = 2 0 0 0 0 0 0 0 0 0 0
2555 32303236 s = 2 47 37 17 27 6 77 3 222 -7 -12345
2555 32303236 z = 2 0 0 0 0 0 0 0 0 0 0
2555 39393939 s = 1 47 37 17 27 6 77 3 222 -7 -12345
2555 39393939 z = 1 0 0 0 0 0 0 0 0 0 0
2555 3130303030 s = 2 47 37 17 27 6 77 3 222 -7 -12345
2555 3130303030 z = 2 0 0 0 0 0 0 0 0 0 0
2555 3132333435 s = 2 47 37 17 27 6 77 3 222 -7 -12345
2555 3132333435 z = 2 0 0 0 0 0 0 0 0 0 0
2555 2035 s = 2 47 37 17 27 6 77 3 222 -7 -12345
2555 2035 z = 2 0 0 0 0 0 0 0 0 0 0
2555 2020313778 s = 4 47 37 17 27 6 77 3 222 -7 -12345
2555 2020313778 z = 4 0 0 0 0 0 0 0 0 0 0
2555 0938 s = 2 47 37 17 27 6 77 3 222 -7 -12345
2555 0938 z = 2 0 0 0 0 0 0 0 0 0 0
2555 0a39 s = 2 47 37 17 27 6 77 3 222 -7 -12345
2555 0a39 z = 2 0 0 0 0 0 0 0 0 0 0
2555 0b33 s = 2 47 37 17 27 6 77 3 222 -7 -12345
2555 0b33 z = 2 0 0 0 0 0 0 0 0 0 0
2555 2d31 s = -1 47 37 17 27 6 77 3 222 -7 -12345
2555 2d31 z = -1 0 0 0 0 0 0 0 0 0 0
2555 2b31 s = -1 47 37 17 27 6 77 3 222 -7 -12345
2555 2b31 z = -1 0 0 0 0 0 0 0 0 0 0
2555 4d6f6e s = -1 47 37 17 27 6 77 3 222 -7 -12345
2555 4d6f6e z = -1 0 0 0 0 0 0 0 0 0 0
2555 6d6f6e646179 s = -1 47 37 17 27 6 77 3 222 -7 -12345
2555 6d6f6e646179 z = -1 0 0 0 0 0 0 0 0 0 0
2555 54554553444159 s = -1 47 37 17 27 6 77 3 222 -7 -12345
2555 54554553444159 z = -1 0 0 0 0 0 0 0 0 0 0
2555 776564 s = -1 47 37 17 27 6 77 3 222 -7 -12345
2555 776564 z = -1 0 0 0 0 0 0 0 0 0 0
2555 5468757273 s = -1 47 37 17 27 6 77 3 222 -7 -12345
2555 5468757273 z = -1 0 0 0 0 0 0 0 0 0 0
2555 536570 s = -1 47 37 17 27 6 77 3 222 -7 -12345
2555 536570 z = -1 0 0 0 0 0 0 0 0 0 0
2555 73657074656d626572 s = -1 47 37 17 27 6 77 3 222 -7 -12345
2555 73657074656d626572 z = -1 0 0 0 0 0 0 0 0 0 0
2555 53657074 s = -1 47 37 17 27 6 77 3 222 -7 -12345
2555 53657074 z = -1 0 0 0 0 0 0 0 0 0 0
2555 4d4159 s = -1 47 37 17 27 6 77 3 222 -7 -12345
2555 4d4159 z = -1 0 0 0 0 0 0 0 0 0 0
2555 414d s = -1 47 37 17 27 6 77 3 222 -7 -12345
2555 414d z = -1 0 0 0 0 0 0 0 0 0 0
2555 706d s = -1 47 37 17 27 6 77 3 222 -7 -12345
2555 706d z = -1 0 0 0 0 0 0 0 0 0 0
2555 612e6d2e s = -1 47 37 17 27 6 77 3 222 -7 -12345
2555 612e6d2e z = -1 0 0 0 0 0 0 0 0 0 0
2555 50 s = -1 47 37 17 27 6 77 3 222 -7 -12345
2555 50 z = -1 0 0 0 0 0 0 0 0 0 0
2555 5a s = -1 47 37 17 27 6 77 3 222 -7 -12345
2555 5a z = -1 0 0 0 0 0 0 0 0 0 0
2555 2b3035 s = -1 47 37 17 27 6 77 3 222 -7 -12345
2555 2b3035 z = -1 0 0 0 0 0 0 0 0 0 0
2555 2d30383030 s = -1 47 37 17 27 6 77 3 222 -7 -12345
2555 2d30383030 z = -1 0 0 0 0 0 0 0 0 0 0
2555 2b30353a3330 s = -1 47 37 17 27 6 77 3 222 -7 -12345
2555 2b30353a3330 z = -1 0 0 0 0 0 0 0 0 0 0
2555 2b30353630 s = -1 47 37 17 27 6 77 3 222 -7 -12345
2555 2b30353630 z = -1 0 0 0 0 0 0 0 0 0 0
2555 2b35 s = -1 47 37 17 27 6 77 3 222 -7 -12345
2555 2b35 z = -1 0 0 0 0 0 0 0 0 0 0
2555 2b313233 s = -1 47 37 17 27 6 77 3 222 -7 -12345
2555 2b313233 z = -1 0 0 0 0 0 0 0 0 0 0
2555 2d31323a33 s = -1 47 37 17 27 6 77 3 222 -7 -12345
2555 2d31323a33 z = -1 0 0 0 0 0 0 0 0 0 0
2555 555443 s = -1 47 37 17 27 6 77 3 222 -7 -12345
2555 555443 z = -1 0 0 0 0 0 0 0 0 0 0
2555 455354354544542078 s = -1 47 37 17 27 6 77 3 222 -7 -12345
2555 455354354544542078 z = -1 0 0 0 0 0 0 0 0 0 0
2555 25 s = -1 47 37 17 27 6 77 3 222 -7 -12345
2555 25 z = -1 0 0 0 0 0 0 0 0 0 0
2555 2578 s = -1 47 37 17 27 6 77 3 222 -7 -12345
2555 2578 z = -1 0 0 0 0 0 0 0 0 0 0
2555 78 s = -1 47 37 17 27 6 77 3 222 -7 -12345
2555 78 z = -1 0 0 0 0 0 0 0 0 0 0
2555 31373237353139373030 s = 2 47 37 17 27 6 77 3 222 -7 -12345
2555 31373237353139373030 z = 2 0 0 0 0 0 0 0 0 0 0
2555 2d35 s = -1 47 37 17 27 6 77 3 222 -7 -12345
2555 2d35 z = -1 0 0 0 0 0 0 0 0 0 0
2555 3939393939393939393939393939393939393939 s = 1 47 37 17 27 6 77 3 222 -7 -12345
2555 3939393939393939393939393939393939393939 z = 1 0 0 0 0 0 0 0 0 0 0
2555 31323a33343a3536 s = 2 47 37 17 27 6 77 3 222 -7 -12345
2555 31323a33343a3536 z = 2 0 0 0 0 0 0 0 0 0 0
2555 323032362d30392d3238 s = 2 47 37 17 27 6 77 3 222 -7 -12345
2555 323032362d30392d3238 z = 2 0 0 0 0 0 0 0 0 0 0
2555 30392f32382f3236 s = 2 47 37 17 27 6 77 3 222 -7 -12345
2555 30392f32382f3236 z = 2 0 0 0 0 0 0 0 0 0 0
2555 4d6f6e205365702032382031303a33353a30302032303236 s = -1 47 37 17 27 6 77 3 222 -7 -12345
2555 4d6f6e205365702032382031303a33353a30302032303236 z = -1 0 0 0 0 0 0 0 0 0 0
2555 31303a33353a303020504d s = 2 47 37 17 27 6 77 3 222 -7 -12345
2555 31303a33353a303020504d z = 2 0 0 0 0 0 0 0 0 0 0
2555 204d6f6e s = -1 47 37 17 27 6 77 3 222 -7 -12345
2555 204d6f6e z = -1 0 0 0 0 0 0 0 0 0 0
2555 09536570 s = -1 47 37 17 27 6 77 3 222 -7 -12345
2555 09536570 z = -1 0 0 0 0 0 0 0 0 0 0
2555 20706d s = -1 47 37 17 27 6 77 3 222 -7 -12345
2555 20706d z = -1 0 0 0 0 0 0 0 0 0 0
2555 205a s = -1 47 37 17 27 6 77 3 222 -7 -12345
2555 205a z = -1 0 0 0 0 0 0 0 0 0 0
2555 202b30353330 s = -1 47 37 17 27 6 77 3 222 -7 -12345
2555 202b30353330 z = -1 0 0 0 0 0 0 0 0 0 0
2555 20555443 s = -1 47 37 17 27 6 77 3 222 -7 -12345
2555 20555443 z = -1 0 0 0 0 0 0 0 0 0 0
2555 53756e64617973 s = -1 47 37 17 27 6 77 3 222 -7 -12345
2555 53756e64617973 z = -1 0 0 0 0 0 0 0 0 0 0
2555 4d6179646179 s = -1 47 37 17 27 6 77 3 222 -7 -12345
2555 4d6179646179 z = -1 0 0 0 0 0 0 0 0 0 0
2555 5361742e s = -1 47 37 17 27 6 77 3 222 -7 -12345
2555 5361742e z = -1 0 0 0 0 0 0 0 0 0 0
2555 444543 s = -1 47 37 17 27 6 77 3 222 -7 -12345
2555 444543 z = -1 0 0 0 0 0 0 0 0 0 0
2555 446563656d6265 s = -1 47 37 17 27 6 77 3 222 -7 -12345
2555 446563656d6265 z = -1 0 0 0 0 0 0 0 0 0 0
2556 - s = -1 47 37 17 27 6 77 3 222 -7 -12345
2556 - z = -1 0 0 0 0 0 0 0 0 0 0
2556 20 s = -1 47 37 17 27 6 77 3 222 -7 -12345
2556 20 z = -1 0 0 0 0 0 0 0 0 0 0
2556 30 s = 1 47 37 17 27 6 77 3 222 -7 -12345
2556 30 z = 1 0 0 0 0 0 0 0 0 0 0
2556 3030 s = 2 47 37 17 27 6 77 3 222 -7 -12345
2556 3030 z = 2 0 0 0 0 0 0 0 0 0 0
2556 303030 s = 2 47 37 17 27 6 77 3 222 -7 -12345
2556 303030 z = 2 0 0 0 0 0 0 0 0 0 0
2556 31 s = 1 47 37 17 27 6 77 3 222 -7 -12345
2556 31 z = 1 0 0 0 0 0 0 0 0 0 0
2556 3031 s = 2 47 37 17 27 6 77 3 222 -7 -12345
2556 3031 z = 2 0 0 0 0 0 0 0 0 0 0
2556 303031 s = 2 47 37 17 27 6 77 3 222 -7 -12345
2556 303031 z = 2 0 0 0 0 0 0 0 0 0 0
2556 37 s = 1 47 37 17 27 6 77 3 222 -7 -12345
2556 37 z = 1 0 0 0 0 0 0 0 0 0 0
2556 39 s = 1 47 37 17 27 6 77 3 222 -7 -12345
2556 39 z = 1 0 0 0 0 0 0 0 0 0 0
2556 3132 s = 2 47 37 17 27 6 77 3 222 -7 -12345
2556 3132 z = 2 0 0 0 0 0 0 0 0 0 0
2556 3133 s = 2 47 37 17 27 6 77 3 222 -7 -12345
2556 3133 z = 2 0 0 0 0 0 0 0 0 0 0
2556 3233 s = 2 47 37 17 27 6 77 3 222 -7 -12345
2556 3233 z = 2 0 0 0 0 0 0 0 0 0 0
2556 3234 s = 2 47 37 17 27 6 77 3 222 -7 -12345
2556 3234 z = 2 0 0 0 0 0 0 0 0 0 0
2556 3331 s = 2 47 37 17 27 6 77 3 222 -7 -12345
2556 3331 z = 2 0 0 0 0 0 0 0 0 0 0
2556 3332 s = 2 47 37 17 27 6 77 3 222 -7 -12345
2556 3332 z = 2 0 0 0 0 0 0 0 0 0 0
2556 3533 s = 2 47 37 17 27 6 77 3 222 -7 -12345
2556 3533 z = 2 0 0 0 0 0 0 0 0 0 0
2556 3534 s = -1 47 37 17 27 6 77 3 222 -7 -12345
2556 3534 z = -1 0 0 0 0 0 0 0 0 0 0
2556 3539 s = -1 47 37 17 27 6 77 3 222 -7 -12345
2556 3539 z = -1 0 0 0 0 0 0 0 0 0 0
2556 3630 s = 1 47 37 17 27 6 77 3 222 -7 -12345
2556 3630 z = 1 0 0 0 0 0 0 0 0 0 0
2556 3631 s = 1 47 37 17 27 6 77 3 222 -7 -12345
2556 3631 z = 1 0 0 0 0 0 0 0 0 0 0
2556 3632 s = 1 47 37 17 27 6 77 3 222 -7 -12345
2556 3632 z = 1 0 0 0 0 0 0 0 0 0 0
2556 3639 s = 1 47 37 17 27 6 77 3 222 -7 -12345
2556 3639 z = 1 0 0 0 0 0 0 0 0 0 0
2556 3939 s = 1 47 37 17 27 6 77 3 222 -7 -12345
2556 3939 z = 1 0 0 0 0 0 0 0 0 0 0
2556 313030 s = 2 47 37 17 27 6 77 3 222 -7 -12345
2556 313030 z = 2 0 0 0 0 0 0 0 0 0 0
2556 313233 s = 2 47 37 17 27 6 77 3 222 -7 -12345
2556 313233 z = 2 0 0 0 0 0 0 0 0 0 0
2556 333636 s = 2 47 37 17 27 6 77 3 222 -7 -12345
2556 333636 z = 2 0 0 0 0 0 0 0 0 0 0
2556 333637 s = 2 47 37 17 27 6 77 3 222 -7 -12345
2556 333637 z = 2 0 0 0 0 0 0 0 0 0 0
2556 31393639 s = 2 47 37 17 27 6 77 3 222 -7 -12345
2556 31393639 z = 2 0 0 0 0 0 0 0 0 0 0
2556 32303236 s = 2 47 37 17 27 6 77 3 222 -7 -12345
2556 32303236 z = 2 0 0 0 0 0 0 0 0 0 0
2556 39393939 s = 1 47 37 17 27 6 77 3 222 -7 -12345
2556 39393939 z = 1 0 0 0 0 0 0 0 0 0 0
2556 3130303030 s = 2 47 37 17 27 6 77 3 222 -7 -12345
2556 3130303030 z = 2 0 0 0 0 0 0 0 0 0 0
2556 3132333435 s = 2 47 37 17 27 6 77 3 222 -7 -12345
2556 3132333435 z = 2 0 0 0 0 0 0 0 0 0 0
2556 2035 s = 2 47 37 17 27 6 77 3 222 -7 -12345
2556 2035 z = 2 0 0 0 0 0 0 0 0 0 0
2556 2020313778 s = 4 47 37 17 27 6 77 3 222 -7 -12345
2556 2020313778 z = 4 0 0 0 0 0 0 0 0 0 0
2556 0938 s = 2 47 37 17 27 6 77 3 222 -7 -12345
2556 0938 z = 2 0 0 0 0 0 0 0 0 0 0
2556 0a39 s = 2 47 37 17 27 6 77 3 222 -7 -12345
2556 0a39 z = 2 0 0 0 0 0 0 0 0 0 0
2556 0b33 s = 2 47 37 17 27 6 77 3 222 -7 -12345
2556 0b33 z = 2 0 0 0 0 0 0 0 0 0 0
2556 2d31 s = -1 47 37 17 27 6 77 3 222 -7 -12345
2556 2d31 z = -1 0 0 0 0 0 0 0 0 0 0
2556 2b31 s = -1 47 37 17 27 6 77 3 222 -7 -12345
2556 2b31 z = -1 0 0 0 0 0 0 0 0 0 0
2556 4d6f6e s = -1 47 37 17 27 6 77 3 222 -7 -12345
2556 4d6f6e z = -1 0 0 0 0 0 0 0 0 0 0
2556 6d6f6e646179 s = -1 47 37 17 27 6 77 3 222 -7 -12345
2556 6d6f6e646179 z = -1 0 0 0 0 0 0 0 0 0 0
2556 54554553444159 s = -1 47 37 17 27 6 77 3 222 -7 -12345
2556 54554553444159 z = -1 0 0 0 0 0 0 0 0 0 0
2556 776564 s = -1 47 37 17 27 6 77 3 222 -7 -12345
2556 776564 z = -1 0 0 0 0 0 0 0 0 0 0
2556 5468757273 s = -1 47 37 17 27 6 77 3 222 -7 -12345
2556 5468757273 z = -1 0 0 0 0 0 0 0 0 0 0
2556 536570 s = -1 47 37 17 27 6 77 3 222 -7 -12345
2556 536570 z = -1 0 0 0 0 0 0 0 0 0 0
2556 73657074656d626572 s = -1 47 37 17 27 6 77 3 222 -7 -12345
2556 73657074656d626572 z = -1 0 0 0 0 0 0 0 0 0 0
2556 53657074 s = -1 47 37 17 27 6 77 3 222 -7 -12345
2556 53657074 z = -1 0 0 0 0 0 0 0 0 0 0
2556 4d4159 s = -1 47 37 17 27 6 77 3 222 -7 -12345
2556 4d4159 z = -1 0 0 0 0 0 0 0 0 0 0
2556 414d s = -1 47 37 17 27 6 77 3 222 -7 -12345
2556 414d z = -1 0 0 0 0 0 0 0 0 0 0
2556 706d s = -1 47 37 17 27 6 77 3 222 -7 -12345
2556 706d z = -1 0 0 0 0 0 0 0 0 0 0
2556 612e6d2e s = -1 47 37 17 27 6 77 3 222 -7 -12345
2556 612e6d2e z = -1 0 0 0 0 0 0 0 0 0 0
2556 50 s = -1 47 37 17 27 6 77 3 222 -7 -12345
2556 50 z = -1 0 0 0 0 0 0 0 0 0 0
2556 5a s = -1 47 37 17 27 6 77 3 222 -7 -12345
2556 5a z = -1 0 0 0 0 0 0 0 0 0 0
2556 2b3035 s = -1 47 37 17 27 6 77 3 222 -7 -12345
2556 2b3035 z = -1 0 0 0 0 0 0 0 0 0 0
2556 2d30383030 s = -1 47 37 17 27 6 77 3 222 -7 -12345
2556 2d30383030 z = -1 0 0 0 0 0 0 0 0 0 0
2556 2b30353a3330 s = -1 47 37 17 27 6 77 3 222 -7 -12345
2556 2b30353a3330 z = -1 0 0 0 0 0 0 0 0 0 0
2556 2b30353630 s = -1 47 37 17 27 6 77 3 222 -7 -12345
2556 2b30353630 z = -1 0 0 0 0 0 0 0 0 0 0
2556 2b35 s = -1 47 37 17 27 6 77 3 222 -7 -12345
2556 2b35 z = -1 0 0 0 0 0 0 0 0 0 0
2556 2b313233 s = -1 47 37 17 27 6 77 3 222 -7 -12345
2556 2b313233 z = -1 0 0 0 0 0 0 0 0 0 0
2556 2d31323a33 s = -1 47 37 17 27 6 77 3 222 -7 -12345
2556 2d31323a33 z = -1 0 0 0 0 0 0 0 0 0 0
2556 555443 s = -1 47 37 17 27 6 77 3 222 -7 -12345
2556 555443 z = -1 0 0 0 0 0 0 0 0 0 0
2556 455354354544542078 s = -1 47 37 17 27 6 77 3 222 -7 -12345
2556 455354354544542078 z = -1 0 0 0 0 0 0 0 0 0 0
2556 25 s = -1 47 37 17 27 6 77 3 222 -7 -12345
2556 25 z = -1 0 0 0 0 0 0 0 0 0 0
2556 2578 s = -1 47 37 17 27 6 77 3 222 -7 -12345
2556 2578 z = -1 0 0 0 0 0 0 0 0 0 0
2556 78 s = -1 47 37 17 27 6 77 3 222 -7 -12345
2556 78 z = -1 0 0 0 0 0 0 0 0 0 0
2556 31373237353139373030 s = 2 47 37 17 27 6 77 3 222 -7 -12345
2556 31373237353139373030 z = 2 0 0 0 0 0 0 0 0 0 0
2556 2d35 s = -1 47 37 17 27 6 77 3 222 -7 -12345
2556 2d35 z = -1 0 0 0 0 0 0 0 0 0 0
2556 3939393939393939393939393939393939393939 s = 1 47 37 17 27 6 77 3 222 -7 -12345
2556 3939393939393939393939393939393939393939 z = 1 0 0 0 0 0 0 0 0 0 0
2556 31323a33343a3536 s = 2 47 37 17 27 6 77 3 222 -7 -12345
2556 31323a33343a3536 z = 2 0 0 0 0 0 0 0 0 0 0
2556 323032362d30392d3238 s = 2 47 37 17 27 6 77 3 222 -7 -12345
2556 323032362d30392d3238 z = 2 0 0 0 0 0 0 0 0 0 0
2556 30392f32382f3236 s = 2 47 37 17 27 6 77 3 222 -7 -12345
2556 30392f32382f3236 z = 2 0 0 0 0 0 0 0 0 0 0
2556 4d6f6e205365702032382031303a33353a30302032303236 s = -1 47 37 17 27 6 77 3 222 -7 -12345
2556 4d6f6e205365702032382031303a33353a30302032303236 z = -1 0 0 0 0 0 0 0 0 0 0
2556 31303a33353a303020504d s = 2 47 37 17 27 6 77 3 222 -7 -12345
2556 31303a33353a303020504d z = 2 0 0 0 0 0 0 0 0 0 0
2556 204d6f6e s = -1 47 37 17 27 6 77 3 222 -7 -12345
2556 204d6f6e z = -1 0 0 0 0 0 0 0 0 0 0
2556 09536570 s = -1 47 37 17 27 6 77 3 222 -7 -12345
2556 09536570 z = -1 0 0 0 0 0 0 0 0 0 0
2556 20706d s = -1 47 37 17 27 6 77 3 222 -7 -12345
2556 20706d z = -1 0 0 0 0 0 0 0 0 0 0
2556 205a s = -1 47 37 17 27 6 77 3 222 -7 -12345
2556 205a z = -1 0 0 0 0 0 0 0 0 0 0
2556 202b30353330 s = -1 47 37 17 27 6 77 3 222 -7 -12345
2556 202b30353330 z = -1 0 0 0 0 0 0 0 0 0 0
2556 20555443 s = -1 47 37 17 27 6 77 3 222 -7 -12345
2556 20555443 z = -1 0 0 0 0 0 0 0 0 0 0
2556 53756e64617973 s = -1 47 37 17 27 6 77 3 222 -7 -12345
2556 53756e64617973 z = -1 0 0 0 0 0 0 0 0 0 0
2556 4d6179646179 s = -1 47 37 17 27 6 77 3 222 -7 -12345
2556 4d6179646179 z = -1 0 0 0 0 0 0 0 0 0 0
2556 5361742e s = -1 47 37 17 27 6 77 3 222 -7 -12345
2556 5361742e z = -1 0 0 0 0 0 0 0 0 0 0
2556 444543 s = -1 47 37 17 27 6 77 3 222 -7 -12345
2556 444543 z = -1 0 0 0 0 0 0 0 0 0 0
2556 446563656d6265 s = -1 47 37 17 27 6 77 3 222 -7 -12345
2556 446563656d6265 z = -1 0 0 0 0 0 0 0 0 0 0
2577 - s = -1 47 37 17 27 6 77 3 222 -7 -12345
2577 - z = -1 0 0 0 0 0 0 0 0 0 0
2577 20 s = -1 47 37 17 27 6 77 3 222 -7 -12345
2577 20 z = -1 0 0 0 0 0 0 0 0 0 0
2577 30 s = 1 47 37 17 27 6 77 0 222 -7 -12345
2577 30 z = 1 0 0 0 0 0 0 0 0 0 0
2577 3030 s = 1 47 37 17 27 6 77 0 222 -7 -12345
2577 3030 z = 1 0 0 0 0 0 0 0 0 0 0
2577 303030 s = 1 47 37 17 27 6 77 0 222 -7 -12345
2577 303030 z = 1 0 0 0 0 0 0 0 0 0 0
2577 31 s = 1 47 37 17 27 6 77 1 222 -7 -12345
2577 31 z = 1 0 0 0 0 0 0 1 0 0 0
2577 3031 s = 1 47 37 17 27 6 77 0 222 -7 -12345
2577 3031 z = 1 0 0 0 0 0 0 0 0 0 0
2577 303031 s = 1 47 37 17 27 6 77 0 222 -7 -12345
2577 303031 z = 1 0 0 0 0 0 0 0 0 0 0
2577 37 s = -1 47 37 17 27 6 77 3 222 -7 -12345
2577 37 z = -1 0 0 0 0 0 0 0 0 0 0
2577 39 s = -1 47 37 17 27 6 77 3 222 -7 -12345
2577 39 z = -1 0 0 0 0 0 0 0 0 0 0
2577 3132 s = 1 47 37 17 27 6 77 1 222 -7 -12345
2577 3132 z = 1 0 0 0 0 0 0 1 0 0 0
2577 3133 s = 1 47 37 17 27 6 77 1 222 -7 -12345
2577 3133 z = 1 0 0 0 0 0 0 1 0 0 0
2577 3233 s = 1 47 37 17 27 6 77 2 222 -7 -12345
2577 3233 z = 1 0 0 0 0 0 0 2 0 0 0
2577 3234 s = 1 47 37 17 27 6 77 2 222 -7 -12345
2577 3234 z = 1 0 0 0 0 0 0 2 0 0 0
2577 3331 s = 1 47 37 17 27 6 77 3 222 -7 -12345
2577 3331 z = 1 0 0 0 0 0 0 3 0 0 0
2577 3332 s = 1 47 37 17 27 6 77 3 222 -7 -12345
2577 3332 z = 1 0 0 0 0 0 0 3 0 0 0
2577 3533 s = 1 47 37 17 27 6 77 5 222 -7 -12345
2577 3533 z = 1 0 0 0 0 0 0 5 0 0 0
2577 3534 s = 1 47 37 17 27 6 77 5 222 -7 -12345
2577 3534 z = 1 0 0 0 0 0 0 5 0 0 0
2577 3539 s = 1 47 37 17 27 6 77 5 222 -7 -12345
2577 3539 z = 1 0 0 0 0 0 0 5 0 0 0
2577 3630 s = 1 47 37 17 27 6 77 6 222 -7 -12345
2577 3630 z = 1 0 0 0 0 0 0 6 0 0 0
2577 3631 s = 1 47 37 17 27 6 77 6 222 -7 -12345
2577 3631 z = 1 0 0 0 0 0 0 6 0 0 0
2577 3632 s = 1 47 37 17 27 6 77 6 222 -7 -12345
2577 3632 z = 1 0 0 0 0 0 0 6 0 0 0
2577 3639 s = 1 47 37 17 27 6 77 6 222 -7 -12345
2577 3639 z = 1 0 0 0 0 0 0 6 0 0 0
2577 3939 s = -1 47 37 17 27 6 77 3 222 -7 -12345
2577 3939 z = -1 0 0 0 0 0 0 0 0 0 0
2577 313030 s = 1 47 37 17 27 6 77 1 222 -7 -12345
2577 313030 z = 1 0 0 0 0 0 0 1 0 0 0
2577 313233 s = 1 47 37 17 27 6 77 1 222 -7 -12345
2577 313233 z = 1 0 0 0 0 0 0 1 0 0 0
2577 333636 s = 1 47 37 17 27 6 77 3 222 -7 -12345
2577 333636 z = 1 0 0 0 0 0 0 3 0 0 0
2577 333637 s = 1 47 37 17 27 6 77 3 222 -7 -12345
2577 333637 z = 1 0 0 0 0 0 0 3 0 0 0
2577 31393639 s = 1 47 37 17 27 6 77 1 222 -7 -12345
2577 31393639 z = 1 0 0 0 0 0 0 1 0 0 0
2577 32303236 s = 1 47 37 17 27 6 77 2 222 -7 -12345
2577 32303236 z = 1 0 0 0 0 0 0 2 0 0 0
2577 39393939 s = -1 47 37 17 27 6 77 3 222 -7 -12345
2577 39393939 z = -1 0 0 0 0 0 0 0 0 0 0
2577 3130303030 s = 1 47 37 17 27 6 77 1 222 -7 -12345
2577 3130303030 z = 1 0 0 0 0 0 0 1 0 0 0
2577 3132333435 s = 1 47 37 17 27 6 77 1 222 -7 -12345
2577 3132333435 z = 1 0 0 0 0 0 0 1 0 0 0
2577 2035 s = 2 47 37 17 27 6 77 5 222 -7 -12345
2577 2035 z = 2 0 0 0 0 0 0 5 0 0 0
2577 2020313778 s = 3 47 37 17 27 6 77 1 222 -7 -12345
2577 2020313778 z = 3 0 0 0 0 0 0 1 0 0 0
2577 0938 s = -1 47 37 17 27 6 77 3 222 -7 -12345
2577 0938 z = -1 0 0 0 0 0 0 0 0 0 0
2577 0a39 s = -1 47 37 17 27 6 77 3 222 -7 -12345
2577 0a39 z = -1 0 0 0 0 0 0 0 0 0 0
2577 0b33 s = 2 47 37 17 27 6 77 3 222 -7 -12345
2577 0b33 z = 2 0 0 0 0 0 0 3 0 0 0
2577 2d31 s = -1 47 37 17 27 6 77 3 222 -7 -12345
2577 2d31 z = -1 0 0 0 0 0 0 0 0 0 0
2577 2b31 s = -1 47 37 17 27 6 77 3 222 -7 -12345
2577 2b31 z = -1 0 0 0 0 0 0 0 0 0 0
2577 4d6f6e s = -1 47 37 17 27 6 77 3 222 -7 -12345
2577 4d6f6e z = -1 0 0 0 0 0 0 0 0 0 0
2577 6d6f6e646179 s = -1 47 37 17 27 6 77 3 222 -7 -12345
2577 6d6f6e646179 z = -1 0 0 0 0 0 0 0 0 0 0
2577 54554553444159 s = -1 47 37 17 27 6 77 3 222 -7 -12345
2577 54554553444159 z = -1 0 0 0 0 0 0 0 0 0 0
2577 776564 s = -1 47 37 17 27 6 77 3 222 -7 -12345
2577 776564 z = -1 0 0 0 0 0 0 0 0 0 0
2577 5468757273 s = -1 47 37 17 27 6 77 3 222 -7 -12345
2577 5468757273 z = -1 0 0 0 0 0 0 0 0 0 0
2577 536570 s = -1 47 37 17 27 6 77 3 222 -7 -12345
2577 536570 z = -1 0 0 0 0 0 0 0 0 0 0
2577 73657074656d626572 s = -1 47 37 17 27 6 77 3 222 -7 -12345
2577 73657074656d626572 z = -1 0 0 0 0 0 0 0 0 0 0
2577 53657074 s = -1 47 37 17 27 6 77 3 222 -7 -12345
2577 53657074 z = -1 0 0 0 0 0 0 0 0 0 0
2577 4d4159 s = -1 47 37 17 27 6 77 3 222 -7 -12345
2577 4d4159 z = -1 0 0 0 0 0 0 0 0 0 0
2577 414d s = -1 47 37 17 27 6 77 3 222 -7 -12345
2577 414d z = -1 0 0 0 0 0 0 0 0 0 0
2577 706d s = -1 47 37 17 27 6 77 3 222 -7 -12345
2577 706d z = -1 0 0 0 0 0 0 0 0 0 0
2577 612e6d2e s = -1 47 37 17 27 6 77 3 222 -7 -12345
2577 612e6d2e z = -1 0 0 0 0 0 0 0 0 0 0
2577 50 s = -1 47 37 17 27 6 77 3 222 -7 -12345
2577 50 z = -1 0 0 0 0 0 0 0 0 0 0
2577 5a s = -1 47 37 17 27 6 77 3 222 -7 -12345
2577 5a z = -1 0 0 0 0 0 0 0 0 0 0
2577 2b3035 s = -1 47 37 17 27 6 77 3 222 -7 -12345
2577 2b3035 z = -1 0 0 0 0 0 0 0 0 0 0
2577 2d30383030 s = -1 47 37 17 27 6 77 3 222 -7 -12345
2577 2d30383030 z = -1 0 0 0 0 0 0 0 0 0 0
2577 2b30353a3330 s = -1 47 37 17 27 6 77 3 222 -7 -12345
2577 2b30353a3330 z = -1 0 0 0 0 0 0 0 0 0 0
2577 2b30353630 s = -1 47 37 17 27 6 77 3 222 -7 -12345
2577 2b30353630 z = -1 0 0 0 0 0 0 0 0 0 0
2577 2b35 s = -1 47 37 17 27 6 77 3 222 -7 -12345
2577 2b35 z = -1 0 0 0 0 0 0 0 0 0 0
2577 2b313233 s = -1 47 37 17 27 6 77 3 222 -7 -12345
2577 2b313233 z = -1 0 0 0 0 0 0 0 0 0 0
2577 2d31323a33 s = -1 47 37 17 27 6 77 3 222 -7 -12345
2577 2d31323a33 z = -1 0 0 0 0 0 0 0 0 0 0
2577 555443 s = -1 47 37 17 27 6 77 3 222 -7 -12345
2577 555443 z = -1 0 0 0 0 0 0 0 0 0 0
2577 455354354544542078 s = -1 47 37 17 27 6 77 3 222 -7 -12345
2577 455354354544542078 z = -1 0 0 0 0 0 0 0 0 0 0
2577 25 s = -1 47 37 17 27 6 77 3 222 -7 -12345
2577 25 z = -1 0 0 0 0 0 0 0 0 0 0
2577 2578 s = -1 47 37 17 27 6 77 3 222 -7 -12345
2577 2578 z = -1 0 0 0 0 0 0 0 0 0 0
2577 78 s = -1 47 37 17 27 6 77 3 222 -7 -12345
2577 78 z = -1 0 0 0 0 0 0 0 0 0 0
2577 31373237353139373030 s = 1 47 37 17 27 6 77 1 222 -7 -12345
2577 31373237353139373030 z = 1 0 0 0 0 0 0 1 0 0 0
2577 2d35 s = -1 47 37 17 27 6 77 3 222 -7 -12345
2577 2d35 z = -1 0 0 0 0 0 0 0 0 0 0
2577 3939393939393939393939393939393939393939 s = -1 47 37 17 27 6 77 3 222 -7 -12345
2577 3939393939393939393939393939393939393939 z = -1 0 0 0 0 0 0 0 0 0 0
2577 31323a33343a3536 s = 1 47 37 17 27 6 77 1 222 -7 -12345
2577 31323a33343a3536 z = 1 0 0 0 0 0 0 1 0 0 0
2577 323032362d30392d3238 s = 1 47 37 17 27 6 77 2 222 -7 -12345
2577 323032362d30392d3238 z = 1 0 0 0 0 0 0 2 0 0 0
2577 30392f32382f3236 s = 1 47 37 17 27 6 77 0 222 -7 -12345
2577 30392f32382f3236 z = 1 0 0 0 0 0 0 0 0 0 0
2577 4d6f6e205365702032382031303a33353a30302032303236 s = -1 47 37 17 27 6 77 3 222 -7 -12345
2577 4d6f6e205365702032382031303a33353a30302032303236 z = -1 0 0 0 0 0 0 0 0 0 0
2577 31303a33353a303020504d s = 1 47 37 17 27 6 77 1 222 -7 -12345
2577 31303a33353a303020504d z = 1 0 0 0 0 0 0 1 0 0 0
2577 204d6f6e s = -1 47 37 17 27 6 77 3 222 -7 -12345
2577 204d6f6e z = -1 0 0 0 0 0 0 0 0 0 0
2577 09536570 s = -1 47 37 17 27 6 77 3 222 -7 -12345
2577 09536570 z = -1 0 0 0 0 0 0 0 0 0 0
2577 20706d s = -1 47 37 17 27 6 77 3 222 -7 -12345
2577 20706d z = -1 0 0 0 0 0 0 0 0 0 0
2577 205a s = -1 47 37 17 27 6 77 3 222 -7 -12345
2577 205a z = -1 0 0 0 0 0 0 0 0 0 0
2577 202b30353330 s = -1 47 37 17 27 6 77 3 222 -7 -12345
2577 202b30353330 z = -1 0 0 0 0 0 0 0 0 0 0
2577 20555443 s = -1 47 37 17 27 6 77 3 222 -7 -12345
2577 20555443 z = -1 0 0 0 0 0 0 0 0 0 0
2577 53756e64617973 s = -1 47 37 17 27 6 77 3 222 -7 -12345
2577 53756e64617973 z = -1 0 0 0 0 0 0 0 0 0 0
2577 4d6179646179 s = -1 47 37 17 27 6 77 3 222 -7 -12345
2577 4d6179646179 z = -1 0 0 0 0 0 0 0 0 0 0
2577 5361742e s = -1 47 37 17 27 6 77 3 222 -7 -12345
2577 5361742e z = -1 0 0 0 0 0 0 0 0 0 0
2577 444543 s = -1 47 37 17 27 6 77 3 222 -7 -12345
2577 444543 z = -1 0 0 0 0 0 0 0 0 0 0
2577 446563656d6265 s = -1 47 37 17 27 6 77 3 222 -7 -12345
2577 446563656d6265 z = -1 0 0 0 0 0 0 0 0 0 0
2557 - s = -1 47 37 17 27 6 77 3 222 -7 -12345
2557 - z = -1 0 0 0 0 0 0 0 0 0 0
2557 20 s = -1 47 37 17 27 6 77 3 222 -7 -12345
2557 20 z = -1 0 0 0 0 0 0 0 0 0 0
2557 30 s = 1 47 37 17 27 6 77 3 222 -7 -12345
2557 30 z = 1 0 0 0 0 0 0 0 0 0 0
2557 3030 s = 2 47 37 17 27 6 77 3 222 -7 -12345
2557 3030 z = 2 0 0 0 0 0 0 0 0 0 0
2557 303030 s = 2 47 37 17 27 6 77 3 222 -7 -12345
2557 303030 z = 2 0 0 0 0 0 0 0 0 0 0
2557 31 s = 1 47 37 17 27 6 77 3 222 -7 -12345
2557 31 z = 1 0 0 0 0 0 0 0 0 0 0
2557 3031 s = 2 47 37 17 27 6 77 3 222 -7 -12345
2557 3031 z = 2 0 0 0 0 0 0 0 0 0 0
2557 303031 s = 2 47 37 17 27 6 77 3 222 -7 -12345
2557 303031 z = 2 0 0 0 0 0 0 0 0 0 0
2557 37 s = 1 47 37 17 27 6 77 3 222 -7 -12345
2557 37 z = 1 0 0 0 0 0 0 0 0 0 0
2557 39 s = 1 47 37 17 27 6 77 3 222 -7 -12345
2557 39 z = 1 0 0 0 0 0 0 0 0 0 0
2557 3132 s = 2 47 37 17 27 6 77 3 222 -7 -12345
2557 3132 z = 2 0 0 0 0 0 0 0 0 0 0
2557 3133 s = 2 47 37 17 27 6 77 3 222 -7 -12345
2557 3133 z = 2 0 0 0 0 0 0 0 0 0 0
2557 3233 s = 2 47 37 17 27 6 77 3 222 -7 -12345
2557 3233 z = 2 0 0 0 0 0 0 0 0 0 0
2557 3234 s = 2 47 37 17 27 6 77 3 222 -7 -12345
2557 3234 z = 2 0 0 0 0 0 0 0 0 0 0
2557 3331 s = 2 47 37 17 27 6 77 3 222 -7 -12345
2557 3331 z = 2 0 0 0 0 0 0 0 0 0 0
2557 3332 s = 2 47 37 17 27 6 77 3 222 -7 -12345
2557 3332 z = 2 0 0 0 0 0 0 0 0 0 0
2557 3533 s = 2 47 37 17 27 6 77 3 222 -7 -12345
2557 3533 z = 2 0 0 0 0 0 0 0 0 0 0
2557 3534 s = -1 47 37 17 27 6 77 3 222 -7 -12345
2557 3534 z = -1 0 0 0 0 0 0 0 0 0 0
2557 3539 s = -1 47 37 17 27 6 77 3 222 -7 -12345
2557 3539 z = -1 0 0 0 0 0 0 0 0 0 0
2557 3630 s = 1 47 37 17 27 6 77 3 222 -7 -12345
2557 3630 z = 1 0 0 0 0 0 0 0 0 0 0
2557 3631 s = 1 47 37 17 27 6 77 3 222 -7 -12345
2557 3631 z = 1 0 0 0 0 0 0 0 0 0 0
2557 3632 s = 1 47 37 17 27 6 77 3 222 -7 -12345
2557 3632 z = 1 0 0 0 0 0 0 0 0 0 0
2557 3639 s = 1 47 37 17 27 6 77 3 222 -7 -12345
2557 3639 z = 1 0 0 0 0 0 0 0 0 0 0
2557 3939 s = 1 47 37 17 27 6 77 3 222 -7 -12345
2557 3939 z = 1 0 0 0 0 0 0 0 0 0 0
2557 313030 s = 2 47 37 17 27 6 77 3 222 -7 -12345
2557 313030 z = 2 0 0 0 0 0 0 0 0 0 0
2557 313233 s = 2 47 37 17 27 6 77 3 222 -7 -12345
2557 313233 z = 2 0 0 0 0 0 0 0 0 0 0
2557 333636 s = 2 47 37 17 27 6 77 3 222 -7 -12345
2557 333636 z = 2 0 0 0 0 0 0 0 0 0 0
2557 333637 s = 2 47 37 17 27 6 77 3 222 -7 -12345
2557 333637 z = 2 0 0 0 0 0 0 0 0 0 0
2557 31393639 s = 2 47 37 17 27 6 77 3 222 -7 -12345
2557 31393639 z = 2 0 0 0 0 0 0 0 0 0 0
2557 32303236 s = 2 47 37 17 27 6 77 3 222 -7 -12345
2557 32303236 z = 2 0 0 0 0 0 0 0 0 0 0
2557 39393939 s = 1 47 37 17 27 6 77 3 222 -7 -12345
2557 39393939 z = 1 0 0 0 0 0 0 0 0 0 0
2557 3130303030 s = 2 47 37 17 27 6 77 3 222 -7 -12345
2557 3130303030 z = 2 0 0 0 0 0 0 0 0 0 0
2557 3132333435 s = 2 47 37 17 27 6 77 3 222 -7 -12345
2557 3132333435 z = 2 0 0 0 0 0 0 0 0 0 0
2557 2035 s = 2 47 37 17 27 6 77 3 222 -7 -12345
2557 2035 z = 2 0 0 0 0 0 0 0 0 0 0
2557 2020313778 s = 4 47 37 17 27 6 77 3 222 -7 -12345
2557 2020313778 z = 4 0 0 0 0 0 0 0 0 0 0
2557 0938 s = 2 47 37 17 27 6 77 3 222 -7 -12345
2557 0938 z = 2 0 0 0 0 0 0 0 0 0 0
2557 0a39 s = 2 47 37 17 27 6 77 3 222 -7 -12345
2557 0a39 z = 2 0 0 0 0 0 0 0 0 0 0
2557 0b33 s = 2 47 37 17 27 6 77 3 222 -7 -12345
2557 0b33 z = 2 0 0 0 0 0 0 0 0 0 0
2557 2d31 s = -1 47 37 17 27 6 77 3 222 -7 -12345
2557 2d31 z = -1 0 0 0 0 0 0 0 0 0 0
2557 2b31 s = -1 47 37 17 27 6 77 3 222 -7 -12345
2557 2b31 z = -1 0 0 0 0 0 0 0 0 0 0
2557 4d6f6e s = -1 47 37 17 27 6 77 3 222 -7 -12345
2557 4d6f6e z = -1 0 0 0 0 0 0 0 0 0 0
2557 6d6f6e646179 s = -1 47 37 17 27 6 77 3 222 -7 -12345
2557 6d6f6e646179 z = -1 0 0 0 0 0 0 0 0 0 0
2557 54554553444159 s = -1 47 37 17 27 6 77 3 222 -7 -12345
2557 54554553444159 z = -1 0 0 0 0 0 0 0 0 0 0
2557 776564 s = -1 47 37 17 27 6 77 3 222 -7 -12345
2557 776564 z = -1 0 0 0 0 0 0 0 0 0 0
2557 5468757273 s = -1 47 37 17 27 6 77 3 222 -7 -12345
2557 5468757273 z = -1 0 0 0 0 0 0 0 0 0 0
2557 536570 s = -1 47 37 17 27 6 77 3 222 -7 -12345
2557 536570 z = -1 0 0 0 0 0 0 0 0 0 0
2557 73657074656d626572 s = -1 47 37 17 27 6 77 3 222 -7 -12345
2557 73657074656d626572 z = -1 0 0 0 0 0 0 0 0 0 0
2557 53657074 s = -1 47 37 17 27 6 77 3 222 -7 -12345
2557 53657074 z = -1 0 0 0 0 0 0 0 0 0 0
2557 4d4159 s = -1 47 37 17 27 6 77 3 222 -7 -12345
2557 4d4159 z = -1 0 0 0 0 0 0 0 0 0 0
2557 414d s = -1 47 37 17 27 6 77 3 222 -7 -12345
2557 414d z = -1 0 0 0 0 0 0 0 0 0 0
2557 706d s = -1 47 37 17 27 6 77 3 222 -7 -12345
2557 706d z = -1 0 0 0 0 0 0 0 0 0 0
2557 612e6d2e s = -1 47 37 17 27 6 77 3 222 -7 -12345
2557 612e6d2e z = -1 0 0 0 0 0 0 0 0 0 0
2557 50 s = -1 47 37 17 27 6 77 3 222 -7 -12345
2557 50 z = -1 0 0 0 0 0 0 0 0 0 0
2557 5a s = -1 47 37 17 27 6 77 3 222 -7 -12345
2557 5a z = -1 0 0 0 0 0 0 0 0 0 0
2557 2b3035 s = -1 47 37 17 27 6 77 3 222 -7 -12345
2557 2b3035 z = -1 0 0 0 0 0 0 0 0 0 0
2557 2d30383030 s = -1 47 37 17 27 6 77 3 222 -7 -12345
2557 2d30383030 z = -1 0 0 0 0 0 0 0 0 0 0
2557 2b30353a3330 s = -1 47 37 17 27 6 77 3 222 -7 -12345
2557 2b30353a3330 z = -1 0 0 0 0 0 0 0 0 0 0
2557 2b30353630 s = -1 47 37 17 27 6 77 3 222 -7 -12345
2557 2b30353630 z = -1 0 0 0 0 0 0 0 0 0 0
2557 2b35 s = -1 47 37 17 27 6 77 3 222 -7 -12345
2557 2b35 z = -1 0 0 0 0 0 0 0 0 0 0
2557 2b313233 s = -1 47 37 17 27 6 77 3 222 -7 -12345
2557 2b313233 z = -1 0 0 0 0 0 0 0 0 0 0
2557 2d31323a33 s = -1 47 37 17 27 6 77 3 222 -7 -12345
2557 2d31323a33 z = -1 0 0 0 0 0 0 0 0 0 0
2557 555443 s = -1 47 37 17 27 6 77 3 222 -7 -12345
2557 555443 z = -1 0 0 0 0 0 0 0 0 0 0
2557 455354354544542078 s = -1 47 37 17 27 6 77 3 222 -7 -12345
2557 455354354544542078 z = -1 0 0 0 0 0 0 0 0 0 0
2557 25 s = -1 47 37 17 27 6 77 3 222 -7 -12345
2557 25 z = -1 0 0 0 0 0 0 0 0 0 0
2557 2578 s = -1 47 37 17 27 6 77 3 222 -7 -12345
2557 2578 z = -1 0 0 0 0 0 0 0 0 0 0
2557 78 s = -1 47 37 17 27 6 77 3 222 -7 -12345
2557 78 z = -1 0 0 0 0 0 0 0 0 0 0
2557 31373237353139373030 s = 2 47 37 17 27 6 77 3 222 -7 -12345
2557 31373237353139373030 z = 2 0 0 0 0 0 0 0 0 0 0
2557 2d35 s = -1 47 37 17 27 6 77 3 222 -7 -12345
2557 2d35 z = -1 0 0 0 0 0 0 0 0 0 0
2557 3939393939393939393939393939393939393939 s = 1 47 37 17 27 6 77 3 222 -7 -12345
2557 3939393939393939393939393939393939393939 z = 1 0 0 0 0 0 0 0 0 0 0
2557 31323a33343a3536 s = 2 47 37 17 27 6 77 3 222 -7 -12345
2557 31323a33343a3536 z = 2 0 0 0 0 0 0 0 0 0 0
2557 323032362d30392d3238 s = 2 47 37 17 27 6 77 3 222 -7 -12345
2557 323032362d30392d3238 z = 2 0 0 0 0 0 0 0 0 0 0
2557 30392f32382f3236 s = 2 47 37 17 27 6 77 3 222 -7 -12345
2557 30392f32382f3236 z = 2 0 0 0 0 0 0 0 0 0 0
2557 4d6f6e205365702032382031303a33353a30302032303236 s = -1 47 37 17 27 6 77 3 222 -7 -12345
2557 4d6f6e205365702032382031303a33353a30302032303236 z = -1 0 0 0 0 0 0 0 0 0 0
2557 31303a33353a303020504d s = 2 47 37 17 27 6 77 3 222 -7 -12345
2557 31303a33353a303020504d z = 2 0 0 0 0 0 0 0 0 0 0
2557 204d6f6e s = -1 47 37 17 27 6 77 3 222 -7 -12345
2557 204d6f6e z = -1 0 0 0 0 0 0 0 0 0 0
2557 09536570 s = -1 47 37 17 27 6 77 3 222 -7 -12345
2557 09536570 z = -1 0 0 0 0 0 0 0 0 0 0
2557 20706d s = -1 47 37 17 27 6 77 3 222 -7 -12345
2557 20706d z = -1 0 0 0 0 0 0 0 0 0 0
2557 205a s = -1 47 37 17 27 6 77 3 222 -7 -12345
2557 205a z = -1 0 0 0 0 0 0 0 0 0 0
2557 202b30353330 s = -1 47 37 17 27 6 77 3 222 -7 -12345
2557 202b30353330 z = -1 0 0 0 0 0 0 0 0 0 0
2557 20555443 s = -1 47 37 17 27 6 77 3 222 -7 -12345
2557 20555443 z = -1 0 0 0 0 0 0 0 0 0 0
2557 53756e64617973 s = -1 47 37 17 27 6 77 3 222 -7 -12345
2557 53756e64617973 z = -1 0 0 0 0 0 0 0 0 0 0
2557 4d6179646179 s = -1 47 37 17 27 6 77 3 222 -7 -12345
2557 4d6179646179 z = -1 0 0 0 0 0 0 0 0 0 0
2557 5361742e s = -1 47 37 17 27 6 77 3 222 -7 -12345
2557 5361742e z = -1 0 0 0 0 0 0 0 0 0 0
2557 444543 s = -1 47 37 17 27 6 77 3 222 -7 -12345
2557 444543 z = -1 0 0 0 0 0 0 0 0 0 0
2557 446563656d6265 s = -1 47 37 17 27 6 77 3 222 -7 -12345
2557 446563656d6265 z = -1 0 0 0 0 0 0 0 0 0 0
2578 - s = -1 47 37 17 27 6 77 3 222 -7 -12345
2578 - z = -1 0 0 0 0 0 0 0 0 0 0
2578 20 s = -1 47 37 17 27 6 77 3 222 -7 -12345
2578 20 z = -1 0 0 0 0 0 0 0 0 0 0
2578 30 s = -1 47 37 17 27 6 77 3 222 -7 -12345
2578 30 z = -1 0 0 0 0 0 0 0 0 0 0
2578 3030 s = -1 47 37 17 27 6 77 3 222 -7 -12345
2578 3030 z = -1 0 0 0 0 0 0 0 0 0 0
2578 303030 s = -1 47 37 17 27 6 77 3 222 -7 -12345
2578 303030 z = -1 0 0 0 0 0 0 0 0 0 0
2578 31 s = -1 47 37 17 27 6 77 3 222 -7 -12345
2578 31 z = -1 0 0 0 0 0 0 0 0 0 0
2578 3031 s = -1 47 37 17 27 6 77 3 222 -7 -12345
2578 3031 z = -1 0 0 0 0 0 0 0 0 0 0
2578 303031 s = -1 47 37 17 27 6 77 3 222 -7 -12345
2578 303031 z = -1 0 0 0 0 0 0 0 0 0 0
2578 37 s = -1 47 37 17 27 6 77 3 222 -7 -12345
2578 37 z = -1 0 0 0 0 0 0 0 0 0 0
2578 39 s = -1 47 37 17 27 6 77 3 222 -7 -12345
2578 39 z = -1 0 0 0 0 0 0 0 0 0 0
2578 3132 s = -1 47 37 17 27 6 77 3 222 -7 -12345
2578 3132 z = -1 0 0 0 0 0 0 0 0 0 0
2578 3133 s = -1 47 37 17 27 6 77 3 222 -7 -12345
2578 3133 z = -1 0 0 0 0 0 0 0 0 0 0
2578 3233 s = -1 47 37 17 27 6 77 3 222 -7 -12345
2578 3233 z = -1 0 0 0 0 0 0 0 0 0 0
2578 3234 s = -1 47 37 17 27 6 77 3 222 -7 -12345
2578 3234 z = -1 0 0 0 0 0 0 0 0 0 0
2578 3331 s = -1 47 37 17 27 6 77 3 222 -7 -12345
2578 3331 z = -1 0 0 0 0 0 0 0 0 0 0
2578 3332 s = -1 47 37 17 27 6 77 3 222 -7 -12345
2578 3332 z = -1 0 0 0 0 0 0 0 0 0 0
2578 3533 s = -1 47 37 17 27 6 77 3 222 -7 -12345
2578 3533 z = -1 0 0 0 0 0 0 0 0 0 0
2578 3534 s = -1 47 37 17 27 6 77 3 222 -7 -12345
2578 3534 z = -1 0 0 0 0 0 0 0 0 0 0
2578 3539 s = -1 47 37 17 27 6 77 3 222 -7 -12345
2578 3539 z = -1 0 0 0 0 0 0 0 0 0 0
2578 3630 s = -1 47 37 17 27 6 77 3 222 -7 -12345
2578 3630 z = -1 0 0 0 0 0 0 0 0 0 0
2578 3631 s = -1 47 37 17 27 6 77 3 222 -7 -12345
2578 3631 z = -1 0 0 0 0 0 0 0 0 0 0
2578 3632 s = -1 47 37 17 27 6 77 3 222 -7 -12345
2578 3632 z = -1 0 0 0 0 0 0 0 0 0 0
2578 3639 s = -1 47 37 17 27 6 77 3 222 -7 -12345
2578 3639 z = -1 0 0 0 0 0 0 0 0 0 0
2578 3939 s = -1 47 37 17 27 6 77 3 222 -7 -12345
2578 3939 z = -1 0 0 0 0 0 0 0 0 0 0
2578 313030 s = -1 47 37 17 27 6 77 3 222 -7 -12345
2578 313030 z = -1 0 0 0 0 0 0 0 0 0 0
2578 313233 s = -1 47 37 17 27 6 77 3 222 -7 -12345
2578 313233 z = -1 0 0 0 0 0 0 0 0 0 0
2578 333636 s = -1 47 37 17 27 6 77 3 222 -7 -12345
2578 333636 z = -1 0 0 0 0 0 0 0 0 0 0
2578 333637 s = -1 47 37 17 27 6 77 3 222 -7 -12345
2578 333637 z = -1 0 0 0 0 0 0 0 0 0 0
2578 31393639 s = -1 47 37 17 27 6 77 3 222 -7 -12345
2578 31393639 z = -1 0 0 0 0 0 0 0 0 0 0
2578 32303236 s = -1 47 37 17 27 6 77 3 222 -7 -12345
2578 32303236 z = -1 0 0 0 0 0 0 0 0 0 0
2578 39393939 s = -1 47 37 17 27 6 77 3 222 -7 -12345
2578 39393939 z = -1 0 0 0 0 0 0 0 0 0 0
2578 3130303030 s = -1 47 37 17 27 6 77 3 222 -7 -12345
2578 3130303030 z = -1 0 0 0 0 0 0 0 0 0 0
2578 3132333435 s = -1 47 37 17 27 6 77 3 222 -7 -12345
2578 3132333435 z = -1 0 0 0 0 0 0 0 0 0 0
2578 2035 s = -1 47 37 17 27 6 77 3 222 -7 -12345
2578 2035 z = -1 0 0 0 0 0 0 0 0 0 0
2578 2020313778 s = -1 47 37 17 27 6 77 3 222 -7 -12345
2578 2020313778 z = -1 0 0 0 0 0 0 0 0 0 0
2578 0938 s = -1 47 37 17 27 6 77 3 222 -7 -12345
2578 0938 z = -1 0 0 0 0 0 0 0 0 0 0
2578 0a39 s = -1 47 37 17 27 6 77 3 222 -7 -12345
2578 0a39 z = -1 0 0 0 0 0 0 0 0 0 0
2578 0b33 s = -1 47 37 17 27 6 77 3 222 -7 -12345
2578 0b33 z = -1 0 0 0 0 0 0 0 0 0 0
2578 2d31 s = -1 47 37 17 27 6 77 3 222 -7 -12345
2578 2d31 z = -1 0 0 0 0 0 0 0 0 0 0
2578 2b31 s = -1 47 37 17 27 6 77 3 222 -7 -12345
2578 2b31 z = -1 0 0 0 0 0 0 0 0 0 0
2578 4d6f6e s = -1 47 37 17 27 6 77 3 222 -7 -12345
2578 4d6f6e z = -1 0 0 0 0 0 0 0 0 0 0
2578 6d6f6e646179 s = -1 47 37 17 27 6 77 3 222 -7 -12345
2578 6d6f6e646179 z = -1 0 0 0 0 0 0 0 0 0 0
2578 54554553444159 s = -1 47 37 17 27 6 77 3 222 -7 -12345
2578 54554553444159 z = -1 0 0 0 0 0 0 0 0 0 0
2578 776564 s = -1 47 37 17 27 6 77 3 222 -7 -12345
2578 776564 z = -1 0 0 0 0 0 0 0 0 0 0
2578 5468757273 s = -1 47 37 17 27 6 77 3 222 -7 -12345
2578 5468757273 z = -1 0 0 0 0 0 0 0 0 0 0
2578 536570 s = -1 47 37 17 27 6 77 3 222 -7 -12345
2578 536570 z = -1 0 0 0 0 0 0 0 0 0 0
2578 73657074656d626572 s = -1 47 37 17 27 6 77 3 222 -7 -12345
2578 73657074656d626572 z = -1 0 0 0 0 0 0 0 0 0 0
2578 53657074 s = -1 47 37 17 27 6 77 3 222 -7 -12345
2578 53657074 z = -1 0 0 0 0 0 0 0 0 0 0
2578 4d4159 s = -1 47 37 17 27 6 77 3 222 -7 -12345
2578 4d4159 z = -1 0 0 0 0 0 0 0 0 0 0
2578 414d s = -1 47 37 17 27 6 77 3 222 -7 -12345
2578 414d z = -1 0 0 0 0 0 0 0 0 0 0
2578 706d s = -1 47 37 17 27 6 77 3 222 -7 -12345
2578 706d z = -1 0 0 0 0 0 0 0 0 0 0
2578 612e6d2e s = -1 47 37 17 27 6 77 3 222 -7 -12345
2578 612e6d2e z = -1 0 0 0 0 0 0 0 0 0 0
2578 50 s = -1 47 37 17 27 6 77 3 222 -7 -12345
2578 50 z = -1 0 0 0 0 0 0 0 0 0 0
2578 5a s = -1 47 37 17 27 6 77 3 222 -7 -12345
2578 5a z = -1 0 0 0 0 0 0 0 0 0 0
2578 2b3035 s = -1 47 37 17 27 6 77 3 222 -7 -12345
2578 2b3035 z = -1 0 0 0 0 0 0 0 0 0 0
2578 2d30383030 s = -1 47 37 17 27 6 77 3 222 -7 -12345
2578 2d30383030 z = -1 0 0 0 0 0 0 0 0 0 0
2578 2b30353a3330 s = -1 47 37 17 27 6 77 3 222 -7 -12345
2578 2b30353a3330 z = -1 0 0 0 0 0 0 0 0 0 0
2578 2b30353630 s = -1 47 37 17 27 6 77 3 222 -7 -12345
2578 2b30353630 z = -1 0 0 0 0 0 0 0 0 0 0
2578 2b35 s = -1 47 37 17 27 6 77 3 222 -7 -12345
2578 2b35 z = -1 0 0 0 0 0 0 0 0 0 0
2578 2b313233 s = -1 47 37 17 27 6 77 3 222 -7 -12345
2578 2b313233 z = -1 0 0 0 0 0 0 0 0 0 0
2578 2d31323a33 s = -1 47 37 17 27 6 77 3 222 -7 -12345
2578 2d31323a33 z = -1 0 0 0 0 0 0 0 0 0 0
2578 555443 s = -1 47 37 17 27 6 77 3 222 -7 -12345
2578 555443 z = -1 0 0 0 0 0 0 0 0 0 0
2578 455354354544542078 s = -1 47 37 17 27 6 77 3 222 -7 -12345
2578 455354354544542078 z = -1 0 0 0 0 0 0 0 0 0 0
2578 25 s = -1 47 37 17 27 6 77 3 222 -7 -12345
2578 25 z = -1 0 0 0 0 0 0 0 0 0 0
2578 2578 s = -1 47 37 17 27 6 77 3 222 -7 -12345
2578 2578 z = -1 0 0 0 0 0 0 0 0 0 0
2578 78 s = -1 47 37 17 27 6 77 3 222 -7 -12345
2578 78 z = -1 0 0 0 0 0 0 0 0 0 0
2578 31373237353139373030 s = -1 47 37 17 27 6 77 3 222 -7 -12345
2578 31373237353139373030 z = -1 0 0 0 0 0 0 0 0 0 0
2578 2d35 s = -1 47 37 17 27 6 77 3 222 -7 -12345
2578 2d35 z = -1 0 0 0 0 0 0 0 0 0 0
2578 3939393939393939393939393939393939393939 s = -1 47 37 17 27 6 77 3 222 -7 -12345
2578 3939393939393939393939393939393939393939 z = -1 0 0 0 0 0 0 0 0 0 0
2578 31323a33343a3536 s = -1 47 37 17 27 6 77 3 222 -7 -12345
2578 31323a33343a3536 z = -1 0 0 0 0 0 0 0 0 0 0
2578 323032362d30392d3238 s = -1 47 37 17 27 6 77 3 222 -7 -12345
2578 323032362d30392d3238 z = -1 0 0 0 0 0 0 0 0 0 0
2578 30392f32382f3236 s = 8 47 37 17 28 8 126 1 270 -7 -12345
2578 30392f32382f3236 z = 8 0 0 0 28 8 126 1 270 0 0
2578 4d6f6e205365702032382031303a33353a30302032303236 s = -1 47 37 17 27 6 77 3 222 -7 -12345
2578 4d6f6e205365702032382031303a33353a30302032303236 z = -1 0 0 0 0 0 0 0 0 0 0
2578 31303a33353a303020504d s = -1 47 37 17 27 6 77 3 222 -7 -12345
2578 31303a33353a303020504d z = -1 0 0 0 0 0 0 0 0 0 0
2578 204d6f6e s = -1 47 37 17 27 6 77 3 222 -7 -12345
2578 204d6f6e z = -1 0 0 0 0 0 0 0 0 0 0
2578 09536570 s = -1 47 37 17 27 6 77 3 222 -7 -12345
2578 09536570 z = -1 0 0 0 0 0 0 0 0 0 0
2578 20706d s = -1 47 37 17 27 6 77 3 222 -7 -12345
2578 20706d z = -1 0 0 0 0 0 0 0 0 0 0
2578 205a s = -1 47 37 17 27 6 77 3 222 -7 -12345
2578 205a z = -1 0 0 0 0 0 0 0 0 0 0
2578 202b30353330 s = -1 47 37 17 27 6 77 3 222 -7 -12345
2578 202b30353330 z = -1 0 0 0 0 0 0 0 0 0 0
2578 20555443 s = -1 47 37 17 27 6 77 3 222 -7 -12345
2578 20555443 z = -1 0 0 0 0 0 0 0 0 0 0
2578 53756e64617973 s = -1 47 37 17 27 6 77 3 222 -7 -12345
2578 53756e64617973 z = -1 0 0 0 0 0 0 0 0 0 0
2578 4d6179646179 s = -1 47 37 17 27 6 77 3 222 -7 -12345
2578 4d6179646179 z = -1 0 0 0 0 0 0 0 0 0 0
2578 5361742e s = -1 47 37 17 27 6 77 3 222 -7 -12345
2578 5361742e z = -1 0 0 0 0 0 0 0 0 0 0
2578 444543 s = -1 47 37 17 27 6 77 3 222 -7 -12345
2578 444543 z = -1 0 0 0 0 0 0 0 0 0 0
2578 446563656d6265 s = -1 47 37 17 27 6 77 3 222 -7 -12345
2578 446563656d6265 z = -1 0 0 0 0 0 0 0 0 0 0
2558 - s = -1 47 37 17 27 6 77 3 222 -7 -12345
2558 - z = -1 0 0 0 0 0 0 0 0 0 0
2558 20 s = -1 47 37 17 27 6 77 3 222 -7 -12345
2558 20 z = -1 0 0 0 0 0 0 0 0 0 0
2558 30 s = -1 47 37 17 27 6 77 3 222 -7 -12345
2558 30 z = -1 0 0 0 0 0 0 0 0 0 0
2558 3030 s = -1 47 37 17 27 6 77 3 222 -7 -12345
2558 3030 z = -1 0 0 0 0 0 0 0 0 0 0
2558 303030 s = -1 47 37 17 27 6 77 3 222 -7 -12345
2558 303030 z = -1 0 0 0 0 0 0 0 0 0 0
2558 31 s = -1 47 37 17 27 6 77 3 222 -7 -12345
2558 31 z = -1 0 0 0 0 0 0 0 0 0 0
2558 3031 s = -1 47 37 17 27 6 77 3 222 -7 -12345
2558 3031 z = -1 0 0 0 0 0 0 0 0 0 0
2558 303031 s = -1 47 37 17 27 6 77 3 222 -7 -12345
2558 303031 z = -1 0 0 0 0 0 0 0 0 0 0
2558 37 s = -1 47 37 17 27 6 77 3 222 -7 -12345
2558 37 z = -1 0 0 0 0 0 0 0 0 0 0
2558 39 s = -1 47 37 17 27 6 77 3 222 -7 -12345
2558 39 z = -1 0 0 0 0 0 0 0 0 0 0
2558 3132 s = -1 47 37 17 27 6 77 3 222 -7 -12345
2558 3132 z = -1 0 0 0 0 0 0 0 0 0 0
2558 3133 s = -1 47 37 17 27 6 77 3 222 -7 -12345
2558 3133 z = -1 0 0 0 0 0 0 0 0 0 0
2558 3233 s = -1 47 37 17 27 6 77 3 222 -7 -12345
2558 3233 z = -1 0 0 0 0 0 0 0 0 0 0
2558 3234 s = -1 47 37 17 27 6 77 3 222 -7 -12345
2558 3234 z = -1 0 0 0 0 0 0 0 0 0 0
2558 3331 s = -1 47 37 17 27 6 77 3 222 -7 -12345
2558 3331 z = -1 0 0 0 0 0 0 0 0 0 0
2558 3332 s = -1 47 37 17 27 6 77 3 222 -7 -12345
2558 3332 z = -1 0 0 0 0 0 0 0 0 0 0
2558 3533 s = -1 47 37 17 27 6 77 3 222 -7 -12345
2558 3533 z = -1 0 0 0 0 0 0 0 0 0 0
2558 3534 s = -1 47 37 17 27 6 77 3 222 -7 -12345
2558 3534 z = -1 0 0 0 0 0 0 0 0 0 0
2558 3539 s = -1 47 37 17 27 6 77 3 222 -7 -12345
2558 3539 z = -1 0 0 0 0 0 0 0 0 0 0
2558 3630 s = -1 47 37 17 27 6 77 3 222 -7 -12345
2558 3630 z = -1 0 0 0 0 0 0 0 0 0 0
2558 3631 s = -1 47 37 17 27 6 77 3 222 -7 -12345
2558 3631 z = -1 0 0 0 0 0 0 0 0 0 0
2558 3632 s = -1 47 37 17 27 6 77 3 222 -7 -12345
2558 3632 z = -1 0 0 0 0 0 0 0 0 0 0
2558 3639 s = -1 47 37 17 27 6 77 3 222 -7 -12345
2558 3639 z = -1 0 0 0 0 0 0 0 0 0 0
2558 3939 s = -1 47 37 17 27 6 77 3 222 -7 -12345
2558 3939 z = -1 0 0 0 0 0 0 0 0 0 0
2558 313030 s = -1 47 37 17 27 6 77 3 222 -7 -12345
2558 313030 z = -1 0 0 0 0 0 0 0 0 0 0
2558 313233 s = -1 47 37 17 27 6 77 3 222 -7 -12345
2558 313233 z = -1 0 0 0 0 0 0 0 0 0 0
2558 333636 s = -1 47 37 17 27 6 77 3 222 -7 -12345
2558 333636 z = -1 0 0 0 0 0 0 0 0 0 0
2558 333637 s = -1 47 37 17 27 6 77 3 222 -7 -12345
2558 333637 z = -1 0 0 0 0 0 0 0 0 0 0
2558 31393639 s = -1 47 37 17 27 6 77 3 222 -7 -12345
2558 31393639 z = -1 0 0 0 0 0 0 0 0 0 0
2558 32303236 s = -1 47 37 17 27 6 77 3 222 -7 -12345
2558 32303236 z = -1 0 0 0 0 0 0 0 0 0 0
2558 39393939 s = -1 47 37 17 27 6 77 3 222 -7 -12345
2558 39393939 z = -1 0 0 0 0 0 0 0 0 0 0
2558 3130303030 s = -1 47 37 17 27 6 77 3 222 -7 -12345
2558 3130303030 z = -1 0 0 0 0 0 0 0 0 0 0
2558 3132333435 s = -1 47 37 17 27 6 77 3 222 -7 -12345
2558 3132333435 z = -1 0 0 0 0 0 0 0 0 0 0
2558 2035 s = -1 47 37 17 27 6 77 3 222 -7 -12345
2558 2035 z = -1 0 0 0 0 0 0 0 0 0 0
2558 2020313778 s = -1 47 37 17 27 6 77 3 222 -7 -12345
2558 2020313778 z = -1 0 0 0 0 0 0 0 0 0 0
2558 0938 s = -1 47 37 17 27 6 77 3 222 -7 -12345
2558 0938 z = -1 0 0 0 0 0 0 0 0 0 0
2558 0a39 s = -1 47 37 17 27 6 77 3 222 -7 -12345
2558 0a39 z = -1 0 0 0 0 0 0 0 0 0 0
2558 0b33 s = -1 47 37 17 27 6 77 3 222 -7 -12345
2558 0b33 z = -1 0 0 0 0 0 0 0 0 0 0
2558 2d31 s = -1 47 37 17 27 6 77 3 222 -7 -12345
2558 2d31 z = -1 0 0 0 0 0 0 0 0 0 0
2558 2b31 s = -1 47 37 17 27 6 77 3 222 -7 -12345
2558 2b31 z = -1 0 0 0 0 0 0 0 0 0 0
2558 4d6f6e s = -1 47 37 17 27 6 77 3 222 -7 -12345
2558 4d6f6e z = -1 0 0 0 0 0 0 0 0 0 0
2558 6d6f6e646179 s = -1 47 37 17 27 6 77 3 222 -7 -12345
2558 6d6f6e646179 z = -1 0 0 0 0 0 0 0 0 0 0
2558 54554553444159 s = -1 47 37 17 27 6 77 3 222 -7 -12345
2558 54554553444159 z = -1 0 0 0 0 0 0 0 0 0 0
2558 776564 s = -1 47 37 17 27 6 77 3 222 -7 -12345
2558 776564 z = -1 0 0 0 0 0 0 0 0 0 0
2558 5468757273 s = -1 47 37 17 27 6 77 3 222 -7 -12345
2558 5468757273 z = -1 0 0 0 0 0 0 0 0 0 0
2558 536570 s = -1 47 37 17 27 6 77 3 222 -7 -12345
2558 536570 z = -1 0 0 0 0 0 0 0 0 0 0
2558 73657074656d626572 s = -1 47 37 17 27 6 77 3 222 -7 -12345
2558 73657074656d626572 z = -1 0 0 0 0 0 0 0 0 0 0
2558 53657074 s = -1 47 37 17 27 6 77 3 222 -7 -12345
2558 53657074 z = -1 0 0 0 0 0 0 0 0 0 0
2558 4d4159 s = -1 47 37 17 27 6 77 3 222 -7 -12345
2558 4d4159 z = -1 0 0 0 0 0 0 0 0 0 0
2558 414d s = -1 47 37 17 27 6 77 3 222 -7 -12345
2558 414d z = -1 0 0 0 0 0 0 0 0 0 0
2558 706d s = -1 47 37 17 27 6 77 3 222 -7 -12345
2558 706d z = -1 0 0 0 0 0 0 0 0 0 0
2558 612e6d2e s = -1 47 37 17 27 6 77 3 222 -7 -12345
2558 612e6d2e z = -1 0 0 0 0 0 0 0 0 0 0
2558 50 s = -1 47 37 17 27 6 77 3 222 -7 -12345
2558 50 z = -1 0 0 0 0 0 0 0 0 0 0
2558 5a s = -1 47 37 17 27 6 77 3 222 -7 -12345
2558 5a z = -1 0 0 0 0 0 0 0 0 0 0
2558 2b3035 s = -1 47 37 17 27 6 77 3 222 -7 -12345
2558 2b3035 z = -1 0 0 0 0 0 0 0 0 0 0
2558 2d30383030 s = -1 47 37 17 27 6 77 3 222 -7 -12345
2558 2d30383030 z = -1 0 0 0 0 0 0 0 0 0 0
2558 2b30353a3330 s = -1 47 37 17 27 6 77 3 222 -7 -12345
2558 2b30353a3330 z = -1 0 0 0 0 0 0 0 0 0 0
2558 2b30353630 s = -1 47 37 17 27 6 77 3 222 -7 -12345
2558 2b30353630 z = -1 0 0 0 0 0 0 0 0 0 0
2558 2b35 s = -1 47 37 17 27 6 77 3 222 -7 -12345
2558 2b35 z = -1 0 0 0 0 0 0 0 0 0 0
2558 2b313233 s = -1 47 37 17 27 6 77 3 222 -7 -12345
2558 2b313233 z = -1 0 0 0 0 0 0 0 0 0 0
2558 2d31323a33 s = -1 47 37 17 27 6 77 3 222 -7 -12345
2558 2d31323a33 z = -1 0 0 0 0 0 0 0 0 0 0
2558 555443 s = -1 47 37 17 27 6 77 3 222 -7 -12345
2558 555443 z = -1 0 0 0 0 0 0 0 0 0 0
2558 455354354544542078 s = -1 47 37 17 27 6 77 3 222 -7 -12345
2558 455354354544542078 z = -1 0 0 0 0 0 0 0 0 0 0
2558 25 s = -1 47 37 17 27 6 77 3 222 -7 -12345
2558 25 z = -1 0 0 0 0 0 0 0 0 0 0
2558 2578 s = -1 47 37 17 27 6 77 3 222 -7 -12345
2558 2578 z = -1 0 0 0 0 0 0 0 0 0 0
2558 78 s = -1 47 37 17 27 6 77 3 222 -7 -12345
2558 78 z = -1 0 0 0 0 0 0 0 0 0 0
2558 31373237353139373030 s = -1 47 37 17 27 6 77 3 222 -7 -12345
2558 31373237353139373030 z = -1 0 0 0 0 0 0 0 0 0 0
2558 2d35 s = -1 47 37 17 27 6 77 3 222 -7 -12345
2558 2d35 z = -1 0 0 0 0 0 0 0 0 0 0
2558 3939393939393939393939393939393939393939 s = -1 47 37 17 27 6 77 3 222 -7 -12345
2558 3939393939393939393939393939393939393939 z = -1 0 0 0 0 0 0 0 0 0 0
2558 31323a33343a3536 s = 8 56 34 12 27 6 77 3 222 -7 -12345
2558 31323a33343a3536 z = 8 56 34 12 0 0 0 0 0 0 0
2558 323032362d30392d3238 s = -1 47 37 17 27 6 77 3 222 -7 -12345
2558 323032362d30392d3238 z = -1 0 0 0 0 0 0 0 0 0 0
2558 30392f32382f3236 s = -1 47 37 17 27 6 77 3 222 -7 -12345
2558 30392f32382f3236 z = -1 0 0 0 0 0 0 0 0 0 0
2558 4d6f6e205365702032382031303a33353a30302032303236 s = -1 47 37 17 27 6 77 3 222 -7 -12345
2558 4d6f6e205365702032382031303a33353a30302032303236 z = -1 0 0 0 0 0 0 0 0 0 0
2558 31303a33353a303020504d s = 8 0 35 10 27 6 77 3 222 -7 -12345
2558 31303a33353a303020504d z = 8 0 35 10 0 0 0 0 0 0 0
2558 204d6f6e s = -1 47 37 17 27 6 77 3 222 -7 -12345
2558 204d6f6e z = -1 0 0 0 0 0 0 0 0 0 0
2558 09536570 s = -1 47 37 17 27 6 77 3 222 -7 -12345
2558 09536570 z = -1 0 0 0 0 0 0 0 0 0 0
2558 20706d s = -1 47 37 17 27 6 77 3 222 -7 -12345
2558 20706d z = -1 0 0 0 0 0 0 0 0 0 0
2558 205a s = -1 47 37 17 27 6 77 3 222 -7 -12345
2558 205a z = -1 0 0 0 0 0 0 0 0 0 0
2558 202b30353330 s = -1 47 37 17 27 6 77 3 222 -7 -12345
2558 202b30353330 z = -1 0 0 0 0 0 0 0 0 0 0
2558 20555443 s = -1 47 37 17 27 6 77 3 222 -7 -12345
2558 20555443 z = -1 0 0 0 0 0 0 0 0 0 0
2558 53756e64617973 s = -1 47 37 17 27 6 77 3 222 -7 -12345
2558 53756e64617973 z = -1 0 0 0 0 0 0 0 0 0 0
2558 4d6179646179 s = -1 47 37 17 27 6 77 3 222 -7 -12345
2558 4d6179646179 z = -1 0 0 0 0 0 0 0 0 0 0
2558 5361742e s = -1 47 37 17 27 6 77 3 222 -7 -12345
2558 5361742e z = -1 0 0 0 0 0 0 0 0 0 0
2558 444543 s = -1 47 37 17 27 6 77 3 222 -7 -12345
2558 444543 z = -1 0 0 0 0 0 0 0 0 0 0
2558 446563656d6265 s = -1 47 37 17 27 6 77 3 222 -7 -12345
2558 446563656d6265 z = -1 0 0 0 0 0 0 0 0 0 0
2579 - s = -1 47 37 17 27 6 77 3 222 -7 -12345
2579 - z = -1 0 0 0 0 0 0 0 0 0 0
2579 20 s = -1 47 37 17 27 6 77 3 222 -7 -12345
2579 20 z = -1 0 0 0 0 0 0 0 0 0 0
2579 30 s = 1 47 37 17 27 6 100 4 208 -7 -12345
2579 30 z = 1 0 0 0 0 0 100 5 -1 0 0
2579 3030 s = 2 47 37 17 27 6 100 4 208 -7 -12345
2579 3030 z = 2 0 0 0 0 0 100 5 -1 0 0
2579 303030 s = 2 47 37 17 27 6 100 4 208 -7 -12345
2579 303030 z = 2 0 0 0 0 0 100 5 -1 0 0
2579 31 s = 1 47 37 17 27 6 101 5 207 -7 -12345
2579 31 z = 1 0 0 0 0 0 101 0 -1 0 0
2579 3031 s = 2 47 37 17 27 6 101 5 207 -7 -12345
2579 3031 z = 2 0 0 0 0 0 101 0 -1 0 0
2579 303031 s = 2 47 37 17 27 6 100 4 208 -7 -12345
2579 303031 z = 2 0 0 0 0 0 100 5 -1 0 0
2579 37 s = 1 47 37 17 27 6 107 5 207 -7 -12345
2579 37 z = 1 0 0 0 0 0 107 0 -1 0 0
2579 39 s = 1 47 37 17 27 6 109 1 207 -7 -12345
2579 39 z = 1 0 0 0 0 0 109 3 -1 0 0
2579 3132 s = 2 47 37 17 27 6 112 5 208 -7 -12345
2579 3132 z = 2 0 0 0 0 0 112 6 -1 0 0
2579 3133 s = 2 47 37 17 27 6 113 6 207 -7 -12345
2579 3133 z = 2 0 0 0 0 0 113 1 -1 0 0
2579 3233 s = 2 47 37 17 27 6 123 4 207 -7 -12345
2579 3233 z = 2 0 0 0 0 0 123 6 -1 0 0
2579 3234 s = 2 47 37 17 27 6 124 6 208 -7 -12345
2579 3234 z = 2 0 0 0 0 0 124 0 -1 0 0
2579 3331 s = 2 47 37 17 27 6 131 0 207 -7 -12345
2579 3331 z = 2 0 0 0 0 0 131 2 -1 0 0
2579 3332 s = 2 47 37 17 27 6 132 2 208 -7 -12345
2579 3332 z = 2 0 0 0 0 0 132 3 -1 0 0
2579 3533 s = 2 47 37 17 27 6 153 0 207 -7 -12345
2579 3533 z = 2 0 0 0 0 0 153 2 -1 0 0
2579 3534 s = 2 47 37 17 27 6 154 1 207 -7 -12345
2579 3534 z = 2 0 0 0 0 0 154 3 -1 0 0
2579 3539 s = 2 47 37 17 27 6 159 0 207 -7 -12345
2579 3539 z = 2 0 0 0 0 0 159 2 -1 0 0
2579 3630 s = 2 47 37 17 27 6 160 2 208 -7 -12345
2579 3630 z = 2 0 0 0 0 0 160 3 -1 0 0
2579 3631 s = 2 47 37 17 27 6 161 3 207 -7 -12345
2579 3631 z = 2 0 0 0 0 0 161 5 -1 0 0
2579 3632 s = 2 47 37 17 27 6 162 4 207 -7 -12345
2579 3632 z = 2 0 0 0 0 0 162 6 -1 0 0
2579 3639 s = 2 47 37 17 27 6 69 0 207 -7 -12345
2579 3639 z = 2 0 0 0 0 0 69 2 -1 0 0
2579 3939 s = 2 47 37 17 27 6 99 2 207 -7 -12345
2579 3939 z = 2 0 0 0 0 0 99 4 -1 0 0
2579 313030 s = 2 47 37 17 27 6 110 2 207 -7 -12345
2579 313030 z = 2 0 0 0 0 0 110 4 -1 0 0
2579 313233 s = 2 47 37 17 27 6 112 5 208 -7 -12345
2579 313233 z = 2 0 0 0 0 0 112 6 -1 0 0
2579 333636 s = 2 47 37 17 27 6 136 0 208 -7 -12345
2579 333636 z = 2 0 0 0 0 0 136 1 -1 0 0
2579 333637 s = 2 47 37 17 27 6 136 0 208 -7 -12345
2579 333637 z = 2 0 0 0 0 0 136 1 -1 0 0
2579 31393639 s = 2 47 37 17 27 6 119 6 207 -7 -12345
2579 31393639 z = 2 0 0 0 0 0 119 1 -1 0 0
2579 32303236 s = 2 47 37 17 27 6 120 1 208 -7 -12345
2579 32303236 z = 2 0 0 0 0 0 120 2 -1 0 0
2579 39393939 s = 2 47 37 17 27 6 99 2 207 -7 -12345
2579 39393939 z = 2 0 0 0 0 0 99 4 -1 0 0
2579 3130303030 s = 2 47 37 17 27 6 110 2 207 -7 -12345
2579 3130303030 z = 2 0 0 0 0 0 110 4 -1 0 0
2579 3132333435 s = 2 47 37 17 27 6 112 5 208 -7 -12345
2579 3132333435 z = 2 0 0 0 0 0 112 6 -1 0 0
2579 2035 s = 2 47 37 17 27 6 105 3 207 -7 -12345
2579 2035 z = 2 0 0 0 0 0 105 5 -1 0 0
2579 2020313778 s = 4 47 37 17 27 6 117 4 207 -7 -12345
2579 2020313778 z = 4 0 0 0 0 0 117 6 -1 0 0
2579 0938 s = 2 47 37 17 27 6 108 0 208 -7 -12345
2579 0938 z = 2 0 0 0 0 0 108 1 -1 0 0
2579 0a39 s = 2 47 37 17 27 6 109 1 207 -7 -12345
2579 0a39 z = 2 0 0 0 0 0 109 3 -1 0 0
2579 0b33 s = 2 47 37 17 27 6 103 0 207 -7 -12345
2579 0b33 z = 2 0 0 0 0 0 103 2 -1 0 0
2579 2d31 s = -1 47 37 17 27 6 77 3 222 -7 -12345
2579 2d31 z = -1 0 0 0 0 0 0 0 0 0 0
2579 2b31 s = -1 47 37 17 27 6 77 3 222 -7 -12345
2579 2b31 z = -1 0 0 0 0 0 0 0 0 0 0
2579 4d6f6e s = -1 47 37 17 27 6 77 3 222 -7 -12345
2579 4d6f6e z = -1 0 0 0 0 0 0 0 0 0 0
2579 6d6f6e646179 s = -1 47 37 17 27 6 77 3 222 -7 -12345
2579 6d6f6e646179 z = -1 0 0 0 0 0 0 0 0 0 0
2579 54554553444159 s = -1 47 37 17 27 6 77 3 222 -7 -12345
2579 54554553444159 z = -1 0 0 0 0 0 0 0 0 0 0
2579 776564 s = -1 47 37 17 27 6 77 3 222 -7 -12345
2579 776564 z = -1 0 0 0 0 0 0 0 0 0 0
2579 5468757273 s = -1 47 37 17 27 6 77 3 222 -7 -12345
2579 5468757273 z = -1 0 0 0 0 0 0 0 0 0 0
2579 536570 s = -1 47 37 17 27 6 77 3 222 -7 -12345
2579 536570 z = -1 0 0 0 0 0 0 0 0 0 0
2579 73657074656d626572 s = -1 47 37 17 27 6 77 3 222 -7 -12345
2579 73657074656d626572 z = -1 0 0 0 0 0 0 0 0 0 0
2579 53657074 s = -1 47 37 17 27 6 77 3 222 -7 -12345
2579 53657074 z = -1 0 0 0 0 0 0 0 0 0 0
2579 4d4159 s = -1 47 37 17 27 6 77 3 222 -7 -12345
2579 4d4159 z = -1 0 0 0 0 0 0 0 0 0 0
2579 414d s = -1 47 37 17 27 6 77 3 222 -7 -12345
2579 414d z = -1 0 0 0 0 0 0 0 0 0 0
2579 706d s = -1 47 37 17 27 6 77 3 222 -7 -12345
2579 706d z = -1 0 0 0 0 0 0 0 0 0 0
2579 612e6d2e s = -1 47 37 17 27 6 77 3 222 -7 -12345
2579 612e6d2e z = -1 0 0 0 0 0 0 0 0 0 0
2579 50 s = -1 47 37 17 27 6 77 3 222 -7 -12345
2579 50 z = -1 0 0 0 0 0 0 0 0 0 0
2579 5a s = -1 47 37 17 27 6 77 3 222 -7 -12345
2579 5a z = -1 0 0 0 0 0 0 0 0 0 0
2579 2b3035 s = -1 47 37 17 27 6 77 3 222 -7 -12345
2579 2b3035 z = -1 0 0 0 0 0 0 0 0 0 0
2579 2d30383030 s = -1 47 37 17 27 6 77 3 222 -7 -12345
2579 2d30383030 z = -1 0 0 0 0 0 0 0 0 0 0
2579 2b30353a3330 s = -1 47 37 17 27 6 77 3 222 -7 -12345
2579 2b30353a3330 z = -1 0 0 0 0 0 0 0 0 0 0
2579 2b30353630 s = -1 47 37 17 27 6 77 3 222 -7 -12345
2579 2b30353630 z = -1 0 0 0 0 0 0 0 0 0 0
2579 2b35 s = -1 47 37 17 27 6 77 3 222 -7 -12345
2579 2b35 z = -1 0 0 0 0 0 0 0 0 0 0
2579 2b313233 s = -1 47 37 17 27 6 77 3 222 -7 -12345
2579 2b313233 z = -1 0 0 0 0 0 0 0 0 0 0
2579 2d31323a33 s = -1 47 37 17 27 6 77 3 222 -7 -12345
2579 2d31323a33 z = -1 0 0 0 0 0 0 0 0 0 0
2579 555443 s = -1 47 37 17 27 6 77 3 222 -7 -12345
2579 555443 z = -1 0 0 0 0 0 0 0 0 0 0
2579 455354354544542078 s = -1 47 37 17 27 6 77 3 222 -7 -12345
2579 455354354544542078 z = -1 0 0 0 0 0 0 0 0 0 0
2579 25 s = -1 47 37 17 27 6 77 3 222 -7 -12345
2579 25 z = -1 0 0 0 0 0 0 0 0 0 0
2579 2578 s = -1 47 37 17 27 6 77 3 222 -7 -12345
2579 2578 z = -1 0 0 0 0 0 0 0 0 0 0
2579 78 s = -1 47 37 17 27 6 77 3 222 -7 -12345
2579 78 z = -1 0 0 0 0 0 0 0 0 0 0
2579 31373237353139373030 s = 2 47 37 17 27 6 117 4 207 -7 -12345
2579 31373237353139373030 z = 2 0 0 0 0 0 117 6 -1 0 0
2579 2d35 s = -1 47 37 17 27 6 77 3 222 -7 -12345
2579 2d35 z = -1 0 0 0 0 0 0 0 0 0 0
2579 3939393939393939393939393939393939393939 s = 2 47 37 17 27 6 99 2 207 -7 -12345
2579 3939393939393939393939393939393939393939 z = 2 0 0 0 0 0 99 4 -1 0 0
2579 31323a33343a3536 s = 2 47 37 17 27 6 112 5 208 -7 -12345
2579 31323a33343a3536 z = 2 0 0 0 0 0 112 6 -1 0 0
2579 323032362d30392d3238 s = 2 47 37 17 27 6 120 1 208 -7 -12345
2579 323032362d30392d3238 z = 2 0 0 0 0 0 120 2 -1 0 0
2579 30392f32382f3236 s = 2 47 37 17 27 6 109 1 207 -7 -12345
2579 30392f32382f3236 z = 2 0 0 0 0 0 109 3 -1 0 0
2579 4d6f6e205365702032382031303a33353a30302032303236 s = -1 47 37 17 27 6 77 3 222 -7 -12345
2579 4d6f6e205365702032382031303a33353a30302032303236 z = -1 0 0 0 0 0 0 0 0 0 0
2579 31303a33353a303020504d s = 2 47 37 17 27 6 110 2 207 -7 -12345
2579 31303a33353a303020504d z = 2 0 0 0 0 0 110 4 -1 0 0
2579 204d6f6e s = -1 47 37 17 27 6 77 3 222 -7 -12345
2579 204d6f6e z = -1 0 0 0 0 0 0 0 0 0 0
2579 09536570 s = -1 47 37 17 27 6 77 3 222 -7 -12345
2579 09536570 z = -1 0 0 0 0 0 0 0 0 0 0
2579 20706d s = -1 47 37 17 27 6 77 3 222 -7 -12345
2579 20706d z = -1 0 0 0 0 0 0 0 0 0 0
2579 205a s = -1 47 37 17 27 6 77 3 222 -7 -12345
2579 205a z = -1 0 0 0 0 0 0 0 0 0 0
2579 202b30353330 s = -1 47 37 17 27 6 77 3 222 -7 -12345
2579 202b30353330 z = -1 0 0 0 0 0 0 0 0 0 0
2579 20555443 s = -1 47 37 17 27 6 77 3 222 -7 -12345
2579 20555443 z = -1 0 0 0 0 0 0 0 0 0 0
2579 53756e64617973 s = -1 47 37 17 27 6 77 3 222 -7 -12345
2579 53756e64617973 z = -1 0 0 0 0 0 0 0 0 0 0
2579 4d6179646179 s = -1 47 37 17 27 6 77 3 222 -7 -12345
2579 4d6179646179 z = -1 0 0 0 0 0 0 0 0 0 0
2579 5361742e s = -1 47 37 17 27 6 77 3 222 -7 -12345
2579 5361742e z = -1 0 0 0 0 0 0 0 0 0 0
2579 444543 s = -1 47 37 17 27 6 77 3 222 -7 -12345
2579 444543 z = -1 0 0 0 0 0 0 0 0 0 0
2579 446563656d6265 s = -1 47 37 17 27 6 77 3 222 -7 -12345
2579 446563656d6265 z = -1 0 0 0 0 0 0 0 0 0 0
2559 - s = -1 47 37 17 27 6 77 3 222 -7 -12345
2559 - z = -1 0 0 0 0 0 0 0 0 0 0
2559 20 s = -1 47 37 17 27 6 77 3 222 -7 -12345
2559 20 z = -1 0 0 0 0 0 0 0 0 0 0
2559 30 s = 1 47 37 17 27 6 -1900 4 208 -7 -12345
2559 30 z = 1 0 0 0 0 0 -1900 6 -1 0 0
2559 3030 s = 2 47 37 17 27 6 -1900 4 208 -7 -12345
2559 3030 z = 2 0 0 0 0 0 -1900 6 -1 0 0
2559 303030 s = 3 47 37 17 27 6 -1900 4 208 -7 -12345
2559 303030 z = 3 0 0 0 0 0 -1900 6 -1 0 0
2559 31 s = 1 47 37 17 27 6 -1899 5 207 -7 -12345
2559 31 z = 1 0 0 0 0 0 -1899 0 -1 0 0
2559 3031 s = 2 47 37 17 27 6 -1899 5 207 -7 -12345
2559 3031 z = 2 0 0 0 0 0 -1899 0 -1 0 0
2559 303031 s = 3 47 37 17 27 6 -1899 5 207 -7 -12345
2559 303031 z = 3 0 0 0 0 0 -1899 0 -1 0 0
2559 37 s = 1 47 37 17 27 6 -1893 5 207 -7 -12345
2559 37 z = 1 0 0 0 0 0 -1893 0 -1 0 0
2559 39 s = 1 47 37 17 27 6 -1891 1 207 -7 -12345
2559 39 z = 1 0 0 0 0 0 -1891 3 -1 0 0
2559 3132 s = 2 47 37 17 27 6 -1888 5 208 -7 -12345
2559 3132 z = 2 0 0 0 0 0 -1888 6 -1 0 0
2559 3133 s = 2 47 37 17 27 6 -1887 6 207 -7 -12345
2559 3133 z = 2 0 0 0 0 0 -1887 1 -1 0 0
2559 3233 s = 2 47 37 17 27 6 -1877 4 207 -7 -12345
2559 3233 z = 2 0 0 0 0 0 -1877 6 -1 0 0
2559 3234 s = 2 47 37 17 27 6 -1876 6 208 -7 -12345
2559 3234 z = 2 0 0 0 0 0 -1876 0 -1 0 0
2559 3331 s = 2 47 37 17 27 6 -1869 0 207 -7 -12345
2559 3331 z = 2 0 0 0 0 0 -1869 2 -1 0 0
2559 3332 s = 2 47 37 17 27 6 -1868 2 208 -7 -12345
2559 3332 z = 2 0 0 0 0 0 -1868 3 -1 0 0
2559 3533 s = 2 47 37 17 27 6 -1847 0 207 -7 -12345
2559 3533 z = 2 0 0 0 0 0 -1847 2 -1 0 0
2559 3534 s = 2 47 37 17 27 6 -1846 1 207 -7 -12345
2559 3534 z = 2 0 0 0 0 0 -1846 3 -1 0 0
2559 3539 s = 2 47 37 17 27 6 -1841 0 207 -7 -12345
2559 3539 z = 2 0 0 0 0 0 -1841 2 -1 0 0
2559 3630 s = 2 47 37 17 27 6 -1840 2 208 -7 -12345
2559 3630 z = 2 0 0 0 0 0 -1840 3 -1 0 0
2559 3631 s = 2 47 37 17 27 6 -1839 3 207 -7 -12345
2559 3631 z = 2 0 0 0 0 0 -1839 5 -1 0 0
2559 3632 s = 2 47 37 17 27 6 -1838 4 207 -7 -12345
2559 3632 z = 2 0 0 0 0 0 -1838 6 -1 0 0
2559 3639 s = 2 47 37 17 27 6 -1831 6 207 -7 -12345
2559 3639 z = 2 0 0 0 0 0 -1831 1 -1 0 0
2559 3939 s = 2 47 37 17 27 6 -1801 1 207 -7 -12345
2559 3939 z = 2 0 0 0 0 0 -1801 3 -1 0 0
2559 313030 s = 3 47 37 17 27 6 -1800 2 207 -7 -12345
2559 313030 z = 3 0 0 0 0 0 -1800 4 -1 0 0
2559 313233 s = 3 47 37 17 27 6 -1777 2 207 -7 -12345
2559 313233 z = 3 0 0 0 0 0 -1777 4 -1 0 0
2559 333636 s = 3 47 37 17 27 6 -1534 3 207 -7 -12345
2559 333636 z = 3 0 0 0 0 0 -1534 5 -1 0 0
2559 333637 s = 3 47 37 17 27 6 -1533 4 207 -7 -12345
2559 333637 z = 3 0 0 0 0 0 -1533 6 -1 0 0
2559 31393639 s = 4 47 37 17 27 6 69 0 207 -7 -12345
2559 31393639 z = 4 0 0 0 0 0 69 2 -1 0 0
2559 32303236 s = 4 47 37 17 27 6 126 1 207 -7 -12345
2559 32303236 z = 4 0 0 0 0 0 126 3 -1 0 0
2559 39393939 s = 4 47 37 17 27 6 8099 2 207 -7 -12345
2559 39393939 z = 4 0 0 0 0 0 8099 4 -1 0 0
2559 3130303030 s = 4 47 37 17 27 6 -900 0 207 -7 -12345
2559 3130303030 z = 4 0 0 0 0 0 -900 2 -1 0 0
2559 3132333435 s = 4 47 37 17 27 6 -666 4 207 -7 -12345
2559 3132333435 z = 4 0 0 0 0 0 -666 6 -1 0 0
2559 2035 s = 2 47 37 17 27 6 -1895 3 207 -7 -12345
2559 2035 z = 2 0 0 0 0 0 -1895 5 -1 0 0
2559 2020313778 s = 4 47 37 17 27 6 -1883 4 207 -7 -12345
2559 2020313778 z = 4 0 0 0 0 0 -1883 6 -1 0 0
2559 0938 s = 2 47 37 17 27 6 -1892 0 208 -7 -12345
2559 0938 z = 2 0 0 0 0 0 -1892 1 -1 0 0
2559 0a39 s = 2 47 37 17 27 6 -1891 1 207 -7 -12345
2559 0a39 z = 2 0 0 0 0 0 -1891 3 -1 0 0
2559 0b33 s = 2 47 37 17 27 6 -1897 0 207 -7 -12345
2559 0b33 z = 2 0 0 0 0 0 -1897 2 -1 0 0
2559 2d31 s = -1 47 37 17 27 6 77 3 222 -7 -12345
2559 2d31 z = -1 0 0 0 0 0 0 0 0 0 0
2559 2b31 s = -1 47 37 17 27 6 77 3 222 -7 -12345
2559 2b31 z = -1 0 0 0 0 0 0 0 0 0 0
2559 4d6f6e s = -1 47 37 17 27 6 77 3 222 -7 -12345
2559 4d6f6e z = -1 0 0 0 0 0 0 0 0 0 0
2559 6d6f6e646179 s = -1 47 37 17 27 6 77 3 222 -7 -12345
2559 6d6f6e646179 z = -1 0 0 0 0 0 0 0 0 0 0
2559 54554553444159 s = -1 47 37 17 27 6 77 3 222 -7 -12345
2559 54554553444159 z = -1 0 0 0 0 0 0 0 0 0 0
2559 776564 s = -1 47 37 17 27 6 77 3 222 -7 -12345
2559 776564 z = -1 0 0 0 0 0 0 0 0 0 0
2559 5468757273 s = -1 47 37 17 27 6 77 3 222 -7 -12345
2559 5468757273 z = -1 0 0 0 0 0 0 0 0 0 0
2559 536570 s = -1 47 37 17 27 6 77 3 222 -7 -12345
2559 536570 z = -1 0 0 0 0 0 0 0 0 0 0
2559 73657074656d626572 s = -1 47 37 17 27 6 77 3 222 -7 -12345
2559 73657074656d626572 z = -1 0 0 0 0 0 0 0 0 0 0
2559 53657074 s = -1 47 37 17 27 6 77 3 222 -7 -12345
2559 53657074 z = -1 0 0 0 0 0 0 0 0 0 0
2559 4d4159 s = -1 47 37 17 27 6 77 3 222 -7 -12345
2559 4d4159 z = -1 0 0 0 0 0 0 0 0 0 0
2559 414d s = -1 47 37 17 27 6 77 3 222 -7 -12345
2559 414d z = -1 0 0 0 0 0 0 0 0 0 0
2559 706d s = -1 47 37 17 27 6 77 3 222 -7 -12345
2559 706d z = -1 0 0 0 0 0 0 0 0 0 0
2559 612e6d2e s = -1 47 37 17 27 6 77 3 222 -7 -12345
2559 612e6d2e z = -1 0 0 0 0 0 0 0 0 0 0
2559 50 s = -1 47 37 17 27 6 77 3 222 -7 -12345
2559 50 z = -1 0 0 0 0 0 0 0 0 0 0
2559 5a s = -1 47 37 17 27 6 77 3 222 -7 -12345
2559 5a z = -1 0 0 0 0 0 0 0 0 0 0
2559 2b3035 s = -1 47 37 17 27 6 77 3 222 -7 -12345
2559 2b3035 z = -1 0 0 0 0 0 0 0 0 0 0
2559 2d30383030 s = -1 47 37 17 27 6 77 3 222 -7 -12345
2559 2d30383030 z = -1 0 0 0 0 0 0 0 0 0 0
2559 2b30353a3330 s = -1 47 37 17 27 6 77 3 222 -7 -12345
2559 2b30353a3330 z = -1 0 0 0 0 0 0 0 0 0 0
2559 2b30353630 s = -1 47 37 17 27 6 77 3 222 -7 -12345
2559 2b30353630 z = -1 0 0 0 0 0 0 0 0 0 0
2559 2b35 s = -1 47 37 17 27 6 77 3 222 -7 -12345
2559 2b35 z = -1 0 0 0 0 0 0 0 0 0 0
2559 2b313233 s = -1 47 37 17 27 6 77 3 222 -7 -12345
2559 2b313233 z = -1 0 0 0 0 0 0 0 0 0 0
2559 2d31323a33 s = -1 47 37 17 27 6 77 3 222 -7 -12345
2559 2d31323a33 z = -1 0 0 0 0 0 0 0 0 0 0
2559 555443 s = -1 47 37 17 27 6 77 3 222 -7 -12345
2559 555443 z = -1 0 0 0 0 0 0 0 0 0 0
2559 455354354544542078 s = -1 47 37 17 27 6 77 3 222 -7 -12345
2559 455354354544542078 z = -1 0 0 0 0 0 0 0 0 0 0
2559 25 s = -1 47 37 17 27 6 77 3 222 -7 -12345
2559 25 z = -1 0 0 0 0 0 0 0 0 0 0
2559 2578 s = -1 47 37 17 27 6 77 3 222 -7 -12345
2559 2578 z = -1 0 0 0 0 0 0 0 0 0 0
2559 78 s = -1 47 37 17 27 6 77 3 222 -7 -12345
2559 78 z = -1 0 0 0 0 0 0 0 0 0 0
2559 31373237353139373030 s = 4 47 37 17 27 6 -173 0 207 -7 -12345
2559 31373237353139373030 z = 4 0 0 0 0 0 -173 2 -1 0 0
2559 2d35 s = -1 47 37 17 27 6 77 3 222 -7 -12345
2559 2d35 z = -1 0 0 0 0 0 0 0 0 0 0
2559 3939393939393939393939393939393939393939 s = 4 47 37 17 27 6 8099 2 207 -7 -12345
2559 3939393939393939393939393939393939393939 z = 4 0 0 0 0 0 8099 4 -1 0 0
2559 31323a33343a3536 s = 2 47 37 17 27 6 -1888 5 208 -7 -12345
2559 31323a33343a3536 z = 2 0 0 0 0 0 -1888 6 -1 0 0
2559 323032362d30392d3238 s = 4 47 37 17 27 6 126 1 207 -7 -12345
2559 323032362d30392d3238 z = 4 0 0 0 0 0 126 3 -1 0 0
2559 30392f32382f3236 s = 2 47 37 17 27 6 -1891 1 207 -7 -12345
2559 30392f32382f3236 z = 2 0 0 0 0 0 -1891 3 -1 0 0
2559 4d6f6e205365702032382031303a33353a30302032303236 s = -1 47 37 17 27 6 77 3 222 -7 -12345
2559 4d6f6e205365702032382031303a33353a30302032303236 z = -1 0 0 0 0 0 0 0 0 0 0
2559 31303a33353a303020504d s = 2 47 37 17 27 6 -1890 2 207 -7 -12345
2559 31303a33353a303020504d z = 2 0 0 0 0 0 -1890 4 -1 0 0
2559 204d6f6e s = -1 47 37 17 27 6 77 3 222 -7 -12345
2559 204d6f6e z = -1 0 0 0 0 0 0 0 0 0 0
2559 09536570 s = -1 47 37 17 27 6 77 3 222 -7 -12345
2559 09536570 z = -1 0 0 0 0 0 0 0 0 0 0
2559 20706d s = -1 47 37 17 27 6 77 3 222 -7 -12345
2559 20706d z = -1 0 0 0 0 0 0 0 0 0 0
2559 205a s = -1 47 37 17 27 6 77 3 222 -7 -12345
2559 205a z = -1 0 0 0 0 0 0 0 0 0 0
2559 202b30353330 s = -1 47 37 17 27 6 77 3 222 -7 -12345
2559 202b30353330 z = -1 0 0 0 0 0 0 0 0 0 0
2559 20555443 s = -1 47 37 17 27 6 77 3 222 -7 -12345
2559 20555443 z = -1 0 0 0 0 0 0 0 0 0 0
2559 53756e64617973 s = -1 47 37 17 27 6 77 3 222 -7 -12345
2559 53756e64617973 z = -1 0 0 0 0 0 0 0 0 0 0
2559 4d6179646179 s = -1 47 37 17 27 6 77 3 222 -7 -12345
2559 4d6179646179 z = -1 0 0 0 0 0 0 0 0 0 0
2559 5361742e s = -1 47 37 17 27 6 77 3 222 -7 -12345
2559 5361742e z = -1 0 0 0 0 0 0 0 0 0 0
2559 444543 s = -1 47 37 17 27 6 77 3 222 -7 -12345
2559 444543 z = -1 0 0 0 0 0 0 0 0 0 0
2559 446563656d6265 s = -1 47 37 17 27 6 77 3 222 -7 -12345
2559 446563656d6265 z = -1 0 0 0 0 0 0 0 0 0 0
257a - s = -1 47 37 17 27 6 77 3 222 -7 -12345
257a - z = -1 0 0 0 0 0 0 0 0 0 0
257a 20 s = -1 47 37 17 27 6 77 3 222 -7 -12345
257a 20 z = -1 0 0 0 0 0 0 0 0 0 0
257a 30 s = -1 47 37 17 27 6 77 3 222 -7 -12345
257a 30 z = -1 0 0 0 0 0 0 0 0 0 0
257a 3030 s = -1 47 37 17 27 6 77 3 222 -7 -12345
257a 3030 z = -1 0 0 0 0 0 0 0 0 0 0
257a 303030 s = -1 47 37 17 27 6 77 3 222 -7 -12345
257a 303030 z = -1 0 0 0 0 0 0 0 0 0 0
257a 31 s = -1 47 37 17 27 6 77 3 222 -7 -12345
257a 31 z = -1 0 0 0 0 0 0 0 0 0 0
257a 3031 s = -1 47 37 17 27 6 77 3 222 -7 -12345
257a 3031 z = -1 0 0 0 0 0 0 0 0 0 0
257a 303031 s = -1 47 37 17 27 6 77 3 222 -7 -12345
257a 303031 z = -1 0 0 0 0 0 0 0 0 0 0
257a 37 s = -1 47 37 17 27 6 77 3 222 -7 -12345
257a 37 z = -1 0 0 0 0 0 0 0 0 0 0
257a 39 s = -1 47 37 17 27 6 77 3 222 -7 -12345
257a 39 z = -1 0 0 0 0 0 0 0 0 0 0
257a 3132 s = -1 47 37 17 27 6 77 3 222 -7 -12345
257a 3132 z = -1 0 0 0 0 0 0 0 0 0 0
257a 3133 s = -1 47 37 17 27 6 77 3 222 -7 -12345
257a 3133 z = -1 0 0 0 0 0 0 0 0 0 0
257a 3233 s = -1 47 37 17 27 6 77 3 222 -7 -12345
257a 3233 z = -1 0 0 0 0 0 0 0 0 0 0
257a 3234 s = -1 47 37 17 27 6 77 3 222 -7 -12345
257a 3234 z = -1 0 0 0 0 0 0 0 0 0 0
257a 3331 s = -1 47 37 17 27 6 77 3 222 -7 -12345
257a 3331 z = -1 0 0 0 0 0 0 0 0 0 0
257a 3332 s = -1 47 37 17 27 6 77 3 222 -7 -12345
257a 3332 z = -1 0 0 0 0 0 0 0 0 0 0
257a 3533 s = -1 47 37 17 27 6 77 3 222 -7 -12345
257a 3533 z = -1 0 0 0 0 0 0 0 0 0 0
257a 3534 s = -1 47 37 17 27 6 77 3 222 -7 -12345
257a 3534 z = -1 0 0 0 0 0 0 0 0 0 0
257a 3539 s = -1 47 37 17 27 6 77 3 222 -7 -12345
257a 3539 z = -1 0 0 0 0 0 0 0 0 0 0
257a 3630 s = -1 47 37 17 27 6 77 3 222 -7 -12345
257a 3630 z = -1 0 0 0 0 0 0 0 0 0 0
257a 3631 s = -1 47 37 17 27 6 77 3 222 -7 -12345
257a 3631 z = -1 0 0 0 0 0 0 0 0 0 0
257a 3632 s = -1 47 37 17 27 6 77 3 222 -7 -12345
257a 3632 z = -1 0 0 0 0 0 0 0 0 0 0
257a 3639 s = -1 47 37 17 27 6 77 3 222 -7 -12345
257a 3639 z = -1 0 0 0 0 0 0 0 0 0 0
257a 3939 s = -1 47 37 17 27 6 77 3 222 -7 -12345
257a 3939 z = -1 0 0 0 0 0 0 0 0 0 0
257a 313030 s = -1 47 37 17 27 6 77 3 222 -7 -12345
257a 313030 z = -1 0 0 0 0 0 0 0 0 0 0
257a 313233 s = -1 47 37 17 27 6 77 3 222 -7 -12345
257a 313233 z = -1 0 0 0 0 0 0 0 0 0 0
257a 333636 s = -1 47 37 17 27 6 77 3 222 -7 -12345
257a 333636 z = -1 0 0 0 0 0 0 0 0 0 0
257a 333637 s = -1 47 37 17 27 6 77 3 222 -7 -12345
257a 333637 z = -1 0 0 0 0 0 0 0 0 0 0
257a 31393639 s = -1 47 37 17 27 6 77 3 222 -7 -12345
257a 31393639 z = -1 0 0 0 0 0 0 0 0 0 0
257a 32303236 s = -1 47 37 17 27 6 77 3 222 -7 -12345
257a 32303236 z = -1 0 0 0 0 0 0 0 0 0 0
257a 39393939 s = -1 47 37 17 27 6 77 3 222 -7 -12345
257a 39393939 z = -1 0 0 0 0 0 0 0 0 0 0
257a 3130303030 s = -1 47 37 17 27 6 77 3 222 -7 -12345
257a 3130303030 z = -1 0 0 0 0 0 0 0 0 0 0
257a 3132333435 s = -1 47 37 17 27 6 77 3 222 -7 -12345
257a 3132333435 z = -1 0 0 0 0 0 0 0 0 0 0
257a 2035 s = -1 47 37 17 27 6 77 3 222 -7 -12345
257a 2035 z = -1 0 0 0 0 0 0 0 0 0 0
257a 2020313778 s = -1 47 37 17 27 6 77 3 222 -7 -12345
257a 2020313778 z = -1 0 0 0 0 0 0 0 0 0 0
257a 0938 s = -1 47 37 17 27 6 77 3 222 -7 -12345
257a 0938 z = -1 0 0 0 0 0 0 0 0 0 0
257a 0a39 s = -1 47 37 17 27 6 77 3 222 -7 -12345
257a 0a39 z = -1 0 0 0 0 0 0 0 0 0 0
257a 0b33 s = -1 47 37 17 27 6 77 3 222 -7 -12345
257a 0b33 z = -1 0 0 0 0 0 0 0 0 0 0
257a 2d31 s = -1 47 37 17 27 6 77 3 222 -7 -12345
257a 2d31 z = -1 0 0 0 0 0 0 0 0 0 0
257a 2b31 s = -1 47 37 17 27 6 77 3 222 -7 -12345
257a 2b31 z = -1 0 0 0 0 0 0 0 0 0 0
257a 4d6f6e s = -1 47 37 17 27 6 77 3 222 -7 -12345
257a 4d6f6e z = -1 0 0 0 0 0 0 0 0 0 0
257a 6d6f6e646179 s = -1 47 37 17 27 6 77 3 222 -7 -12345
257a 6d6f6e646179 z = -1 0 0 0 0 0 0 0 0 0 0
257a 54554553444159 s = -1 47 37 17 27 6 77 3 222 -7 -12345
257a 54554553444159 z = -1 0 0 0 0 0 0 0 0 0 0
257a 776564 s = -1 47 37 17 27 6 77 3 222 -7 -12345
257a 776564 z = -1 0 0 0 0 0 0 0 0 0 0
257a 5468757273 s = -1 47 37 17 27 6 77 3 222 -7 -12345
257a 5468757273 z = -1 0 0 0 0 0 0 0 0 0 0
257a 536570 s = -1 47 37 17 27 6 77 3 222 -7 -12345
257a 536570 z = -1 0 0 0 0 0 0 0 0 0 0
257a 73657074656d626572 s = -1 47 37 17 27 6 77 3 222 -7 -12345
257a 73657074656d626572 z = -1 0 0 0 0 0 0 0 0 0 0
257a 53657074 s = -1 47 37 17 27 6 77 3 222 -7 -12345
257a 53657074 z = -1 0 0 0 0 0 0 0 0 0 0
257a 4d4159 s = -1 47 37 17 27 6 77 3 222 -7 -12345
257a 4d4159 z = -1 0 0 0 0 0 0 0 0 0 0
257a 414d s = -1 47 37 17 27 6 77 3 222 -7 -12345
257a 414d z = -1 0 0 0 0 0 0 0 0 0 0
257a 706d s = -1 47 37 17 27 6 77 3 222 -7 -12345
257a 706d z = -1 0 0 0 0 0 0 0 0 0 0
257a 612e6d2e s = -1 47 37 17 27 6 77 3 222 -7 -12345
257a 612e6d2e z = -1 0 0 0 0 0 0 0 0 0 0
257a 50 s = -1 47 37 17 27 6 77 3 222 -7 -12345
257a 50 z = -1 0 0 0 0 0 0 0 0 0 0
257a 5a s = 1 47 37 17 27 6 77 3 222 -7 0
257a 5a z = 1 0 0 0 0 0 0 0 0 0 0
257a 2b3035 s = 3 47 37 17 27 6 77 3 222 -7 18000
257a 2b3035 z = 3 0 0 0 0 0 0 0 0 0 18000
257a 2d30383030 s = 5 47 37 17 27 6 77 3 222 -7 -28800
257a 2d30383030 z = 5 0 0 0 0 0 0 0 0 0 -28800
257a 2b30353a3330 s = 6 47 37 17 27 6 77 3 222 -7 19800
257a 2b30353a3330 z = 6 0 0 0 0 0 0 0 0 0 19800
257a 2b30353630 s = -1 47 37 17 27 6 77 3 222 -7 -12345
257a 2b30353630 z = -1 0 0 0 0 0 0 0 0 0 0
257a 2b35 s = -1 47 37 17 27 6 77 3 222 -7 -12345
257a 2b35 z = -1 0 0 0 0 0 0 0 0 0 0
257a 2b313233 s = -1 47 37 17 27 6 77 3 222 -7 -12345
257a 2b313233 z = -1 0 0 0 0 0 0 0 0 0 0
257a 2d31323a33 s = -1 47 37 17 27 6 77 3 222 -7 -12345
257a 2d31323a33 z = -1 0 0 0 0 0 0 0 0 0 0
257a 555443 s = -1 47 37 17 27 6 77 3 222 -7 -12345
257a 555443 z = -1 0 0 0 0 0 0 0 0 0 0
257a 455354354544542078 s = -1 47 37 17 27 6 77 3 222 -7 -12345
257a 455354354544542078 z = -1 0 0 0 0 0 0 0 0 0 0
257a 25 s = -1 47 37 17 27 6 77 3 222 -7 -12345
257a 25 z = -1 0 0 0 0 0 0 0 0 0 0
257a 2578 s = -1 47 37 17 27 6 77 3 222 -7 -12345
257a 2578 z = -1 0 0 0 0 0 0 0 0 0 0
257a 78 s = -1 47 37 17 27 6 77 3 222 -7 -12345
257a 78 z = -1 0 0 0 0 0 0 0 0 0 0
257a 31373237353139373030 s = -1 47 37 17 27 6 77 3 222 -7 -12345
257a 31373237353139373030 z = -1 0 0 0 0 0 0 0 0 0 0
257a 2d35 s = -1 47 37 17 27 6 77 3 222 -7 -12345
257a 2d35 z = -1 0 0 0 0 0 0 0 0 0 0
257a 3939393939393939393939393939393939393939 s = -1 47 37 17 27 6 77 3 222 -7 -12345
257a 3939393939393939393939393939393939393939 z = -1 0 0 0 0 0 0 0 0 0 0
257a 31323a33343a3536 s = -1 47 37 17 27 6 77 3 222 -7 -12345
257a 31323a33343a3536 z = -1 0 0 0 0 0 0 0 0 0 0
257a 323032362d30392d3238 s = -1 47 37 17 27 6 77 3 222 -7 -12345
257a 323032362d30392d3238 z = -1 0 0 0 0 0 0 0 0 0 0
257a 30392f32382f3236 s = -1 47 37 17 27 6 77 3 222 -7 -12345
257a 30392f32382f3236 z = -1 0 0 0 0 0 0 0 0 0 0
257a 4d6f6e205365702032382031303a33353a30302032303236 s = -1 47 37 17 27 6 77 3 222 -7 -12345
257a 4d6f6e205365702032382031303a33353a30302032303236 z = -1 0 0 0 0 0 0 0 0 0 0
257a 31303a33353a303020504d s = -1 47 37 17 27 6 77 3 222 -7 -12345
257a 31303a33353a303020504d z = -1 0 0 0 0 0 0 0 0 0 0
257a 204d6f6e s = -1 47 37 17 27 6 77 3 222 -7 -12345
257a 204d6f6e z = -1 0 0 0 0 0 0 0 0 0 0
257a 09536570 s = -1 47 37 17 27 6 77 3 222 -7 -12345
257a 09536570 z = -1 0 0 0 0 0 0 0 0 0 0
257a 20706d s = -1 47 37 17 27 6 77 3 222 -7 -12345
257a 20706d z = -1 0 0 0 0 0 0 0 0 0 0
257a 205a s = 2 47 37 17 27 6 77 3 222 -7 0
257a 205a z = 2 0 0 0 0 0 0 0 0 0 0
257a 202b30353330 s = 6 47 37 17 27 6 77 3 222 -7 19800
257a 202b30353330 z = 6 0 0 0 0 0 0 0 0 0 19800
257a 20555443 s = -1 47 37 17 27 6 77 3 222 -7 -12345
257a 20555443 z = -1 0 0 0 0 0 0 0 0 0 0
257a 53756e64617973 s = -1 47 37 17 27 6 77 3 222 -7 -12345
257a 53756e64617973 z = -1 0 0 0 0 0 0 0 0 0 0
257a 4d6179646179 s = -1 47 37 17 27 6 77 3 222 -7 -12345
257a 4d6179646179 z = -1 0 0 0 0 0 0 0 0 0 0
257a 5361742e s = -1 47 37 17 27 6 77 3 222 -7 -12345
257a 5361742e z = -1 0 0 0 0 0 0 0 0 0 0
257a 444543 s = -1 47 37 17 27 6 77 3 222 -7 -12345
257a 444543 z = -1 0 0 0 0 0 0 0 0 0 0
257a 446563656d6265 s = -1 47 37 17 27 6 77 3 222 -7 -12345
257a 446563656d6265 z = -1 0 0 0 0 0 0 0 0 0 0
255a - s = 0 47 37 17 27 6 77 3 222 -7 -12345
255a - z = 0 0 0 0 0 0 0 0 0 0 0
255a 20 s = 1 47 37 17 27 6 77 3 222 -7 -12345
255a 20 z = 1 0 0 0 0 0 0 0 0 0 0
255a 30 s = 1 47 37 17 27 6 77 3 222 -7 -12345
255a 30 z = 1 0 0 0 0 0 0 0 0 0 0
255a 3030 s = 2 47 37 17 27 6 77 3 222 -7 -12345
255a 3030 z = 2 0 0 0 0 0 0 0 0 0 0
255a 303030 s = 3 47 37 17 27 6 77 3 222 -7 -12345
255a 303030 z = 3 0 0 0 0 0 0 0 0 0 0
255a 31 s = 1 47 37 17 27 6 77 3 222 -7 -12345
255a 31 z = 1 0 0 0 0 0 0 0 0 0 0
255a 3031 s = 2 47 37 17 27 6 77 3 222 -7 -12345
255a 3031 z = 2 0 0 0 0 0 0 0 0 0 0
255a 303031 s = 3 47 37 17 27 6 77 3 222 -7 -12345
255a 303031 z = 3 0 0 0 0 0 0 0 0 0 0
255a 37 s = 1 47 37 17 27 6 77 3 222 -7 -12345
255a 37 z = 1 0 0 0 0 0 0 0 0 0 0
255a 39 s = 1 47 37 17 27 6 77 3 222 -7 -12345
255a 39 z = 1 0 0 0 0 0 0 0 0 0 0
255a 3132 s = 2 47 37 17 27 6 77 3 222 -7 -12345
255a 3132 z = 2 0 0 0 0 0 0 0 0 0 0
255a 3133 s = 2 47 37 17 27 6 77 3 222 -7 -12345
255a 3133 z = 2 0 0 0 0 0 0 0 0 0 0
255a 3233 s = 2 47 37 17 27 6 77 3 222 -7 -12345
255a 3233 z = 2 0 0 0 0 0 0 0 0 0 0
255a 3234 s = 2 47 37 17 27 6 77 3 222 -7 -12345
255a 3234 z = 2 0 0 0 0 0 0 0 0 0 0
255a 3331 s = 2 47 37 17 27 6 77 3 222 -7 -12345
255a 3331 z = 2 0 0 0 0 0 0 0 0 0 0
255a 3332 s = 2 47 37 17 27 6 77 3 222 -7 -12345
255a 3332 z = 2 0 0 0 0 0 0 0 0 0 0
255a 3533 s = 2 47 37 17 27 6 77 3 222 -7 -12345
255a 3533 z = 2 0 0 0 0 0 0 0 0 0 0
255a 3534 s = 2 47 37 17 27 6 77 3 222 -7 -12345
255a 3534 z = 2 0 0 0 0 0 0 0 0 0 0
255a 3539 s = 2 47 37 17 27 6 77 3 222 -7 -12345
255a 3539 z = 2 0 0 0 0 0 0 0 0 0 0
255a 3630 s = 2 47 37 17 27 6 77 3 222 -7 -12345
255a 3630 z = 2 0 0 0 0 0 0 0 0 0 0
255a 3631 s = 2 47 37 17 27 6 77 3 222 -7 -12345
255a 3631 z = 2 0 0 0 0 0 0 0 0 0 0
255a 3632 s = 2 47 37 17 27 6 77 3 222 -7 -12345
255a 3632 z = 2 0 0 0 0 0 0 0 0 0 0
255a 3639 s = 2 47 37 17 27 6 77 3 222 -7 -12345
255a 3639 z = 2 0 0 0 0 0 0 0 0 0 0
255a 3939 s = 2 47 37 17 27 6 77 3 222 -7 -12345
255a 3939 z = 2 0 0 0 0 0 0 0 0 0 0
255a 313030 s = 3 47 37 17 27 6 77 3 222 -7 -12345
255a 313030 z = 3 0 0 0 0 0 0 0 0 0 0
255a 313233 s = 3 47 37 17 27 6 77 3 222 -7 -12345
255a 313233 z = 3 0 0 0 0 0 0 0 0 0 0
255a 333636 s = 3 47 37 17 27 6 77 3 222 -7 -12345
255a 333636 z = 3 0 0 0 0 0 0 0 0 0 0
255a 333637 s = 3 47 37 17 27 6 77 3 222 -7 -12345
255a 333637 z = 3 0 0 0 0 0 0 0 0 0 0
255a 31393639 s = 4 47 37 17 27 6 77 3 222 -7 -12345
255a 31393639 z = 4 0 0 0 0 0 0 0 0 0 0
255a 32303236 s = 4 47 37 17 27 6 77 3 222 -7 -12345
255a 32303236 z = 4 0 0 0 0 0 0 0 0 0 0
255a 39393939 s = 4 47 37 17 27 6 77 3 222 -7 -12345
255a 39393939 z = 4 0 0 0 0 0 0 0 0 0 0
255a 3130303030 s = 5 47 37 17 27 6 77 3 222 -7 -12345
255a 3130303030 z = 5 0 0 0 0 0 0 0 0 0 0
255a 3132333435 s = 5 47 37 17 27 6 77 3 222 -7 -12345
255a 3132333435 z = 5 0 0 0 0 0 0 0 0 0 0
255a 2035 s = 2 47 37 17 27 6 77 3 222 -7 -12345
255a 2035 z = 2 0 0 0 0 0 0 0 0 0 0
255a 2020313778 s = 5 47 37 17 27 6 77 3 222 -7 -12345
255a 2020313778 z = 5 0 0 0 0 0 0 0 0 0 0
255a 0938 s = 2 47 37 17 27 6 77 3 222 -7 -12345
255a 0938 z = 2 0 0 0 0 0 0 0 0 0 0
255a 0a39 s = 2 47 37 17 27 6 77 3 222 -7 -12345
255a 0a39 z = 2 0 0 0 0 0 0 0 0 0 0
255a 0b33 s = 2 47 37 17 27 6 77 3 222 -7 -12345
255a 0b33 z = 2 0 0 0 0 0 0 0 0 0 0
255a 2d31 s = 2 47 37 17 27 6 77 3 222 -7 -12345
255a 2d31 z = 2 0 0 0 0 0 0 0 0 0 0
255a 2b31 s = 2 47 37 17 27 6 77 3 222 -7 -12345
255a 2b31 z = 2 0 0 0 0 0 0 0 0 0 0
255a 4d6f6e s = 3 47 37 17 27 6 77 3 222 -7 -12345
255a 4d6f6e z = 3 0 0 0 0 0 0 0 0 0 0
255a 6d6f6e646179 s = 6 47 37 17 27 6 77 3 222 -7 -12345
255a 6d6f6e646179 z = 6 0 0 0 0 0 0 0 0 0 0
255a 54554553444159 s = 7 47 37 17 27 6 77 3 222 -7 -12345
255a 54554553444159 z = 7 0 0 0 0 0 0 0 0 0 0
255a 776564 s = 3 47 37 17 27 6 77 3 222 -7 -12345
255a 776564 z = 3 0 0 0 0 0 0 0 0 0 0
255a 5468757273 s = 5 47 37 17 27 6 77 3 222 -7 -12345
255a 5468757273 z = 5 0 0 0 0 0 0 0 0 0 0
255a 536570 s = 3 47 37 17 27 6 77 3 222 -7 -12345
255a 536570 z = 3 0 0 0 0 0 0 0 0 0 0
255a 73657074656d626572 s = 9 47 37 17 27 6 77 3 222 -7 -12345
255a 73657074656d626572 z = 9 0 0 0 0 0 0 0 0 0 0
255a 53657074 s = 4 47 37 17 27 6 77 3 222 -7 -12345
255a 53657074 z = 4 0 0 0 0 0 0 0 0 0 0
255a 4d4159 s = 3 47 37 17 27 6 77 3 222 -7 -12345
255a 4d4159 z = 3 0 0 0 0 0 0 0 0 0 0
255a 414d s = 2 47 37 17 27 6 77 3 222 -7 -12345
255a 414d z = 2 0 0 0 0 0 0 0 0 0 0
255a 706d s = 2 47 37 17 27 6 77 3 222 -7 -12345
255a 706d z = 2 0 0 0 0 0 0 0 0 0 0
255a 612e6d2e s = 4 47 37 17 27 6 77 3 222 -7 -12345
255a 612e6d2e z = 4 0 0 0 0 0 0 0 0 0 0
255a 50 s = 1 47 37 17 27 6 77 3 222 -7 -12345
255a 50 z = 1 0 0 0 0 0 0 0 0 0 0
255a 5a s = 1 47 37 17 27 6 77 3 222 -7 -12345
255a 5a z = 1 0 0 0 0 0 0 0 0 0 0
255a 2b3035 s = 3 47 37 17 27 6 77 3 222 -7 -12345
255a 2b3035 z = 3 0 0 0 0 0 0 0 0 0 0
255a 2d30383030 s = 5 47 37 17 27 6 77 3 222 -7 -12345
255a 2d30383030 z = 5 0 0 0 0 0 0 0 0 0 0
255a 2b30353a3330 s = 6 47 37 17 27 6 77 3 222 -7 -12345
255a 2b30353a3330 z = 6 0 0 0 0 0 0 0 0 0 0
255a 2b30353630 s = 5 47 37 17 27 6 77 3 222 -7 -12345
255a 2b30353630 z = 5 0 0 0 0 0 0 0 0 0 0
255a 2b35 s = 2 47 37 17 27 6 77 3 222 -7 -12345
255a 2b35 z = 2 0 0 0 0 0 0 0 0 0 0
255a 2b313233 s = 4 47 37 17 27 6 77 3 222 -7 -12345
255a 2b313233 z = 4 0 0 0 0 0 0 0 0 0 0
255a 2d31323a33 s = 5 47 37 17 27 6 77 3 222 -7 -12345
255a 2d31323a33 z = 5 0 0 0 0 0 0 0 0 0 0
255a 555443 s = 3 47 37 17 27 6 77 3 222 -7 -12345
255a 555443 z = 3 0 0 0 0 0 0 0 0 0 0
255a 455354354544542078 s = 7 47 37 17 27 6 77 3 222 -7 -12345
255a 455354354544542078 z = 7 0 0 0 0 0 0 0 0 0 0
255a 25 s = 1 47 37 17 27 6 77 3 222 -7 -12345
255a 25 z = 1 0 0 0 0 0 0 0 0 0 0
255a 2578 s = 2 47 37 17 27 6 77 3 222 -7 -12345
255a 2578 z = 2 0 0 0 0 0 0 0 0 0 0
255a 78 s = 1 47 37 17 27 6 77 3 222 -7 -12345
255a 78 z = 1 0 0 0 0 0 0 0 0 0 0
255a 31373237353139373030 s = 10 47 37 17 27 6 77 3 222 -7 -12345
255a 31373237353139373030 z = 10 0 0 0 0 0 0 0 0 0 0
255a 2d35 s = 2 47 37 17 27 6 77 3 222 -7 -12345
255a 2d35 z = 2 0 0 0 0 0 0 0 0 0 0
255a 3939393939393939393939393939393939393939 s = 20 47 37 17 27 6 77 3 222 -7 -12345
255a 3939393939393939393939393939393939393939 z = 20 0 0 0 0 0 0 0 0 0 0
255a 31323a33343a3536 s = 8 47 37 17 27 6 77 3 222 -7 -12345
255a 31323a33343a3536 z = 8 0 0 0 0 0 0 0 0 0 0
255a 323032362d30392d3238 s = 10 47 37 17 27 6 77 3 222 -7 -12345
255a 323032362d30392d3238 z = 10 0 0 0 0 0 0 0 0 0 0
255a 30392f32382f3236 s = 8 47 37 17 27 6 77 3 222 -7 -12345
255a 30392f32382f3236 z = 8 0 0 0 0 0 0 0 0 0 0
255a 4d6f6e205365702032382031303a33353a30302032303236 s = 3 47 37 17 27 6 77 3 222 -7 -12345
255a 4d6f6e205365702032382031303a33353a30302032303236 z = 3 0 0 0 0 0 0 0 0 0 0
255a 31303a33353a303020504d s = 8 47 37 17 27 6 77 3 222 -7 -12345
255a 31303a33353a303020504d z = 8 0 0 0 0 0 0 0 0 0 0
255a 204d6f6e s = 4 47 37 17 27 6 77 3 222 -7 -12345
255a 204d6f6e z = 4 0 0 0 0 0 0 0 0 0 0
255a 09536570 s = 4 47 37 17 27 6 77 3 222 -7 -12345
255a 09536570 z = 4 0 0 0 0 0 0 0 0 0 0
255a 20706d s = 3 47 37 17 27 6 77 3 222 -7 -12345
255a 20706d z = 3 0 0 0 0 0 0 0 0 0 0
255a 205a s = 2 47 37 17 27 6 77 3 222 -7 -12345
255a 205a z = 2 0 0 0 0 0 0 0 0 0 0
255a 202b30353330 s = 6 47 37 17 27 6 77 3 222 -7 -12345
255a 202b30353330 z = 6 0 0 0 0 0 0 0 0 0 0
255a 20555443 s = 4 47 37 17 27 6 77 3 222 -7 -12345
255a 20555443 z = 4 0 0 0 0 0 0 0 0 0 0
255a 53756e64617973 s = 7 47 37 17 27 6 77 3 222 -7 -12345
255a 53756e64617973 z = 7 0 0 0 0 0 0 0 0 0 0
255a 4d6179646179 s = 6 47 37 17 27 6 77 3 222 -7 -12345
255a 4d6179646179 z = 6 0 0 0 0 0 0 0 0 0 0
255a 5361742e s = 4 47 37 17 27 6 77 3 222 -7 -12345
255a 5361742e z = 4 0 0 0 0 0 0 0 0 0 0
255a 444543 s = 3 47 37 17 27 6 77 3 222 -7 -12345
255a 444543 z = 3 0 0 0 0 0 0 0 0 0 0
255a 446563656d6265 s = 7 47 37 17 27 6 77 3 222 -7 -12345
255a 446563656d6265 z = 7 0 0 0 0 0 0 0 0 0 0
2525 - s = -1 47 37 17 27 6 77 3 222 -7 -12345
2525 - z = -1 0 0 0 0 0 0 0 0 0 0
2525 20 s = -1 47 37 17 27 6 77 3 222 -7 -12345
2525 20 z = -1 0 0 0 0 0 0 0 0 0 0
2525 30 s = -1 47 37 17 27 6 77 3 222 -7 -12345
2525 30 z = -1 0 0 0 0 0 0 0 0 0 0
2525 3030 s = -1 47 37 17 27 6 77 3 222 -7 -12345
2525 3030 z = -1 0 0 0 0 0 0 0 0 0 0
2525 303030 s = -1 47 37 17 27 6 77 3 222 -7 -12345
2525 303030 z = -1 0 0 0 0 0 0 0 0 0 0
2525 31 s = -1 47 37 17 27 6 77 3 222 -7 -12345
2525 31 z = -1 0 0 0 0 0 0 0 0 0 0
2525 3031 s = -1 47 37 17 27 6 77 3 222 -7 -12345
2525 3031 z = -1 0 0 0 0 0 0 0 0 0 0
2525 303031 s = -1 47 37 17 27 6 77 3 222 -7 -12345
2525 303031 z = -1 0 0 0 0 0 0 0 0 0 0
2525 37 s = -1 47 37 17 27 6 77 3 222 -7 -12345
2525 37 z = -1 0 0 0 0 0 0 0 0 0 0
2525 39 s = -1 47 37 17 27 6 77 3 222 -7 -12345
2525 39 z = -1 0 0 0 0 0 0 0 0 0 0
2525 3132 s = -1 47 37 17 27 6 77 3 222 -7 -12345
2525 3132 z = -1 0 0 0 0 0 0 0 0 0 0
2525 3133 s = -1 47 37 17 27 6 77 3 222 -7 -12345
2525 3133 z = -1 0 0 0 0 0 0 0 0 0 0
2525 3233 s = -1 47 37 17 27 6 77 3 222 -7 -12345
2525 3233 z = -1 0 0 0 0 0 0 0 0 0 0
2525 3234 s = -1 47 37 17 27 6 77 3 222 -7 -12345
2525 3234 z = -1 0 0 0 0 0 0 0 0 0 0
2525 3331 s = -1 47 37 17 27 6 77 3 222 -7 -12345
2525 3331 z = -1 0 0 0 0 0 0 0 0 0 0
2525 3332 s = -1 47 37 17 27 6 77 3 222 -7 -12345
2525 3332 z = -1 0 0 0 0 0 0 0 0 0 0
2525 3533 s = -1 47 37 17 27 6 77 3 222 -7 -12345
2525 3533 z = -1 0 0 0 0 0 0 0 0 0 0
2525 3534 s = -1 47 37 17 27 6 77 3 222 -7 -12345
2525 3534 z = -1 0 0 0 0 0 0 0 0 0 0
2525 3539 s = -1 47 37 17 27 6 77 3 222 -7 -12345
2525 3539 z = -1 0 0 0 0 0 0 0 0 0 0
2525 3630 s = -1 47 37 17 27 6 77 3 222 -7 -12345
2525 3630 z = -1 0 0 0 0 0 0 0 0 0 0
2525 3631 s = -1 47 37 17 27 6 77 3 222 -7 -12345
2525 3631 z = -1 0 0 0 0 0 0 0 0 0 0
2525 3632 s = -1 47 37 17 27 6 77 3 222 -7 -12345
2525 3632 z = -1 0 0 0 0 0 0 0 0 0 0
2525 3639 s = -1 47 37 17 27 6 77 3 222 -7 -12345
2525 3639 z = -1 0 0 0 0 0 0 0 0 0 0
2525 3939 s = -1 47 37 17 27 6 77 3 222 -7 -12345
2525 3939 z = -1 0 0 0 0 0 0 0 0 0 0
2525 313030 s = -1 47 37 17 27 6 77 3 222 -7 -12345
2525 313030 z = -1 0 0 0 0 0 0 0 0 0 0
2525 313233 s = -1 47 37 17 27 6 77 3 222 -7 -12345
2525 313233 z = -1 0 0 0 0 0 0 0 0 0 0
2525 333636 s = -1 47 37 17 27 6 77 3 222 -7 -12345
2525 333636 z = -1 0 0 0 0 0 0 0 0 0 0
2525 333637 s = -1 47 37 17 27 6 77 3 222 -7 -12345
2525 333637 z = -1 0 0 0 0 0 0 0 0 0 0
2525 31393639 s = -1 47 37 17 27 6 77 3 222 -7 -12345
2525 31393639 z = -1 0 0 0 0 0 0 0 0 0 0
2525 32303236 s = -1 47 37 17 27 6 77 3 222 -7 -12345
2525 32303236 z = -1 0 0 0 0 0 0 0 0 0 0
2525 39393939 s = -1 47 37 17 27 6 77 3 222 -7 -12345
2525 39393939 z = -1 0 0 0 0 0 0 0 0 0 0
2525 3130303030 s = -1 47 37 17 27 6 77 3 222 -7 -12345
2525 3130303030 z = -1 0 0 0 0 0 0 0 0 0 0
2525 3132333435 s = -1 47 37 17 27 6 77 3 222 -7 -12345
2525 3132333435 z = -1 0 0 0 0 0 0 0 0 0 0
2525 2035 s = -1 47 37 17 27 6 77 3 222 -7 -12345
2525 2035 z = -1 0 0 0 0 0 0 0 0 0 0
2525 2020313778 s = -1 47 37 17 27 6 77 3 222 -7 -12345
2525 2020313778 z = -1 0 0 0 0 0 0 0 0 0 0
2525 0938 s = -1 47 37 17 27 6 77 3 222 -7 -12345
2525 0938 z = -1 0 0 0 0 0 0 0 0 0 0
2525 0a39 s = -1 47 37 17 27 6 77 3 222 -7 -12345
2525 0a39 z = -1 0 0 0 0 0 0 0 0 0 0
2525 0b33 s = -1 47 37 17 27 6 77 3 222 -7 -12345
2525 0b33 z = -1 0 0 0 0 0 0 0 0 0 0
2525 2d31 s = -1 47 37 17 27 6 77 3 222 -7 -12345
2525 2d31 z = -1 0 0 0 0 0 0 0 0 0 0
2525 2b31 s = -1 47 37 17 27 6 77 3 222 -7 -12345
2525 2b31 z = -1 0 0 0 0 0 0 0 0 0 0
2525 4d6f6e s = -1 47 37 17 27 6 77 3 222 -7 -12345
2525 4d6f6e z = -1 0 0 0 0 0 0 0 0 0 0
2525 6d6f6e646179 s = -1 47 37 17 27 6 77 3 222 -7 -12345
2525 6d6f6e646179 z = -1 0 0 0 0 0 0 0 0 0 0
2525 54554553444159 s = -1 47 37 17 27 6 77 3 222 -7 -12345
2525 54554553444159 z = -1 0 0 0 0 0 0 0 0 0 0
2525 776564 s = -1 47 37 17 27 6 77 3 222 -7 -12345
2525 776564 z = -1 0 0 0 0 0 0 0 0 0 0
2525 5468757273 s = -1 47 37 17 27 6 77 3 222 -7 -12345
2525 5468757273 z = -1 0 0 0 0 0 0 0 0 0 0
2525 536570 s = -1 47 37 17 27 6 77 3 222 -7 -12345
2525 536570 z = -1 0 0 0 0 0 0 0 0 0 0
2525 73657074656d626572 s = -1 47 37 17 27 6 77 3 222 -7 -12345
2525 73657074656d626572 z = -1 0 0 0 0 0 0 0 0 0 0
2525 53657074 s = -1 47 37 17 27 6 77 3 222 -7 -12345
2525 53657074 z = -1 0 0 0 0 0 0 0 0 0 0
2525 4d4159 s = -1 47 37 17 27 6 77 3 222 -7 -12345
2525 4d4159 z = -1 0 0 0 0 0 0 0 0 0 0
2525 414d s = -1 47 37 17 27 6 77 3 222 -7 -12345
2525 414d z = -1 0 0 0 0 0 0 0 0 0 0
2525 706d s = -1 47 37 17 27 6 77 3 222 -7 -12345
2525 706d z = -1 0 0 0 0 0 0 0 0 0 0
2525 612e6d2e s = -1 47 37 17 27 6 77 3 222 -7 -12345
2525 612e6d2e z = -1 0 0 0 0 0 0 0 0 0 0
2525 50 s = -1 47 37 17 27 6 77 3 222 -7 -12345
2525 50 z = -1 0 0 0 0 0 0 0 0 0 0
2525 5a s = -1 47 37 17 27 6 77 3 222 -7 -12345
2525 5a z = -1 0 0 0 0 0 0 0 0 0 0
2525 2b3035 s = -1 47 37 17 27 6 77 3 222 -7 -12345
2525 2b3035 z = -1 0 0 0 0 0 0 0 0 0 0
2525 2d30383030 s = -1 47 37 17 27 6 77 3 222 -7 -12345
2525 2d30383030 z = -1 0 0 0 0 0 0 0 0 0 0
2525 2b30353a3330 s = -1 47 37 17 27 6 77 3 222 -7 -12345
2525 2b30353a3330 z = -1 0 0 0 0 0 0 0 0 0 0
2525 2b30353630 s = -1 47 37 17 27 6 77 3 222 -7 -12345
2525 2b30353630 z = -1 0 0 0 0 0 0 0 0 0 0
2525 2b35 s = -1 47 37 17 27 6 77 3 222 -7 -12345
2525 2b35 z = -1 0 0 0 0 0 0 0 0 0 0
2525 2b313233 s = -1 47 37 17 27 6 77 3 222 -7 -12345
2525 2b313233 z = -1 0 0 0 0 0 0 0 0 0 0
2525 2d31323a33 s = -1 47 37 17 27 6 77 3 222 -7 -12345
2525 2d31323a33 z = -1 0 0 0 0 0 0 0 0 0 0
2525 555443 s = -1 47 37 17 27 6 77 3 222 -7 -12345
2525 555443 z = -1 0 0 0 0 0 0 0 0 0 0
2525 455354354544542078 s = -1 47 37 17 27 6 77 3 222 -7 -12345
2525 455354354544542078 z = -1 0 0 0 0 0 0 0 0 0 0
2525 25 s = 1 47 37 17 27 6 77 3 222 -7 -12345
2525 25 z = 1 0 0 0 0 0 0 0 0 0 0
2525 2578 s = 1 47 37 17 27 6 77 3 222 -7 -12345
2525 2578 z = 1 0 0 0 0 0 0 0 0 0 0
2525 78 s = -1 47 37 17 27 6 77 3 222 -7 -12345
2525 78 z = -1 0 0 0 0 0 0 0 0 0 0
2525 31373237353139373030 s = -1 47 37 17 27 6 77 3 222 -7 -12345
2525 31373237353139373030 z = -1 0 0 0 0 0 0 0 0 0 0
2525 2d35 s = -1 47 37 17 27 6 77 3 222 -7 -12345
2525 2d35 z = -1 0 0 0 0 0 0 0 0 0 0
2525 3939393939393939393939393939393939393939 s = -1 47 37 17 27 6 77 3 222 -7 -12345
2525 3939393939393939393939393939393939393939 z = -1 0 0 0 0 0 0 0 0 0 0
2525 31323a33343a3536 s = -1 47 37 17 27 6 77 3 222 -7 -12345
2525 31323a33343a3536 z = -1 0 0 0 0 0 0 0 0 0 0
2525 323032362d30392d3238 s = -1 47 37 17 27 6 77 3 222 -7 -12345
2525 323032362d30392d3238 z = -1 0 0 0 0 0 0 0 0 0 0
2525 30392f32382f3236 s = -1 47 37 17 27 6 77 3 222 -7 -12345
2525 30392f32382f3236 z = -1 0 0 0 0 0 0 0 0 0 0
2525 4d6f6e205365702032382031303a33353a30302032303236 s = -1 47 37 17 27 6 77 3 222 -7 -12345
2525 4d6f6e205365702032382031303a33353a30302032303236 z = -1 0 0 0 0 0 0 0 0 0 0
2525 31303a33353a303020504d s = -1 47 37 17 27 6 77 3 222 -7 -12345
2525 31303a33353a303020504d z = -1 0 0 0 0 0 0 0 0 0 0
2525 204d6f6e s = -1 47 37 17 27 6 77 3 222 -7 -12345
2525 204d6f6e z = -1 0 0 0 0 0 0 0 0 0 0
2525 09536570 s = -1 47 37 17 27 6 77 3 222 -7 -12345
2525 09536570 z = -1 0 0 0 0 0 0 0 0 0 0
2525 20706d s = -1 47 37 17 27 6 77 3 222 -7 -12345
2525 20706d z = -1 0 0 0 0 0 0 0 0 0 0
2525 205a s = -1 47 37 17 27 6 77 3 222 -7 -12345
2525 205a z = -1 0 0 0 0 0 0 0 0 0 0
2525 202b30353330 s = -1 47 37 17 27 6 77 3 222 -7 -12345
2525 202b30353330 z = -1 0 0 0 0 0 0 0 0 0 0
2525 20555443 s = -1 47 37 17 27 6 77 3 222 -7 -12345
2525 20555443 z = -1 0 0 0 0 0 0 0 0 0 0
2525 53756e64617973 s = -1 47 37 17 27 6 77 3 222 -7 -12345
2525 53756e64617973 z = -1 0 0 0 0 0 0 0 0 0 0
2525 4d6179646179 s = -1 47 37 17 27 6 77 3 222 -7 -12345
2525 4d6179646179 z = -1 0 0 0 0 0 0 0 0 0 0
2525 5361742e s = -1 47 37 17 27 6 77 3 222 -7 -12345
2525 5361742e z = -1 0 0 0 0 0 0 0 0 0 0
2525 444543 s = -1 47 37 17 27 6 77 3 222 -7 -12345
2525 444543 z = -1 0 0 0 0 0 0 0 0 0 0
2525 446563656d6265 s = -1 47 37 17 27 6 77 3 222 -7 -12345
2525 446563656d6265 z = -1 0 0 0 0 0 0 0 0 0 0
25592d256d2d2564 323032362d30392d3238 s = 10 47 37 17 28 8 126 1 270 -7 -12345
25592d256d2d2564 323032362d30392d3238 z = 10 0 0 0 28 8 126 1 270 0 0
25592d256d2d2564 323032342d30322d3239 s = 10 47 37 17 29 1 124 4 59 -7 -12345
25592d256d2d2564 323032342d30322d3239 z = 10 0 0 0 29 1 124 4 59 0 0
25592d256d2d2564 323032332d30322d3239 s = 10 47 37 17 29 1 123 3 59 -7 -12345
25592d256d2d2564 323032332d30322d3239 z = 10 0 0 0 29 1 123 3 59 0 0
25592d256d2d2564 313939392d31322d333178 s = 10 47 37 17 31 11 99 5 364 -7 -12345
25592d256d2d2564 313939392d31322d333178 z = 10 0 0 0 31 11 99 5 364 0 0
25592d256d2d2564 302d312d31 s = 5 47 37 17 1 0 -1900 0 0 -7 -12345
25592d256d2d2564 302d312d31 z = 5 0 0 0 1 0 -1900 0 0 0 0
25592d256d2d2564 323032362d392d38 s = 8 47 37 17 8 8 126 2 250 -7 -12345
25592d256d2d2564 323032362d392d38 z = 8 0 0 0 8 8 126 2 250 0 0
25592d256d2d2564 32303236202d203039202d203238 s = -1 47 37 17 27 6 126 3 222 -7 -12345
25592d256d2d2564 32303236202d203039202d203238 z = -1 0 0 0 0 0 126 0 0 0 0
25592d256d2d2564 323032362d31332d3031 s = -1 47 37 17 27 6 126 3 222 -7 -12345
25592d256d2d2564 323032362d31332d3031 z = -1 0 0 0 0 0 126 0 0 0 0
25592d256d2d2564 323032362d30302d3130 s = -1 47 37 17 27 6 126 3 222 -7 -12345
25592d256d2d2564 323032362d30302d3130 z = -1 0 0 0 0 0 126 0 0 0 0
25592d256d2d2564 323032362d30312d3030 s = -1 47 37 17 27 0 126 3 222 -7 -12345
25592d256d2d2564 323032362d30312d3030 z = -1 0 0 0 0 0 126 0 0 0 0
2546202554 323032362d30392d32382031303a33353a3030 s = 19 0 35 10 28 8 126 1 270 -7 -12345
2546202554 323032362d30392d32382031303a33353a3030 z = 19 0 35 10 28 8 126 1 270 0 0
2546202554 323032362d30392d32382032333a35393a3630 s = 19 60 59 23 28 8 126 1 270 -7 -12345
2546202554 323032362d30392d32382032333a35393a3630 z = 19 60 59 23 28 8 126 1 270 0 0
2546202554 323032362d30392d32382032343a30303a3030 s = -1 47 37 17 28 8 126 3 222 -7 -12345
2546202554 323032362d30392d32382032343a30303a3030 z = -1 0 0 0 28 8 126 0 0 0 0
2546202554 323032362d30392d32385431303a33353a3030 s = -1 47 37 17 28 8 126 3 222 -7 -12345
2546202554 323032362d30392d32385431303a33353a3030 z = -1 0 0 0 28 8 126 0 0 0 0
2563 4d6f6e205365702032382031303a33353a30302032303236 s = 24 0 35 10 28 8 126 1 270 -7 -12345
2563 4d6f6e205365702032382031303a33353a30302032303236 z = 24 0 35 10 28 8 126 1 270 0 0
2563 6d6f6e207365702032382031303a33353a30302032303236 s = 24 0 35 10 28 8 126 1 270 -7 -12345
2563 6d6f6e207365702032382031303a33353a30302032303236 z = 24 0 35 10 28 8 126 1 270 0 0
2563 4d6f6e6461792053657074656d6265722032382031303a33353a30302032303236 s = 33 0 35 10 28 8 126 1 270 -7 -12345
2563 4d6f6e6461792053657074656d6265722032382031303a33353a30302032303236 z = 33 0 35 10 28 8 126 1 270 0 0
2563 4d6f6e205365702020382030313a30323a30332031393939 s = 24 3 2 1 8 8 99 1 250 -7 -12345
2563 4d6f6e205365702020382030313a30323a30332031393939 z = 24 3 2 1 8 8 99 1 250 0 0
2563 4d6f6e205365702032382031303a33352032303236 s = -1 47 37 17 27 6 77 3 222 -7 -12345
2563 4d6f6e205365702032382031303a33352032303236 z = -1 0 0 0 0 0 0 0 0 0 0
2544 30392f32382f3236 s = 8 47 37 17 28 8 126 1 270 -7 -12345
2544 30392f32382f3236 z = 8 0 0 0 28 8 126 1 270 0 0
2544 392f382f3639 s = 6 47 37 17 8 8 69 1 250 -7 -12345
2544 392f382f3639 z = 6 0 0 0 8 8 69 1 250 0 0
2544 31322f33312f3638 s = 8 47 37 17 31 11 168 1 365 -7 -12345
2544 31322f33312f3638 z = 8 0 0 0 31 11 168 1 365 0 0
2544 31332f30312f3030 s = -1 47 37 17 27 6 77 3 222 -7 -12345
2544 31332f30312f3030 z = -1 0 0 0 0 0 0 0 0 0 0
2578202558 30392f32382f32362031303a33353a3030 s = 17 0 35 10 28 8 126 1 270 -7 -12345
2578202558 30392f32382f32362031303a33353a3030 z = 17 0 35 10 28 8 126 1 270 0 0
2578202558 30312f30312f37302030303a30303a3030 s = 17 0 0 0 1 0 70 4 0 -7 -12345
2578202558 30312f30312f37302030303a30303a3030 z = 17 0 0 0 1 0 70 4 0 0 0
2572 31303a33353a303020504d s = 11 0 35 22 27 6 77 3 222 -7 -12345
2572 31303a33353a303020504d z = 11 0 35 22 0 0 0 0 0 0 0
2572 31323a30303a303020414d s = 11 0 0 0 27 6 77 3 222 -7 -12345
2572 31323a30303a303020414d z = 11 0 0 0 0 0 0 0 0 0 0
2572 31323a30303a303020504d s = 11 0 0 12 27 6 77 3 222 -7 -12345
2572 31323a30303a303020504d z = 11 0 0 12 0 0 0 0 0 0 0
2572 30303a30303a303020414d s = -1 47 37 17 27 6 77 3 222 -7 -12345
2572 30303a30303a303020414d z = -1 0 0 0 0 0 0 0 0 0 0
2572 31333a30303a303020504d s = -1 47 37 17 27 6 77 3 222 -7 -12345
2572 31333a30303a303020504d z = -1 0 0 0 0 0 0 0 0 0 0
2572 30313a30323a303320616d s = 11 3 2 1 27 6 77 3 222 -7 -12345
2572 30313a30323a303320616d z = 11 3 2 1 0 0 0 0 0 0 0
2552 31303a3335 s = 5 47 35 10 27 6 77 3 222 -7 -12345
2552 31303a3335 z = 5 0 35 10 0 0 0 0 0 0 0
2552 32333a3539 s = 5 47 59 23 27 6 77 3 222 -7 -12345
2552 32333a3539 z = 5 0 59 23 0 0 0 0 0 0 0
2552 32343a3030 s = -1 47 37 17 27 6 77 3 222 -7 -12345
2552 32343a3030 z = -1 0 0 0 0 0 0 0 0 0 0
2552 393a35 s = 3 47 5 9 27 6 77 3 222 -7 -12345
2552 393a35 z = 3 0 5 9 0 0 0 0 0 0 0
25493a254d202570 31323a333020414d s = 8 47 30 0 27 6 77 3 222 -7 -12345
25493a254d202570 31323a333020414d z = 8 0 30 0 0 0 0 0 0 0 0
25493a254d202570 31323a333020504d s = 8 47 30 12 27 6 77 3 222 -7 -12345
25493a254d202570 31323a333020504d z = 8 0 30 12 0 0 0 0 0 0 0
25493a254d202570 313a303520706d s = 7 47 5 13 27 6 77 3 222 -7 -12345
25493a254d202570 313a303520706d z = 7 0 5 13 0 0 0 0 0 0 0
25493a254d202570 31313a353920504d s = 8 47 59 23 27 6 77 3 222 -7 -12345
25493a254d202570 31313a353920504d z = 8 0 59 23 0 0 0 0 0 0 0
25493a254d202570 303a333020414d s = -1 47 37 17 27 6 77 3 222 -7 -12345
25493a254d202570 303a333020414d z = -1 0 0 0 0 0 0 0 0 0 0
25493a254d202570 31333a303020504d s = -1 47 37 17 27 6 77 3 222 -7 -12345
25493a254d202570 31333a303020504d z = -1 0 0 0 0 0 0 0 0 0 0
25483a254d202570 31333a333020504d s = 8 47 30 13 27 6 77 3 222 -7 -12345
25483a254d202570 31333a333020504d z = 8 0 30 13 0 0 0 0 0 0 0
25483a254d202570 30313a333020504d s = 8 47 30 1 27 6 77 3 222 -7 -12345
25483a254d202570 30313a333020504d z = 8 0 30 1 0 0 0 0 0 0 0
25483a254d202570 31323a303020414d s = 8 47 0 12 27 6 77 3 222 -7 -12345
25483a254d202570 31323a303020414d z = 8 0 0 12 0 0 0 0 0 0 0
2570202549 504d2033 s = 4 47 37 15 27 6 77 3 222 -7 -12345
2570202549 504d2033 z = 4 0 0 15 0 0 0 0 0 0 0
2570202549 414d203132 s = 5 47 37 0 27 6 77 3 222 -7 -12345
2570202549 414d203132 z = 5 0 0 0 0 0 0 0 0 0 0
25612c2025642025622025592025483a254d3a255320257a 4d6f6e2c2032382053657020323032362031303a33353a3030202b30303030 s = 31 0 35 10 28 8 126 1 270 -7 0
25612c2025642025622025592025483a254d3a255320257a 4d6f6e2c2032382053657020323032362031303a33353a3030202b30303030 z = 31 0 35 10 28 8 126 1 270 0 0
25612c2025642025622025592025483a254d3a255320257a 5475652c2031204a616e20323033302030303a30303a3030202d30353030 s = 30 0 0 0 1 0 130 2 0 -7 -18000
25612c2025642025622025592025483a254d3a255320257a 5475652c2031204a616e20323033302030303a30303a3030202d30353030 z = 30 0 0 0 1 0 130 2 0 0 -18000
25612c2025642025622025592025483a254d3a255320257a 5765642c203032204f637420323030322030383a30303a303020455354 s = -1 0 0 8 2 9 102 3 222 -7 -12345
25612c2025642025622025592025483a254d3a255320257a 5765642c203032204f637420323030322030383a30303a303020455354 z = -1 0 0 8 2 9 102 3 0 0 0
25592d256d2d25645425483a254d3a2553257a 323032362d30392d32385431303a33353a30305a s = 20 0 35 10 28 8 126 1 270 -7 0
25592d256d2d25645425483a254d3a2553257a 323032362d30392d32385431303a33353a30305a z = 20 0 35 10 28 8 126 1 270 0 0
25592d256d2d25645425483a254d3a2553257a 323032362d30392d32385431303a33353a30302b30353a3330 s = 25 0 35 10 28 8 126 1 270 -7 19800
25592d256d2d25645425483a254d3a2553257a 323032362d30392d32385431303a33353a30302b30353a3330 z = 25 0 35 10 28 8 126 1 270 0 19800
25592d256d2d25645425483a254d3a2553257a 323032362d30392d32385431303a33353a30302d3038 s = 22 0 35 10 28 8 126 1 270 -7 -28800
25592d256d2d25645425483a254d3a2553257a 323032362d30392d32385431303a33353a30302d3038 z = 22 0 35 10 28 8 126 1 270 0 -28800
2559202555202577 323032362033382031 s = 9 47 37 17 21 8 126 1 263 -7 -12345
2559202555202577 323032362033382031 z = 9 0 0 0 21 8 126 1 263 0 0
2559202555202577 3230323620302030 s = 8 47 37 17 -3 -1 126 0 -4 -7 -12345
2559202555202577 3230323620302030 z = 8 0 0 0 -3 -1 126 0 -4 0 0
2559202555202577 3230323620302036 s = 8 47 37 17 3 0 126 6 2 -7 -12345
2559202555202577 3230323620302036 z = 8 0 0 0 3 0 126 6 2 0 0
2559202555202577 323032342035332032 s = 9 47 37 17 38 11 124 2 372 -7 -12345
2559202555202577 323032342035332032 z = 9 0 0 0 38 11 124 2 372 0 0
2559202555202577 323032362035322036 s = 9 47 37 17 33 11 126 6 366 -7 -12345
2559202555202577 323032362035322036 z = 9 0 0 0 33 11 126 6 366 0 0
2559202555202577 3230323320312030 s = 8 47 37 17 1 0 123 0 0 -7 -12345
2559202555202577 3230323320312030 z = 8 0 0 0 1 0 123 0 0 0 0
2559202557202561 32303236203339204d6f6e s = 11 47 37 17 28 8 126 1 270 -7 -12345
2559202557202561 32303236203339204d6f6e z = 11 0 0 0 28 8 126 1 270 0 0
2559202557202561 3230323620302053756e s = 10 47 37 17 4 0 126 0 3 -7 -12345
2559202557202561 3230323620302053756e z = 10 0 0 0 4 0 126 0 3 0 0
2559202557202561 323032362031204d6f6e s = 10 47 37 17 5 0 126 1 4 -7 -12345
2559202557202561 323032362031204d6f6e z = 10 0 0 0 5 0 126 1 4 0 0
2559202557202561 3230323720353220467269 s = 11 47 37 17 31 11 127 5 364 -7 -12345
2559202557202561 3230323720353220467269 z = 11 0 0 0 31 11 127 5 364 0 0
2555202577 31302033 s = 4 47 37 17 9 2 77 3 67 -7 -12345
2555202577 31302033 z = 4 0 0 0 14 2 0 3 72 0 0
255920255520257720256d 323032362033382031203035 s = 12 47 37 17 21 4 126 1 263 -7 -12345
255920255520257720256d 323032362033382031203035 z = 12 0 0 0 21 4 126 1 263 0 0
2559202555202577202564 323032362033382031203137 s = 12 47 37 17 17 8 126 1 263 -7 -12345
2559202555202577202564 323032362033382031203137 z = 12 0 0 0 17 8 126 1 263 0 0
255920256a 3230323620323731 s = 8 47 37 17 28 8 126 1 270 -7 -12345
255920256a 3230323620323731 z = 8 0 0 0 28 8 126 1 270 0 0
255920256a 3230323420333636 s = 8 47 37 17 31 11 124 2 365 -7 -12345
255920256a 3230323420333636 z = 8 0 0 0 31 11 124 2 365 0 0
255920256a 3230323320333636 s = 8 47 37 17 32 11 123 1 365 -7 -12345
255920256a 3230323320333636 z = 8 0 0 0 32 11 123 1 365 0 0
255920256a 3230323620303031 s = 8 47 37 17 1 0 126 4 0 -7 -12345
255920256a 3230323620303031 z = 8 0 0 0 1 0 126 4 0 0 0
255920256a 323032362030 s = -1 47 37 17 27 6 126 3 222 -7 -12345
255920256a 323032362030 z = -1 0 0 0 0 0 126 0 0 0 0
255920256a 32303234203630 s = 7 47 37 17 29 1 124 4 59 -7 -12345
255920256a 32303234203630 z = 7 0 0 0 29 1 124 4 59 0 0
255920256a 3230323320333635 s = 8 47 37 17 31 11 123 0 364 -7 -12345
255920256a 3230323320333635 z = 8 0 0 0 31 11 123 0 364 0 0
2543254f79 32303236 s = 4 47 37 17 27 6 100 4 208 -7 -12345
2543254f79 32303236 z = 4 0 0 0 0 0 100 5 -1 0 0
2543254f79 31393639 s = 4 47 37 17 27 6 0 5 207 -7 -12345
2543254f79 31393639 z = 4 0 0 0 0 0 0 0 -1 0 0
254f79202543 3236203230 s = 5 47 37 17 27 6 100 4 208 -7 -12345
254f79202543 3236203230 z = 5 0 0 0 0 0 100 5 -1 0 0
2579202543 3236203230 s = 5 47 37 17 27 6 126 1 207 -7 -12345
2579202543 3236203230 z = 5 0 0 0 0 0 126 3 -1 0 0
2579202543 3639203139 s = 5 47 37 17 27 6 69 0 207 -7 -12345
2579202543 3639203139 z = 5 0 0 0 0 0 69 2 -1 0 0
2548202570 303120504d s = 5 47 37 1 27 6 77 3 222 -7 -12345
2548202570 303120504d z = 5 0 0 1 0 0 0 0 0 0 0
2548202570 313320414d s = 5 47 37 13 27 6 77 3 222 -7 -12345
2548202570 313320414d z = 5 0 0 13 0 0 0 0 0 0 0
2549202548 3033203135 s = 5 47 37 15 27 6 77 3 222 -7 -12345
2549202548 3033203135 z = 5 0 0 15 0 0 0 0 0 0 0
2548202549202570 313520303320504d s = 8 47 37 15 27 6 77 3 222 -7 -12345
2548202549202570 313520303320504d z = 8 0 0 15 0 0 0 0 0 0 0
2549202570202548 303320504d203034 s = 8 47 37 4 27 6 77 3 222 -7 -12345
2549202570202548 303320504d203034 z = 8 0 0 4 0 0 0 0 0 0 0
256d2f25642f25592025493a254d3a2553202570 31322f33312f313939392031313a35393a353920504d s = 22 59 59 23 31 11 99 5 364 -7 -12345
256d2f25642f25592025493a254d3a2553202570 31322f33312f313939392031313a35393a353920504d z = 22 59 59 23 31 11 99 5 364 0 0
256d2f25642f25592025493a254d3a2553202570 30322f32392f323030302031323a30303a303020414d s = 22 0 0 0 29 1 100 2 59 -7 -12345
256d2f25642f25592025493a254d3a2553202570 30322f32392f323030302031323a30303a303020414d z = 22 0 0 0 29 1 100 2 59 0 0
2564202542202559 31204a616e756172792031393730 s = 14 47 37 17 1 0 70 4 0 -7 -12345
2564202542202559 31204a616e756172792031393730 z = 14 0 0 0 1 0 70 4 0 0 0
2564202542202559 333120646563656d6265722039393939 s = 16 47 37 17 31 11 8099 5 364 -7 -12345
2564202542202559 333120646563656d6265722039393939 z = 16 0 0 0 31 11 8099 5 364 0 0
2564202542202559 32392046656272756172792032313030 s = 16 47 37 17 29 1 200 1 59 -7 -12345
2564202542202559 32392046656272756172792032313030 z = 16 0 0 0 29 1 200 1 59 0 0
25592d256d 323032362d3032 s = 7 47 37 17 27 1 126 5 57 -7 -12345
25592d256d 323032362d3032 z = 7 0 0 0 0 1 126 6 30 0 0
25592d256d 323032342d3132 s = 7 47 37 17 27 11 124 5 361 -7 -12345
25592d256d 323032342d3132 z = 7 0 0 0 0 11 124 6 334 0 0
256d 32 s = 1 47 37 17 27 1 77 0 57 -7 -12345
256d 32 z = 1 0 0 0 0 1 0 3 30 0 0
256d 3132 s = 2 47 37 17 27 11 77 2 360 -7 -12345
256d 3132 z = 2 0 0 0 0 11 0 5 333 0 0
2559202557202575 3230323620312031 s = 8 47 37 17 5 0 126 1 4 -7 -12345
2559202557202575 3230323620312031 z = 8 0 0 0 5 0 126 1 4 0 0
2559202557202575 3230323620302037 s = 8 47 37 17 4 0 126 0 3 -7 -12345
2559202557202575 3230323620302037 z = 8 0 0 0 4 0 126 0 3 0 0
2559202557202575 323032312035332035 s = 9 47 37 17 38 11 121 5 371 -7 -12345
2559202557202575 323032312035332035 z = 9 0 0 0 38 11 121 5 371 0 0
2559202557202575 323032362035342031 s = -1 47 37 17 27 6 126 3 222 -7 -12345
2559202557202575 323032362035342031 z = -1 0 0 0 0 0 126 0 0 0 0
2559202555202561202548 32303236203338204d6f6e203130 s = 14 47 37 10 21 8 126 1 263 -7 -12345
2559202555202561202548 32303236203338204d6f6e203130 z = 14 0 0 10 21 8 126 1 263 0 0
2555202559202577 333820323032362031 s = 9 47 37 17 21 8 126 1 263 -7 -12345
2555202559202577 333820323032362031 z = 9 0 0 0 21 8 126 1 263 0 0
2579202555202577 32362033382031 s = 7 47 37 17 21 8 126 1 263 -7 -12345
2579202555202577 32362033382031 z = 7 0 0 0 21 8 126 1 263 0 0
2543202579202555202577 32302032362033382031 s = 10 47 37 17 21 8 126 1 263 -7 -12345
2543202579202555202577 32302032362033382031 z = 10 0 0 0 21 8 126 1 263 0 0
256a 323731 s = 3 47 37 17 27 6 77 3 270 -7 -12345
256a 323731 z = 3 0 0 0 0 0 0 0 270 0 0
256a 3630 s = 2 47 37 17 27 6 77 3 59 -7 -12345
256a 3630 z = 2 0 0 0 0 0 0 0 59 0 0
255920256a20256d 3230323420313030203031 s = 11 47 37 17 9 0 124 2 99 -7 -12345
255920256a20256d 3230323420313030203031 z = 11 0 0 0 9 0 124 2 99 0 0
255920256a202564 3230323420313030203035 s = 11 47 37 17 5 3 124 5 99 -7 -12345
255920256a202564 3230323420313030203035 z = 11 0 0 0 5 3 124 5 99 0 0
25432579 32303236 s = 4 47 37 17 27 6 126 1 207 -7 -12345
25432579 32303236 z = 4 0 0 0 0 0 126 3 -1 0 0
25432579 31393639 s = 4 47 37 17 27 6 69 0 207 -7 -12345
25432579 31393639 z = 4 0 0 0 0 0 69 2 -1 0 0
25432579 31383638 s = 4 47 37 17 27 6 -32 1 208 -7 -12345
25432579 31383638 z = 4 0 0 0 0 0 -32 2 -1 0 0
25432579 30303030 s = 4 47 37 17 27 6 -1900 4 208 -7 -12345
25432579 30303030 z = 4 0 0 0 0 0 -1900 6 -1 0 0
25792543 32363230 s = 4 47 37 17 27 6 126 1 207 -7 -12345
25792543 32363230 z = 4 0 0 0 0 0 126 3 -1 0 0
2543 3230 s = 2 47 37 17 27 6 100 4 208 -7 -12345
2543 3230 z = 2 0 0 0 0 0 100 5 -1 0 0
2543 3139 s = 2 47 37 17 27 6 0 5 207 -7 -12345
2543 3139 z = 2 0 0 0 0 0 0 0 -1 0 0
2543 30 s = 1 47 37 17 27 6 -1900 4 208 -7 -12345
2543 30 z = 1 0 0 0 0 0 -1900 6 -1 0 0
2543202559 31392032303236 s = 7 47 37 17 27 6 0 5 207 -7 -12345
2543202559 31392032303236 z = 7 0 0 0 0 0 0 0 -1 0 0
2579 3638 s = 2 47 37 17 27 6 168 5 208 -7 -12345
2579 3638 z = 2 0 0 0 0 0 168 6 -1 0 0
2579 3639 s = 2 47 37 17 27 6 69 0 207 -7 -12345
2579 3639 z = 2 0 0 0 0 0 69 2 -1 0 0
2579 3030 s = 2 47 37 17 27 6 100 4 208 -7 -12345
2579 3030 z = 2 0 0 0 0 0 100 5 -1 0 0
2559256d25642548254d2553 3230323630393238313033353030 s = 14 0 35 10 28 8 126 1 270 -7 -12345
2559256d25642548254d2553 3230323630393238313033353030 z = 14 0 35 10 28 8 126 1 270 0 0
2559256d25642548254d2553 32303236303932383130333530 s = 13 0 35 10 28 8 126 1 270 -7 -12345
2559256d25642548254d2553 32303236303932383130333530 z = 13 0 35 10 28 8 126 1 270 0 0
2573 30 s = 1 0 0 0 1 0 70 4 0 0 0
2573 30 z = 1 0 0 0 1 0 70 4 0 0 0
2573 31373237353139373030 s = 10 0 35 10 28 8 124 6 271 0 0
2573 31373237353139373030 z = 10 0 35 10 28 8 124 6 271 0 0
2573 2d31 s = -1 47 37 17 27 6 77 3 222 -7 -12345
2573 2d31 z = -1 0 0 0 0 0 0 0 0 0 0
2573 3836333939 s = 5 59 59 23 1 0 70 4 0 0 0
2573 3836333939 z = 5 59 59 23 1 0 70 4 0 0 0
2573 39323233333732303336383534373735383037 s = -1 7 30 15 27 6 219248568 0 222 0 0
2573 39323233333732303336383534373735383037 z = -1 7 30 15 0 0 219248568 0 0 0 0
2573 39323233333732303336383534373735383038 s = -1 52 29 8 27 6 -219248429 0 222 0 0
2573 39323233333732303336383534373735383038 z = -1 52 29 8 0 0 -219248429 0 0 0 0
2573 323533343032333030373939 s = 12 59 59 23 31 11 8099 5 364 0 0
2573 323533343032333030373939 z = 12 59 59 23 31 11 8099 5 364 0 0
2573 3637373637393736323333333136383030 s = 17 0 0 12 29 11 2147481747 0 362 0 0
2573 3637373637393736323333333136383030 z = 17 0 0 12 29 11 2147481747 0 362 0 0
2573202559 302032303236 s = 6 0 0 0 1 0 126 4 0 0 0
2573202559 302032303236 z = 6 0 0 0 1 0 126 4 0 0 0
25652f256d 20382f3039 s = 5 47 37 17 8 8 77 4 250 -7 -12345
25652f256d 20382f3039 z = 5 0 0 0 8 8 0 6 250 0 0
25652f256d 31382f3039 s = 5 47 37 17 18 8 77 0 260 -7 -12345
25652f256d 31382f3039 z = 5 0 0 0 18 8 0 2 260 0 0
256b7c256c 20377c2037 s = 5 47 37 7 27 6 77 3 222 -7 -12345
256b7c256c 20377c2037 z = 5 0 0 7 0 0 0 0 0 0 0
256b7c256c 32337c3132 s = 5 47 37 0 27 6 77 3 222 -7 -12345
256b7c256c 32337c3132 z = 5 0 0 0 0 0 0 0 0 0 0
256b7c256c 377c30 s = -1 47 37 7 27 6 77 3 222 -7 -12345
256b7c256c 377c30 z = -1 0 0 7 0 0 0 0 0 0 0
2564256d2559 3238303932303236 s = 8 47 37 17 28 8 126 1 270 -7 -12345
2564256d2559 3238303932303236 z = 8 0 0 0 28 8 126 1 270 0 0
2564256d2559 32383932303236 s = 7 47 37 17 28 8 126 1 270 -7 -12345
2564256d2559 32383932303236 z = 7 0 0 0 28 8 126 1 270 0 0
256d2564 30393238 s = 4 47 37 17 28 8 77 3 270 -7 -12345
256d2564 30393238 z = 4 0 0 0 28 8 0 5 270 0 0
256d2564 393238 s = 3 47 37 17 28 8 77 3 270 -7 -12345
256d2564 393238 z = 3 0 0 0 28 8 0 5 270 0 0
256d2564 31323331 s = 4 47 37 17 31 11 77 6 364 -7 -12345
256d2564 31323331 z = 4 0 0 0 31 11 0 1 364 0 0
2548254d 31303335 s = 4 47 35 10 27 6 77 3 222 -7 -12345
2548254d 31303335 z = 4 0 35 10 0 0 0 0 0 0 0
2548254d 323335 s = 3 47 5 23 27 6 77 3 222 -7 -12345
2548254d 323335 z = 3 0 5 23 0 0 0 0 0 0 0
2548254d 30393539 s = 4 47 59 9 27 6 77 3 222 -7 -12345
2548254d 30393539 z = 4 0 59 9 0 0 0 0 0 0 0
2545792025455920254543 32362032303236203230 s = 10 47 37 17 27 6 100 4 208 -7 -12345
2545792025455920254543 32362032303236203230 z = 10 0 0 0 0 0 100 5 -1 0 0
254563 3132 s = -1 47 37 17 27 6 77 3 222 -7 -12345
254563 3132 z = -1 0 0 0 0 0 0 0 0 0 0
254563 4d6f6e205365702032382031303a33353a30302032303236 s = 24 0 35 10 28 8 126 1 270 -7 -12345
254563 4d6f6e205365702032382031303a33353a30302032303236 z = 24 0 35 10 28 8 126 1 270 0 0
254563 30392f32382f3236 s = -1 47 37 17 27 6 77 3 222 -7 -12345
254563 30392f32382f3236 z = -1 0 0 0 0 0 0 0 0 0 0
254563 31303a33353a3030 s = -1 47 37 17 27 6 77 3 222 -7 -12345
254563 31303a33353a3030 z = -1 0 0 0 0 0 0 0 0 0 0
254563 32303236 s = -1 47 37 17 27 6 77 3 222 -7 -12345
254563 32303236 z = -1 0 0 0 0 0 0 0 0 0 0
254563 4d6f6e s = -1 47 37 17 27 6 77 3 222 -7 -12345
254563 4d6f6e z = -1 0 0 0 0 0 0 0 0 0 0
254563 536570 s = -1 47 37 17 27 6 77 3 222 -7 -12345
254563 536570 z = -1 0 0 0 0 0 0 0 0 0 0
254578 3132 s = -1 47 37 17 27 6 77 3 222 -7 -12345
254578 3132 z = -1 0 0 0 0 0 0 0 0 0 0
254578 4d6f6e205365702032382031303a33353a30302032303236 s = -1 47 37 17 27 6 77 3 222 -7 -12345
254578 4d6f6e205365702032382031303a33353a30302032303236 z = -1 0 0 0 0 0 0 0 0 0 0
254578 30392f32382f3236 s = 8 47 37 17 28 8 126 1 270 -7 -12345
254578 30392f32382f3236 z = 8 0 0 0 28 8 126 1 270 0 0
254578 31303a33353a3030 s = -1 47 37 17 27 6 77 3 222 -7 -12345
254578 31303a33353a3030 z = -1 0 0 0 0 0 0 0 0 0 0
254578 32303236 s = -1 47 37 17 27 6 77 3 222 -7 -12345
254578 32303236 z = -1 0 0 0 0 0 0 0 0 0 0
254578 4d6f6e s = -1 47 37 17 27 6 77 3 222 -7 -12345
254578 4d6f6e z = -1 0 0 0 0 0 0 0 0 0 0
254578 536570 s = -1 47 37 17 27 6 77 3 222 -7 -12345
254578 536570 z = -1 0 0 0 0 0 0 0 0 0 0
254558 3132 s = -1 47 37 17 27 6 77 3 222 -7 -12345
254558 3132 z = -1 0 0 0 0 0 0 0 0 0 0
254558 4d6f6e205365702032382031303a33353a30302032303236 s = -1 47 37 17 27 6 77 3 222 -7 -12345
254558 4d6f6e205365702032382031303a33353a30302032303236 z = -1 0 0 0 0 0 0 0 0 0 0
254558 30392f32382f3236 s = -1 47 37 17 27 6 77 3 222 -7 -12345
254558 30392f32382f3236 z = -1 0 0 0 0 0 0 0 0 0 0
254558 31303a33353a3030 s = 8 0 35 10 27 6 77 3 222 -7 -12345
254558 31303a33353a3030 z = 8 0 35 10 0 0 0 0 0 0 0
254558 32303236 s = -1 47 37 17 27 6 77 3 222 -7 -12345
254558 32303236 z = -1 0 0 0 0 0 0 0 0 0 0
254558 4d6f6e s = -1 47 37 17 27 6 77 3 222 -7 -12345
254558 4d6f6e z = -1 0 0 0 0 0 0 0 0 0 0
254558 536570 s = -1 47 37 17 27 6 77 3 222 -7 -12345
254558 536570 z = -1 0 0 0 0 0 0 0 0 0 0
254561 3132 s = -1 47 37 17 27 6 77 3 222 -7 -12345
254561 3132 z = -1 0 0 0 0 0 0 0 0 0 0
254561 4d6f6e205365702032382031303a33353a30302032303236 s = -1 47 37 17 27 6 77 3 222 -7 -12345
254561 4d6f6e205365702032382031303a33353a30302032303236 z = -1 0 0 0 0 0 0 0 0 0 0
254561 30392f32382f3236 s = -1 47 37 17 27 6 77 3 222 -7 -12345
254561 30392f32382f3236 z = -1 0 0 0 0 0 0 0 0 0 0
254561 31303a33353a3030 s = -1 47 37 17 27 6 77 3 222 -7 -12345
254561 31303a33353a3030 z = -1 0 0 0 0 0 0 0 0 0 0
254561 32303236 s = -1 47 37 17 27 6 77 3 222 -7 -12345
254561 32303236 z = -1 0 0 0 0 0 0 0 0 0 0
254561 4d6f6e s = -1 47 37 17 27 6 77 3 222 -7 -12345
254561 4d6f6e z = -1 0 0 0 0 0 0 0 0 0 0
254561 536570 s = -1 47 37 17 27 6 77 3 222 -7 -12345
254561 536570 z = -1 0 0 0 0 0 0 0 0 0 0
254f6420254f6520254f4820254f4920254f6d20254f4d20254f53 3238202038203130203131203039203335203030 s = -1 47 37 17 28 6 77 3 222 -7 -12345
254f6420254f6520254f4820254f4920254f6d20254f4d20254f53 3238202038203130203131203039203335203030 z = -1 0 0 0 28 0 0 0 0 0 0
254f5520254f5620254f5720254f7720254f79 33382033392033392031203236 s = -1 47 37 17 27 6 77 3 222 -7 -12345
254f5520254f5620254f5720254f7720254f79 33382033392033392031203236 z = -1 0 0 0 0 0 0 0 0 0 0
254f6220254f4220254f68 5365702053657074656d62657220736570 s = 17 47 37 17 27 8 77 2 269 -7 -12345
254f6220254f4220254f68 5365702053657074656d62657220736570 z = 17 0 0 0 0 8 0 5 242 0 0
254f61 3132 s = -1 47 37 17 27 6 77 3 222 -7 -12345
254f61 3132 z = -1 0 0 0 0 0 0 0 0 0 0
254f61 536570 s = -1 47 37 17 27 6 77 3 222 -7 -12345
254f61 536570 z = -1 0 0 0 0 0 0 0 0 0 0
254f61 4d6f6e s = -1 47 37 17 27 6 77 3 222 -7 -12345
254f61 4d6f6e z = -1 0 0 0 0 0 0 0 0 0 0
254f61 504d s = -1 47 37 17 27 6 77 3 222 -7 -12345
254f61 504d z = -1 0 0 0 0 0 0 0 0 0 0
254f61 32303236 s = -1 47 37 17 27 6 77 3 222 -7 -12345
254f61 32303236 z = -1 0 0 0 0 0 0 0 0 0 0
254f61 2b30313030 s = -1 47 37 17 27 6 77 3 222 -7 -12345
254f61 2b30313030 z = -1 0 0 0 0 0 0 0 0 0 0
254f59 3132 s = -1 47 37 17 27 6 77 3 222 -7 -12345
254f59 3132 z = -1 0 0 0 0 0 0 0 0 0 0
254f59 536570 s = -1 47 37 17 27 6 77 3 222 -7 -12345
254f59 536570 z = -1 0 0 0 0 0 0 0 0 0 0
254f59 4d6f6e s = -1 47 37 17 27 6 77 3 222 -7 -12345
254f59 4d6f6e z = -1 0 0 0 0 0 0 0 0 0 0
254f59 504d s = -1 47 37 17 27 6 77 3 222 -7 -12345
254f59 504d z = -1 0 0 0 0 0 0 0 0 0 0
254f59 32303236 s = -1 47 37 17 27 6 77 3 222 -7 -12345
254f59 32303236 z = -1 0 0 0 0 0 0 0 0 0 0
254f59 2b30313030 s = -1 47 37 17 27 6 77 3 222 -7 -12345
254f59 2b30313030 z = -1 0 0 0 0 0 0 0 0 0 0
254f62 3132 s = -1 47 37 17 27 6 77 3 222 -7 -12345
254f62 3132 z = -1 0 0 0 0 0 0 0 0 0 0
254f62 536570 s = 3 47 37 17 27 8 77 2 269 -7 -12345
254f62 536570 z = 3 0 0 0 0 8 0 5 242 0 0
254f62 4d6f6e s = -1 47 37 17 27 6 77 3 222 -7 -12345
254f62 4d6f6e z = -1 0 0 0 0 0 0 0 0 0 0
254f62 504d s = -1 47 37 17 27 6 77 3 222 -7 -12345
254f62 504d z = -1 0 0 0 0 0 0 0 0 0 0
254f62 32303236 s = -1 47 37 17 27 6 77 3 222 -7 -12345
254f62 32303236 z = -1 0 0 0 0 0 0 0 0 0 0
254f62 2b30313030 s = -1 47 37 17 27 6 77 3 222 -7 -12345
254f62 2b30313030 z = -1 0 0 0 0 0 0 0 0 0 0
254f42 3132 s = -1 47 37 17 27 6 77 3 222 -7 -12345
254f42 3132 z = -1 0 0 0 0 0 0 0 0 0 0
254f42 536570 s = 3 47 37 17 27 8 77 2 269 -7 -12345
254f42 536570 z = 3 0 0 0 0 8 0 5 242 0 0
254f42 4d6f6e s = -1 47 37 17 27 6 77 3 222 -7 -12345
254f42 4d6f6e z = -1 0 0 0 0 0 0 0 0 0 0
254f42 504d s = -1 47 37 17 27 6 77 3 222 -7 -12345
254f42 504d z = -1 0 0 0 0 0 0 0 0 0 0
254f42 32303236 s = -1 47 37 17 27 6 77 3 222 -7 -12345
254f42 32303236 z = -1 0 0 0 0 0 0 0 0 0 0
254f42 2b30313030 s = -1 47 37 17 27 6 77 3 222 -7 -12345
254f42 2b30313030 z = -1 0 0 0 0 0 0 0 0 0 0
254f68 3132 s = -1 47 37 17 27 6 77 3 222 -7 -12345
254f68 3132 z = -1 0 0 0 0 0 0 0 0 0 0
254f68 536570 s = 3 47 37 17 27 8 77 2 269 -7 -12345
254f68 536570 z = 3 0 0 0 0 8 0 5 242 0 0
254f68 4d6f6e s = -1 47 37 17 27 6 77 3 222 -7 -12345
254f68 4d6f6e z = -1 0 0 0 0 0 0 0 0 0 0
254f68 504d s = -1 47 37 17 27 6 77 3 222 -7 -12345
254f68 504d z = -1 0 0 0 0 0 0 0 0 0 0
254f68 32303236 s = -1 47 37 17 27 6 77 3 222 -7 -12345
254f68 32303236 z = -1 0 0 0 0 0 0 0 0 0 0
254f68 2b30313030 s = -1 47 37 17 27 6 77 3 222 -7 -12345
254f68 2b30313030 z = -1 0 0 0 0 0 0 0 0 0 0
254f64 3132 s = 2 47 37 17 12 6 77 2 192 -7 -12345
254f64 3132 z = 2 0 0 0 12 0 0 5 11 0 0
254f64 536570 s = -1 47 37 17 27 6 77 3 222 -7 -12345
254f64 536570 z = -1 0 0 0 0 0 0 0 0 0 0
254f64 4d6f6e s = -1 47 37 17 27 6 77 3 222 -7 -12345
254f64 4d6f6e z = -1 0 0 0 0 0 0 0 0 0 0
254f64 504d s = -1 47 37 17 27 6 77 3 222 -7 -12345
254f64 504d z = -1 0 0 0 0 0 0 0 0 0 0
254f64 32303236 s = 2 47 37 17 20 6 77 3 200 -7 -12345
254f64 32303236 z = 2 0 0 0 20 0 0 6 19 0 0
254f64 2b30313030 s = -1 47 37 17 27 6 77 3 222 -7 -12345
254f64 2b30313030 z = -1 0 0 0 0 0 0 0 0 0 0
254f65 3132 s = 2 47 37 17 12 6 77 2 192 -7 -12345
254f65 3132 z = 2 0 0 0 12 0 0 5 11 0 0
254f65 536570 s = -1 47 37 17 27 6 77 3 222 -7 -12345
254f65 536570 z = -1 0 0 0 0 0 0 0 0 0 0
254f65 4d6f6e s = -1 47 37 17 27 6 77 3 222 -7 -12345
254f65 4d6f6e z = -1 0 0 0 0 0 0 0 0 0 0
254f65 504d s = -1 47 37 17 27 6 77 3 222 -7 -12345
254f65 504d z = -1 0 0 0 0 0 0 0 0 0 0
254f65 32303236 s = 2 47 37 17 20 6 77 3 200 -7 -12345
254f65 32303236 z = 2 0 0 0 20 0 0 6 19 0 0
254f65 2b30313030 s = -1 47 37 17 27 6 77 3 222 -7 -12345
254f65 2b30313030 z = -1 0 0 0 0 0 0 0 0 0 0
254f48 3132 s = 2 47 37 12 27 6 77 3 222 -7 -12345
254f48 3132 z = 2 0 0 12 0 0 0 0 0 0 0
254f48 536570 s = -1 47 37 17 27 6 77 3 222 -7 -12345
254f48 536570 z = -1 0 0 0 0 0 0 0 0 0 0
254f48 4d6f6e s = -1 47 37 17 27 6 77 3 222 -7 -12345
254f48 4d6f6e z = -1 0 0 0 0 0 0 0 0 0 0
254f48 504d s = -1 47 37 17 27 6 77 3 222 -7 -12345
254f48 504d z = -1 0 0 0 0 0 0 0 0 0 0
254f48 32303236 s = 2 47 37 20 27 6 77 3 222 -7 -12345
254f48 32303236 z = 2 0 0 20 0 0 0 0 0 0 0
254f48 2b30313030 s = -1 47 37 17 27 6 77 3 222 -7 -12345
254f48 2b30313030 z = -1 0 0 0 0 0 0 0 0 0 0
254f49 3132 s = 2 47 37 0 27 6 77 3 222 -7 -12345
254f49 3132 z = 2 0 0 0 0 0 0 0 0 0 0
254f49 536570 s = -1 47 37 17 27 6 77 3 222 -7 -12345
254f49 536570 z = -1 0 0 0 0 0 0 0 0 0 0
254f49 4d6f6e s = -1 47 37 17 27 6 77 3 222 -7 -12345
254f49 4d6f6e z = -1 0 0 0 0 0 0 0 0 0 0
254f49 504d s = -1 47 37 17 27 6 77 3 222 -7 -12345
254f49 504d z = -1 0 0 0 0 0 0 0 0 0 0
254f49 32303236 s = 1 47 37 2 27 6 77 3 222 -7 -12345
254f49 32303236 z = 1 0 0 2 0 0 0 0 0 0 0
254f49 2b30313030 s = -1 47 37 17 27 6 77 3 222 -7 -12345
254f49 2b30313030 z = -1 0 0 0 0 0 0 0 0 0 0
254f6b 3132 s = -1 47 37 17 27 6 77 3 222 -7 -12345
254f6b 3132 z = -1 0 0 0 0 0 0 0 0 0 0
254f6b 536570 s = -1 47 37 17 27 6 77 3 222 -7 -12345
254f6b 536570 z = -1 0 0 0 0 0 0 0 0 0 0
254f6b 4d6f6e s = -1 47 37 17 27 6 77 3 222 -7 -12345
254f6b 4d6f6e z = -1 0 0 0 0 0 0 0 0 0 0
254f6b 504d s = -1 47 37 17 27 6 77 3 222 -7 -12345
254f6b 504d z = -1 0 0 0 0 0 0 0 0 0 0
254f6b 32303236 s = -1 47 37 17 27 6 77 3 222 -7 -12345
254f6b 32303236 z = -1 0 0 0 0 0 0 0 0 0 0
254f6b 2b30313030 s = -1 47 37 17 27 6 77 3 222 -7 -12345
254f6b 2b30313030 z = -1 0 0 0 0 0 0 0 0 0 0
254f6c 3132 s = -1 47 37 17 27 6 77 3 222 -7 -12345
254f6c 3132 z = -1 0 0 0 0 0 0 0 0 0 0
254f6c 536570 s = -1 47 37 17 27 6 77 3 222 -7 -12345
254f6c 536570 z = -1 0 0 0 0 0 0 0 0 0 0
254f6c 4d6f6e s = -1 47 37 17 27 6 77 3 222 -7 -12345
254f6c 4d6f6e z = -1 0 0 0 0 0 0 0 0 0 0
254f6c 504d s = -1 47 37 17 27 6 77 3 222 -7 -12345
254f6c 504d z = -1 0 0 0 0 0 0 0 0 0 0
254f6c 32303236 s = -1 47 37 17 27 6 77 3 222 -7 -12345
254f6c 32303236 z = -1 0 0 0 0 0 0 0 0 0 0
254f6c 2b30313030 s = -1 47 37 17 27 6 77 3 222 -7 -12345
254f6c 2b30313030 z = -1 0 0 0 0 0 0 0 0 0 0
254f6a 3132 s = -1 47 37 17 27 6 77 3 222 -7 -12345
254f6a 3132 z = -1 0 0 0 0 0 0 0 0 0 0
254f6a 536570 s = -1 47 37 17 27 6 77 3 222 -7 -12345
254f6a 536570 z = -1 0 0 0 0 0 0 0 0 0 0
254f6a 4d6f6e s = -1 47 37 17 27 6 77 3 222 -7 -12345
254f6a 4d6f6e z = -1 0 0 0 0 0 0 0 0 0 0
254f6a 504d s = -1 47 37 17 27 6 77 3 222 -7 -12345
254f6a 504d z = -1 0 0 0 0 0 0 0 0 0 0
254f6a 32303236 s = -1 47 37 17 27 6 77 3 222 -7 -12345
254f6a 32303236 z = -1 0 0 0 0 0 0 0 0 0 0
254f6a 2b30313030 s = -1 47 37 17 27 6 77 3 222 -7 -12345
254f6a 2b30313030 z = -1 0 0 0 0 0 0 0 0 0 0
254f6d 3132 s = 2 47 37 17 27 11 77 2 360 -7 -12345
254f6d 3132 z = 2 0 0 0 0 11 0 5 333 0 0
254f6d 536570 s = -1 47 37 17 27 6 77 3 222 -7 -12345
254f6d 536570 z = -1 0 0 0 0 0 0 0 0 0 0
254f6d 4d6f6e s = -1 47 37 17 27 6 77 3 222 -7 -12345
254f6d 4d6f6e z = -1 0 0 0 0 0 0 0 0 0 0
254f6d 504d s = -1 47 37 17 27 6 77 3 222 -7 -12345
254f6d 504d z = -1 0 0 0 0 0 0 0 0 0 0
254f6d 32303236 s = 1 47 37 17 27 1 77 0 57 -7 -12345
254f6d 32303236 z = 1 0 0 0 0 1 0 3 30 0 0
254f6d 2b30313030 s = -1 47 37 17 27 6 77 3 222 -7 -12345
254f6d 2b30313030 z = -1 0 0 0 0 0 0 0 0 0 0
254f4d 3132 s = 2 47 12 17 27 6 77 3 222 -7 -12345
254f4d 3132 z = 2 0 12 0 0 0 0 0 0 0 0
254f4d 536570 s = -1 47 37 17 27 6 77 3 222 -7 -12345
254f4d 536570 z = -1 0 0 0 0 0 0 0 0 0 0
254f4d 4d6f6e s = -1 47 37 17 27 6 77 3 222 -7 -12345
254f4d 4d6f6e z = -1 0 0 0 0 0 0 0 0 0 0
254f4d 504d s = -1 47 37 17 27 6 77 3 222 -7 -12345
254f4d 504d z = -1 0 0 0 0 0 0 0 0 0 0
254f4d 32303236 s = 2 47 20 17 27 6 77 3 222 -7 -12345
254f4d 32303236 z = 2 0 20 0 0 0 0 0 0 0 0
254f4d 2b30313030 s = -1 47 37 17 27 6 77 3 222 -7 -12345
254f4d 2b30313030 z = -1 0 0 0 0 0 0 0 0 0 0
254f53 3132 s = 2 12 37 17 27 6 77 3 222 -7 -12345
254f53 3132 z = 2 12 0 0 0 0 0 0 0 0 0
254f53 536570 s = -1 47 37 17 27 6 77 3 222 -7 -12345
254f53 536570 z = -1 0 0 0 0 0 0 0 0 0 0
254f53 4d6f6e s = -1 47 37 17 27 6 77 3 222 -7 -12345
254f53 4d6f6e z = -1 0 0 0 0 0 0 0 0 0 0
254f53 504d s = -1 47 37 17 27 6 77 3 222 -7 -12345
254f53 504d z = -1 0 0 0 0 0 0 0 0 0 0
254f53 32303236 s = 2 20 37 17 27 6 77 3 222 -7 -12345
254f53 32303236 z = 2 20 0 0 0 0 0 0 0 0 0
254f53 2b30313030 s = -1 47 37 17 27 6 77 3 222 -7 -12345
254f53 2b30313030 z = -1 0 0 0 0 0 0 0 0 0 0
254f55 3132 s = 2 47 37 17 27 6 77 3 222 -7 -12345
254f55 3132 z = 2 0 0 0 0 0 0 0 0 0 0
254f55 536570 s = -1 47 37 17 27 6 77 3 222 -7 -12345
254f55 536570 z = -1 0 0 0 0 0 0 0 0 0 0
254f55 4d6f6e s = -1 47 37 17 27 6 77 3 222 -7 -12345
254f55 4d6f6e z = -1 0 0 0 0 0 0 0 0 0 0
254f55 504d s = -1 47 37 17 27 6 77 3 222 -7 -12345
254f55 504d z = -1 0 0 0 0 0 0 0 0 0 0
254f55 32303236 s = 2 47 37 17 27 6 77 3 222 -7 -12345
254f55 32303236 z = 2 0 0 0 0 0 0 0 0 0 0
254f55 2b30313030 s = -1 47 37 17 27 6 77 3 222 -7 -12345
254f55 2b30313030 z = -1 0 0 0 0 0 0 0 0 0 0
254f56 3132 s = 2 47 37 17 27 6 77 3 222 -7 -12345
254f56 3132 z = 2 0 0 0 0 0 0 0 0 0 0
254f56 536570 s = -1 47 37 17 27 6 77 3 222 -7 -12345
254f56 536570 z = -1 0 0 0 0 0 0 0 0 0 0
254f56 4d6f6e s = -1 47 37 17 27 6 77 3 222 -7 -12345
254f56 4d6f6e z = -1 0 0 0 0 0 0 0 0 0 0
254f56 504d s = -1 47 37 17 27 6 77 3 222 -7 -12345
254f56 504d z = -1 0 0 0 0 0 0 0 0 0 0
254f56 32303236 s = 2 47 37 17 27 6 77 3 222 -7 -12345
254f56 32303236 z = 2 0 0 0 0 0 0 0 0 0 0
254f56 2b30313030 s = -1 47 37 17 27 6 77 3 222 -7 -12345
254f56 2b30313030 z = -1 0 0 0 0 0 0 0 0 0 0
254f57 3132 s = 2 47 37 17 27 6 77 3 222 -7 -12345
254f57 3132 z = 2 0 0 0 0 0 0 0 0 0 0
254f57 536570 s = -1 47 37 17 27 6 77 3 222 -7 -12345
254f57 536570 z = -1 0 0 0 0 0 0 0 0 0 0
254f57 4d6f6e s = -1 47 37 17 27 6 77 3 222 -7 -12345
254f57 4d6f6e z = -1 0 0 0 0 0 0 0 0 0 0
254f57 504d s = -1 47 37 17 27 6 77 3 222 -7 -12345
254f57 504d z = -1 0 0 0 0 0 0 0 0 0 0
254f57 32303236 s = 2 47 37 17 27 6 77 3 222 -7 -12345
254f57 32303236 z = 2 0 0 0 0 0 0 0 0 0 0
254f57 2b30313030 s = -1 47 37 17 27 6 77 3 222 -7 -12345
254f57 2b30313030 z = -1 0 0 0 0 0 0 0 0 0 0
254f77 3132 s = 1 47 37 17 27 6 77 1 222 -7 -12345
254f77 3132 z = 1 0 0 0 0 0 0 1 0 0 0
254f77 536570 s = -1 47 37 17 27 6 77 3 222 -7 -12345
254f77 536570 z = -1 0 0 0 0 0 0 0 0 0 0
254f77 4d6f6e s = -1 47 37 17 27 6 77 3 222 -7 -12345
254f77 4d6f6e z = -1 0 0 0 0 0 0 0 0 0 0
254f77 504d s = -1 47 37 17 27 6 77 3 222 -7 -12345
254f77 504d z = -1 0 0 0 0 0 0 0 0 0 0
254f77 32303236 s = 1 47 37 17 27 6 77 2 222 -7 -12345
254f77 32303236 z = 1 0 0 0 0 0 0 2 0 0 0
254f77 2b30313030 s = -1 47 37 17 27 6 77 3 222 -7 -12345
254f77 2b30313030 z = -1 0 0 0 0 0 0 0 0 0 0
254f79 3132 s = 2 47 37 17 27 6 112 5 208 -7 -12345
254f79 3132 z = 2 0 0 0 0 0 112 6 -1 0 0
254f79 536570 s = -1 47 37 17 27 6 77 3 222 -7 -12345
254f79 536570 z = -1 0 0 0 0 0 0 0 0 0 0
254f79 4d6f6e s = -1 47 37 17 27 6 77 3 222 -7 -12345
254f79 4d6f6e z = -1 0 0 0 0 0 0 0 0 0 0
254f79 504d s = -1 47 37 17 27 6 77 3 222 -7 -12345
254f79 504d z = -1 0 0 0 0 0 0 0 0 0 0
254f79 32303236 s = 2 47 37 17 27 6 120 1 208 -7 -12345
254f79 32303236 z = 2 0 0 0 0 0 120 2 -1 0 0
254f79 2b30313030 s = -1 47 37 17 27 6 77 3 222 -7 -12345
254f79 2b30313030 z = -1 0 0 0 0 0 0 0 0 0 0
254f43 3132 s = -1 47 37 17 27 6 77 3 222 -7 -12345
254f43 3132 z = -1 0 0 0 0 0 0 0 0 0 0
254f43 536570 s = -1 47 37 17 27 6 77 3 222 -7 -12345
254f43 536570 z = -1 0 0 0 0 0 0 0 0 0 0
254f43 4d6f6e s = -1 47 37 17 27 6 77 3 222 -7 -12345
254f43 4d6f6e z = -1 0 0 0 0 0 0 0 0 0 0
254f43 504d s = -1 47 37 17 27 6 77 3 222 -7 -12345
254f43 504d z = -1 0 0 0 0 0 0 0 0 0 0
254f43 32303236 s = -1 47 37 17 27 6 77 3 222 -7 -12345
254f43 32303236 z = -1 0 0 0 0 0 0 0 0 0 0
254f43 2b30313030 s = -1 47 37 17 27 6 77 3 222 -7 -12345
254f43 2b30313030 z = -1 0 0 0 0 0 0 0 0 0 0
254f67 3132 s = -1 47 37 17 27 6 77 3 222 -7 -12345
254f67 3132 z = -1 0 0 0 0 0 0 0 0 0 0
254f67 536570 s = -1 47 37 17 27 6 77 3 222 -7 -12345
254f67 536570 z = -1 0 0 0 0 0 0 0 0 0 0
254f67 4d6f6e s = -1 47 37 17 27 6 77 3 222 -7 -12345
254f67 4d6f6e z = -1 0 0 0 0 0 0 0 0 0 0
254f67 504d s = -1 47 37 17 27 6 77 3 222 -7 -12345
254f67 504d z = -1 0 0 0 0 0 0 0 0 0 0
254f67 32303236 s = -1 47 37 17 27 6 77 3 222 -7 -12345
254f67 32303236 z = -1 0 0 0 0 0 0 0 0 0 0
254f67 2b30313030 s = -1 47 37 17 27 6 77 3 222 -7 -12345
254f67 2b30313030 z = -1 0 0 0 0 0 0 0 0 0 0
254f47 3132 s = -1 47 37 17 27 6 77 3 222 -7 -12345
254f47 3132 z = -1 0 0 0 0 0 0 0 0 0 0
254f47 536570 s = -1 47 37 17 27 6 77 3 222 -7 -12345
254f47 536570 z = -1 0 0 0 0 0 0 0 0 0 0
254f47 4d6f6e s = -1 47 37 17 27 6 77 3 222 -7 -12345
254f47 4d6f6e z = -1 0 0 0 0 0 0 0 0 0 0
254f47 504d s = -1 47 37 17 27 6 77 3 222 -7 -12345
254f47 504d z = -1 0 0 0 0 0 0 0 0 0 0
254f47 32303236 s = -1 47 37 17 27 6 77 3 222 -7 -12345
254f47 32303236 z = -1 0 0 0 0 0 0 0 0 0 0
254f47 2b30313030 s = -1 47 37 17 27 6 77 3 222 -7 -12345
254f47 2b30313030 z = -1 0 0 0 0 0 0 0 0 0 0
254f75 3132 s = -1 47 37 17 27 6 77 3 222 -7 -12345
254f75 3132 z = -1 0 0 0 0 0 0 0 0 0 0
254f75 536570 s = -1 47 37 17 27 6 77 3 222 -7 -12345
254f75 536570 z = -1 0 0 0 0 0 0 0 0 0 0
254f75 4d6f6e s = -1 47 37 17 27 6 77 3 222 -7 -12345
254f75 4d6f6e z = -1 0 0 0 0 0 0 0 0 0 0
254f75 504d s = -1 47 37 17 27 6 77 3 222 -7 -12345
254f75 504d z = -1 0 0 0 0 0 0 0 0 0 0
254f75 32303236 s = -1 47 37 17 27 6 77 3 222 -7 -12345
254f75 32303236 z = -1 0 0 0 0 0 0 0 0 0 0
254f75 2b30313030 s = -1 47 37 17 27 6 77 3 222 -7 -12345
254f75 2b30313030 z = -1 0 0 0 0 0 0 0 0 0 0
254f41 3132 s = -1 47 37 17 27 6 77 3 222 -7 -12345
254f41 3132 z = -1 0 0 0 0 0 0 0 0 0 0
254f41 536570 s = -1 47 37 17 27 6 77 3 222 -7 -12345
254f41 536570 z = -1 0 0 0 0 0 0 0 0 0 0
254f41 4d6f6e s = -1 47 37 17 27 6 77 3 222 -7 -12345
254f41 4d6f6e z = -1 0 0 0 0 0 0 0 0 0 0
254f41 504d s = -1 47 37 17 27 6 77 3 222 -7 -12345
254f41 504d z = -1 0 0 0 0 0 0 0 0 0 0
254f41 32303236 s = -1 47 37 17 27 6 77 3 222 -7 -12345
254f41 32303236 z = -1 0 0 0 0 0 0 0 0 0 0
254f41 2b30313030 s = -1 47 37 17 27 6 77 3 222 -7 -12345
254f41 2b30313030 z = -1 0 0 0 0 0 0 0 0 0 0
254f70 3132 s = -1 47 37 17 27 6 77 3 222 -7 -12345
254f70 3132 z = -1 0 0 0 0 0 0 0 0 0 0
254f70 536570 s = -1 47 37 17 27 6 77 3 222 -7 -12345
254f70 536570 z = -1 0 0 0 0 0 0 0 0 0 0
254f70 4d6f6e s = -1 47 37 17 27 6 77 3 222 -7 -12345
254f70 4d6f6e z = -1 0 0 0 0 0 0 0 0 0 0
254f70 504d s = -1 47 37 17 27 6 77 3 222 -7 -12345
254f70 504d z = -1 0 0 0 0 0 0 0 0 0 0
254f70 32303236 s = -1 47 37 17 27 6 77 3 222 -7 -12345
254f70 32303236 z = -1 0 0 0 0 0 0 0 0 0 0
254f70 2b30313030 s = -1 47 37 17 27 6 77 3 222 -7 -12345
254f70 2b30313030 z = -1 0 0 0 0 0 0 0 0 0 0
254f7a 3132 s = -1 47 37 17 27 6 77 3 222 -7 -12345
254f7a 3132 z = -1 0 0 0 0 0 0 0 0 0 0
254f7a 536570 s = -1 47 37 17 27 6 77 3 222 -7 -12345
254f7a 536570 z = -1 0 0 0 0 0 0 0 0 0 0
254f7a 4d6f6e s = -1 47 37 17 27 6 77 3 222 -7 -12345
254f7a 4d6f6e z = -1 0 0 0 0 0 0 0 0 0 0
254f7a 504d s = -1 47 37 17 27 6 77 3 222 -7 -12345
254f7a 504d z = -1 0 0 0 0 0 0 0 0 0 0
254f7a 32303236 s = -1 47 37 17 27 6 77 3 222 -7 -12345
254f7a 32303236 z = -1 0 0 0 0 0 0 0 0 0 0
254f7a 2b30313030 s = -1 47 37 17 27 6 77 3 222 -7 -12345
254f7a 2b30313030 z = -1 0 0 0 0 0 0 0 0 0 0
254f5a 3132 s = -1 47 37 17 27 6 77 3 222 -7 -12345
254f5a 3132 z = -1 0 0 0 0 0 0 0 0 0 0
254f5a 536570 s = -1 47 37 17 27 6 77 3 222 -7 -12345
254f5a 536570 z = -1 0 0 0 0 0 0 0 0 0 0
254f5a 4d6f6e s = -1 47 37 17 27 6 77 3 222 -7 -12345
254f5a 4d6f6e z = -1 0 0 0 0 0 0 0 0 0 0
254f5a 504d s = -1 47 37 17 27 6 77 3 222 -7 -12345
254f5a 504d z = -1 0 0 0 0 0 0 0 0 0 0
254f5a 32303236 s = -1 47 37 17 27 6 77 3 222 -7 -12345
254f5a 32303236 z = -1 0 0 0 0 0 0 0 0 0 0
254f5a 2b30313030 s = -1 47 37 17 27 6 77 3 222 -7 -12345
254f5a 2b30313030 z = -1 0 0 0 0 0 0 0 0 0 0
254f73 3132 s = -1 47 37 17 27 6 77 3 222 -7 -12345
254f73 3132 z = -1 0 0 0 0 0 0 0 0 0 0
254f73 536570 s = -1 47 37 17 27 6 77 3 222 -7 -12345
254f73 536570 z = -1 0 0 0 0 0 0 0 0 0 0
254f73 4d6f6e s = -1 47 37 17 27 6 77 3 222 -7 -12345
254f73 4d6f6e z = -1 0 0 0 0 0 0 0 0 0 0
254f73 504d s = -1 47 37 17 27 6 77 3 222 -7 -12345
254f73 504d z = -1 0 0 0 0 0 0 0 0 0 0
254f73 32303236 s = -1 47 37 17 27 6 77 3 222 -7 -12345
254f73 32303236 z = -1 0 0 0 0 0 0 0 0 0 0
254f73 2b30313030 s = -1 47 37 17 27 6 77 3 222 -7 -12345
254f73 2b30313030 z = -1 0 0 0 0 0 0 0 0 0 0
254f6e 3132 s = -1 47 37 17 27 6 77 3 222 -7 -12345
254f6e 3132 z = -1 0 0 0 0 0 0 0 0 0 0
254f6e 536570 s = -1 47 37 17 27 6 77 3 222 -7 -12345
254f6e 536570 z = -1 0 0 0 0 0 0 0 0 0 0
254f6e 4d6f6e s = -1 47 37 17 27 6 77 3 222 -7 -12345
254f6e 4d6f6e z = -1 0 0 0 0 0 0 0 0 0 0
254f6e 504d s = -1 47 37 17 27 6 77 3 222 -7 -12345
254f6e 504d z = -1 0 0 0 0 0 0 0 0 0 0
254f6e 32303236 s = -1 47 37 17 27 6 77 3 222 -7 -12345
254f6e 32303236 z = -1 0 0 0 0 0 0 0 0 0 0
254f6e 2b30313030 s = -1 47 37 17 27 6 77 3 222 -7 -12345
254f6e 2b30313030 z = -1 0 0 0 0 0 0 0 0 0 0
254f74 3132 s = -1 47 37 17 27 6 77 3 222 -7 -12345
254f74 3132 z = -1 0 0 0 0 0 0 0 0 0 0
254f74 536570 s = -1 47 37 17 27 6 77 3 222 -7 -12345
254f74 536570 z = -1 0 0 0 0 0 0 0 0 0 0
254f74 4d6f6e s = -1 47 37 17 27 6 77 3 222 -7 -12345
254f74 4d6f6e z = -1 0 0 0 0 0 0 0 0 0 0
254f74 504d s = -1 47 37 17 27 6 77 3 222 -7 -12345
254f74 504d z = -1 0 0 0 0 0 0 0 0 0 0
254f74 32303236 s = -1 47 37 17 27 6 77 3 222 -7 -12345
254f74 32303236 z = -1 0 0 0 0 0 0 0 0 0 0
254f74 2b30313030 s = -1 47 37 17 27 6 77 3 222 -7 -12345
254f74 2b30313030 z = -1 0 0 0 0 0 0 0 0 0 0
254543 3132 s = 2 47 37 17 27 6 -700 4 208 -7 -12345
254543 3132 z = 2 0 0 0 0 0 -700 5 -1 0 0
254543 4d6f6e205365702032382031303a33353a30302032303236 s = -1 47 37 17 27 6 77 3 222 -7 -12345
254543 4d6f6e205365702032382031303a33353a30302032303236 z = -1 0 0 0 0 0 0 0 0 0 0
254543 30392f32382f3236 s = 2 47 37 17 27 6 -1000 2 207 -7 -12345
254543 30392f32382f3236 z = 2 0 0 0 0 0 -1000 4 -1 0 0
254543 31303a33353a3030 s = 2 47 37 17 27 6 -900 0 207 -7 -12345
254543 31303a33353a3030 z = 2 0 0 0 0 0 -900 2 -1 0 0
254543 32303236 s = 2 47 37 17 27 6 100 4 208 -7 -12345
254543 32303236 z = 2 0 0 0 0 0 100 5 -1 0 0
254543 4d6f6e s = -1 47 37 17 27 6 77 3 222 -7 -12345
254543 4d6f6e z = -1 0 0 0 0 0 0 0 0 0 0
254543 536570 s = -1 47 37 17 27 6 77 3 222 -7 -12345
254543 536570 z = -1 0 0 0 0 0 0 0 0 0 0
254579 3132 s = -1 47 37 17 27 6 12 3 222 -7 -12345
254579 3132 z = -1 0 0 0 0 0 12 0 0 0 0
254579 4d6f6e205365702032382031303a33353a30302032303236 s = -1 47 37 17 27 6 77 3 222 -7 -12345
254579 4d6f6e205365702032382031303a33353a30302032303236 z = -1 0 0 0 0 0 0 0 0 0 0
254579 30392f32382f3236 s = -1 47 37 17 27 6 9 3 222 -7 -12345
254579 30392f32382f3236 z = -1 0 0 0 0 0 9 0 0 0 0
254579 31303a33353a3030 s = -1 47 37 17 27 6 10 3 222 -7 -12345
254579 31303a33353a3030 z = -1 0 0 0 0 0 10 0 0 0 0
254579 32303236 s = -1 47 37 17 27 6 2026 3 222 -7 -12345
254579 32303236 z = -1 0 0 0 0 0 2026 0 0 0 0
254579 4d6f6e s = -1 47 37 17 27 6 77 3 222 -7 -12345
254579 4d6f6e z = -1 0 0 0 0 0 0 0 0 0 0
254579 536570 s = -1 47 37 17 27 6 77 3 222 -7 -12345
254579 536570 z = -1 0 0 0 0 0 0 0 0 0 0
254559 3132 s = 2 47 37 17 27 6 -1888 5 208 -7 -12345
254559 3132 z = 2 0 0 0 0 0 -1888 6 -1 0 0
254559 4d6f6e205365702032382031303a33353a30302032303236 s = -1 47 37 17 27 6 77 3 222 -7 -12345
254559 4d6f6e205365702032382031303a33353a30302032303236 z = -1 0 0 0 0 0 0 0 0 0 0
254559 30392f32382f3236 s = 2 47 37 17 27 6 -1891 1 207 -7 -12345
254559 30392f32382f3236 z = 2 0 0 0 0 0 -1891 3 -1 0 0
254559 31303a33353a3030 s = 2 47 37 17 27 6 -1890 2 207 -7 -12345
254559 31303a33353a3030 z = 2 0 0 0 0 0 -1890 4 -1 0 0
254559 32303236 s = 4 47 37 17 27 6 126 1 207 -7 -12345
254559 32303236 z = 4 0 0 0 0 0 126 3 -1 0 0
254559 4d6f6e s = -1 47 37 17 27 6 77 3 222 -7 -12345
254559 4d6f6e z = -1 0 0 0 0 0 0 0 0 0 0
254559 536570 s = -1 47 37 17 27 6 77 3 222 -7 -12345
254559 536570 z = -1 0 0 0 0 0 0 0 0 0 0
254562 3132 s = -1 47 37 17 27 6 77 3 222 -7 -12345
254562 3132 z = -1 0 0 0 0 0 0 0 0 0 0
254562 4d6f6e205365702032382031303a33353a30302032303236 s = -1 47 37 17 27 6 77 3 222 -7 -12345
254562 4d6f6e205365702032382031303a33353a30302032303236 z = -1 0 0 0 0 0 0 0 0 0 0
254562 30392f32382f3236 s = -1 47 37 17 27 6 77 3 222 -7 -12345
254562 30392f32382f3236 z = -1 0 0 0 0 0 0 0 0 0 0
254562 31303a33353a3030 s = -1 47 37 17 27 6 77 3 222 -7 -12345
254562 31303a33353a3030 z = -1 0 0 0 0 0 0 0 0 0 0
254562 32303236 s = -1 47 37 17 27 6 77 3 222 -7 -12345
254562 32303236 z = -1 0 0 0 0 0 0 0 0 0 0
254562 4d6f6e s = -1 47 37 17 27 6 77 3 222 -7 -12345
254562 4d6f6e z = -1 0 0 0 0 0 0 0 0 0 0
254562 536570 s = -1 47 37 17 27 6 77 3 222 -7 -12345
254562 536570 z = -1 0 0 0 0 0 0 0 0 0 0
254564 3132 s = -1 47 37 17 27 6 77 3 222 -7 -12345
254564 3132 z = -1 0 0 0 0 0 0 0 0 0 0
254564 4d6f6e205365702032382031303a33353a30302032303236 s = -1 47 37 17 27 6 77 3 222 -7 -12345
254564 4d6f6e205365702032382031303a33353a30302032303236 z = -1 0 0 0 0 0 0 0 0 0 0
254564 30392f32382f3236 s = -1 47 37 17 27 6 77 3 222 -7 -12345
254564 30392f32382f3236 z = -1 0 0 0 0 0 0 0 0 0 0
254564 31303a33353a3030 s = -1 47 37 17 27 6 77 3 222 -7 -12345
254564 31303a33353a3030 z = -1 0 0 0 0 0 0 0 0 0 0
254564 32303236 s = -1 47 37 17 27 6 77 3 222 -7 -12345
254564 32303236 z = -1 0 0 0 0 0 0 0 0 0 0
254564 4d6f6e s = -1 47 37 17 27 6 77 3 222 -7 -12345
254564 4d6f6e z = -1 0 0 0 0 0 0 0 0 0 0
254564 536570 s = -1 47 37 17 27 6 77 3 222 -7 -12345
254564 536570 z = -1 0 0 0 0 0 0 0 0 0 0
254548 3132 s = -1 47 37 17 27 6 77 3 222 -7 -12345
254548 3132 z = -1 0 0 0 0 0 0 0 0 0 0
254548 4d6f6e205365702032382031303a33353a30302032303236 s = -1 47 37 17 27 6 77 3 222 -7 -12345
254548 4d6f6e205365702032382031303a33353a30302032303236 z = -1 0 0 0 0 0 0 0 0 0 0
254548 30392f32382f3236 s = -1 47 37 17 27 6 77 3 222 -7 -12345
254548 30392f32382f3236 z = -1 0 0 0 0 0 0 0 0 0 0
254548 31303a33353a3030 s = -1 47 37 17 27 6 77 3 222 -7 -12345
254548 31303a33353a3030 z = -1 0 0 0 0 0 0 0 0 0 0
254548 32303236 s = -1 47 37 17 27 6 77 3 222 -7 -12345
254548 32303236 z = -1 0 0 0 0 0 0 0 0 0 0
254548 4d6f6e s = -1 47 37 17 27 6 77 3 222 -7 -12345
254548 4d6f6e z = -1 0 0 0 0 0 0 0 0 0 0
254548 536570 s = -1 47 37 17 27 6 77 3 222 -7 -12345
254548 536570 z = -1 0 0 0 0 0 0 0 0 0 0
25456d 3132 s = -1 47 37 17 27 6 77 3 222 -7 -12345
25456d 3132 z = -1 0 0 0 0 0 0 0 0 0 0
25456d 4d6f6e205365702032382031303a33353a30302032303236 s = -1 47 37 17 27 6 77 3 222 -7 -12345
25456d 4d6f6e205365702032382031303a33353a30302032303236 z = -1 0 0 0 0 0 0 0 0 0 0
25456d 30392f32382f3236 s = -1 47 37 17 27 6 77 3 222 -7 -12345
25456d 30392f32382f3236 z = -1 0 0 0 0 0 0 0 0 0 0
25456d 31303a33353a3030 s = -1 47 37 17 27 6 77 3 222 -7 -12345
25456d 31303a33353a3030 z = -1 0 0 0 0 0 0 0 0 0 0
25456d 32303236 s = -1 47 37 17 27 6 77 3 222 -7 -12345
25456d 32303236 z = -1 0 0 0 0 0 0 0 0 0 0
25456d 4d6f6e s = -1 47 37 17 27 6 77 3 222 -7 -12345
25456d 4d6f6e z = -1 0 0 0 0 0 0 0 0 0 0
25456d 536570 s = -1 47 37 17 27 6 77 3 222 -7 -12345
25456d 536570 z = -1 0 0 0 0 0 0 0 0 0 0
25454d 3132 s = -1 47 37 17 27 6 77 3 222 -7 -12345
25454d 3132 z = -1 0 0 0 0 0 0 0 0 0 0
25454d 4d6f6e205365702032382031303a33353a30302032303236 s = -1 47 37 17 27 6 77 3 222 -7 -12345
25454d 4d6f6e205365702032382031303a33353a30302032303236 z = -1 0 0 0 0 0 0 0 0 0 0
25454d 30392f32382f3236 s = -1 47 37 17 27 6 77 3 222 -7 -12345
25454d 30392f32382f3236 z = -1 0 0 0 0 0 0 0 0 0 0
25454d 31303a33353a3030 s = -1 47 37 17 27 6 77 3 222 -7 -12345
25454d 31303a33353a3030 z = -1 0 0 0 0 0 0 0 0 0 0
25454d 32303236 s = -1 47 37 17 27 6 77 3 222 -7 -12345
25454d 32303236 z = -1 0 0 0 0 0 0 0 0 0 0
25454d 4d6f6e s = -1 47 37 17 27 6 77 3 222 -7 -12345
25454d 4d6f6e z = -1 0 0 0 0 0 0 0 0 0 0
25454d 536570 s = -1 47 37 17 27 6 77 3 222 -7 -12345
25454d 536570 z = -1 0 0 0 0 0 0 0 0 0 0
254553 3132 s = -1 47 37 17 27 6 77 3 222 -7 -12345
254553 3132 z = -1 0 0 0 0 0 0 0 0 0 0
254553 4d6f6e205365702032382031303a33353a30302032303236 s = -1 47 37 17 27 6 77 3 222 -7 -12345
254553 4d6f6e205365702032382031303a33353a30302032303236 z = -1 0 0 0 0 0 0 0 0 0 0
254553 30392f32382f3236 s = -1 47 37 17 27 6 77 3 222 -7 -12345
254553 30392f32382f3236 z = -1 0 0 0 0 0 0 0 0 0 0
254553 31303a33353a3030 s = -1 47 37 17 27 6 77 3 222 -7 -12345
254553 31303a33353a3030 z = -1 0 0 0 0 0 0 0 0 0 0
254553 32303236 s = -1 47 37 17 27 6 77 3 222 -7 -12345
254553 32303236 z = -1 0 0 0 0 0 0 0 0 0 0
254553 4d6f6e s = -1 47 37 17 27 6 77 3 222 -7 -12345
254553 4d6f6e z = -1 0 0 0 0 0 0 0 0 0 0
254553 536570 s = -1 47 37 17 27 6 77 3 222 -7 -12345
254553 536570 z = -1 0 0 0 0 0 0 0 0 0 0
25456a 3132 s = -1 47 37 17 27 6 77 3 222 -7 -12345
25456a 3132 z = -1 0 0 0 0 0 0 0 0 0 0
25456a 4d6f6e205365702032382031303a33353a30302032303236 s = -1 47 37 17 27 6 77 3 222 -7 -12345
25456a 4d6f6e205365702032382031303a33353a30302032303236 z = -1 0 0 0 0 0 0 0 0 0 0
25456a 30392f32382f3236 s = -1 47 37 17 27 6 77 3 222 -7 -12345
25456a 30392f32382f3236 z = -1 0 0 0 0 0 0 0 0 0 0
25456a 31303a33353a3030 s = -1 47 37 17 27 6 77 3 222 -7 -12345
25456a 31303a33353a3030 z = -1 0 0 0 0 0 0 0 0 0 0
25456a 32303236 s = -1 47 37 17 27 6 77 3 222 -7 -12345
25456a 32303236 z = -1 0 0 0 0 0 0 0 0 0 0
25456a 4d6f6e s = -1 47 37 17 27 6 77 3 222 -7 -12345
25456a 4d6f6e z = -1 0 0 0 0 0 0 0 0 0 0
25456a 536570 s = -1 47 37 17 27 6 77 3 222 -7 -12345
25456a 536570 z = -1 0 0 0 0 0 0 0 0 0 0
254565 3132 s = -1 47 37 17 27 6 77 3 222 -7 -12345
254565 3132 z = -1 0 0 0 0 0 0 0 0 0 0
254565 4d6f6e205365702032382031303a33353a30302032303236 s = -1 47 37 17 27 6 77 3 222 -7 -12345
254565 4d6f6e205365702032382031303a33353a30302032303236 z = -1 0 0 0 0 0 0 0 0 0 0
254565 30392f32382f3236 s = -1 47 37 17 27 6 77 3 222 -7 -12345
254565 30392f32382f3236 z = -1 0 0 0 0 0 0 0 0 0 0
254565 31303a33353a3030 s = -1 47 37 17 27 6 77 3 222 -7 -12345
254565 31303a33353a3030 z = -1 0 0 0 0 0 0 0 0 0 0
254565 32303236 s = -1 47 37 17 27 6 77 3 222 -7 -12345
254565 32303236 z = -1 0 0 0 0 0 0 0 0 0 0
254565 4d6f6e s = -1 47 37 17 27 6 77 3 222 -7 -12345
254565 4d6f6e z = -1 0 0 0 0 0 0 0 0 0 0
254565 536570 s = -1 47 37 17 27 6 77 3 222 -7 -12345
254565 536570 z = -1 0 0 0 0 0 0 0 0 0 0
254555 3132 s = -1 47 37 17 27 6 77 3 222 -7 -12345
254555 3132 z = -1 0 0 0 0 0 0 0 0 0 0
254555 4d6f6e205365702032382031303a33353a30302032303236 s = -1 47 37 17 27 6 77 3 222 -7 -12345
254555 4d6f6e205365702032382031303a33353a30302032303236 z = -1 0 0 0 0 0 0 0 0 0 0
254555 30392f32382f3236 s = -1 47 37 17 27 6 77 3 222 -7 -12345
254555 30392f32382f3236 z = -1 0 0 0 0 0 0 0 0 0 0
254555 31303a33353a3030 s = -1 47 37 17 27 6 77 3 222 -7 -12345
254555 31303a33353a3030 z = -1 0 0 0 0 0 0 0 0 0 0
254555 32303236 s = -1 47 37 17 27 6 77 3 222 -7 -12345
254555 32303236 z = -1 0 0 0 0 0 0 0 0 0 0
254555 4d6f6e s = -1 47 37 17 27 6 77 3 222 -7 -12345
254555 4d6f6e z = -1 0 0 0 0 0 0 0 0 0 0
254555 536570 s = -1 47 37 17 27 6 77 3 222 -7 -12345
254555 536570 z = -1 0 0 0 0 0 0 0 0 0 0
254556 3132 s = -1 47 37 17 27 6 77 3 222 -7 -12345
254556 3132 z = -1 0 0 0 0 0 0 0 0 0 0
254556 4d6f6e205365702032382031303a33353a30302032303236 s = -1 47 37 17 27 6 77 3 222 -7 -12345
254556 4d6f6e205365702032382031303a33353a30302032303236 z = -1 0 0 0 0 0 0 0 0 0 0
254556 30392f32382f3236 s = -1 47 37 17 27 6 77 3 222 -7 -12345
254556 30392f32382f3236 z = -1 0 0 0 0 0 0 0 0 0 0
254556 31303a33353a3030 s = -1 47 37 17 27 6 77 3 222 -7 -12345
254556 31303a33353a3030 z = -1 0 0 0 0 0 0 0 0 0 0
254556 32303236 s = -1 47 37 17 27 6 77 3 222 -7 -12345
254556 32303236 z = -1 0 0 0 0 0 0 0 0 0 0
254556 4d6f6e s = -1 47 37 17 27 6 77 3 222 -7 -12345
254556 4d6f6e z = -1 0 0 0 0 0 0 0 0 0 0
254556 536570 s = -1 47 37 17 27 6 77 3 222 -7 -12345
254556 536570 z = -1 0 0 0 0 0 0 0 0 0 0
254557 3132 s = -1 47 37 17 27 6 77 3 222 -7 -12345
254557 3132 z = -1 0 0 0 0 0 0 0 0 0 0
254557 4d6f6e205365702032382031303a33353a30302032303236 s = -1 47 37 17 27 6 77 3 222 -7 -12345
254557 4d6f6e205365702032382031303a33353a30302032303236 z = -1 0 0 0 0 0 0 0 0 0 0
254557 30392f32382f3236 s = -1 47 37 17 27 6 77 3 222 -7 -12345
254557 30392f32382f3236 z = -1 0 0 0 0 0 0 0 0 0 0
254557 31303a33353a3030 s = -1 47 37 17 27 6 77 3 222 -7 -12345
254557 31303a33353a3030 z = -1 0 0 0 0 0 0 0 0 0 0
254557 32303236 s = -1 47 37 17 27 6 77 3 222 -7 -12345
254557 32303236 z = -1 0 0 0 0 0 0 0 0 0 0
254557 4d6f6e s = -1 47 37 17 27 6 77 3 222 -7 -12345
254557 4d6f6e z = -1 0 0 0 0 0 0 0 0 0 0
254557 536570 s = -1 47 37 17 27 6 77 3 222 -7 -12345
254557 536570 z = -1 0 0 0 0 0 0 0 0 0 0
2551 78 s = -1 47 37 17 27 6 77 3 222 -7 -12345
2551 78 z = -1 0 0 0 0 0 0 0 0 0 0
25 - s = -1 47 37 17 27 6 77 3 222 -7 -12345
25 - z = -1 0 0 0 0 0 0 0 0 0 0
25 25 s = -1 47 37 17 27 6 77 3 222 -7 -12345
25 25 z = -1 0 0 0 0 0 0 0 0 0 0
252d6420255f6d2025304820255e6120252362 3520372039204d4f4e20736570 s = 13 47 37 9 5 8 77 1 247 -7 -12345
252d6420255f6d2025304820255e6120252362 3520372039204d4f4e20736570 z = 13 0 0 9 5 8 0 1 247 0 0
2530313059 32303236 s = 4 47 37 17 27 6 126 1 207 -7 -12345
2530313059 32303236 z = 4 0 0 0 0 0 126 3 -1 0 0
2530313059 30303030303032303236 s = 4 47 37 17 27 6 -1900 4 208 -7 -12345
2530313059 30303030303032303236 z = 4 0 0 0 0 0 -1900 6 -1 0 0
253464 3238 s = 2 47 37 17 28 6 77 4 208 -7 -12345
253464 3238 z = 2 0 0 0 28 0 0 0 27 0 0
2547202556202575 323032362033392031 s = 9 47 37 17 27 6 77 1 222 -7 -12345
2547202556202575 323032362033392031 z = 9 0 0 0 0 0 0 1 0 0 0
2567 3236 s = 2 47 37 17 27 6 77 3 222 -7 -12345
2567 3236 z = 2 0 0 0 0 0 0 0 0 0 0
256e25742525 2020092025 s = 5 47 37 17 27 6 77 3 222 -7 -12345
256e25742525 2020092025 z = 5 0 0 0 0 0 0 0 0 0 0
256e25742525 25 s = 1 47 37 17 27 6 77 3 222 -7 -12345
256e25742525 25 z = 1 0 0 0 0 0 0 0 0 0 0
202559 20202032303236 s = 7 47 37 17 27 6 126 1 207 -7 -12345
202559 20202032303236 z = 7 0 0 0 0 0 126 3 -1 0 0
255920 32303236 s = 4 47 37 17 27 6 126 1 207 -7 -12345
255920 32303236 z = 4 0 0 0 0 0 126 3 -1 0 0
255920 3230323620202078 s = 7 47 37 17 27 6 126 1 207 -7 -12345
255920 3230323620202078 z = 7 0 0 0 0 0 126 3 -1 0 0
255909256d 32303236203039 s = 7 47 37 17 27 8 126 0 269 -7 -12345
255909256d 32303236203039 z = 7 0 0 0 0 8 126 1 242 0 0
255909256d 323032360a3039 s = 7 47 37 17 27 8 126 0 269 -7 -12345
255909256d 323032360a3039 z = 7 0 0 0 0 8 126 1 242 0 0
255909256d 323032363039 s = 6 47 37 17 27 8 126 0 269 -7 -12345
255909256d 323032363039 z = 6 0 0 0 0 8 126 1 242 0 0
78255979 783230323679 s = 6 47 37 17 27 6 126 1 207 -7 -12345
78255979 783230323679 z = 6 0 0 0 0 0 126 3 -1 0 0
78255979 583230323659 s = -1 47 37 17 27 6 77 3 222 -7 -12345
78255979 583230323659 z = -1 0 0 0 0 0 0 0 0 0 0
78255979 78203230323679 s = 7 47 37 17 27 6 126 1 207 -7 -12345
78255979 78203230323679 z = 7 0 0 0 0 0 126 3 -1 0 0
2561202562 546875204a616e s = 7 47 37 17 27 0 77 4 26 -7 -12345
2561202562 546875204a616e z = 7 0 0 0 0 0 0 4 -1 0 0
2561202562 7468757273646179206a616e75617279 s = 16 47 37 17 27 0 77 4 26 -7 -12345
2561202562 7468757273646179206a616e75617279 z = 16 0 0 0 0 0 0 4 -1 0 0
2561202562 54687572204a616e75 s = -1 47 37 17 27 6 77 4 222 -7 -12345
2561202562 54687572204a616e75 z = -1 0 0 0 0 0 0 4 0 0 0
2561202562 5475204a61 s = -1 47 37 17 27 6 77 3 222 -7 -12345
2561202562 5475204a61 z = -1 0 0 0 0 0 0 0 0 0 0
2561202562 4d6f6e2078797a s = -1 47 37 17 27 6 77 1 222 -7 -12345
2561202562 4d6f6e2078797a z = -1 0 0 0 0 0 0 1 0 0 0
2561202562 4d6f6e2020536570 s = 8 47 37 17 27 8 77 1 269 -7 -12345
2561202562 4d6f6e2020536570 z = 8 0 0 0 0 8 0 1 242 0 0
2561202562 4d6f6e09536570 s = 7 47 37 17 27 8 77 1 269 -7 -12345
2561202562 4d6f6e09536570 z = 7 0 0 0 0 8 0 1 242 0 0
25412542 53756e6461794d6179 s = 9 47 37 17 27 4 77 0 146 -7 -12345
25412542 53756e6461794d6179 z = 9 0 0 0 0 4 0 0 119 0 0
25412542 53756e4d6179 s = 6 47 37 17 27 4 77 0 146 -7 -12345
25412542 53756e4d6179 z = 6 0 0 0 0 4 0 0 119 0 0
25412542 53756e6461794d61796265 s = 9 47 37 17 27 4 77 0 146 -7 -12345
25412542 53756e6461794d61796265 z = 9 0 0 0 0 4 0 0 119 0 0
25622564 4d61793035 s = 5 47 37 17 5 4 77 4 124 -7 -12345
25622564 4d61793035 z = 5 0 0 0 5 4 0 6 124 0 0
25622564 4d61723135 s = 5 47 37 17 15 2 77 2 73 -7 -12345
25622564 4d61723135 z = 5 0 0 0 15 2 0 4 73 0 0
25622564 4a756e31 s = 4 47 37 17 1 5 77 3 151 -7 -12345
25622564 4a756e31 z = 4 0 0 0 1 5 0 5 151 0 0
25622564 4a756e6531 s = 5 47 37 17 1 5 77 3 151 -7 -12345
25622564 4a756e6531 z = 5 0 0 0 1 5 0 5 151 0 0
255a2559 55544332303236 s = -1 47 37 17 27 6 77 3 222 -7 -12345
255a2559 55544332303236 z = -1 0 0 0 0 0 0 0 0 0 0
255a2559 5554432032303236 s = 8 47 37 17 27 6 126 1 207 -7 -12345
255a2559 5554432032303236 z = 8 0 0 0 0 0 126 3 -1 0 0
255a202559 5554432032303236 s = 8 47 37 17 27 6 126 1 207 -7 -12345
255a202559 5554432032303236 z = 8 0 0 0 0 0 126 3 -1 0 0
255a202559 20205554432032303236 s = 10 47 37 17 27 6 126 1 207 -7 -12345
255a202559 20205554432032303236 z = 10 0 0 0 0 0 126 3 -1 0 0
255a202559 32303236 s = -1 47 37 17 27 6 77 3 222 -7 -12345
255a202559 32303236 z = -1 0 0 0 0 0 0 0 0 0 0
257a20257a 2b3031202d3032 s = 7 47 37 17 27 6 77 3 222 -7 -7200
257a20257a 2b3031202d3032 z = 7 0 0 0 0 0 0 0 0 0 -7200
257a20257a 5a205a s = 3 47 37 17 27 6 77 3 222 -7 0
257a20257a 5a205a z = 3 0 0 0 0 0 0 0 0 0 0
2553 3631 s = 2 61 37 17 27 6 77 3 222 -7 -12345
2553 3631 z = 2 61 0 0 0 0 0 0 0 0 0
2553 3632 s = -1 47 37 17 27 6 77 3 222 -7 -12345
2553 3632 z = -1 0 0 0 0 0 0 0 0 0 0
254d3a2553 353a35 s = 3 5 5 17 27 6 77 3 222 -7 -12345
254d3a2553 353a35 z = 3 5 5 0 0 0 0 0 0 0 0
254d3a2553 30353a3035 s = 5 5 5 17 27 6 77 3 222 -7 -12345
254d3a2553 30353a3035 z = 5 5 5 0 0 0 0 0 0 0 0
254d3a2553 20353a2035 s = 5 5 5 17 27 6 77 3 222 -7 -12345
254d3a2553 20353a2035 z = 5 5 5 0 0 0 0 0 0 0 0
25482525254d 3130253335 s = 5 47 35 10 27 6 77 3 222 -7 -12345
25482525254d 3130253335 z = 5 0 35 10 0 0 0 0 0 0 0
25482525254d 31302025203335 s = -1 47 37 10 27 6 77 3 222 -7 -12345
25482525254d 31302025203335 z = -1 0 0 10 0 0 0 0 0 0 0
25592d256d2d25642025483a254d3a25532e2573 323032362d30392d32382031303a33353a30302e313233 s = 23 3 2 0 1 0 70 4 0 0 0
25592d256d2d25642025483a254d3a25532e2573 323032362d30392d32382031303a33353a30302e313233 z = 23 3 2 0 1 0 70 4 0 0 0
2579202559202543 32362032303236203230 s = 10 47 37 17 27 6 100 4 208 -7 -12345
2579202559202543 32362032303236203230 z = 10 0 0 0 0 0 100 5 -1 0 0
2563 31303a33353a3030 s = -1 47 37 17 27 6 77 3 222 -7 -12345
2563 31303a33353a3030 z = -1 0 0 0 0 0 0 0 0 0 0
2578 31303a33353a3030 s = -1 47 37 17 27 6 77 3 222 -7 -12345
2578 31303a33353a3030 z = -1 0 0 0 0 0 0 0 0 0 0
2558 31303a33353a3030 s = 8 0 35 10 27 6 77 3 222 -7 -12345
2558 31303a33353a3030 z = 8 0 35 10 0 0 0 0 0 0 0
2561 31303a33353a3030 s = -1 47 37 17 27 6 77 3 222 -7 -12345
2561 31303a33353a3030 z = -1 0 0 0 0 0 0 0 0 0 0
256420256520254820254920256d20254d202553 3238202038203130203131203039203335203030 s = 20 0 35 11 8 8 77 4 250 -7 -12345
256420256520254820254920256d20254d202553 3238202038203130203131203039203335203030 z = 20 0 35 11 8 8 0 6 250 0 0
2555202556202557202577202579 33382033392033392031203236 s = 13 47 37 17 28 8 126 1 270 -7 -12345
2555202556202557202577202579 33382033392033392031203236 z = 13 0 0 0 28 8 126 1 270 0 0
2562202542202568 5365702053657074656d62657220736570 s = 17 47 37 17 27 8 77 2 269 -7 -12345
2562202542202568 5365702053657074656d62657220736570 z = 17 0 0 0 0 8 0 5 242 0 0
2561 504d s = -1 47 37 17 27 6 77 3 222 -7 -12345
2561 504d z = -1 0 0 0 0 0 0 0 0 0 0
2561 2b30313030 s = -1 47 37 17 27 6 77 3 222 -7 -12345
2561 2b30313030 z = -1 0 0 0 0 0 0 0 0 0 0
2559 504d s = -1 47 37 17 27 6 77 3 222 -7 -12345
2559 504d z = -1 0 0 0 0 0 0 0 0 0 0
2559 2b30313030 s = -1 47 37 17 27 6 77 3 222 -7 -12345
2559 2b30313030 z = -1 0 0 0 0 0 0 0 0 0 0
2562 504d s = -1 47 37 17 27 6 77 3 222 -7 -12345
2562 504d z = -1 0 0 0 0 0 0 0 0 0 0
2562 2b30313030 s = -1 47 37 17 27 6 77 3 222 -7 -12345
2562 2b30313030 z = -1 0 0 0 0 0 0 0 0 0 0
2542 504d s = -1 47 37 17 27 6 77 3 222 -7 -12345
2542 504d z = -1 0 0 0 0 0 0 0 0 0 0
2542 2b30313030 s = -1 47 37 17 27 6 77 3 222 -7 -12345
2542 2b30313030 z = -1 0 0 0 0 0 0 0 0 0 0
2568 504d s = -1 47 37 17 27 6 77 3 222 -7 -12345
2568 504d z = -1 0 0 0 0 0 0 0 0 0 0
2568 2b30313030 s = -1 47 37 17 27 6 77 3 222 -7 -12345
2568 2b30313030 z = -1 0 0 0 0 0 0 0 0 0 0
2564 504d s = -1 47 37 17 27 6 77 3 222 -7 -12345
2564 504d z = -1 0 0 0 0 0 0 0 0 0 0
2564 2b30313030 s = -1 47 37 17 27 6 77 3 222 -7 -12345
2564 2b30313030 z = -1 0 0 0 0 0 0 0 0 0 0
2565 504d s = -1 47 37 17 27 6 77 3 222 -7 -12345
2565 504d z = -1 0 0 0 0 0 0 0 0 0 0
2565 2b30313030 s = -1 47 37 17 27 6 77 3 222 -7 -12345
2565 2b30313030 z = -1 0 0 0 0 0 0 0 0 0 0
2548 504d s = -1 47 37 17 27 6 77 3 222 -7 -12345
2548 504d z = -1 0 0 0 0 0 0 0 0 0 0
2548 2b30313030 s = -1 47 37 17 27 6 77 3 222 -7 -12345
2548 2b30313030 z = -1 0 0 0 0 0 0 0 0 0 0
2549 504d s = -1 47 37 17 27 6 77 3 222 -7 -12345
2549 504d z = -1 0 0 0 0 0 0 0 0 0 0
2549 2b30313030 s = -1 47 37 17 27 6 77 3 222 -7 -12345
2549 2b30313030 z = -1 0 0 0 0 0 0 0 0 0 0
256b 504d s = -1 47 37 17 27 6 77 3 222 -7 -12345
256b 504d z = -1 0 0 0 0 0 0 0 0 0 0
256b 2b30313030 s = -1 47 37 17 27 6 77 3 222 -7 -12345
256b 2b30313030 z = -1 0 0 0 0 0 0 0 0 0 0
256c 504d s = -1 47 37 17 27 6 77 3 222 -7 -12345
256c 504d z = -1 0 0 0 0 0 0 0 0 0 0
256c 2b30313030 s = -1 47 37 17 27 6 77 3 222 -7 -12345
256c 2b30313030 z = -1 0 0 0 0 0 0 0 0 0 0
256a 504d s = -1 47 37 17 27 6 77 3 222 -7 -12345
256a 504d z = -1 0 0 0 0 0 0 0 0 0 0
256a 2b30313030 s = -1 47 37 17 27 6 77 3 222 -7 -12345
256a 2b30313030 z = -1 0 0 0 0 0 0 0 0 0 0
256d 504d s = -1 47 37 17 27 6 77 3 222 -7 -12345
256d 504d z = -1 0 0 0 0 0 0 0 0 0 0
256d 2b30313030 s = -1 47 37 17 27 6 77 3 222 -7 -12345
256d 2b30313030 z = -1 0 0 0 0 0 0 0 0 0 0
254d 504d s = -1 47 37 17 27 6 77 3 222 -7 -12345
254d 504d z = -1 0 0 0 0 0 0 0 0 0 0
254d 2b30313030 s = -1 47 37 17 27 6 77 3 222 -7 -12345
254d 2b30313030 z = -1 0 0 0 0 0 0 0 0 0 0
2553 504d s = -1 47 37 17 27 6 77 3 222 -7 -12345
2553 504d z = -1 0 0 0 0 0 0 0 0 0 0
2553 2b30313030 s = -1 47 37 17 27 6 77 3 222 -7 -12345
2553 2b30313030 z = -1 0 0 0 0 0 0 0 0 0 0
2555 504d s = -1 47 37 17 27 6 77 3 222 -7 -12345
2555 504d z = -1 0 0 0 0 0 0 0 0 0 0
2555 2b30313030 s = -1 47 37 17 27 6 77 3 222 -7 -12345
2555 2b30313030 z = -1 0 0 0 0 0 0 0 0 0 0
2556 504d s = -1 47 37 17 27 6 77 3 222 -7 -12345
2556 504d z = -1 0 0 0 0 0 0 0 0 0 0
2556 2b30313030 s = -1 47 37 17 27 6 77 3 222 -7 -12345
2556 2b30313030 z = -1 0 0 0 0 0 0 0 0 0 0
2557 504d s = -1 47 37 17 27 6 77 3 222 -7 -12345
2557 504d z = -1 0 0 0 0 0 0 0 0 0 0
2557 2b30313030 s = -1 47 37 17 27 6 77 3 222 -7 -12345
2557 2b30313030 z = -1 0 0 0 0 0 0 0 0 0 0
2577 504d s = -1 47 37 17 27 6 77 3 222 -7 -12345
2577 504d z = -1 0 0 0 0 0 0 0 0 0 0
2577 2b30313030 s = -1 47 37 17 27 6 77 3 222 -7 -12345
2577 2b30313030 z = -1 0 0 0 0 0 0 0 0 0 0
2579 504d s = -1 47 37 17 27 6 77 3 222 -7 -12345
2579 504d z = -1 0 0 0 0 0 0 0 0 0 0
2579 2b30313030 s = -1 47 37 17 27 6 77 3 222 -7 -12345
2579 2b30313030 z = -1 0 0 0 0 0 0 0 0 0 0
2543 504d s = -1 47 37 17 27 6 77 3 222 -7 -12345
2543 504d z = -1 0 0 0 0 0 0 0 0 0 0
2543 2b30313030 s = -1 47 37 17 27 6 77 3 222 -7 -12345
2543 2b30313030 z = -1 0 0 0 0 0 0 0 0 0 0
2567 504d s = -1 47 37 17 27 6 77 3 222 -7 -12345
2567 504d z = -1 0 0 0 0 0 0 0 0 0 0
2567 2b30313030 s = -1 47 37 17 27 6 77 3 222 -7 -12345
2567 2b30313030 z = -1 0 0 0 0 0 0 0 0 0 0
2547 504d s = -1 47 37 17 27 6 77 3 222 -7 -12345
2547 504d z = -1 0 0 0 0 0 0 0 0 0 0
2547 2b30313030 s = -1 47 37 17 27 6 77 3 222 -7 -12345
2547 2b30313030 z = -1 0 0 0 0 0 0 0 0 0 0
2575 504d s = -1 47 37 17 27 6 77 3 222 -7 -12345
2575 504d z = -1 0 0 0 0 0 0 0 0 0 0
2575 2b30313030 s = -1 47 37 17 27 6 77 3 222 -7 -12345
2575 2b30313030 z = -1 0 0 0 0 0 0 0 0 0 0
2541 504d s = -1 47 37 17 27 6 77 3 222 -7 -12345
2541 504d z = -1 0 0 0 0 0 0 0 0 0 0
2541 2b30313030 s = -1 47 37 17 27 6 77 3 222 -7 -12345
2541 2b30313030 z = -1 0 0 0 0 0 0 0 0 0 0
2570 504d s = 2 47 37 17 27 6 77 3 222 -7 -12345
2570 504d z = 2 0 0 0 0 0 0 0 0 0 0
2570 2b30313030 s = -1 47 37 17 27 6 77 3 222 -7 -12345
2570 2b30313030 z = -1 0 0 0 0 0 0 0 0 0 0
257a 504d s = -1 47 37 17 27 6 77 3 222 -7 -12345
257a 504d z = -1 0 0 0 0 0 0 0 0 0 0
257a 2b30313030 s = 5 47 37 17 27 6 77 3 222 -7 3600
257a 2b30313030 z = 5 0 0 0 0 0 0 0 0 0 3600
255a 504d s = 2 47 37 17 27 6 77 3 222 -7 -12345
255a 504d z = 2 0 0 0 0 0 0 0 0 0 0
255a 2b30313030 s = 5 47 37 17 27 6 77 3 222 -7 -12345
255a 2b30313030 z = 5 0 0 0 0 0 0 0 0 0 0
2573 504d s = -1 47 37 17 27 6 77 3 222 -7 -12345
2573 504d z = -1 0 0 0 0 0 0 0 0 0 0
2573 2b30313030 s = -1 47 37 17 27 6 77 3 222 -7 -12345
2573 2b30313030 z = -1 0 0 0 0 0 0 0 0 0 0
256e 504d s = 0 47 37 17 27 6 77 3 222 -7 -12345
256e 504d z = 0 0 0 0 0 0 0 0 0 0 0
256e 2b30313030 s = 0 47 37 17 27 6 77 3 222 -7 -12345
256e 2b30313030 z = 0 0 0 0 0 0 0 0 0 0 0
2574 504d s = 0 47 37 17 27 6 77 3 222 -7 -12345
2574 504d z = 0 0 0 0 0 0 0 0 0 0 0
2574 2b30313030 s = 0 47 37 17 27 6 77 3 222 -7 -12345
2574 2b30313030 z = 0 0 0 0 0 0 0 0 0 0 0
2543 31303a33353a3030 s = 2 47 37 17 27 6 -900 0 207 -7 -12345
2543 31303a33353a3030 z = 2 0 0 0 0 0 -900 2 -1 0 0
2579 31303a33353a3030 s = 2 47 37 17 27 6 110 2 207 -7 -12345
2579 31303a33353a3030 z = 2 0 0 0 0 0 110 4 -1 0 0
2559 31303a33353a3030 s = 2 47 37 17 27 6 -1890 2 207 -7 -12345
2559 31303a33353a3030 z = 2 0 0 0 0 0 -1890 4 -1 0 0
2562 31303a33353a3030 s = -1 47 37 17 27 6 77 3 222 -7 -12345
2562 31303a33353a3030 z = -1 0 0 0 0 0 0 0 0 0 0
2564 31303a33353a3030 s = 2 47 37 17 10 6 77 0 190 -7 -12345
2564 31303a33353a3030 z = 2 0 0 0 10 0 0 3 9 0 0
2548 31303a33353a3030 s = 2 47 37 10 27 6 77 3 222 -7 -12345
2548 31303a33353a3030 z = 2 0 0 10 0 0 0 0 0 0 0
256d 31303a33353a3030 s = 2 47 37 17 27 9 77 4 299 -7 -12345
256d 31303a33353a3030 z = 2 0 0 0 0 9 0 0 272 0 0
254d 31303a33353a3030 s = 2 47 10 17 27 6 77 3 222 -7 -12345
254d 31303a33353a3030 z = 2 0 10 0 0 0 0 0 0 0 0
2553 31303a33353a3030 s = 2 10 37 17 27 6 77 3 222 -7 -12345
2553 31303a33353a3030 z = 2 10 0 0 0 0 0 0 0 0 0
256a 31303a33353a3030 s = 2 47 37 17 27 6 77 3 9 -7 -12345
256a 31303a33353a3030 z = 2 0 0 0 0 0 0 0 9 0 0
2565 31303a33353a3030 s = 2 47 37 17 10 6 77 0 190 -7 -12345
2565 31303a33353a3030 z = 2 0 0 0 10 0 0 3 9 0 0
2555 31303a33353a3030 s = 2 47 37 17 27 6 77 3 222 -7 -12345
2555 31303a33353a3030 z = 2 0 0 0 0 0 0 0 0 0 0
2556 31303a33353a3030 s = 2 47 37 17 27 6 77 3 222 -7 -12345
2556 31303a33353a3030 z = 2 0 0 0 0 0 0 0 0 0 0
2557 31303a33353a3030 s = 2 47 37 17 27 6 77 3 222 -7 -12345
2557 31303a33353a3030 z = 2 0 0 0 0 0 0 0 0 0 0
